2025-11-26 15:14:21 | alerts | INFO | 🤖 <b>CONTINUOUS PAPER TRADER STARTED</b>
2025-11-26 15:14:24 | alerts | INFO | 🤖 <b>CONTINUOUS PAPER TRADER STARTED</b>
2025-11-26 15:14:28 | alerts | INFO | 🤖 <b>CONTINUOUS PAPER TRADER STARTED</b>
2025-11-26 15:14:32 | alerts | INFO | 🤖 <b>CONTINUOUS PAPER TRADER STARTED</b>
2025-11-26 15:14:37 | alerts | INFO | 🤖 <b>CONTINUOUS PAPER TRADER STARTED</b>
2025-11-26 15:14:40 | alerts | INFO | 🤖 <b>CONTINUOUS PAPER TRADER STARTED</b>
2025-11-26 15:14:44 | alerts | INFO | 🤖 <b>CONTINUOUS PAPER TRADER STARTED</b>
2025-11-26 15:14:49 | alerts | INFO | 🤖 <b>CONTINUOUS PAPER TRADER STARTED</b>
2025-11-26 15:16:26 | alerts | INFO | 🤖 <b>CONTINUOUS PAPER TRADER STARTED</b>
2025-11-26 15:16:30 | alerts | INFO | 🤖 <b>CONTINUOUS PAPER TRADER STARTED</b>
2025-11-26 15:16:33 | alerts | INFO | 🤖 <b>CONTINUOUS PAPER TRADER STARTED</b>
2025-11-26 15:16:38 | alerts | INFO | 🤖 <b>CONTINUOUS PAPER TRADER STARTED</b>
2025-11-26 15:16:43 | alerts | INFO | 🤖 <b>CONTINUOUS PAPER TRADER STARTED</b>
2025-11-26 15:16:46 | alerts | INFO | 🤖 <b>CONTINUOUS PAPER TRADER STARTED</b>
2025-11-26 15:16:50 | alerts | INFO | 🤖 <b>CONTINUOUS PAPER TRADER STARTED</b>
2025-11-26 15:16:54 | alerts | INFO | 🤖 <b>CONTINUOUS PAPER TRADER STARTED</b>
2025-11-26 15:21:59 | alerts | INFO | 🤖 <b>CONTINUOUS PAPER TRADER STARTED</b>
2025-11-26 15:26:15 | alerts | INFO | 🤖 <b>CONTINUOUS PAPER TRADER STARTED</b>
2025-11-26 15:55:59 | alerts | INFO | 🤖 <b>CONTINUOUS PAPER TRADER STARTED</b>
2025-11-26 15:56:02 | alerts | INFO | 🤖 <b>CONTINUOUS PAPER TRADER STARTED</b>
2025-11-26 15:56:06 | alerts | INFO | 🤖 <b>CONTINUOUS PAPER TRADER STARTED</b>
2025-11-26 15:56:10 | alerts | INFO | 🤖 <b>CONTINUOUS PAPER TRADER STARTED</b>
2025-11-26 15:56:15 | alerts | INFO | 🤖 <b>CONTINUOUS PAPER TRADER STARTED</b>
2025-11-26 15:56:18 | alerts | INFO | 🤖 <b>CONTINUOUS PAPER TRADER STARTED</b>
2025-11-26 15:56:22 | alerts | INFO | 🤖 <b>CONTINUOUS PAPER TRADER STARTED</b>
2025-11-26 15:56:26 | alerts | INFO | 🤖 <b>CONTINUOUS PAPER TRADER STARTED</b>
2025-11-26 16:43:52 | alerts | INFO | 🤖 <b>CONTINUOUS PAPER TRADER STARTED</b>
2025-11-26 16:43:57 | alerts | INFO | 🤖 <b>CONTINUOUS PAPER TRADER STARTED</b>
2025-11-26 16:44:00 | alerts | INFO | 🤖 <b>CONTINUOUS PAPER TRADER STARTED</b>
2025-11-26 16:44:04 | alerts | INFO | 🤖 <b>CONTINUOUS PAPER TRADER STARTED</b>
2025-11-26 16:44:10 | alerts | INFO | 🤖 <b>CONTINUOUS PAPER TRADER STARTED</b>
2025-11-26 16:44:13 | alerts | INFO | 🤖 <b>CONTINUOUS PAPER TRADER STARTED</b>
2025-11-26 16:44:17 | alerts | INFO | 🤖 <b>CONTINUOUS PAPER TRADER STARTED</b>
2025-11-26 16:44:22 | alerts | INFO | 🤖 <b>CONTINUOUS PAPER TRADER STARTED</b>
2025-11-26 16:47:12 | alerts | INFO | 🤖 <b>CONTINUOUS PAPER TRADER STARTED</b>
2025-11-26 16:47:16 | alerts | INFO | 🤖 <b>CONTINUOUS PAPER TRADER STARTED</b>
2025-11-26 16:47:20 | alerts | INFO | 🤖 <b>CONTINUOUS PAPER TRADER STARTED</b>
2025-11-26 16:47:22 | alerts | INFO | 🤖 <b>CONTINUOUS PAPER TRADER STARTED</b>
2025-11-26 16:47:28 | alerts | INFO | 🤖 <b>CONTINUOUS PAPER TRADER STARTED</b>
2025-11-26 16:47:30 | alerts | INFO | 🤖 <b>CONTINUOUS PAPER TRADER STARTED</b>
2025-11-26 16:47:34 | alerts | INFO | 🤖 <b>CONTINUOUS PAPER TRADER STARTED</b>
2025-11-26 16:47:39 | alerts | INFO | 🤖 <b>CONTINUOUS PAPER TRADER STARTED</b>
2025-11-26 16:53:34 | alerts | INFO | 🤖 <b>CONTINUOUS PAPER TRADER STARTED</b>
2025-11-26 16:53:37 | alerts | INFO | 🤖 <b>CONTINUOUS PAPER TRADER STARTED</b>
2025-11-26 16:53:41 | alerts | INFO | 🤖 <b>CONTINUOUS PAPER TRADER STARTED</b>
2025-11-26 16:53:46 | alerts | INFO | 🤖 <b>CONTINUOUS PAPER TRADER STARTED</b>
2025-11-26 16:53:51 | alerts | INFO | 🤖 <b>CONTINUOUS PAPER TRADER STARTED</b>
2025-11-26 16:53:53 | alerts | INFO | 🤖 <b>CONTINUOUS PAPER TRADER STARTED</b>
2025-11-26 16:53:57 | alerts | INFO | 🤖 <b>CONTINUOUS PAPER TRADER STARTED</b>
2025-11-26 16:54:01 | alerts | INFO | 🤖 <b>CONTINUOUS PAPER TRADER STARTED</b>
2025-11-26 16:55:58 | alerts | INFO | 🤖 <b>CONTINUOUS PAPER TRADER STARTED</b>
2025-11-26 16:56:01 | alerts | INFO | 🤖 <b>CONTINUOUS PAPER TRADER STARTED</b>
2025-11-26 16:56:04 | alerts | INFO | 🤖 <b>CONTINUOUS PAPER TRADER STARTED</b>
2025-11-26 16:56:08 | alerts | INFO | 🤖 <b>CONTINUOUS PAPER TRADER STARTED</b>
2025-11-26 16:56:13 | alerts | INFO | 🤖 <b>CONTINUOUS PAPER TRADER STARTED</b>
2025-11-26 16:56:16 | alerts | INFO | 🤖 <b>CONTINUOUS PAPER TRADER STARTED</b>
2025-11-26 16:56:20 | alerts | INFO | 🤖 <b>CONTINUOUS PAPER TRADER STARTED</b>
2025-11-26 16:56:24 | alerts | INFO | 🤖 <b>CONTINUOUS PAPER TRADER STARTED</b>
2025-11-26 16:58:12 | alerts | INFO | 🤖 <b>CONTINUOUS PAPER TRADER STARTED</b>
2025-11-26 16:58:16 | alerts | INFO | 🤖 <b>CONTINUOUS PAPER TRADER STARTED</b>
2025-11-26 16:58:20 | alerts | INFO | 🤖 <b>CONTINUOUS PAPER TRADER STARTED</b>
2025-11-26 16:58:24 | alerts | INFO | 🤖 <b>CONTINUOUS PAPER TRADER STARTED</b>
2025-11-26 16:58:30 | alerts | INFO | 🤖 <b>CONTINUOUS PAPER TRADER STARTED</b>
2025-11-26 16:58:34 | alerts | INFO | 🤖 <b>CONTINUOUS PAPER TRADER STARTED</b>
2025-11-26 16:58:37 | alerts | INFO | 🤖 <b>CONTINUOUS PAPER TRADER STARTED</b>
2025-11-26 16:58:41 | alerts | INFO | 🤖 <b>CONTINUOUS PAPER TRADER STARTED</b>
2025-11-26 20:10:46 | alerts | INFO | 🤖 <b>CONTINUOUS PAPER TRADER STARTED</b>
2025-11-26 20:10:46 | alerts | INFO | 🤖 <b>CONTINUOUS PAPER TRADER STARTED</b>
2025-11-26 20:10:50 | alerts | INFO | 🤖 <b>CONTINUOUS PAPER TRADER STARTED</b>
2025-11-26 20:10:54 | alerts | INFO | 🤖 <b>CONTINUOUS PAPER TRADER STARTED</b>
2025-11-26 20:11:02 | alerts | INFO | 🤖 <b>CONTINUOUS PAPER TRADER STARTED</b>
2025-11-26 20:11:04 | alerts | INFO | 🤖 <b>CONTINUOUS PAPER TRADER STARTED</b>
2025-11-26 20:11:07 | alerts | INFO | 🤖 <b>CONTINUOUS PAPER TRADER STARTED</b>
2025-11-26 20:11:10 | alerts | INFO | 🤖 <b>CONTINUOUS PAPER TRADER STARTED</b>
2025-11-26 23:14:24 | alerts | INFO | 🤖 <b>CONTINUOUS PAPER TRADER STARTED</b>
2025-11-26 23:14:27 | alerts | INFO | 🤖 <b>CONTINUOUS PAPER TRADER STARTED</b>
2025-11-26 23:14:29 | alerts | INFO | 🤖 <b>CONTINUOUS PAPER TRADER STARTED</b>
2025-11-26 23:14:34 | alerts | INFO | 🤖 <b>CONTINUOUS PAPER TRADER STARTED</b>
2025-11-26 23:14:41 | alerts | INFO | 🤖 <b>CONTINUOUS PAPER TRADER STARTED</b>
2025-11-26 23:14:42 | alerts | INFO | 🤖 <b>CONTINUOUS PAPER TRADER STARTED</b>
2025-11-26 23:14:46 | alerts | INFO | 🤖 <b>CONTINUOUS PAPER TRADER STARTED</b>
2025-11-26 23:14:50 | alerts | INFO | 🤖 <b>CONTINUOUS PAPER TRADER STARTED</b>
2025-11-26 23:20:51 | alerts | INFO | 🤖 <b>CONTINUOUS PAPER TRADER STARTED</b>
2025-11-26 23:20:54 | alerts | INFO | 🤖 <b>CONTINUOUS PAPER TRADER STARTED</b>
2025-11-26 23:20:59 | alerts | INFO | 🤖 <b>CONTINUOUS PAPER TRADER STARTED</b>
2025-11-26 23:21:03 | alerts | INFO | 🤖 <b>CONTINUOUS PAPER TRADER STARTED</b>
2025-11-26 23:21:07 | alerts | INFO | 🤖 <b>CONTINUOUS PAPER TRADER STARTED</b>
2025-11-26 23:21:10 | alerts | INFO | 🤖 <b>CONTINUOUS PAPER TRADER STARTED</b>
2025-11-26 23:21:14 | alerts | INFO | 🤖 <b>CONTINUOUS PAPER TRADER STARTED</b>
2025-11-26 23:27:36 | alerts | INFO | 🤖 <b>CONTINUOUS PAPER TRADER STARTED</b>
2025-11-26 23:27:40 | alerts | INFO | 🤖 <b>CONTINUOUS PAPER TRADER STARTED</b>
2025-11-26 23:27:43 | alerts | INFO | 🤖 <b>CONTINUOUS PAPER TRADER STARTED</b>
2025-11-26 23:27:47 | alerts | INFO | 🤖 <b>CONTINUOUS PAPER TRADER STARTED</b>
2025-11-26 23:27:51 | alerts | INFO | 🤖 <b>CONTINUOUS PAPER TRADER STARTED</b>
2025-11-26 23:27:55 | alerts | INFO | 🤖 <b>CONTINUOUS PAPER TRADER STARTED</b>
2025-11-26 23:27:59 | alerts | INFO | 🤖 <b>CONTINUOUS PAPER TRADER STARTED</b>
2025-11-26 23:28:06 | alerts | INFO | 🤖 <b>CONTINUOUS PAPER TRADER STARTED</b>
2025-11-26 23:33:46 | alerts | INFO | 🤖 <b>CONTINUOUS PAPER TRADER STARTED</b>
2025-11-26 23:33:50 | alerts | INFO | 🤖 <b>CONTINUOUS PAPER TRADER STARTED</b>
2025-11-26 23:33:54 | alerts | INFO | 🤖 <b>CONTINUOUS PAPER TRADER STARTED</b>
2025-11-26 23:33:57 | alerts | INFO | 🤖 <b>CONTINUOUS PAPER TRADER STARTED</b>
2025-11-26 23:34:01 | alerts | INFO | 🤖 <b>CONTINUOUS PAPER TRADER STARTED</b>
2025-11-26 23:34:06 | alerts | INFO | 🤖 <b>CONTINUOUS PAPER TRADER STARTED</b>
2025-11-26 23:34:09 | alerts | INFO | 🤖 <b>CONTINUOUS PAPER TRADER STARTED</b>
2025-11-26 23:34:16 | alerts | INFO | 🤖 <b>CONTINUOUS PAPER TRADER STARTED</b>
2025-11-26 23:41:17 | alerts | INFO | 🤖 <b>CONTINUOUS PAPER TRADER STARTED</b>
2025-11-26 23:41:19 | alerts | INFO | 🤖 <b>CONTINUOUS PAPER TRADER STARTED</b>
2025-11-26 23:41:23 | alerts | INFO | 🤖 <b>CONTINUOUS PAPER TRADER STARTED</b>
2025-11-26 23:46:04 | alerts | INFO | 🤖 <b>CONTINUOUS PAPER TRADER STARTED</b>
2025-11-26 23:46:06 | alerts | INFO | 🤖 <b>CONTINUOUS PAPER TRADER STARTED</b>
2025-11-26 23:46:08 | alerts | INFO | 🤖 <b>CONTINUOUS PAPER TRADER STARTED</b>
2025-11-26 23:47:47 | alerts | INFO | 🤖 <b>CONTINUOUS PAPER TRADER STARTED</b>
2025-11-26 23:47:48 | alerts | INFO | 🤖 <b>CONTINUOUS PAPER TRADER STARTED</b>
2025-11-26 23:47:54 | alerts | INFO | 🤖 <b>CONTINUOUS PAPER TRADER STARTED</b>
2025-11-27 00:00:49 | alerts | INFO | 🤖 <b>CONTINUOUS PAPER TRADER STARTED</b>
2025-11-27 00:05:51 | alerts | INFO | 🤖 <b>CONTINUOUS PAPER TRADER STARTED</b>
2025-11-27 00:06:06 | alerts | INFO | 🤖 <b>CONTINUOUS PAPER TRADER STARTED</b>
2025-11-27 00:06:17 | alerts | INFO | 🤖 <b>CONTINUOUS PAPER TRADER STARTED</b>
2025-11-27 09:17:32 | alerts | INFO | 🤖 <b>CONTINUOUS PAPER TRADER STARTED</b>
2025-11-27 09:17:32 | alerts | INFO | 🤖 <b>CONTINUOUS PAPER TRADER STARTED</b>
2025-11-27 09:17:32 | alerts | INFO | 🤖 <b>CONTINUOUS PAPER TRADER STARTED</b>
2025-11-27 09:34:18 | alerts | INFO | 🤖 <b>CONTINUOUS PAPER TRADER STARTED</b>
2025-11-27 09:34:19 | alerts | INFO | 
🔴 <b>🔔 REAL-TIME HIGH-CONVICTION SIGNAL - BANKNIFTY PUT</b>

📊 Conf: 8.5/10 | R:R: 1:8.58

🎯 <b>Strike:</b> 450 (ATM)
🎯 <b>Entry Spot:</b> ₹431.4
⬆️ <b>Target Spot:</b> ₹413.0
⬇️ <b>Stop Spot:</b> ₹433.5
💰 Live Premium: ₹0.0 (Lots: 0)

2025-11-27 09:34:19 | alerts | INFO | 🛑 <b>AUTOMATIC SCHEDULER STOPPED</b>
2025-11-27 09:34:22 | alerts | INFO | 🤖 <b>CONTINUOUS PAPER TRADER STARTED</b>
2025-11-27 09:34:26 | alerts | INFO | 🤖 <b>CONTINUOUS PAPER TRADER STARTED</b>
2025-11-27 09:34:30 | alerts | INFO | 🤖 <b>CONTINUOUS PAPER TRADER STARTED</b>
2025-11-27 09:34:34 | alerts | INFO | 🤖 <b>CONTINUOUS PAPER TRADER STARTED</b>
2025-11-27 09:34:35 | alerts | INFO | 
🔴 <b>🔔 REAL-TIME HIGH-CONVICTION SIGNAL - NIFTY PUT</b>

📊 Conf: 8.0/10 | R:R: 1:10.75

🎯 <b>Strike:</b> 250 (ATM)
🎯 <b>Entry Spot:</b> ₹225.0
⬆️ <b>Target Spot:</b> ₹211.5
⬇️ <b>Stop Spot:</b> ₹226.3
💰 Live Premium: ₹0.0 (Lots: 0)

2025-11-27 09:34:35 | alerts | INFO | 🛑 <b>AUTOMATIC SCHEDULER STOPPED</b>
2025-11-27 09:34:39 | alerts | INFO | 
🔴 <b>🔔 REAL-TIME HIGH-CONVICTION SIGNAL - CRUDEOIL PUT</b>

📊 Conf: 8.5/10 | R:R: 1:8.53

🎯 <b>Strike:</b> 500 (ATM)
🎯 <b>Entry Spot:</b> ₹481.0
⬆️ <b>Target Spot:</b> ₹460.6
⬇️ <b>Stop Spot:</b> ₹483.4
💰 Live Premium: ₹0.0 (Lots: 0)

2025-11-27 09:34:42 | alerts | INFO | 🛑 <b>AUTOMATIC SCHEDULER STOPPED</b>
2025-11-27 09:51:17 | alerts | INFO | 
🔴 <b>🔔 REAL-TIME HIGH-CONVICTION SIGNAL - RELIANCE PUT</b>

📊 Conf: 8.5/10 | R:R: 1:8.35

🎯 <b>Strike:</b> 500 (ATM)
🎯 <b>Entry Spot:</b> ₹491.2
⬆️ <b>Target Spot:</b> ₹470.3
⬇️ <b>Stop Spot:</b> ₹493.7
💰 Live Premium: ₹0.0 (Lots: 0)

2025-11-27 09:51:23 | alerts | INFO | 🛑 <b>AUTOMATIC SCHEDULER STOPPED</b>
2025-11-27 09:58:14 | alerts | INFO | 🛑 <b>AUTOMATIC SCHEDULER STOPPED</b>
2025-11-27 09:58:40 | alerts | INFO | 🤖 <b>CONTINUOUS PAPER TRADER STARTED</b>
2025-11-27 09:58:43 | alerts | INFO | 🤖 <b>CONTINUOUS PAPER TRADER STARTED</b>
2025-11-27 09:58:43 | alerts | INFO | 🛑 <b>AUTOMATIC SCHEDULER STOPPED</b>
2025-11-27 09:58:43 | alerts | INFO | 🛑 <b>AUTOMATIC SCHEDULER STOPPED</b>
2025-11-27 09:59:29 | alerts | INFO | 
🔴 <b>🔔 REAL-TIME HIGH-CONVICTION SIGNAL - HDFCBANK PUT</b>

📊 Conf: 8.5/10 | R:R: 1:8.31

🎯 <b>Strike:</b> 350 (ATM)
🎯 <b>Entry Spot:</b> ₹330.5
⬆️ <b>Target Spot:</b> ₹316.5
⬇️ <b>Stop Spot:</b> ₹332.2
💰 Live Premium: ₹0.0 (Lots: 0)

2025-11-27 09:59:30 | alerts | INFO | 🛑 <b>AUTOMATIC SCHEDULER STOPPED</b>
2025-11-27 10:01:18 | alerts | INFO | 
🔴 <b>🔔 REAL-TIME HIGH-CONVICTION SIGNAL - ICICIBANK PUT</b>

📊 Conf: 8.5/10 | R:R: 1:8.58

🎯 <b>Strike:</b> 550 (ATM)
🎯 <b>Entry Spot:</b> ₹548.8
⬆️ <b>Target Spot:</b> ₹525.5
⬇️ <b>Stop Spot:</b> ₹551.5
💰 Live Premium: ₹0.0 (Lots: 0)

2025-11-27 10:01:19 | alerts | INFO | 🛑 <b>AUTOMATIC SCHEDULER STOPPED</b>
2025-11-27 10:04:53 | alerts | INFO | 🤖 <b>CONTINUOUS PAPER TRADER STARTED</b>
2025-11-27 10:04:57 | alerts | INFO | 🛑 <b>AUTOMATIC SCHEDULER STOPPED</b>
2025-11-27 10:05:15 | alerts | INFO | 🤖 <b>CONTINUOUS PAPER TRADER STARTED</b>
2025-11-27 10:05:17 | alerts | INFO | 🤖 <b>CONTINUOUS PAPER TRADER STARTED</b>
2025-11-27 10:05:19 | alerts | INFO | 🤖 <b>CONTINUOUS PAPER TRADER STARTED</b>
2025-11-27 10:05:25 | alerts | INFO | 🤖 <b>CONTINUOUS PAPER TRADER STARTED</b>
2025-11-27 10:05:28 | alerts | INFO | 🤖 <b>CONTINUOUS PAPER TRADER STARTED</b>
2025-11-27 10:06:37 | alerts | INFO | 🤖 <b>CONTINUOUS PAPER TRADER STARTED</b>
2025-11-27 10:06:40 | alerts | INFO | 🤖 <b>CONTINUOUS PAPER TRADER STARTED</b>
2025-11-27 10:06:45 | alerts | INFO | 🤖 <b>CONTINUOUS PAPER TRADER STARTED</b>
2025-11-27 10:06:48 | alerts | INFO | 🤖 <b>CONTINUOUS PAPER TRADER STARTED</b>
2025-11-27 10:06:53 | alerts | INFO | 🤖 <b>CONTINUOUS PAPER TRADER STARTED</b>
2025-11-27 10:58:00 | alerts | INFO | 
🟢 <b>🔔 REAL-TIME HIGH-CONVICTION SIGNAL - DABUR CALL</b>

📊 Conf: 9.0/10 | R:R: 1:9.12

🎯 <b>Strike:</b> 25520 (ATM)
🎯 <b>Entry Spot:</b> ₹516.1
⬆️ <b>Target Spot:</b> ₹539.4
⬇️ <b>Stop Spot:</b> ₹513.6
💰 Live Premium: ₹10.5 (Lots: 0)

2025-11-27 10:58:06 | alerts | INFO | 
🟢 <b>✅ TRADE EXECUTED (PAPER) - DABUR CALL</b>

📊 Conf: 9.0/10 | R:R: 1:9.12

🎯 <b>Strike:</b> 25520 (ATM)
🎯 <b>Entry Spot:</b> ₹516.1
⬆️ <b>Target Spot:</b> ₹539.4
⬇️ <b>Stop Spot:</b> ₹513.6
📦 Lots: 7 | Cost: ₹91,875

2025-11-27 10:58:52 | alerts | INFO | 
🟢 <b>🔔 REAL-TIME HIGH-CONVICTION SIGNAL - M&M CALL</b>

📊 Conf: 9.0/10 | R:R: 1:8.99

🎯 <b>Strike:</b> 253700 (ATM)
🎯 <b>Entry Spot:</b> ₹3675.3
⬆️ <b>Target Spot:</b> ₹3840.7
⬇️ <b>Stop Spot:</b> ₹3656.9
💰 Live Premium: ₹100.1 (Lots: 0)

2025-11-27 10:58:59 | alerts | INFO | 
🟢 <b>✅ TRADE EXECUTED (PAPER) - M&M CALL</b>

📊 Conf: 9.0/10 | R:R: 1:8.99

🎯 <b>Strike:</b> 253700 (ATM)
🎯 <b>Entry Spot:</b> ₹3675.3
⬆️ <b>Target Spot:</b> ₹3840.7
⬇️ <b>Stop Spot:</b> ₹3656.9
📦 Lots: 4 | Cost: ₹80,080

2025-11-27 10:59:02 | alerts | INFO | 
🟢 <b>🔔 REAL-TIME HIGH-CONVICTION SIGNAL - MARICO CALL</b>

📊 Conf: 9.0/10 | R:R: 1:8.95

🎯 <b>Strike:</b> 25720 (ATM)
🎯 <b>Entry Spot:</b> ₹724.6
⬆️ <b>Target Spot:</b> ₹757.3
⬇️ <b>Stop Spot:</b> ₹721.0
💰 Live Premium: ₹21.4 (Lots: 0)

2025-11-27 10:59:04 | alerts | INFO | 
🟢 <b>🔔 REAL-TIME HIGH-CONVICTION SIGNAL - LICHSGFIN CALL</b>

📊 Conf: 9.0/10 | R:R: 1:8.89

🎯 <b>Strike:</b> 25550 (ATM)
🎯 <b>Entry Spot:</b> ₹552.5
⬆️ <b>Target Spot:</b> ₹577.4
⬇️ <b>Stop Spot:</b> ₹549.7
💰 Live Premium: ₹14.7 (Lots: 0)

2025-11-27 10:59:05 | alerts | INFO | 
🟢 <b>🔔 REAL-TIME HIGH-CONVICTION SIGNAL - LICHSGFIN CALL</b>

📊 Conf: 9.0/10 | R:R: 1:8.89

🎯 <b>Strike:</b> 25550 (ATM)
🎯 <b>Entry Spot:</b> ₹552.5
⬆️ <b>Target Spot:</b> ₹577.4
⬇️ <b>Stop Spot:</b> ₹549.7
💰 Live Premium: ₹14.7 (Lots: 0)

2025-11-27 10:59:10 | alerts | INFO | 
🟢 <b>✅ TRADE EXECUTED (PAPER) - LICHSGFIN CALL</b>

📊 Conf: 9.0/10 | R:R: 1:8.89

🎯 <b>Strike:</b> 25550 (ATM)
🎯 <b>Entry Spot:</b> ₹552.5
⬆️ <b>Target Spot:</b> ₹577.4
⬇️ <b>Stop Spot:</b> ₹549.7
📦 Lots: 6 | Cost: ₹88,200

2025-11-27 10:59:11 | alerts | INFO | 
🟢 <b>✅ TRADE EXECUTED (PAPER) - LICHSGFIN CALL</b>

📊 Conf: 9.0/10 | R:R: 1:8.89

🎯 <b>Strike:</b> 25550 (ATM)
🎯 <b>Entry Spot:</b> ₹552.5
⬆️ <b>Target Spot:</b> ₹577.4
⬇️ <b>Stop Spot:</b> ₹549.7
📦 Lots: 6 | Cost: ₹88,200

2025-11-27 10:59:18 | alerts | INFO | 
🟢 <b>🔔 REAL-TIME HIGH-CONVICTION SIGNAL - PATANJALI CALL</b>

📊 Conf: 9.0/10 | R:R: 1:9.14

🎯 <b>Strike:</b> 25570 (ATM)
🎯 <b>Entry Spot:</b> ₹568.3
⬆️ <b>Target Spot:</b> ₹593.9
⬇️ <b>Stop Spot:</b> ₹565.5
💰 Live Premium: ₹15.4 (Lots: 0)

2025-11-27 10:59:24 | alerts | INFO | 
🟢 <b>🔔 REAL-TIME HIGH-CONVICTION SIGNAL - PATANJALI CALL</b>

📊 Conf: 9.0/10 | R:R: 1:9.14

🎯 <b>Strike:</b> 25570 (ATM)
🎯 <b>Entry Spot:</b> ₹568.3
⬆️ <b>Target Spot:</b> ₹593.9
⬇️ <b>Stop Spot:</b> ₹565.5
💰 Live Premium: ₹15.4 (Lots: 0)

2025-11-27 10:59:29 | alerts | INFO | 
🟢 <b>✅ TRADE EXECUTED (PAPER) - PATANJALI CALL</b>

📊 Conf: 9.0/10 | R:R: 1:9.14

🎯 <b>Strike:</b> 25570 (ATM)
🎯 <b>Entry Spot:</b> ₹568.3
⬆️ <b>Target Spot:</b> ₹593.9
⬇️ <b>Stop Spot:</b> ₹565.5
📦 Lots: 1 | Cost: ₹13,860

2025-11-27 10:59:34 | alerts | INFO | 
🟢 <b>🔔 REAL-TIME HIGH-CONVICTION SIGNAL - PATANJALI CALL</b>

📊 Conf: 9.0/10 | R:R: 1:9.14

🎯 <b>Strike:</b> 25570 (ATM)
🎯 <b>Entry Spot:</b> ₹568.1
⬆️ <b>Target Spot:</b> ₹593.7
⬇️ <b>Stop Spot:</b> ₹565.3
💰 Live Premium: ₹14.8 (Lots: 0)

2025-11-27 10:59:36 | alerts | INFO | 
🟢 <b>🔔 REAL-TIME HIGH-CONVICTION SIGNAL - PATANJALI CALL</b>

📊 Conf: 9.0/10 | R:R: 1:9.14

🎯 <b>Strike:</b> 25570 (ATM)
🎯 <b>Entry Spot:</b> ₹568.1
⬆️ <b>Target Spot:</b> ₹593.7
⬇️ <b>Stop Spot:</b> ₹565.3
💰 Live Premium: ₹14.8 (Lots: 0)

2025-11-27 12:02:02 | alerts | INFO | 
🟢 <b>🔔 REAL-TIME HIGH-CONVICTION SIGNAL - TATAPOWER CALL</b>

📊 Conf: 9.0/10 | R:R: 1:8.85

🎯 <b>Strike:</b> 25390 (ATM)
🎯 <b>Entry Spot:</b> ₹393.4
⬆️ <b>Target Spot:</b> ₹411.1
⬇️ <b>Stop Spot:</b> ₹391.4
💰 Live Premium: ₹0.0 (Lots: 0)

2025-11-27 12:02:02 | alerts | INFO | 🛑 <b>AUTOMATIC SCHEDULER STOPPED</b>
2025-11-27 12:12:23 | alerts | INFO | 
🔴 <b>🔔 REAL-TIME HIGH-CONVICTION SIGNAL - HAVELLS PUT</b>

📊 Conf: 8.5/10 | R:R: 1:8.47

🎯 <b>Strike:</b> 251440 (ATM)
🎯 <b>Entry Spot:</b> ₹1435.5
⬆️ <b>Target Spot:</b> ₹1374.5
⬇️ <b>Stop Spot:</b> ₹1442.7
💰 Live Premium: ₹26.2 (Lots: 0)

2025-11-27 12:12:24 | alerts | INFO | 🛑 <b>AUTOMATIC SCHEDULER STOPPED</b>
2025-11-27 12:12:24 | alerts | INFO | 
🔴 <b>🔔 REAL-TIME HIGH-CONVICTION SIGNAL - HAVELLS PUT</b>

📊 Conf: 8.5/10 | R:R: 1:8.47

🎯 <b>Strike:</b> 251440 (ATM)
🎯 <b>Entry Spot:</b> ₹1435.3
⬆️ <b>Target Spot:</b> ₹1374.3
⬇️ <b>Stop Spot:</b> ₹1442.5
💰 Live Premium: ₹26.2 (Lots: 0)

2025-11-27 12:12:24 | alerts | INFO | 🛑 **FATAL STOP: MAX DAILY LOSS HIT** 🛑
Loss Limit: 3.0% (₹3,000)
Current Loss: ₹7,500
All trading has been halted.
2025-11-27 12:12:25 | alerts | INFO | 🛑 <b>AUTOMATIC SCHEDULER STOPPED</b>
2025-11-27 12:12:25 | alerts | INFO | 🛑 <b>AUTOMATIC SCHEDULER STOPPED</b>
2025-11-27 12:12:27 | alerts | INFO | 
🔴 <b>🔔 REAL-TIME HIGH-CONVICTION SIGNAL - HAVELLS PUT</b>

📊 Conf: 8.5/10 | R:R: 1:8.47

🎯 <b>Strike:</b> 251440 (ATM)
🎯 <b>Entry Spot:</b> ₹1435.3
⬆️ <b>Target Spot:</b> ₹1374.3
⬇️ <b>Stop Spot:</b> ₹1442.5
💰 Live Premium: ₹26.2 (Lots: 0)

2025-11-27 12:12:28 | alerts | INFO | 🛑 <b>AUTOMATIC SCHEDULER STOPPED</b>
2025-11-27 12:12:28 | alerts | INFO | 🛑 **FATAL STOP: MAX DAILY LOSS HIT** 🛑
Loss Limit: 3.0% (₹3,000)
Current Loss: ₹7,500
All trading has been halted.
2025-11-27 12:12:29 | alerts | INFO | 🛑 <b>AUTOMATIC SCHEDULER STOPPED</b>
2025-11-27 12:12:38 | alerts | INFO | 
🔴 <b>🔔 REAL-TIME HIGH-CONVICTION SIGNAL - IRCTC PUT</b>

📊 Conf: 8.5/10 | R:R: 1:8.40

🎯 <b>Strike:</b> 25690 (ATM)
🎯 <b>Entry Spot:</b> ₹691.0
⬆️ <b>Target Spot:</b> ₹661.6
⬇️ <b>Stop Spot:</b> ₹694.5
💰 Live Premium: ₹11.6 (Lots: 0)

2025-11-27 12:12:38 | alerts | INFO | 🛑 <b>AUTOMATIC SCHEDULER STOPPED</b>
2025-11-27 12:12:40 | alerts | INFO | 
🔴 <b>🔔 REAL-TIME HIGH-CONVICTION SIGNAL - PRESTIGE PUT</b>

📊 Conf: 8.5/10 | R:R: 1:8.54

🎯 <b>Strike:</b> 251660 (ATM)
🎯 <b>Entry Spot:</b> ₹1669.4
⬆️ <b>Target Spot:</b> ₹1598.5
⬇️ <b>Stop Spot:</b> ₹1677.7
💰 Live Premium: ₹45.0 (Lots: 0)

2025-11-27 12:12:41 | alerts | INFO | 
🔴 <b>🔔 REAL-TIME HIGH-CONVICTION SIGNAL - IRCTC PUT</b>

📊 Conf: 8.5/10 | R:R: 1:8.40

🎯 <b>Strike:</b> 25690 (ATM)
🎯 <b>Entry Spot:</b> ₹691.0
⬆️ <b>Target Spot:</b> ₹661.6
⬇️ <b>Stop Spot:</b> ₹694.5
💰 Live Premium: ₹11.6 (Lots: 0)

2025-11-27 12:12:41 | alerts | INFO | 🛑 <b>AUTOMATIC SCHEDULER STOPPED</b>
2025-11-27 12:12:42 | alerts | INFO | 🛑 <b>AUTOMATIC SCHEDULER STOPPED</b>
2025-11-27 12:12:43 | alerts | INFO | 🛑 **FATAL STOP: MAX DAILY LOSS HIT** 🛑
Loss Limit: 3.0% (₹3,000)
Current Loss: ₹7,500
All trading has been halted.
2025-11-27 12:12:43 | alerts | INFO | 🛑 <b>AUTOMATIC SCHEDULER STOPPED</b>
2025-11-27 12:13:12 | alerts | INFO | 
🔴 <b>🔔 REAL-TIME HIGH-CONVICTION SIGNAL - PRESTIGE PUT</b>

📊 Conf: 8.5/10 | R:R: 1:8.54

🎯 <b>Strike:</b> 251660 (ATM)
🎯 <b>Entry Spot:</b> ₹1668.5
⬆️ <b>Target Spot:</b> ₹1597.6
⬇️ <b>Stop Spot:</b> ₹1676.8
💰 Live Premium: ₹45.0 (Lots: 0)

2025-11-27 12:13:12 | alerts | INFO | 🛑 <b>AUTOMATIC SCHEDULER STOPPED</b>
2025-11-27 12:13:13 | alerts | INFO | 🛑 **FATAL STOP: MAX DAILY LOSS HIT** 🛑
Loss Limit: 3.0% (₹3,000)
Current Loss: ₹7,500
All trading has been halted.
2025-11-27 12:13:13 | alerts | INFO | 
🔴 <b>🔔 REAL-TIME HIGH-CONVICTION SIGNAL - PRESTIGE PUT</b>

📊 Conf: 8.5/10 | R:R: 1:8.53

🎯 <b>Strike:</b> 251660 (ATM)
🎯 <b>Entry Spot:</b> ₹1667.0
⬆️ <b>Target Spot:</b> ₹1596.2
⬇️ <b>Stop Spot:</b> ₹1675.3
💰 Live Premium: ₹45.0 (Lots: 0)

2025-11-27 12:13:14 | alerts | INFO | 🛑 <b>AUTOMATIC SCHEDULER STOPPED</b>
2025-11-27 12:13:14 | alerts | INFO | 🛑 <b>AUTOMATIC SCHEDULER STOPPED</b>
2025-11-27 12:13:17 | alerts | INFO | 
🔴 <b>🔔 REAL-TIME HIGH-CONVICTION SIGNAL - PRESTIGE PUT</b>

📊 Conf: 8.5/10 | R:R: 1:8.54

🎯 <b>Strike:</b> 251660 (ATM)
🎯 <b>Entry Spot:</b> ₹1668.5
⬆️ <b>Target Spot:</b> ₹1597.6
⬇️ <b>Stop Spot:</b> ₹1676.8
💰 Live Premium: ₹45.0 (Lots: 0)

2025-11-27 12:13:18 | alerts | INFO | 🛑 <b>AUTOMATIC SCHEDULER STOPPED</b>
2025-11-27 12:13:18 | alerts | INFO | 🛑 **FATAL STOP: MAX DAILY LOSS HIT** 🛑
Loss Limit: 3.0% (₹3,000)
Current Loss: ₹7,500
All trading has been halted.
2025-11-27 12:13:19 | alerts | INFO | 🛑 <b>AUTOMATIC SCHEDULER STOPPED</b>
2025-11-27 12:13:29 | alerts | INFO | 
🔴 <b>🔔 REAL-TIME HIGH-CONVICTION SIGNAL - TECHM PUT</b>

📊 Conf: 8.5/10 | R:R: 1:8.49

🎯 <b>Strike:</b> 251520 (ATM)
🎯 <b>Entry Spot:</b> ₹1516.5
⬆️ <b>Target Spot:</b> ₹1452.0
⬇️ <b>Stop Spot:</b> ₹1524.1
💰 Live Premium: ₹35.0 (Lots: 0)

2025-11-27 12:13:29 | alerts | INFO | 🛑 <b>AUTOMATIC SCHEDULER STOPPED</b>
2025-11-27 12:13:32 | alerts | INFO | 
🔴 <b>OPTION POSITION CLOSED</b>

<b>M&M CALL 253700</b>

💰 Entry: ₹100.1
💰 Exit: ₹97.0
📊 P&L: ₹-2,480 (-3.1%)

🎯 Reason: TIME EXIT

2025-11-27 12:13:35 | alerts | INFO | 
🔴 <b>🔔 REAL-TIME HIGH-CONVICTION SIGNAL - TECHM PUT</b>

📊 Conf: 8.5/10 | R:R: 1:8.49

🎯 <b>Strike:</b> 251520 (ATM)
🎯 <b>Entry Spot:</b> ₹1516.7
⬆️ <b>Target Spot:</b> ₹1452.2
⬇️ <b>Stop Spot:</b> ₹1524.3
💰 Live Premium: ₹35.0 (Lots: 0)

2025-11-27 12:13:35 | alerts | INFO | 🛑 <b>AUTOMATIC SCHEDULER STOPPED</b>
2025-11-27 12:13:36 | alerts | INFO | 🛑 **FATAL STOP: MAX DAILY LOSS HIT** 🛑
Loss Limit: 3.0% (₹3,000)
Current Loss: ₹6,600
All trading has been halted.
2025-11-27 12:13:36 | alerts | INFO | 
🔴 <b>OPTION POSITION CLOSED</b>

<b>PATANJALI CALL 25570</b>

💰 Entry: ₹15.4
💰 Exit: ₹15.0
📊 P&L: ₹-360 (-2.6%)

🎯 Reason: TIME EXIT

2025-11-27 12:13:37 | alerts | INFO | 🛑 <b>AUTOMATIC SCHEDULER STOPPED</b>
2025-11-27 12:13:38 | alerts | INFO | 
🔴 <b>OPTION POSITION CLOSED</b>

<b>LICHSGFIN CALL 25550</b>

💰 Entry: ₹14.7
💰 Exit: ₹13.6
📊 P&L: ₹-6,600 (-7.5%)

🎯 Reason: TIME EXIT

2025-11-27 12:13:39 | alerts | INFO | 
🔴 <b>🔔 REAL-TIME HIGH-CONVICTION SIGNAL - TECHM PUT</b>

📊 Conf: 8.5/10 | R:R: 1:8.49

🎯 <b>Strike:</b> 251520 (ATM)
🎯 <b>Entry Spot:</b> ₹1516.5
⬆️ <b>Target Spot:</b> ₹1452.0
⬇️ <b>Stop Spot:</b> ₹1524.1
💰 Live Premium: ₹35.0 (Lots: 0)

2025-11-27 12:13:40 | alerts | INFO | 🛑 <b>AUTOMATIC SCHEDULER STOPPED</b>
2025-11-27 12:13:40 | alerts | INFO | 🛑 **FATAL STOP: MAX DAILY LOSS HIT** 🛑
Loss Limit: 3.0% (₹3,000)
Current Loss: ₹6,600
All trading has been halted.
2025-11-27 12:13:41 | alerts | INFO | 🛑 <b>AUTOMATIC SCHEDULER STOPPED</b>
2025-11-27 12:13:42 | alerts | INFO | 
🔴 <b>OPTION POSITION CLOSED</b>

<b>LICHSGFIN CALL 25550</b>

💰 Entry: ₹14.7
💰 Exit: ₹13.6
📊 P&L: ₹-6,600 (-7.5%)

🎯 Reason: TIME EXIT

2025-11-27 12:16:02 | alerts | INFO | 🤖 <b>CONTINUOUS PAPER TRADER STARTED</b>
2025-11-27 12:20:34 | alerts | INFO | 🤖 <b>CONTINUOUS PAPER TRADER STARTED</b>
2025-11-27 12:20:38 | alerts | INFO | 🤖 <b>CONTINUOUS PAPER TRADER STARTED</b>
2025-11-27 12:20:41 | alerts | INFO | 🤖 <b>CONTINUOUS PAPER TRADER STARTED</b>
2025-11-27 12:20:47 | alerts | INFO | 🤖 <b>CONTINUOUS PAPER TRADER STARTED</b>
2025-11-27 12:20:49 | alerts | INFO | 🤖 <b>CONTINUOUS PAPER TRADER STARTED</b>
2025-11-27 12:25:41 | alerts | INFO | 
🔴 <b>🔔 REAL-TIME HIGH-CONVICTION SIGNAL - GRASIM PUT</b>

📊 Conf: 8.5/10 | R:R: 1:8.52

🎯 <b>Strike:</b> 252740 (ATM)
🎯 <b>Entry Spot:</b> ₹2727.3
⬆️ <b>Target Spot:</b> ₹2611.4
⬇️ <b>Stop Spot:</b> ₹2740.9
💰 Live Premium: ₹48.9 (Lots: 0)

2025-11-27 12:25:41 | alerts | INFO | 
🔴 <b>🔔 REAL-TIME HIGH-CONVICTION SIGNAL - GRASIM PUT</b>

📊 Conf: 8.5/10 | R:R: 1:8.52

🎯 <b>Strike:</b> 252740 (ATM)
🎯 <b>Entry Spot:</b> ₹2727.3
⬆️ <b>Target Spot:</b> ₹2611.4
⬇️ <b>Stop Spot:</b> ₹2740.9
💰 Live Premium: ₹48.9 (Lots: 0)

2025-11-27 12:25:43 | alerts | INFO | 
🔴 <b>🔔 REAL-TIME HIGH-CONVICTION SIGNAL - GRASIM PUT</b>

📊 Conf: 8.5/10 | R:R: 1:8.52

🎯 <b>Strike:</b> 252740 (ATM)
🎯 <b>Entry Spot:</b> ₹2726.4
⬆️ <b>Target Spot:</b> ₹2610.5
⬇️ <b>Stop Spot:</b> ₹2740.0
💰 Live Premium: ₹48.9 (Lots: 0)

2025-11-27 12:25:46 | alerts | INFO | 
🔴 <b>✅ TRADE EXECUTED (PAPER) - GRASIM PUT</b>

📊 Conf: 8.5/10 | R:R: 1:8.52

🎯 <b>Strike:</b> 252740 (ATM)
🎯 <b>Entry Spot:</b> ₹2727.3
⬆️ <b>Target Spot:</b> ₹2611.4
⬇️ <b>Stop Spot:</b> ₹2740.9
📦 Lots: 1 | Cost: ₹12,225

2025-11-27 12:25:47 | alerts | INFO | 
🔴 <b>✅ TRADE EXECUTED (PAPER) - GRASIM PUT</b>

📊 Conf: 8.5/10 | R:R: 1:8.52

🎯 <b>Strike:</b> 252740 (ATM)
🎯 <b>Entry Spot:</b> ₹2727.3
⬆️ <b>Target Spot:</b> ₹2611.4
⬇️ <b>Stop Spot:</b> ₹2740.9
📦 Lots: 1 | Cost: ₹12,225

2025-11-27 12:25:48 | alerts | INFO | 
🔴 <b>🔔 REAL-TIME HIGH-CONVICTION SIGNAL - GRASIM PUT</b>

📊 Conf: 8.5/10 | R:R: 1:8.52

🎯 <b>Strike:</b> 252740 (ATM)
🎯 <b>Entry Spot:</b> ₹2726.4
⬆️ <b>Target Spot:</b> ₹2610.5
⬇️ <b>Stop Spot:</b> ₹2740.0
💰 Live Premium: ₹48.9 (Lots: 0)

2025-11-27 12:25:49 | alerts | INFO | 
🔴 <b>✅ TRADE EXECUTED (PAPER) - GRASIM PUT</b>

📊 Conf: 8.5/10 | R:R: 1:8.52

🎯 <b>Strike:</b> 252740 (ATM)
🎯 <b>Entry Spot:</b> ₹2726.4
⬆️ <b>Target Spot:</b> ₹2610.5
⬇️ <b>Stop Spot:</b> ₹2740.0
📦 Lots: 1 | Cost: ₹12,225

2025-11-27 12:25:50 | alerts | INFO | 
🔴 <b>🔔 REAL-TIME HIGH-CONVICTION SIGNAL - GRASIM PUT</b>

📊 Conf: 8.5/10 | R:R: 1:8.52

🎯 <b>Strike:</b> 252740 (ATM)
🎯 <b>Entry Spot:</b> ₹2726.2
⬆️ <b>Target Spot:</b> ₹2610.3
⬇️ <b>Stop Spot:</b> ₹2739.8
💰 Live Premium: ₹48.9 (Lots: 0)

2025-11-27 12:25:54 | alerts | INFO | 
🔴 <b>✅ TRADE EXECUTED (PAPER) - GRASIM PUT</b>

📊 Conf: 8.5/10 | R:R: 1:8.52

🎯 <b>Strike:</b> 252740 (ATM)
🎯 <b>Entry Spot:</b> ₹2726.4
⬆️ <b>Target Spot:</b> ₹2610.5
⬇️ <b>Stop Spot:</b> ₹2740.0
📦 Lots: 1 | Cost: ₹12,225

2025-11-27 12:25:55 | alerts | INFO | 
🔴 <b>✅ TRADE EXECUTED (PAPER) - GRASIM PUT</b>

📊 Conf: 8.5/10 | R:R: 1:8.52

🎯 <b>Strike:</b> 252740 (ATM)
🎯 <b>Entry Spot:</b> ₹2726.2
⬆️ <b>Target Spot:</b> ₹2610.3
⬇️ <b>Stop Spot:</b> ₹2739.8
📦 Lots: 1 | Cost: ₹12,225

2025-11-27 12:26:03 | alerts | INFO | 
🔴 <b>🔔 REAL-TIME HIGH-CONVICTION SIGNAL - ADANIENT PUT</b>

📊 Conf: 8.5/10 | R:R: 1:7.91

🎯 <b>Strike:</b> 2519002 (ATM)
🎯 <b>Entry Spot:</b> ₹205.0
⬆️ <b>Target Spot:</b> ₹196.3
⬇️ <b>Stop Spot:</b> ₹206.1
💰 Live Premium: ₹3.4 (Lots: 0)

2025-11-27 12:26:08 | alerts | INFO | 
🔴 <b>✅ TRADE EXECUTED (PAPER) - ADANIENT PUT</b>

📊 Conf: 8.5/10 | R:R: 1:7.91

🎯 <b>Strike:</b> 2519002 (ATM)
🎯 <b>Entry Spot:</b> ₹205.0
⬆️ <b>Target Spot:</b> ₹196.3
⬇️ <b>Stop Spot:</b> ₹206.1
📦 Lots: 6 | Cost: ₹6,304

2025-11-27 12:26:11 | alerts | INFO | 
🔴 <b>🔔 REAL-TIME HIGH-CONVICTION SIGNAL - ADANIPORTS PUT</b>

📊 Conf: 8.5/10 | R:R: 1:8.38

🎯 <b>Strike:</b> 251240 (ATM)
🎯 <b>Entry Spot:</b> ₹545.0
⬆️ <b>Target Spot:</b> ₹521.9
⬇️ <b>Stop Spot:</b> ₹547.8
💰 Live Premium: ₹1.0 (Lots: 0)

2025-11-27 12:26:16 | alerts | INFO | 
🔴 <b>✅ TRADE EXECUTED (PAPER) - ADANIPORTS PUT</b>

📊 Conf: 8.5/10 | R:R: 1:8.38

🎯 <b>Strike:</b> 251240 (ATM)
🎯 <b>Entry Spot:</b> ₹545.0
⬆️ <b>Target Spot:</b> ₹521.9
⬇️ <b>Stop Spot:</b> ₹547.8
📦 Lots: 1 | Cost: ₹475

2025-11-27 12:26:19 | alerts | INFO | 
🔴 <b>🔔 REAL-TIME HIGH-CONVICTION SIGNAL - AXISBANK PUT</b>

📊 Conf: 8.5/10 | R:R: 1:8.76

🎯 <b>Strike:</b> 251080 (ATM)
🎯 <b>Entry Spot:</b> ₹246.0
⬆️ <b>Target Spot:</b> ₹235.5
⬇️ <b>Stop Spot:</b> ₹247.2
💰 Live Premium: ₹1.0 (Lots: 0)

2025-11-27 12:26:25 | alerts | INFO | 
🔴 <b>✅ TRADE EXECUTED (PAPER) - AXISBANK PUT</b>

📊 Conf: 8.5/10 | R:R: 1:8.76

🎯 <b>Strike:</b> 251080 (ATM)
🎯 <b>Entry Spot:</b> ₹246.0
⬆️ <b>Target Spot:</b> ₹235.5
⬇️ <b>Stop Spot:</b> ₹247.2
📦 Lots: 3 | Cost: ₹1,875

2025-11-27 12:26:28 | alerts | INFO | 
🔴 <b>🔔 REAL-TIME HIGH-CONVICTION SIGNAL - BAJAJFINSV PUT</b>

📊 Conf: 8.5/10 | R:R: 1:8.42

🎯 <b>Strike:</b> 251760 (ATM)
🎯 <b>Entry Spot:</b> ₹398.6
⬆️ <b>Target Spot:</b> ₹381.7
⬇️ <b>Stop Spot:</b> ₹400.6
💰 Live Premium: ₹0.6 (Lots: 0)

2025-11-27 12:26:28 | alerts | INFO | 
🔴 <b>🔔 REAL-TIME HIGH-CONVICTION SIGNAL - MARUTI PUT</b>

📊 Conf: 8.5/10 | R:R: 1:8.50

🎯 <b>Strike:</b> 2516000 (ATM)
🎯 <b>Entry Spot:</b> ₹16002.0
⬆️ <b>Target Spot:</b> ₹15321.9
⬇️ <b>Stop Spot:</b> ₹16082.0
💰 Live Premium: ₹254.0 (Lots: 0)

2025-11-27 12:26:30 | alerts | INFO | 
🔴 <b>🔔 REAL-TIME HIGH-CONVICTION SIGNAL - MARUTI PUT</b>

📊 Conf: 8.5/10 | R:R: 1:8.50

🎯 <b>Strike:</b> 2516000 (ATM)
🎯 <b>Entry Spot:</b> ₹16002.0
⬆️ <b>Target Spot:</b> ₹15321.9
⬇️ <b>Stop Spot:</b> ₹16082.0
💰 Live Premium: ₹252.3 (Lots: 0)

2025-11-27 12:26:32 | alerts | INFO | 
🔴 <b>🔔 REAL-TIME HIGH-CONVICTION SIGNAL - MARUTI PUT</b>

📊 Conf: 8.5/10 | R:R: 1:8.50

🎯 <b>Strike:</b> 2516000 (ATM)
🎯 <b>Entry Spot:</b> ₹16002.0
⬆️ <b>Target Spot:</b> ₹15321.9
⬇️ <b>Stop Spot:</b> ₹16082.0
💰 Live Premium: ₹252.3 (Lots: 0)

2025-11-27 12:26:33 | alerts | INFO | 
🔴 <b>✅ TRADE EXECUTED (PAPER) - BAJAJFINSV PUT</b>

📊 Conf: 8.5/10 | R:R: 1:8.42

🎯 <b>Strike:</b> 251760 (ATM)
🎯 <b>Entry Spot:</b> ₹398.6
⬆️ <b>Target Spot:</b> ₹381.7
⬇️ <b>Stop Spot:</b> ₹400.6
📦 Lots: 3 | Cost: ₹412

2025-11-27 12:26:33 | alerts | INFO | 
🔴 <b>✅ TRADE EXECUTED (PAPER) - MARUTI PUT</b>

📊 Conf: 8.5/10 | R:R: 1:8.50

🎯 <b>Strike:</b> 2516000 (ATM)
🎯 <b>Entry Spot:</b> ₹16002.0
⬆️ <b>Target Spot:</b> ₹15321.9
⬇️ <b>Stop Spot:</b> ₹16082.0
📦 Lots: 1 | Cost: ₹12,615

2025-11-27 12:26:35 | alerts | INFO | 
🔴 <b>✅ TRADE EXECUTED (PAPER) - MARUTI PUT</b>

📊 Conf: 8.5/10 | R:R: 1:8.50

🎯 <b>Strike:</b> 2516000 (ATM)
🎯 <b>Entry Spot:</b> ₹16002.0
⬆️ <b>Target Spot:</b> ₹15321.9
⬇️ <b>Stop Spot:</b> ₹16082.0
📦 Lots: 1 | Cost: ₹12,615

2025-11-27 12:26:36 | alerts | INFO | 
🔴 <b>🔔 REAL-TIME HIGH-CONVICTION SIGNAL - BANKINDIA PUT</b>

📊 Conf: 8.5/10 | R:R: 1:8.70

🎯 <b>Strike:</b> 25166 (ATM)
🎯 <b>Entry Spot:</b> ₹417.5
⬆️ <b>Target Spot:</b> ₹399.7
⬇️ <b>Stop Spot:</b> ₹419.5
💰 Live Premium: ₹0.0 (Lots: 0)

2025-11-27 12:26:37 | alerts | INFO | 
🔴 <b>✅ TRADE EXECUTED (PAPER) - MARUTI PUT</b>

📊 Conf: 8.5/10 | R:R: 1:8.50

🎯 <b>Strike:</b> 2516000 (ATM)
🎯 <b>Entry Spot:</b> ₹16002.0
⬆️ <b>Target Spot:</b> ₹15321.9
⬇️ <b>Stop Spot:</b> ₹16082.0
📦 Lots: 1 | Cost: ₹12,630

2025-11-27 12:26:38 | alerts | INFO | 
🔴 <b>🔔 REAL-TIME HIGH-CONVICTION SIGNAL - MARUTI PUT</b>

📊 Conf: 8.5/10 | R:R: 1:8.50

🎯 <b>Strike:</b> 2516000 (ATM)
🎯 <b>Entry Spot:</b> ₹16016.0
⬆️ <b>Target Spot:</b> ₹15335.3
⬇️ <b>Stop Spot:</b> ₹16096.1
💰 Live Premium: ₹252.8 (Lots: 0)

2025-11-27 12:26:40 | alerts | INFO | 
🔴 <b>🔔 REAL-TIME HIGH-CONVICTION SIGNAL - MARUTI PUT</b>

📊 Conf: 8.5/10 | R:R: 1:8.50

🎯 <b>Strike:</b> 2516000 (ATM)
🎯 <b>Entry Spot:</b> ₹16020.0
⬆️ <b>Target Spot:</b> ₹15339.1
⬇️ <b>Stop Spot:</b> ₹16100.1
💰 Live Premium: ₹252.8 (Lots: 0)

2025-11-27 12:26:44 | alerts | INFO | 
🔴 <b>✅ TRADE EXECUTED (PAPER) - MARUTI PUT</b>

📊 Conf: 8.5/10 | R:R: 1:8.50

🎯 <b>Strike:</b> 2516000 (ATM)
🎯 <b>Entry Spot:</b> ₹16016.0
⬆️ <b>Target Spot:</b> ₹15335.3
⬇️ <b>Stop Spot:</b> ₹16096.1
📦 Lots: 1 | Cost: ₹12,640

2025-11-27 12:26:45 | alerts | INFO | 
🔴 <b>✅ TRADE EXECUTED (PAPER) - MARUTI PUT</b>

📊 Conf: 8.5/10 | R:R: 1:8.50

🎯 <b>Strike:</b> 2516000 (ATM)
🎯 <b>Entry Spot:</b> ₹16020.0
⬆️ <b>Target Spot:</b> ₹15339.1
⬇️ <b>Stop Spot:</b> ₹16100.1
📦 Lots: 1 | Cost: ₹12,698

2025-11-27 12:29:49 | alerts | INFO | 🛑 <b>AUTOMATIC SCHEDULER STOPPED</b>
2025-11-27 12:29:49 | alerts | INFO | 🛑 <b>AUTOMATIC SCHEDULER STOPPED</b>
2025-11-27 12:29:49 | alerts | INFO | 🛑 <b>AUTOMATIC SCHEDULER STOPPED</b>
2025-11-27 12:29:49 | alerts | INFO | 🛑 <b>AUTOMATIC SCHEDULER STOPPED</b>
2025-11-27 12:29:49 | alerts | INFO | 🛑 <b>AUTOMATIC SCHEDULER STOPPED</b>
2025-11-27 12:33:26 | alerts | INFO | 🤖 <b>CONTINUOUS PAPER TRADER STARTED</b>
2025-11-27 12:42:31 | alerts | INFO | 🤖 <b>CONTINUOUS PAPER TRADER STARTED</b>
2025-11-27 12:43:27 | alerts | INFO | 
🟢 <b>🔔 REAL-TIME HIGH-CONVICTION SIGNAL - ABB CALL</b>

📊 Conf: 8.5/10 | R:R: 1:8.35

🎯 <b>Strike:</b> 254400 (ATM)
🎯 <b>Entry Spot:</b> ₹595.2
⬆️ <b>Target Spot:</b> ₹620.5
⬇️ <b>Stop Spot:</b> ₹592.2
💰 Live Premium: ₹780.0 (Lots: 0)

2025-11-27 12:43:33 | alerts | INFO | 
🟢 <b>✅ TRADE EXECUTED (PAPER) - ABB CALL</b>

📊 Conf: 8.5/10 | R:R: 1:8.35

🎯 <b>Strike:</b> 254400 (ATM)
🎯 <b>Entry Spot:</b> ₹595.2
⬆️ <b>Target Spot:</b> ₹620.5
⬇️ <b>Stop Spot:</b> ₹592.2
📦 Lots: 1 | Cost: ₹97,500

2025-11-27 12:43:36 | alerts | INFO | 
🔴 <b>🔔 REAL-TIME HIGH-CONVICTION SIGNAL - ADANIPORTS PUT</b>

📊 Conf: 8.5/10 | R:R: 1:8.53

🎯 <b>Strike:</b> 251240 (ATM)
🎯 <b>Entry Spot:</b> ₹447.5
⬆️ <b>Target Spot:</b> ₹428.5
⬇️ <b>Stop Spot:</b> ₹449.7
💰 Live Premium: ₹1.0 (Lots: 0)

2025-11-27 12:43:42 | alerts | INFO | 
🔴 <b>✅ TRADE EXECUTED (PAPER) - ADANIPORTS PUT</b>

📊 Conf: 8.5/10 | R:R: 1:8.53

🎯 <b>Strike:</b> 251240 (ATM)
🎯 <b>Entry Spot:</b> ₹447.5
⬆️ <b>Target Spot:</b> ₹428.5
⬇️ <b>Stop Spot:</b> ₹449.7
📦 Lots: 6 | Cost: ₹2,850

2025-11-27 12:43:47 | alerts | INFO | 
🔴 <b>🔔 REAL-TIME HIGH-CONVICTION SIGNAL - BHARTIARTL PUT</b>

📊 Conf: 8.5/10 | R:R: 1:5.21

🎯 <b>Strike:</b> 251520 (ATM)
🎯 <b>Entry Spot:</b> ₹152.2
⬆️ <b>Target Spot:</b> ₹145.7
⬇️ <b>Stop Spot:</b> ₹153.4
💰 Live Premium: ₹0.2 (Lots: 0)

2025-11-27 12:43:53 | alerts | INFO | 
🔴 <b>✅ TRADE EXECUTED (PAPER) - BHARTIARTL PUT</b>

📊 Conf: 8.5/10 | R:R: 1:5.21

🎯 <b>Strike:</b> 251520 (ATM)
🎯 <b>Entry Spot:</b> ₹152.2
⬆️ <b>Target Spot:</b> ₹145.7
⬇️ <b>Stop Spot:</b> ₹153.4
📦 Lots: 12 | Cost: ₹1,140

2025-11-27 12:43:56 | alerts | INFO | 
🔴 <b>🔔 REAL-TIME HIGH-CONVICTION SIGNAL - CANBK PUT</b>

📊 Conf: 8.5/10 | R:R: 1:8.28

🎯 <b>Strike:</b> 25166 (ATM)
🎯 <b>Entry Spot:</b> ₹312.1
⬆️ <b>Target Spot:</b> ₹298.8
⬇️ <b>Stop Spot:</b> ₹313.7
💰 Live Premium: ₹14.9 (Lots: 0)

2025-11-27 12:44:01 | alerts | INFO | 
🔴 <b>✅ TRADE EXECUTED (PAPER) - CANBK PUT</b>

📊 Conf: 8.5/10 | R:R: 1:8.28

🎯 <b>Strike:</b> 25166 (ATM)
🎯 <b>Entry Spot:</b> ₹312.1
⬆️ <b>Target Spot:</b> ₹298.8
⬇️ <b>Stop Spot:</b> ₹313.7
📦 Lots: 1 | Cost: ₹100,912

2025-11-27 12:44:04 | alerts | INFO | 
🔴 <b>🔔 REAL-TIME HIGH-CONVICTION SIGNAL - CIPLA PUT</b>

📊 Conf: 8.5/10 | R:R: 1:8.36

🎯 <b>Strike:</b> 251260 (ATM)
🎯 <b>Entry Spot:</b> ₹254.7
⬆️ <b>Target Spot:</b> ₹243.9
⬇️ <b>Stop Spot:</b> ₹256.0
💰 Live Premium: ₹0.2 (Lots: 0)

2025-11-27 12:44:10 | alerts | INFO | 
🔴 <b>✅ TRADE EXECUTED (PAPER) - CIPLA PUT</b>

📊 Conf: 8.5/10 | R:R: 1:8.36

🎯 <b>Strike:</b> 251260 (ATM)
🎯 <b>Entry Spot:</b> ₹254.7
⬆️ <b>Target Spot:</b> ₹243.9
⬇️ <b>Stop Spot:</b> ₹256.0
📦 Lots: 15 | Cost: ₹1,125

2025-11-27 12:44:15 | alerts | INFO | 
🔴 <b>🔔 REAL-TIME HIGH-CONVICTION SIGNAL - DIVISLAB PUT</b>

📊 Conf: 8.5/10 | R:R: 1:6.45

🎯 <b>Strike:</b> 255500 (ATM)
🎯 <b>Entry Spot:</b> ₹184.9
⬆️ <b>Target Spot:</b> ₹177.0
⬇️ <b>Stop Spot:</b> ₹186.1
💰 Live Premium: ₹2.2 (Lots: 0)

2025-11-27 12:44:21 | alerts | INFO | 
🔴 <b>✅ TRADE EXECUTED (PAPER) - DIVISLAB PUT</b>

📊 Conf: 8.5/10 | R:R: 1:6.45

🎯 <b>Strike:</b> 255500 (ATM)
🎯 <b>Entry Spot:</b> ₹184.9
⬆️ <b>Target Spot:</b> ₹177.0
⬇️ <b>Stop Spot:</b> ₹186.1
📦 Lots: 60 | Cost: ₹13,200

2025-11-27 12:50:39 | alerts | INFO | 🤖 <b>CONTINUOUS PAPER TRADER STARTED</b>
2025-11-27 12:50:43 | alerts | INFO | 🤖 <b>CONTINUOUS PAPER TRADER STARTED</b>
2025-11-27 12:50:46 | alerts | INFO | 🤖 <b>CONTINUOUS PAPER TRADER STARTED</b>
2025-11-27 12:50:53 | alerts | INFO | 🤖 <b>CONTINUOUS PAPER TRADER STARTED</b>
2025-11-27 12:50:57 | alerts | INFO | 🤖 <b>CONTINUOUS PAPER TRADER STARTED</b>
2025-11-27 12:50:59 | alerts | INFO | 🤖 <b>CONTINUOUS PAPER TRADER STARTED</b>
2025-11-27 12:51:02 | alerts | INFO | 🤖 <b>CONTINUOUS PAPER TRADER STARTED</b>
2025-11-27 12:51:06 | alerts | INFO | 🤖 <b>CONTINUOUS PAPER TRADER STARTED</b>
2025-11-27 12:51:59 | alerts | INFO | 🛑 <b>AUTOMATIC SCHEDULER STOPPED</b>
2025-11-27 12:51:59 | alerts | INFO | 🛑 <b>AUTOMATIC SCHEDULER STOPPED</b>
2025-11-27 12:51:59 | alerts | INFO | 🛑 <b>AUTOMATIC SCHEDULER STOPPED</b>
2025-11-27 12:51:59 | alerts | INFO | 🛑 <b>AUTOMATIC SCHEDULER STOPPED</b>
2025-11-27 12:51:59 | alerts | INFO | 🛑 <b>AUTOMATIC SCHEDULER STOPPED</b>
2025-11-27 12:51:59 | alerts | INFO | 🛑 <b>AUTOMATIC SCHEDULER STOPPED</b>
2025-11-27 12:51:59 | alerts | INFO | 🛑 <b>AUTOMATIC SCHEDULER STOPPED</b>
2025-11-27 12:51:59 | alerts | INFO | 🛑 <b>AUTOMATIC SCHEDULER STOPPED</b>
2025-11-27 12:54:58 | alerts | INFO | 🤖 <b>CONTINUOUS PAPER TRADER STARTED</b>
2025-11-27 12:54:59 | alerts | INFO | 🤖 <b>CONTINUOUS PAPER TRADER STARTED</b>
2025-11-27 12:55:02 | alerts | INFO | 🤖 <b>CONTINUOUS PAPER TRADER STARTED</b>
2025-11-27 12:55:07 | alerts | INFO | 🤖 <b>CONTINUOUS PAPER TRADER STARTED</b>
2025-11-27 13:00:34 | alerts | INFO | 
🔴 <b>🔔 REAL-TIME HIGH-CONVICTION SIGNAL - PERSISTENT PUT</b>

📊 Conf: 8.5/10 | R:R: 1:8.51

🎯 <b>Strike:</b> 256400 (ATM)
🎯 <b>Entry Spot:</b> ₹6387.0
⬆️ <b>Target Spot:</b> ₹6115.6
⬇️ <b>Stop Spot:</b> ₹6418.9
💰 Live Premium: ₹172.0 (Lots: 0)

2025-11-27 13:00:35 | alerts | INFO | 
🔴 <b>🔔 REAL-TIME HIGH-CONVICTION SIGNAL - PERSISTENT PUT</b>

📊 Conf: 8.5/10 | R:R: 1:8.51

🎯 <b>Strike:</b> 256400 (ATM)
🎯 <b>Entry Spot:</b> ₹6387.0
⬆️ <b>Target Spot:</b> ₹6115.6
⬇️ <b>Stop Spot:</b> ₹6418.9
💰 Live Premium: ₹172.0 (Lots: 0)

2025-11-27 13:00:40 | alerts | INFO | 
🔴 <b>✅ TRADE EXECUTED (PAPER) - PERSISTENT PUT</b>

📊 Conf: 8.5/10 | R:R: 1:8.51

🎯 <b>Strike:</b> 256400 (ATM)
🎯 <b>Entry Spot:</b> ₹6387.0
⬆️ <b>Target Spot:</b> ₹6115.6
⬇️ <b>Stop Spot:</b> ₹6418.9
📦 Lots: 1 | Cost: ₹17,200

2025-11-27 13:00:40 | alerts | INFO | 
🔴 <b>✅ TRADE EXECUTED (PAPER) - PERSISTENT PUT</b>

📊 Conf: 8.5/10 | R:R: 1:8.51

🎯 <b>Strike:</b> 256400 (ATM)
🎯 <b>Entry Spot:</b> ₹6387.0
⬆️ <b>Target Spot:</b> ₹6115.6
⬇️ <b>Stop Spot:</b> ₹6418.9
📦 Lots: 1 | Cost: ₹17,200

2025-11-27 13:00:43 | alerts | INFO | 
🔴 <b>🔔 REAL-TIME HIGH-CONVICTION SIGNAL - PERSISTENT PUT</b>

📊 Conf: 8.5/10 | R:R: 1:8.51

🎯 <b>Strike:</b> 256400 (ATM)
🎯 <b>Entry Spot:</b> ₹6387.0
⬆️ <b>Target Spot:</b> ₹6115.6
⬇️ <b>Stop Spot:</b> ₹6418.9
💰 Live Premium: ₹172.0 (Lots: 0)

2025-11-27 13:00:43 | alerts | INFO | 
🔴 <b>🔔 REAL-TIME HIGH-CONVICTION SIGNAL - PERSISTENT PUT</b>

📊 Conf: 8.5/10 | R:R: 1:8.51

🎯 <b>Strike:</b> 256400 (ATM)
🎯 <b>Entry Spot:</b> ₹6387.0
⬆️ <b>Target Spot:</b> ₹6115.6
⬇️ <b>Stop Spot:</b> ₹6418.9
💰 Live Premium: ₹172.0 (Lots: 0)

2025-11-27 13:00:48 | alerts | INFO | 
🔴 <b>✅ TRADE EXECUTED (PAPER) - PERSISTENT PUT</b>

📊 Conf: 8.5/10 | R:R: 1:8.51

🎯 <b>Strike:</b> 256400 (ATM)
🎯 <b>Entry Spot:</b> ₹6387.0
⬆️ <b>Target Spot:</b> ₹6115.6
⬇️ <b>Stop Spot:</b> ₹6418.9
📦 Lots: 1 | Cost: ₹17,200

2025-11-27 13:00:48 | alerts | INFO | 
🔴 <b>✅ TRADE EXECUTED (PAPER) - PERSISTENT PUT</b>

📊 Conf: 8.5/10 | R:R: 1:8.51

🎯 <b>Strike:</b> 256400 (ATM)
🎯 <b>Entry Spot:</b> ₹6387.0
⬆️ <b>Target Spot:</b> ₹6115.6
⬇️ <b>Stop Spot:</b> ₹6418.9
📦 Lots: 1 | Cost: ₹17,200

2025-11-27 13:06:20 | alerts | INFO | 
🟢 <b>🔔 REAL-TIME HIGH-CONVICTION SIGNAL - APOLLOHOSP CALL</b>

📊 Conf: 9.0/10 | R:R: 1:9.00

🎯 <b>Strike:</b> 257300 (ATM)
🎯 <b>Entry Spot:</b> ₹7340.0
⬆️ <b>Target Spot:</b> ₹7670.3
⬇️ <b>Stop Spot:</b> ₹7303.3
💰 Live Premium: ₹190.0 (Lots: 0)

2025-11-27 13:06:20 | alerts | INFO | 
🟢 <b>🔔 REAL-TIME HIGH-CONVICTION SIGNAL - APOLLOHOSP CALL</b>

📊 Conf: 9.0/10 | R:R: 1:9.00

🎯 <b>Strike:</b> 257300 (ATM)
🎯 <b>Entry Spot:</b> ₹7340.0
⬆️ <b>Target Spot:</b> ₹7670.3
⬇️ <b>Stop Spot:</b> ₹7303.3
💰 Live Premium: ₹190.0 (Lots: 0)

2025-11-27 13:06:25 | alerts | INFO | 
🟢 <b>✅ TRADE EXECUTED (PAPER) - APOLLOHOSP CALL</b>

📊 Conf: 9.0/10 | R:R: 1:9.00

🎯 <b>Strike:</b> 257300 (ATM)
🎯 <b>Entry Spot:</b> ₹7340.0
⬆️ <b>Target Spot:</b> ₹7670.3
⬇️ <b>Stop Spot:</b> ₹7303.3
📦 Lots: 1 | Cost: ₹23,750

2025-11-27 13:06:26 | alerts | INFO | 
🟢 <b>✅ TRADE EXECUTED (PAPER) - APOLLOHOSP CALL</b>

📊 Conf: 9.0/10 | R:R: 1:9.00

🎯 <b>Strike:</b> 257300 (ATM)
🎯 <b>Entry Spot:</b> ₹7340.0
⬆️ <b>Target Spot:</b> ₹7670.3
⬇️ <b>Stop Spot:</b> ₹7303.3
📦 Lots: 1 | Cost: ₹23,750

2025-11-27 13:07:09 | alerts | INFO | 🤖 <b>CONTINUOUS PAPER TRADER STARTED</b>
2025-11-27 13:07:10 | alerts | INFO | 🤖 <b>CONTINUOUS PAPER TRADER STARTED</b>
2025-11-27 13:07:14 | alerts | INFO | 🤖 <b>CONTINUOUS PAPER TRADER STARTED</b>
2025-11-27 13:07:19 | alerts | INFO | 🤖 <b>CONTINUOUS PAPER TRADER STARTED</b>
2025-11-27 13:12:48 | alerts | INFO | 
🔴 <b>🔔 REAL-TIME HIGH-CONVICTION SIGNAL - LT PUT</b>

📊 Conf: 8.5/10 | R:R: 1:8.49

🎯 <b>Strike:</b> 254100 (ATM)
🎯 <b>Entry Spot:</b> ₹4096.0
⬆️ <b>Target Spot:</b> ₹3921.9
⬇️ <b>Stop Spot:</b> ₹4116.5
💰 Live Premium: ₹70.0 (Lots: 0)

2025-11-27 13:12:50 | alerts | INFO | 
🔴 <b>🔔 REAL-TIME HIGH-CONVICTION SIGNAL - LT PUT</b>

📊 Conf: 8.5/10 | R:R: 1:8.49

🎯 <b>Strike:</b> 254100 (ATM)
🎯 <b>Entry Spot:</b> ₹4096.0
⬆️ <b>Target Spot:</b> ₹3921.9
⬇️ <b>Stop Spot:</b> ₹4116.5
💰 Live Premium: ₹70.3 (Lots: 0)

2025-11-27 13:12:51 | alerts | INFO | 
🔴 <b>🔔 REAL-TIME HIGH-CONVICTION SIGNAL - LT PUT</b>

📊 Conf: 8.5/10 | R:R: 1:8.49

🎯 <b>Strike:</b> 254100 (ATM)
🎯 <b>Entry Spot:</b> ₹4095.9
⬆️ <b>Target Spot:</b> ₹3921.8
⬇️ <b>Stop Spot:</b> ₹4116.4
💰 Live Premium: ₹69.9 (Lots: 0)

2025-11-27 13:12:53 | alerts | INFO | 
🔴 <b>✅ TRADE EXECUTED (PAPER) - LT PUT</b>

📊 Conf: 8.5/10 | R:R: 1:8.49

🎯 <b>Strike:</b> 254100 (ATM)
🎯 <b>Entry Spot:</b> ₹4096.0
⬆️ <b>Target Spot:</b> ₹3921.9
⬇️ <b>Stop Spot:</b> ₹4116.5
📦 Lots: 1 | Cost: ₹12,302

2025-11-27 13:12:56 | alerts | INFO | 
🔴 <b>✅ TRADE EXECUTED (PAPER) - LT PUT</b>

📊 Conf: 8.5/10 | R:R: 1:8.49

🎯 <b>Strike:</b> 254100 (ATM)
🎯 <b>Entry Spot:</b> ₹4096.0
⬆️ <b>Target Spot:</b> ₹3921.9
⬇️ <b>Stop Spot:</b> ₹4116.5
📦 Lots: 1 | Cost: ₹12,233

2025-11-27 13:12:57 | alerts | INFO | 
🔴 <b>✅ TRADE EXECUTED (PAPER) - LT PUT</b>

📊 Conf: 8.5/10 | R:R: 1:8.49

🎯 <b>Strike:</b> 254100 (ATM)
🎯 <b>Entry Spot:</b> ₹4095.9
⬆️ <b>Target Spot:</b> ₹3921.8
⬇️ <b>Stop Spot:</b> ₹4116.4
📦 Lots: 1 | Cost: ₹12,233

2025-11-27 13:21:51 | alerts | INFO | 🤖 <b>CONTINUOUS PAPER TRADER STARTED</b>
2025-11-27 13:21:52 | alerts | INFO | 🤖 <b>CONTINUOUS PAPER TRADER STARTED</b>
2025-11-27 13:21:55 | alerts | INFO | 🤖 <b>CONTINUOUS PAPER TRADER STARTED</b>
2025-11-27 13:21:58 | alerts | INFO | 🤖 <b>CONTINUOUS PAPER TRADER STARTED</b>
2025-11-27 13:26:51 | alerts | INFO | 
🔴 <b>🔔 REAL-TIME HIGH-CONVICTION SIGNAL - ADANIPORTS PUT</b>

📊 Conf: 8.5/10 | R:R: 1:8.52

🎯 <b>Strike:</b> 251500 (ATM)
🎯 <b>Entry Spot:</b> ₹1504.6
⬆️ <b>Target Spot:</b> ₹1440.7
⬇️ <b>Stop Spot:</b> ₹1512.1
💰 Live Premium: ₹28.9 (Lots: 0)

2025-11-27 13:26:56 | alerts | INFO | 
🔴 <b>✅ TRADE EXECUTED (PAPER) - ADANIPORTS PUT</b>

📊 Conf: 8.5/10 | R:R: 1:8.52

🎯 <b>Strike:</b> 251500 (ATM)
🎯 <b>Entry Spot:</b> ₹1504.6
⬆️ <b>Target Spot:</b> ₹1440.7
⬇️ <b>Stop Spot:</b> ₹1512.1
📦 Lots: 1 | Cost: ₹13,704

2025-11-27 13:27:13 | alerts | INFO | 
🔴 <b>🔔 REAL-TIME HIGH-CONVICTION SIGNAL - BSE PUT</b>

📊 Conf: 8.5/10 | R:R: 1:8.50

🎯 <b>Strike:</b> 252900 (ATM)
🎯 <b>Entry Spot:</b> ₹2900.0
⬆️ <b>Target Spot:</b> ₹2776.8
⬇️ <b>Stop Spot:</b> ₹2914.5
💰 Live Premium: ₹110.5 (Lots: 0)

2025-11-27 13:27:19 | alerts | INFO | 
🔴 <b>✅ TRADE EXECUTED (PAPER) - BSE PUT</b>

📊 Conf: 8.5/10 | R:R: 1:8.50

🎯 <b>Strike:</b> 252900 (ATM)
🎯 <b>Entry Spot:</b> ₹2900.0
⬆️ <b>Target Spot:</b> ₹2776.8
⬇️ <b>Stop Spot:</b> ₹2914.5
📦 Lots: 1 | Cost: ₹41,456

2025-11-27 13:27:27 | alerts | INFO | 
🔴 <b>🔔 REAL-TIME HIGH-CONVICTION SIGNAL - DIXON PUT</b>

📊 Conf: 10.0/10 | R:R: 1:10.00

🎯 <b>Strike:</b> 2514500 (ATM)
🎯 <b>Entry Spot:</b> ₹14640.0
⬆️ <b>Target Spot:</b> ₹13908.0
⬇️ <b>Stop Spot:</b> ₹14713.2
💰 Live Premium: ₹383.2 (Lots: 0)

2025-11-27 13:27:33 | alerts | INFO | 
🔴 <b>✅ TRADE EXECUTED (PAPER) - DIXON PUT</b>

📊 Conf: 10.0/10 | R:R: 1:10.00

🎯 <b>Strike:</b> 2514500 (ATM)
🎯 <b>Entry Spot:</b> ₹14640.0
⬆️ <b>Target Spot:</b> ₹13908.0
⬇️ <b>Stop Spot:</b> ₹14713.2
📦 Lots: 1 | Cost: ₹19,160

2025-11-27 13:27:38 | alerts | INFO | 
🔴 <b>🔔 REAL-TIME HIGH-CONVICTION SIGNAL - HDFCBANK PUT</b>

📊 Conf: 8.5/10 | R:R: 1:8.49

🎯 <b>Strike:</b> 251000 (ATM)
🎯 <b>Entry Spot:</b> ₹1008.6
⬆️ <b>Target Spot:</b> ₹965.8
⬇️ <b>Stop Spot:</b> ₹1013.7
💰 Live Premium: ₹11.8 (Lots: 0)

2025-11-27 13:27:44 | alerts | INFO | 
🔴 <b>✅ TRADE EXECUTED (PAPER) - HDFCBANK PUT</b>

📊 Conf: 8.5/10 | R:R: 1:8.49

🎯 <b>Strike:</b> 251000 (ATM)
🎯 <b>Entry Spot:</b> ₹1008.6
⬆️ <b>Target Spot:</b> ₹965.8
⬇️ <b>Stop Spot:</b> ₹1013.7
📦 Lots: 1 | Cost: ₹6,462

2025-11-27 13:27:52 | alerts | INFO | 
🔴 <b>🔔 REAL-TIME HIGH-CONVICTION SIGNAL - INFY PUT</b>

📊 Conf: 8.5/10 | R:R: 1:8.46

🎯 <b>Strike:</b> 251560 (ATM)
🎯 <b>Entry Spot:</b> ₹1553.6
⬆️ <b>Target Spot:</b> ₹1487.6
⬇️ <b>Stop Spot:</b> ₹1561.4
💰 Live Premium: ₹38.7 (Lots: 0)

2025-11-27 13:27:58 | alerts | INFO | 
🔴 <b>✅ TRADE EXECUTED (PAPER) - INFY PUT</b>

📊 Conf: 8.5/10 | R:R: 1:8.46

🎯 <b>Strike:</b> 251560 (ATM)
🎯 <b>Entry Spot:</b> ₹1553.6
⬆️ <b>Target Spot:</b> ₹1487.6
⬇️ <b>Stop Spot:</b> ₹1561.4
📦 Lots: 1 | Cost: ₹15,520

2025-11-27 13:57:26 | alerts | INFO | 🤖 <b>CONTINUOUS PAPER TRADER STARTED</b>
2025-11-27 13:57:27 | alerts | INFO | 🤖 <b>CONTINUOUS PAPER TRADER STARTED</b>
2025-11-27 13:57:30 | alerts | INFO | 🤖 <b>CONTINUOUS PAPER TRADER STARTED</b>
2025-11-27 13:57:33 | alerts | INFO | 🤖 <b>CONTINUOUS PAPER TRADER STARTED</b>
2025-11-27 13:57:37 | alerts | INFO | 🤖 <b>CONTINUOUS PAPER TRADER STARTED</b>
2025-11-27 14:00:49 | alerts | INFO | 🤖 <b>CONTINUOUS PAPER TRADER STARTED</b>
2025-11-27 14:00:50 | alerts | INFO | 🤖 <b>CONTINUOUS PAPER TRADER STARTED</b>
2025-11-27 14:00:55 | alerts | INFO | 🤖 <b>CONTINUOUS PAPER TRADER STARTED</b>
2025-11-27 14:00:59 | alerts | INFO | 🤖 <b>CONTINUOUS PAPER TRADER STARTED</b>
2025-11-27 14:01:03 | alerts | INFO | 🤖 <b>CONTINUOUS PAPER TRADER STARTED</b>
2025-11-27 14:04:13 | alerts | INFO | 🤖 <b>CONTINUOUS PAPER TRADER STARTED</b>
2025-11-27 14:04:14 | alerts | INFO | 🤖 <b>CONTINUOUS PAPER TRADER STARTED</b>
2025-11-27 14:04:19 | alerts | INFO | 🤖 <b>CONTINUOUS PAPER TRADER STARTED</b>
2025-11-27 14:04:23 | alerts | INFO | 🤖 <b>CONTINUOUS PAPER TRADER STARTED</b>
2025-11-27 14:04:26 | alerts | INFO | 🤖 <b>CONTINUOUS PAPER TRADER STARTED</b>
2025-11-27 14:09:17 | alerts | INFO | 
🔴 <b>🔔 REAL-TIME HIGH-CONVICTION SIGNAL - COALINDIA PUT</b>

📊 Conf: 8.5/10 | R:R: 1:8.42

🎯 <b>Strike:</b> 25380 (ATM)
🎯 <b>Entry Spot:</b> ₹377.0
⬆️ <b>Target Spot:</b> ₹361.0
⬇️ <b>Stop Spot:</b> ₹378.9
💰 Live Premium: ₹7.2 (Lots: 0)

2025-11-27 14:09:23 | alerts | INFO | 
🔴 <b>✅ TRADE EXECUTED (PAPER) - COALINDIA PUT</b>

📊 Conf: 8.5/10 | R:R: 1:8.42

🎯 <b>Strike:</b> 25380 (ATM)
🎯 <b>Entry Spot:</b> ₹377.0
⬆️ <b>Target Spot:</b> ₹361.0
⬇️ <b>Stop Spot:</b> ₹378.9
📦 Lots: 1 | Cost: ₹9,652

2025-11-27 14:09:26 | alerts | INFO | 
🔴 <b>🔔 REAL-TIME HIGH-CONVICTION SIGNAL - COALINDIA PUT</b>

📊 Conf: 8.5/10 | R:R: 1:8.68

🎯 <b>Strike:</b> 25380 (ATM)
🎯 <b>Entry Spot:</b> ₹376.9
⬆️ <b>Target Spot:</b> ₹360.9
⬇️ <b>Stop Spot:</b> ₹378.8
💰 Live Premium: ₹7.2 (Lots: 0)

2025-11-27 14:09:42 | alerts | INFO | 
🔴 <b>🔔 REAL-TIME HIGH-CONVICTION SIGNAL - SBIN PUT</b>

📊 Conf: 8.5/10 | R:R: 1:8.43

🎯 <b>Strike:</b> 25970 (ATM)
🎯 <b>Entry Spot:</b> ₹971.1
⬆️ <b>Target Spot:</b> ₹929.8
⬇️ <b>Stop Spot:</b> ₹976.0
💰 Live Premium: ₹15.4 (Lots: 0)

2025-11-27 14:09:48 | alerts | INFO | 
🔴 <b>✅ TRADE EXECUTED (PAPER) - SBIN PUT</b>

📊 Conf: 8.5/10 | R:R: 1:8.43

🎯 <b>Strike:</b> 25970 (ATM)
🎯 <b>Entry Spot:</b> ₹971.1
⬆️ <b>Target Spot:</b> ₹929.8
⬇️ <b>Stop Spot:</b> ₹976.0
📦 Lots: 1 | Cost: ₹11,588

2025-11-27 14:09:51 | alerts | INFO | 
🔴 <b>🔔 REAL-TIME HIGH-CONVICTION SIGNAL - SBIN PUT</b>

📊 Conf: 8.5/10 | R:R: 1:8.43

🎯 <b>Strike:</b> 25970 (ATM)
🎯 <b>Entry Spot:</b> ₹970.8
⬆️ <b>Target Spot:</b> ₹929.5
⬇️ <b>Stop Spot:</b> ₹975.7
💰 Live Premium: ₹15.4 (Lots: 0)

2025-11-27 14:13:09 | alerts | INFO | 
🔴 <b>🔔 REAL-TIME HIGH-CONVICTION SIGNAL - KAPAS PUT</b>

📊 Conf: 8.5/10 | R:R: 1:6.77

🎯 <b>Strike:</b> 200 (ATM)
🎯 <b>Entry Spot:</b> ₹191.9
⬆️ <b>Target Spot:</b> ₹183.7
⬇️ <b>Stop Spot:</b> ₹193.1
💰 Live Premium: ₹0.0 (Lots: 0)

2025-11-27 14:13:11 | alerts | INFO | 
🔴 <b>🔔 REAL-TIME HIGH-CONVICTION SIGNAL - NICKEL PUT</b>

📊 Conf: 8.5/10 | R:R: 1:6.29

🎯 <b>Strike:</b> 200 (ATM)
🎯 <b>Entry Spot:</b> ₹214.9
⬆️ <b>Target Spot:</b> ₹205.8
⬇️ <b>Stop Spot:</b> ₹216.4
💰 Live Premium: ₹0.0 (Lots: 0)

2025-11-27 14:13:17 | alerts | INFO | 
🟢 <b>🔔 REAL-TIME HIGH-CONVICTION SIGNAL - MCXBULLDEX CALL</b>

📊 Conf: 8.5/10 | R:R: 1:8.58

🎯 <b>Strike:</b> 350 (ATM)
🎯 <b>Entry Spot:</b> ₹343.5
⬆️ <b>Target Spot:</b> ₹358.1
⬇️ <b>Stop Spot:</b> ₹341.8
💰 Live Premium: ₹0.0 (Lots: 0)

2025-11-27 14:13:29 | alerts | INFO | 
🔴 <b>🔔 REAL-TIME HIGH-CONVICTION SIGNAL - ADANIENSOL PUT</b>

📊 Conf: 8.5/10 | R:R: 1:8.45

🎯 <b>Strike:</b> 25980 (ATM)
🎯 <b>Entry Spot:</b> ₹983.9
⬆️ <b>Target Spot:</b> ₹942.0
⬇️ <b>Stop Spot:</b> ₹988.8
💰 Live Premium: ₹27.4 (Lots: 0)

2025-11-27 14:13:31 | alerts | INFO | 
🔴 <b>🔔 REAL-TIME HIGH-CONVICTION SIGNAL - MCXMETLDEX PUT</b>

📊 Conf: 8.5/10 | R:R: 1:5.92

🎯 <b>Strike:</b> 150 (ATM)
🎯 <b>Entry Spot:</b> ₹160.9
⬆️ <b>Target Spot:</b> ₹154.1
⬇️ <b>Stop Spot:</b> ₹162.1
💰 Live Premium: ₹0.0 (Lots: 0)

2025-11-27 14:13:36 | alerts | INFO | 
🔴 <b>🔔 REAL-TIME HIGH-CONVICTION SIGNAL - SILVER PUT</b>

📊 Conf: 8.5/10 | R:R: 1:3.33

🎯 <b>Strike:</b> 100 (ATM)
🎯 <b>Entry Spot:</b> ₹100.1
⬆️ <b>Target Spot:</b> ₹95.9
⬇️ <b>Stop Spot:</b> ₹101.4
💰 Live Premium: ₹0.0 (Lots: 0)

2025-11-27 14:13:42 | alerts | INFO | 
🔴 <b>🔔 REAL-TIME HIGH-CONVICTION SIGNAL - CAMS PUT</b>

📊 Conf: 8.5/10 | R:R: 1:8.52

🎯 <b>Strike:</b> 253900 (ATM)
🎯 <b>Entry Spot:</b> ₹3890.0
⬆️ <b>Target Spot:</b> ₹3724.7
⬇️ <b>Stop Spot:</b> ₹3909.4
💰 Live Premium: ₹110.0 (Lots: 0)

2025-11-27 14:13:45 | alerts | INFO | 
🔴 <b>🔔 REAL-TIME HIGH-CONVICTION SIGNAL - DIXON PUT</b>

📊 Conf: 8.5/10 | R:R: 1:8.50

🎯 <b>Strike:</b> 2514500 (ATM)
🎯 <b>Entry Spot:</b> ₹14582.0
⬆️ <b>Target Spot:</b> ₹13962.3
⬇️ <b>Stop Spot:</b> ₹14654.9
💰 Live Premium: ₹385.0 (Lots: 0)

2025-11-27 14:13:50 | alerts | INFO | 
🔴 <b>🔔 REAL-TIME HIGH-CONVICTION SIGNAL - HAL PUT</b>

📊 Conf: 8.5/10 | R:R: 1:8.52

🎯 <b>Strike:</b> 254450 (ATM)
🎯 <b>Entry Spot:</b> ₹4468.6
⬆️ <b>Target Spot:</b> ₹4278.7
⬇️ <b>Stop Spot:</b> ₹4490.9
💰 Live Premium: ₹95.8 (Lots: 0)

2025-11-27 14:13:59 | alerts | INFO | 
🔴 <b>🔔 REAL-TIME HIGH-CONVICTION SIGNAL - MCX PUT</b>

📊 Conf: 8.5/10 | R:R: 1:7.48

🎯 <b>Strike:</b> 257800 (ATM)
🎯 <b>Entry Spot:</b> ₹175.6
⬆️ <b>Target Spot:</b> ₹168.1
⬇️ <b>Stop Spot:</b> ₹176.6
💰 Live Premium: ₹4.8 (Lots: 0)

2025-11-27 14:15:28 | alerts | INFO | 
🔴 <b>🔔 REAL-TIME HIGH-CONVICTION SIGNAL - ADANIGREEN PUT</b>

📊 Conf: 8.5/10 | R:R: 1:8.29

🎯 <b>Strike:</b> 25840 (ATM)
🎯 <b>Entry Spot:</b> ₹290.8
⬆️ <b>Target Spot:</b> ₹278.5
⬇️ <b>Stop Spot:</b> ₹292.3
💰 Live Premium: ₹1.7 (Lots: 0)

2025-11-27 14:15:33 | alerts | INFO | 
🔴 <b>🔔 REAL-TIME HIGH-CONVICTION SIGNAL - BIOCON PUT</b>

📊 Conf: 8.5/10 | R:R: 1:7.72

🎯 <b>Strike:</b> 25330 (ATM)
🎯 <b>Entry Spot:</b> ₹233.3
⬆️ <b>Target Spot:</b> ₹223.4
⬇️ <b>Stop Spot:</b> ₹234.6
💰 Live Premium: ₹0.2 (Lots: 0)

2025-11-27 14:15:39 | alerts | INFO | 
🔴 <b>🔔 REAL-TIME HIGH-CONVICTION SIGNAL - CROMPTON PUT</b>

📊 Conf: 8.5/10 | R:R: 1:8.43

🎯 <b>Strike:</b> 25280 (ATM)
🎯 <b>Entry Spot:</b> ₹277.1
⬆️ <b>Target Spot:</b> ₹265.3
⬇️ <b>Stop Spot:</b> ₹278.5
💰 Live Premium: ₹14.0 (Lots: 0)

2025-11-27 14:15:49 | alerts | INFO | 
🔴 <b>🔔 REAL-TIME HIGH-CONVICTION SIGNAL - HUDCO PUT</b>

📊 Conf: 8.5/10 | R:R: 1:4.07

🎯 <b>Strike:</b> 25190 (ATM)
🎯 <b>Entry Spot:</b> ₹119.8
⬆️ <b>Target Spot:</b> ₹114.7
⬇️ <b>Stop Spot:</b> ₹121.0
💰 Live Premium: ₹0.2 (Lots: 0)

2025-11-27 14:15:52 | alerts | INFO | 
🔴 <b>🔔 REAL-TIME HIGH-CONVICTION SIGNAL - INDIANB PUT</b>

📊 Conf: 8.5/10 | R:R: 1:8.20

🎯 <b>Strike:</b> 25760 (ATM)
🎯 <b>Entry Spot:</b> ₹266.3
⬆️ <b>Target Spot:</b> ₹255.0
⬇️ <b>Stop Spot:</b> ₹267.7
💰 Live Premium: ₹1.4 (Lots: 0)

2025-11-27 14:17:29 | alerts | INFO | 
🔴 <b>🔔 REAL-TIME HIGH-CONVICTION SIGNAL - ADANIENT PUT</b>

📊 Conf: 8.5/10 | R:R: 1:8.20

🎯 <b>Strike:</b> 2519002 (ATM)
🎯 <b>Entry Spot:</b> ₹276.5
⬆️ <b>Target Spot:</b> ₹264.7
⬇️ <b>Stop Spot:</b> ₹277.9
💰 Live Premium: ₹3.5 (Lots: 0)

2025-11-27 14:17:31 | alerts | INFO | 
🔴 <b>🔔 REAL-TIME HIGH-CONVICTION SIGNAL - 360ONE PUT</b>

📊 Conf: 8.0/10 | R:R: 1:11.77

🎯 <b>Strike:</b> 36025920 (ATM)
🎯 <b>Entry Spot:</b> ₹331.7
⬆️ <b>Target Spot:</b> ₹311.8
⬇️ <b>Stop Spot:</b> ₹333.4
💰 Live Premium: ₹2.0 (Lots: 0)

2025-11-27 14:17:34 | alerts | INFO | 
🔴 <b>🔔 REAL-TIME HIGH-CONVICTION SIGNAL - ASIANPAINT PUT</b>

📊 Conf: 8.5/10 | R:R: 1:8.39

🎯 <b>Strike:</b> 252200 (ATM)
🎯 <b>Entry Spot:</b> ₹548.1
⬆️ <b>Target Spot:</b> ₹524.8
⬇️ <b>Stop Spot:</b> ₹550.9
💰 Live Premium: ₹0.8 (Lots: 0)

2025-11-27 14:17:36 | alerts | INFO | 
🔴 <b>✅ TRADE EXECUTED (PAPER) - 360ONE PUT</b>

📊 Conf: 8.0/10 | R:R: 1:11.77

🎯 <b>Strike:</b> 36025920 (ATM)
🎯 <b>Entry Spot:</b> ₹331.7
⬆️ <b>Target Spot:</b> ₹311.8
⬇️ <b>Stop Spot:</b> ₹333.4
📦 Lots: 1 | Cost: ₹1,025

2025-11-27 14:17:36 | alerts | INFO | 
🔴 <b>🔔 REAL-TIME HIGH-CONVICTION SIGNAL - AUROPHARMA PUT</b>

📊 Conf: 8.5/10 | R:R: 1:8.57

🎯 <b>Strike:</b> 251000 (ATM)
🎯 <b>Entry Spot:</b> ₹550.6
⬆️ <b>Target Spot:</b> ₹527.2
⬇️ <b>Stop Spot:</b> ₹553.3
💰 Live Premium: ₹1.1 (Lots: 0)

2025-11-27 14:17:38 | alerts | INFO | 
🔴 <b>🔔 REAL-TIME HIGH-CONVICTION SIGNAL - ABB PUT</b>

📊 Conf: 8.0/10 | R:R: 1:4.95

🎯 <b>Strike:</b> 254100 (ATM)
🎯 <b>Entry Spot:</b> ₹122.4
⬆️ <b>Target Spot:</b> ₹115.1
⬇️ <b>Stop Spot:</b> ₹123.9
💰 Live Premium: ₹3.2 (Lots: 0)

2025-11-27 14:17:41 | alerts | INFO | 
🔴 <b>🔔 REAL-TIME HIGH-CONVICTION SIGNAL - DLF PUT</b>

📊 Conf: 8.5/10 | R:R: 1:8.50

🎯 <b>Strike:</b> 25600 (ATM)
🎯 <b>Entry Spot:</b> ₹445.3
⬆️ <b>Target Spot:</b> ₹426.4
⬇️ <b>Stop Spot:</b> ₹447.5
💰 Live Premium: ₹0.7 (Lots: 0)

2025-11-27 14:17:42 | alerts | INFO | 
🔴 <b>✅ TRADE EXECUTED (PAPER) - ABB PUT</b>

📊 Conf: 8.0/10 | R:R: 1:4.95

🎯 <b>Strike:</b> 254100 (ATM)
🎯 <b>Entry Spot:</b> ₹122.4
⬆️ <b>Target Spot:</b> ₹115.1
⬇️ <b>Stop Spot:</b> ₹123.9
📦 Lots: 8 | Cost: ₹3,200

2025-11-27 14:17:45 | alerts | INFO | 
🔴 <b>🔔 REAL-TIME HIGH-CONVICTION SIGNAL - ADANIENSOL PUT</b>

📊 Conf: 8.0/10 | R:R: 1:7.09

🎯 <b>Strike:</b> 25840 (ATM)
🎯 <b>Entry Spot:</b> ₹171.8
⬆️ <b>Target Spot:</b> ₹161.5
⬇️ <b>Stop Spot:</b> ₹173.3
💰 Live Premium: ₹2.2 (Lots: 0)

2025-11-27 14:17:49 | alerts | INFO | 
🔴 <b>✅ TRADE EXECUTED (PAPER) - ADANIENSOL PUT</b>

📊 Conf: 8.0/10 | R:R: 1:7.09

🎯 <b>Strike:</b> 25840 (ATM)
🎯 <b>Entry Spot:</b> ₹171.8
⬆️ <b>Target Spot:</b> ₹161.5
⬇️ <b>Stop Spot:</b> ₹173.3
📦 Lots: 1 | Cost: ₹1,485

2025-11-27 14:17:51 | alerts | INFO | 
🔴 <b>🔔 REAL-TIME HIGH-CONVICTION SIGNAL - IRFC PUT</b>

📊 Conf: 8.5/10 | R:R: 1:8.59

🎯 <b>Strike:</b> 25146 (ATM)
🎯 <b>Entry Spot:</b> ₹516.8
⬆️ <b>Target Spot:</b> ₹494.9
⬇️ <b>Stop Spot:</b> ₹519.4
💰 Live Premium: ₹28.4 (Lots: 0)

2025-11-27 14:17:51 | alerts | INFO | 
🔴 <b>🔔 REAL-TIME HIGH-CONVICTION SIGNAL - AMBER PUT</b>

📊 Conf: 8.0/10 | R:R: 1:9.30

🎯 <b>Strike:</b> 256000 (ATM)
🎯 <b>Entry Spot:</b> ₹172.7
⬆️ <b>Target Spot:</b> ₹162.3
⬇️ <b>Stop Spot:</b> ₹173.8
💰 Live Premium: ₹22.2 (Lots: 0)

2025-11-27 14:17:56 | alerts | INFO | 
🔴 <b>✅ TRADE EXECUTED (PAPER) - AMBER PUT</b>

📊 Conf: 8.0/10 | R:R: 1:9.30

🎯 <b>Strike:</b> 256000 (ATM)
🎯 <b>Entry Spot:</b> ₹172.7
⬆️ <b>Target Spot:</b> ₹162.3
⬇️ <b>Stop Spot:</b> ₹173.8
📦 Lots: 13 | Cost: ₹28,860

2025-11-27 14:17:58 | alerts | INFO | 
🔴 <b>🔔 REAL-TIME HIGH-CONVICTION SIGNAL - AUBANK PUT</b>

📊 Conf: 8.0/10 | R:R: 1:8.37

🎯 <b>Strike:</b> 25740 (ATM)
🎯 <b>Entry Spot:</b> ₹182.7
⬆️ <b>Target Spot:</b> ₹171.7
⬇️ <b>Stop Spot:</b> ₹184.0
💰 Live Premium: ₹0.5 (Lots: 0)

2025-11-27 14:18:02 | alerts | INFO | 
🔴 <b>✅ TRADE EXECUTED (PAPER) - AUBANK PUT</b>

📊 Conf: 8.0/10 | R:R: 1:8.37

🎯 <b>Strike:</b> 25740 (ATM)
🎯 <b>Entry Spot:</b> ₹182.7
⬆️ <b>Target Spot:</b> ₹171.7
⬇️ <b>Stop Spot:</b> ₹184.0
📦 Lots: 1 | Cost: ₹450

2025-11-27 14:19:33 | alerts | INFO | 
🔴 <b>🔔 REAL-TIME HIGH-CONVICTION SIGNAL - BAJAJ-AUTO PUT</b>

📊 Conf: 8.5/10 | R:R: 1:6.42

🎯 <b>Strike:</b> 257400 (ATM)
🎯 <b>Entry Spot:</b> ₹151.2
⬆️ <b>Target Spot:</b> ₹144.8
⬇️ <b>Stop Spot:</b> ₹152.2
💰 Live Premium: ₹3.5 (Lots: 0)

2025-11-27 14:19:39 | alerts | INFO | 
🔴 <b>🔔 REAL-TIME HIGH-CONVICTION SIGNAL - CONCOR PUT</b>

📊 Conf: 8.5/10 | R:R: 1:6.37

🎯 <b>Strike:</b> 25440 (ATM)
🎯 <b>Entry Spot:</b> ₹182.3
⬆️ <b>Target Spot:</b> ₹174.5
⬇️ <b>Stop Spot:</b> ₹183.5
💰 Live Premium: ₹0.4 (Lots: 0)

2025-11-27 14:19:44 | alerts | INFO | 
🔴 <b>🔔 REAL-TIME HIGH-CONVICTION SIGNAL - ETERNAL PUT</b>

📊 Conf: 8.5/10 | R:R: 1:3.97

🎯 <b>Strike:</b> 25250 (ATM)
🎯 <b>Entry Spot:</b> ₹118.6
⬆️ <b>Target Spot:</b> ₹113.6
⬇️ <b>Stop Spot:</b> ₹119.9
💰 Live Premium: ₹0.3 (Lots: 0)

2025-11-27 14:19:49 | alerts | INFO | 
🔴 <b>🔔 REAL-TIME HIGH-CONVICTION SIGNAL - ICICIBANK PUT</b>

📊 Conf: 8.5/10 | R:R: 1:8.58

🎯 <b>Strike:</b> 251100 (ATM)
🎯 <b>Entry Spot:</b> ₹278.7
⬆️ <b>Target Spot:</b> ₹266.9
⬇️ <b>Stop Spot:</b> ₹280.1
💰 Live Premium: ₹0.2 (Lots: 0)

2025-11-27 14:19:54 | alerts | INFO | 
🔴 <b>🔔 REAL-TIME HIGH-CONVICTION SIGNAL - JSWSTEEL PUT</b>

📊 Conf: 8.5/10 | R:R: 1:3.41

🎯 <b>Strike:</b> 25980 (ATM)
🎯 <b>Entry Spot:</b> ₹111.1
⬆️ <b>Target Spot:</b> ₹106.4
⬇️ <b>Stop Spot:</b> ₹112.5
💰 Live Premium: ₹0.6 (Lots: 0)

2025-11-27 14:21:14 | alerts | INFO | 🤖 <b>CONTINUOUS PAPER TRADER STARTED</b>
2025-11-27 14:21:16 | alerts | INFO | 🤖 <b>CONTINUOUS PAPER TRADER STARTED</b>
2025-11-27 14:21:19 | alerts | INFO | 🤖 <b>CONTINUOUS PAPER TRADER STARTED</b>
2025-11-27 14:21:24 | alerts | INFO | 🤖 <b>CONTINUOUS PAPER TRADER STARTED</b>
2025-11-27 14:21:29 | alerts | INFO | 🤖 <b>CONTINUOUS PAPER TRADER STARTED</b>
2025-11-27 14:27:28 | alerts | INFO | 🤖 <b>CONTINUOUS PAPER TRADER STARTED</b>
2025-11-27 14:27:29 | alerts | INFO | 🤖 <b>CONTINUOUS PAPER TRADER STARTED</b>
2025-11-27 14:27:33 | alerts | INFO | 🤖 <b>CONTINUOUS PAPER TRADER STARTED</b>
2025-11-27 14:27:37 | alerts | INFO | 🤖 <b>CONTINUOUS PAPER TRADER STARTED</b>
2025-11-27 14:27:41 | alerts | INFO | 🤖 <b>CONTINUOUS PAPER TRADER STARTED</b>
2025-11-27 14:32:33 | alerts | INFO | 
🔴 <b>🔔 REAL-TIME HIGH-CONVICTION SIGNAL - BANKBARODA PUT</b>

📊 Conf: 8.5/10 | R:R: 1:8.71

🎯 <b>Strike:</b> 25290 (ATM)
🎯 <b>Entry Spot:</b> ₹286.9
⬆️ <b>Target Spot:</b> ₹274.7
⬇️ <b>Stop Spot:</b> ₹288.3
💰 Live Premium: ₹7.8 (Lots: 0)

2025-11-27 14:32:39 | alerts | INFO | 
🔴 <b>🔔 REAL-TIME HIGH-CONVICTION SIGNAL - BANKBARODA PUT</b>

📊 Conf: 8.5/10 | R:R: 1:8.71

🎯 <b>Strike:</b> 25290 (ATM)
🎯 <b>Entry Spot:</b> ₹286.9
⬆️ <b>Target Spot:</b> ₹274.7
⬇️ <b>Stop Spot:</b> ₹288.3
💰 Live Premium: ₹7.8 (Lots: 0)

2025-11-27 14:32:43 | alerts | INFO | 
🔴 <b>🔔 REAL-TIME HIGH-CONVICTION SIGNAL - HAL PUT</b>

📊 Conf: 8.5/10 | R:R: 1:8.51

🎯 <b>Strike:</b> 254450 (ATM)
🎯 <b>Entry Spot:</b> ₹4465.2
⬆️ <b>Target Spot:</b> ₹4275.4
⬇️ <b>Stop Spot:</b> ₹4487.5
💰 Live Premium: ₹98.3 (Lots: 0)

2025-11-27 14:32:44 | alerts | INFO | 
🔴 <b>✅ TRADE EXECUTED (PAPER) - BANKBARODA PUT</b>

📊 Conf: 8.5/10 | R:R: 1:8.71

🎯 <b>Strike:</b> 25290 (ATM)
🎯 <b>Entry Spot:</b> ₹286.9
⬆️ <b>Target Spot:</b> ₹274.7
⬇️ <b>Stop Spot:</b> ₹288.3
📦 Lots: 1 | Cost: ₹22,815

2025-11-27 14:32:46 | alerts | INFO | 
🔴 <b>🔔 REAL-TIME HIGH-CONVICTION SIGNAL - ICICIGI PUT</b>

📊 Conf: 8.5/10 | R:R: 1:8.49

🎯 <b>Strike:</b> 251980 (ATM)
🎯 <b>Entry Spot:</b> ₹1980.0
⬆️ <b>Target Spot:</b> ₹1895.9
⬇️ <b>Stop Spot:</b> ₹1989.9
💰 Live Premium: ₹39.9 (Lots: 0)

2025-11-27 14:32:49 | alerts | INFO | 
🟢 <b>🔔 REAL-TIME HIGH-CONVICTION SIGNAL - LODHA CALL</b>

📊 Conf: 8.5/10 | R:R: 1:8.48

🎯 <b>Strike:</b> 251160 (ATM)
🎯 <b>Entry Spot:</b> ₹1158.8
⬆️ <b>Target Spot:</b> ₹1208.0
⬇️ <b>Stop Spot:</b> ₹1153.0
💰 Live Premium: ₹38.6 (Lots: 0)

2025-11-27 14:32:53 | alerts | INFO | 
🔴 <b>🔔 REAL-TIME HIGH-CONVICTION SIGNAL - HAL PUT</b>

📊 Conf: 8.5/10 | R:R: 1:8.51

🎯 <b>Strike:</b> 254450 (ATM)
🎯 <b>Entry Spot:</b> ₹4465.3
⬆️ <b>Target Spot:</b> ₹4275.5
⬇️ <b>Stop Spot:</b> ₹4487.6
💰 Live Premium: ₹98.3 (Lots: 0)

2025-11-27 14:32:54 | alerts | INFO | 
🔴 <b>🔔 REAL-TIME HIGH-CONVICTION SIGNAL - NYKAA PUT</b>

📊 Conf: 8.5/10 | R:R: 1:8.20

🎯 <b>Strike:</b> 25260 (ATM)
🎯 <b>Entry Spot:</b> ₹264.2
⬆️ <b>Target Spot:</b> ₹253.0
⬇️ <b>Stop Spot:</b> ₹265.6
💰 Live Premium: ₹5.7 (Lots: 0)

2025-11-27 14:32:58 | alerts | INFO | 
🔴 <b>🔔 REAL-TIME HIGH-CONVICTION SIGNAL - OBEROIRLTY PUT</b>

📊 Conf: 8.5/10 | R:R: 1:8.49

🎯 <b>Strike:</b> 251660 (ATM)
🎯 <b>Entry Spot:</b> ₹1660.0
⬆️ <b>Target Spot:</b> ₹1589.5
⬇️ <b>Stop Spot:</b> ₹1668.3
💰 Live Premium: ₹39.9 (Lots: 0)

2025-11-27 14:32:58 | alerts | INFO | 
🔴 <b>✅ TRADE EXECUTED (PAPER) - HAL PUT</b>

📊 Conf: 8.5/10 | R:R: 1:8.51

🎯 <b>Strike:</b> 254450 (ATM)
🎯 <b>Entry Spot:</b> ₹4465.3
⬆️ <b>Target Spot:</b> ₹4275.5
⬇️ <b>Stop Spot:</b> ₹4487.6
📦 Lots: 2 | Cost: ₹29,505

2025-11-27 14:33:00 | alerts | INFO | 
🟢 <b>🔔 REAL-TIME HIGH-CONVICTION SIGNAL - PFC CALL</b>

📊 Conf: 8.5/10 | R:R: 1:8.41

🎯 <b>Strike:</b> 25370 (ATM)
🎯 <b>Entry Spot:</b> ₹365.6
⬆️ <b>Target Spot:</b> ₹381.2
⬇️ <b>Stop Spot:</b> ₹363.8
💰 Live Premium: ₹8.1 (Lots: 0)

2025-11-27 14:33:01 | alerts | INFO | 
🔴 <b>🔔 REAL-TIME HIGH-CONVICTION SIGNAL - ICICIGI PUT</b>

📊 Conf: 8.5/10 | R:R: 1:8.49

🎯 <b>Strike:</b> 251980 (ATM)
🎯 <b>Entry Spot:</b> ₹1979.9
⬆️ <b>Target Spot:</b> ₹1895.8
⬇️ <b>Stop Spot:</b> ₹1989.8
💰 Live Premium: ₹39.9 (Lots: 0)

2025-11-27 14:33:07 | alerts | INFO | 
🔴 <b>✅ TRADE EXECUTED (PAPER) - ICICIGI PUT</b>

📊 Conf: 8.5/10 | R:R: 1:8.49

🎯 <b>Strike:</b> 251980 (ATM)
🎯 <b>Entry Spot:</b> ₹1979.9
⬆️ <b>Target Spot:</b> ₹1895.8
⬇️ <b>Stop Spot:</b> ₹1989.8
📦 Lots: 2 | Cost: ₹25,902

2025-11-27 14:33:09 | alerts | INFO | 
🟢 <b>🔔 REAL-TIME HIGH-CONVICTION SIGNAL - LODHA CALL</b>

📊 Conf: 8.5/10 | R:R: 1:8.48

🎯 <b>Strike:</b> 251160 (ATM)
🎯 <b>Entry Spot:</b> ₹1158.2
⬆️ <b>Target Spot:</b> ₹1207.4
⬇️ <b>Stop Spot:</b> ₹1152.4
💰 Live Premium: ₹38.6 (Lots: 0)

2025-11-27 14:33:15 | alerts | INFO | 
🟢 <b>✅ TRADE EXECUTED (PAPER) - LODHA CALL</b>

📊 Conf: 8.5/10 | R:R: 1:8.48

🎯 <b>Strike:</b> 251160 (ATM)
🎯 <b>Entry Spot:</b> ₹1158.2
⬆️ <b>Target Spot:</b> ₹1207.4
⬇️ <b>Stop Spot:</b> ₹1152.4
📦 Lots: 1 | Cost: ₹17,392

2025-11-27 14:33:21 | alerts | INFO | 
🔴 <b>🔔 REAL-TIME HIGH-CONVICTION SIGNAL - NYKAA PUT</b>

📊 Conf: 8.5/10 | R:R: 1:8.26

🎯 <b>Strike:</b> 25260 (ATM)
🎯 <b>Entry Spot:</b> ₹264.2
⬆️ <b>Target Spot:</b> ₹253.0
⬇️ <b>Stop Spot:</b> ₹265.6
💰 Live Premium: ₹5.7 (Lots: 0)

2025-11-27 14:33:26 | alerts | INFO | 
🔴 <b>✅ TRADE EXECUTED (PAPER) - NYKAA PUT</b>

📊 Conf: 8.5/10 | R:R: 1:8.26

🎯 <b>Strike:</b> 25260 (ATM)
🎯 <b>Entry Spot:</b> ₹264.2
⬆️ <b>Target Spot:</b> ₹253.0
⬇️ <b>Stop Spot:</b> ₹265.6
📦 Lots: 1 | Cost: ₹17,781

2025-11-27 14:33:29 | alerts | INFO | 
🟢 <b>🔔 REAL-TIME HIGH-CONVICTION SIGNAL - PFC CALL</b>

📊 Conf: 8.5/10 | R:R: 1:8.61

🎯 <b>Strike:</b> 25370 (ATM)
🎯 <b>Entry Spot:</b> ₹365.7
⬆️ <b>Target Spot:</b> ₹381.2
⬇️ <b>Stop Spot:</b> ₹363.9
💰 Live Premium: ₹8.1 (Lots: 0)

2025-11-27 14:33:35 | alerts | INFO | 
🟢 <b>✅ TRADE EXECUTED (PAPER) - PFC CALL</b>

📊 Conf: 8.5/10 | R:R: 1:8.61

🎯 <b>Strike:</b> 25370 (ATM)
🎯 <b>Entry Spot:</b> ₹365.7
⬆️ <b>Target Spot:</b> ₹381.2
⬇️ <b>Stop Spot:</b> ₹363.9
📦 Lots: 2 | Cost: ₹21,060

2025-11-27 14:33:40 | alerts | INFO | 
🔴 <b>🔔 REAL-TIME HIGH-CONVICTION SIGNAL - PRESTIGE PUT</b>

📊 Conf: 8.5/10 | R:R: 1:8.54

🎯 <b>Strike:</b> 251660 (ATM)
🎯 <b>Entry Spot:</b> ₹1669.3
⬆️ <b>Target Spot:</b> ₹1598.4
⬇️ <b>Stop Spot:</b> ₹1677.6
💰 Live Premium: ₹44.2 (Lots: 0)

2025-11-27 14:33:46 | alerts | INFO | 
🔴 <b>✅ TRADE EXECUTED (PAPER) - PRESTIGE PUT</b>

📊 Conf: 8.5/10 | R:R: 1:8.54

🎯 <b>Strike:</b> 251660 (ATM)
🎯 <b>Entry Spot:</b> ₹1669.3
⬆️ <b>Target Spot:</b> ₹1598.4
⬇️ <b>Stop Spot:</b> ₹1677.6
📦 Lots: 1 | Cost: ₹19,890

2025-11-27 14:34:27 | alerts | INFO | 🤖 <b>CONTINUOUS PAPER TRADER STARTED</b>
2025-11-27 14:34:29 | alerts | INFO | 🤖 <b>CONTINUOUS PAPER TRADER STARTED</b>
2025-11-27 14:34:34 | alerts | INFO | 🤖 <b>CONTINUOUS PAPER TRADER STARTED</b>
2025-11-27 14:34:38 | alerts | INFO | 🤖 <b>CONTINUOUS PAPER TRADER STARTED</b>
2025-11-27 14:34:42 | alerts | INFO | 🤖 <b>CONTINUOUS PAPER TRADER STARTED</b>
2025-11-27 14:39:35 | alerts | INFO | 
🔴 <b>🔔 REAL-TIME HIGH-CONVICTION SIGNAL - CIPLA PUT</b>

📊 Conf: 8.5/10 | R:R: 1:8.53

🎯 <b>Strike:</b> 251520 (ATM)
🎯 <b>Entry Spot:</b> ₹1523.6
⬆️ <b>Target Spot:</b> ₹1458.8
⬇️ <b>Stop Spot:</b> ₹1531.2
💰 Live Premium: ₹20.8 (Lots: 0)

2025-11-27 14:39:40 | alerts | INFO | 
🔴 <b>🔔 REAL-TIME HIGH-CONVICTION SIGNAL - CIPLA PUT</b>

📊 Conf: 8.5/10 | R:R: 1:8.53

🎯 <b>Strike:</b> 251520 (ATM)
🎯 <b>Entry Spot:</b> ₹1523.7
⬆️ <b>Target Spot:</b> ₹1458.9
⬇️ <b>Stop Spot:</b> ₹1531.3
💰 Live Premium: ₹20.8 (Lots: 0)

2025-11-27 14:39:40 | alerts | INFO | 
🔴 <b>✅ TRADE EXECUTED (PAPER) - CIPLA PUT</b>

📊 Conf: 8.5/10 | R:R: 1:8.53

🎯 <b>Strike:</b> 251520 (ATM)
🎯 <b>Entry Spot:</b> ₹1523.6
⬆️ <b>Target Spot:</b> ₹1458.8
⬇️ <b>Stop Spot:</b> ₹1531.2
📦 Lots: 4 | Cost: ₹31,125

2025-11-27 14:39:46 | alerts | INFO | 
🔴 <b>🔔 REAL-TIME HIGH-CONVICTION SIGNAL - HAL PUT</b>

📊 Conf: 8.5/10 | R:R: 1:8.52

🎯 <b>Strike:</b> 254450 (ATM)
🎯 <b>Entry Spot:</b> ₹4468.8
⬆️ <b>Target Spot:</b> ₹4278.9
⬇️ <b>Stop Spot:</b> ₹4491.1
💰 Live Premium: ₹95.0 (Lots: 0)

2025-11-27 14:39:48 | alerts | INFO | 
🔴 <b>🔔 REAL-TIME HIGH-CONVICTION SIGNAL - HAL PUT</b>

📊 Conf: 8.5/10 | R:R: 1:8.52

🎯 <b>Strike:</b> 254450 (ATM)
🎯 <b>Entry Spot:</b> ₹4468.8
⬆️ <b>Target Spot:</b> ₹4278.9
⬇️ <b>Stop Spot:</b> ₹4491.1
💰 Live Premium: ₹95.0 (Lots: 0)

2025-11-27 14:39:51 | alerts | INFO | 
🔴 <b>✅ TRADE EXECUTED (PAPER) - HAL PUT</b>

📊 Conf: 8.5/10 | R:R: 1:8.52

🎯 <b>Strike:</b> 254450 (ATM)
🎯 <b>Entry Spot:</b> ₹4468.8
⬆️ <b>Target Spot:</b> ₹4278.9
⬇️ <b>Stop Spot:</b> ₹4491.1
📦 Lots: 2 | Cost: ₹28,515

2025-11-27 14:39:56 | alerts | INFO | 
🟢 <b>🔔 REAL-TIME HIGH-CONVICTION SIGNAL - PFC CALL</b>

📊 Conf: 8.5/10 | R:R: 1:8.41

🎯 <b>Strike:</b> 25370 (ATM)
🎯 <b>Entry Spot:</b> ₹365.6
⬆️ <b>Target Spot:</b> ₹381.1
⬇️ <b>Stop Spot:</b> ₹363.7
💰 Live Premium: ₹8.0 (Lots: 0)

2025-11-27 14:39:57 | alerts | INFO | 
🟢 <b>🔔 REAL-TIME HIGH-CONVICTION SIGNAL - PFC CALL</b>

📊 Conf: 8.5/10 | R:R: 1:8.41

🎯 <b>Strike:</b> 25370 (ATM)
🎯 <b>Entry Spot:</b> ₹365.6
⬆️ <b>Target Spot:</b> ₹381.2
⬇️ <b>Stop Spot:</b> ₹363.8
💰 Live Premium: ₹8.0 (Lots: 0)

2025-11-27 14:40:03 | alerts | INFO | 
🟢 <b>✅ TRADE EXECUTED (PAPER) - PFC CALL</b>

📊 Conf: 8.5/10 | R:R: 1:8.41

🎯 <b>Strike:</b> 25370 (ATM)
🎯 <b>Entry Spot:</b> ₹365.6
⬆️ <b>Target Spot:</b> ₹381.2
⬇️ <b>Stop Spot:</b> ₹363.8
📦 Lots: 2 | Cost: ₹20,800

2025-11-27 14:45:14 | alerts | INFO | 
🔴 <b>🔔 REAL-TIME HIGH-CONVICTION SIGNAL - EICHERMOT PUT</b>

📊 Conf: 8.5/10 | R:R: 1:8.50

🎯 <b>Strike:</b> 257000 (ATM)
🎯 <b>Entry Spot:</b> ₹6997.5
⬆️ <b>Target Spot:</b> ₹6700.1
⬇️ <b>Stop Spot:</b> ₹7032.5
💰 Live Premium: ₹146.8 (Lots: 0)

2025-11-27 14:45:29 | alerts | INFO | 
🔴 <b>🔔 REAL-TIME HIGH-CONVICTION SIGNAL - NTPC PUT</b>

📊 Conf: 8.5/10 | R:R: 1:8.69

🎯 <b>Strike:</b> 25330 (ATM)
🎯 <b>Entry Spot:</b> ₹327.1
⬆️ <b>Target Spot:</b> ₹313.2
⬇️ <b>Stop Spot:</b> ₹328.7
💰 Live Premium: ₹6.0 (Lots: 0)

2025-11-27 14:45:31 | alerts | INFO | 
🔴 <b>🔔 REAL-TIME HIGH-CONVICTION SIGNAL - OBEROIRLTY PUT</b>

📊 Conf: 8.5/10 | R:R: 1:8.49

🎯 <b>Strike:</b> 251660 (ATM)
🎯 <b>Entry Spot:</b> ₹1660.0
⬆️ <b>Target Spot:</b> ₹1589.5
⬇️ <b>Stop Spot:</b> ₹1668.3
💰 Live Premium: ₹39.4 (Lots: 0)

2025-11-27 14:45:37 | alerts | INFO | 
🟢 <b>🔔 REAL-TIME HIGH-CONVICTION SIGNAL - PNBHOUSING CALL</b>

📊 Conf: 8.5/10 | R:R: 1:8.52

🎯 <b>Strike:</b> 25910 (ATM)
🎯 <b>Entry Spot:</b> ₹911.6
⬆️ <b>Target Spot:</b> ₹950.4
⬇️ <b>Stop Spot:</b> ₹907.1
💰 Live Premium: ₹30.1 (Lots: 0)

2025-11-27 14:47:55 | alerts | INFO | 
🟢 <b>🔔 REAL-TIME HIGH-CONVICTION SIGNAL - GOLDTEN CALL</b>

📊 Conf: 8.5/10 | R:R: 1:8.50

🎯 <b>Strike:</b> 131000 (ATM)
🎯 <b>Entry Spot:</b> ₹131066.0
⬆️ <b>Target Spot:</b> ₹136636.3
⬇️ <b>Stop Spot:</b> ₹130410.7
💰 Live Premium: ₹0.0 (Lots: 0)

2025-11-27 14:47:58 | alerts | INFO | 
🟢 <b>🔔 REAL-TIME HIGH-CONVICTION SIGNAL - GOLDTEN CALL</b>

📊 Conf: 8.5/10 | R:R: 1:8.50

🎯 <b>Strike:</b> 131000 (ATM)
🎯 <b>Entry Spot:</b> ₹131066.0
⬆️ <b>Target Spot:</b> ₹136636.3
⬇️ <b>Stop Spot:</b> ₹130410.7
💰 Live Premium: ₹0.0 (Lots: 0)

2025-11-27 14:48:02 | alerts | INFO | 
🟢 <b>🔔 REAL-TIME HIGH-CONVICTION SIGNAL - GOLDTEN CALL</b>

📊 Conf: 8.5/10 | R:R: 1:8.50

🎯 <b>Strike:</b> 131000 (ATM)
🎯 <b>Entry Spot:</b> ₹131066.0
⬆️ <b>Target Spot:</b> ₹136636.3
⬇️ <b>Stop Spot:</b> ₹130410.7
💰 Live Premium: ₹0.0 (Lots: 0)

2025-11-27 14:49:55 | alerts | INFO | 
🟢 <b>🔔 REAL-TIME HIGH-CONVICTION SIGNAL - GOLDTEN CALL</b>

📊 Conf: 8.5/10 | R:R: 1:8.50

🎯 <b>Strike:</b> 131000 (ATM)
🎯 <b>Entry Spot:</b> ₹131030.0
⬆️ <b>Target Spot:</b> ₹136598.8
⬇️ <b>Stop Spot:</b> ₹130374.9
💰 Live Premium: ₹0.0 (Lots: 0)

2025-11-27 14:50:51 | alerts | INFO | 
🔴 <b>🔔 REAL-TIME HIGH-CONVICTION SIGNAL - ADANIENSOL PUT</b>

📊 Conf: 8.5/10 | R:R: 1:8.43

🎯 <b>Strike:</b> 25980 (ATM)
🎯 <b>Entry Spot:</b> ₹983.0
⬆️ <b>Target Spot:</b> ₹941.3
⬇️ <b>Stop Spot:</b> ₹988.0
💰 Live Premium: ₹28.5 (Lots: 0)

2025-11-27 14:51:08 | alerts | INFO | 
🔴 <b>🔔 REAL-TIME HIGH-CONVICTION SIGNAL - CIPLA PUT</b>

📊 Conf: 8.5/10 | R:R: 1:8.51

🎯 <b>Strike:</b> 251520 (ATM)
🎯 <b>Entry Spot:</b> ₹1522.9
⬆️ <b>Target Spot:</b> ₹1458.2
⬇️ <b>Stop Spot:</b> ₹1530.5
💰 Live Premium: ₹21.2 (Lots: 0)

2025-11-27 14:51:11 | alerts | INFO | 
🔴 <b>🔔 REAL-TIME HIGH-CONVICTION SIGNAL - EICHERMOT PUT</b>

📊 Conf: 8.5/10 | R:R: 1:8.50

🎯 <b>Strike:</b> 257000 (ATM)
🎯 <b>Entry Spot:</b> ₹6996.5
⬆️ <b>Target Spot:</b> ₹6699.1
⬇️ <b>Stop Spot:</b> ₹7031.5
💰 Live Premium: ₹149.1 (Lots: 0)

2025-11-27 14:51:17 | alerts | INFO | 
🔴 <b>🔔 REAL-TIME HIGH-CONVICTION SIGNAL - LAURUSLABS PUT</b>

📊 Conf: 8.5/10 | R:R: 1:8.48

🎯 <b>Strike:</b> 251000 (ATM)
🎯 <b>Entry Spot:</b> ₹998.3
⬆️ <b>Target Spot:</b> ₹955.9
⬇️ <b>Stop Spot:</b> ₹1003.3
💰 Live Premium: ₹26.7 (Lots: 0)

2025-11-27 14:51:33 | alerts | INFO | 
🔴 <b>🔔 REAL-TIME HIGH-CONVICTION SIGNAL - OBEROIRLTY PUT</b>

📊 Conf: 8.5/10 | R:R: 1:8.51

🎯 <b>Strike:</b> 251660 (ATM)
🎯 <b>Entry Spot:</b> ₹1660.3
⬆️ <b>Target Spot:</b> ₹1589.7
⬇️ <b>Stop Spot:</b> ₹1668.6
💰 Live Premium: ₹42.0 (Lots: 0)

2025-11-27 14:53:57 | alerts | INFO | 
🔴 <b>🔔 REAL-TIME HIGH-CONVICTION SIGNAL - GOLDPETAL PUT</b>

📊 Conf: 8.5/10 | R:R: 1:8.50

🎯 <b>Strike:</b> 13200 (ATM)
🎯 <b>Entry Spot:</b> ₹13165.0
⬆️ <b>Target Spot:</b> ₹12605.5
⬇️ <b>Stop Spot:</b> ₹13230.8
💰 Live Premium: ₹0.0 (Lots: 0)

2025-11-27 14:54:01 | alerts | INFO | 
🔴 <b>🔔 REAL-TIME HIGH-CONVICTION SIGNAL - GOLDPETAL PUT</b>

📊 Conf: 8.5/10 | R:R: 1:8.50

🎯 <b>Strike:</b> 13200 (ATM)
🎯 <b>Entry Spot:</b> ₹13165.0
⬆️ <b>Target Spot:</b> ₹12605.5
⬇️ <b>Stop Spot:</b> ₹13230.8
💰 Live Premium: ₹0.0 (Lots: 0)

2025-11-27 14:54:06 | alerts | INFO | 
🔴 <b>🔔 REAL-TIME HIGH-CONVICTION SIGNAL - GOLDPETAL PUT</b>

📊 Conf: 8.5/10 | R:R: 1:8.50

🎯 <b>Strike:</b> 13200 (ATM)
🎯 <b>Entry Spot:</b> ₹13162.0
⬆️ <b>Target Spot:</b> ₹12602.6
⬇️ <b>Stop Spot:</b> ₹13227.8
💰 Live Premium: ₹0.0 (Lots: 0)

2025-11-27 14:55:20 | alerts | INFO | 
🟢 <b>🔔 REAL-TIME HIGH-CONVICTION SIGNAL - 360ONE CALL</b>

📊 Conf: 8.0/10 | R:R: 1:11.81

🎯 <b>Strike:</b> 360251160 (ATM)
🎯 <b>Entry Spot:</b> ₹1161.9
⬆️ <b>Target Spot:</b> ₹1231.6
⬇️ <b>Stop Spot:</b> ₹1156.0
💰 Live Premium: ₹36.3 (Lots: 0)

2025-11-27 14:55:26 | alerts | INFO | 
🟢 <b>✅ TRADE EXECUTED (PAPER) - 360ONE CALL</b>

📊 Conf: 8.0/10 | R:R: 1:11.81

🎯 <b>Strike:</b> 360251160 (ATM)
🎯 <b>Entry Spot:</b> ₹1161.9
⬆️ <b>Target Spot:</b> ₹1231.6
⬇️ <b>Stop Spot:</b> ₹1156.0
📦 Lots: 1 | Cost: ₹18,150

2025-11-27 14:55:29 | alerts | INFO | 
🟢 <b>🔔 REAL-TIME HIGH-CONVICTION SIGNAL - ABB CALL</b>

📊 Conf: 8.0/10 | R:R: 1:11.98

🎯 <b>Strike:</b> 255200 (ATM)
🎯 <b>Entry Spot:</b> ₹5212.5
⬆️ <b>Target Spot:</b> ₹5525.2
⬇️ <b>Stop Spot:</b> ₹5186.4
💰 Live Premium: ₹138.1 (Lots: 0)

2025-11-27 14:55:34 | alerts | INFO | 
🟢 <b>✅ TRADE EXECUTED (PAPER) - ABB CALL</b>

📊 Conf: 8.0/10 | R:R: 1:11.98

🎯 <b>Strike:</b> 255200 (ATM)
🎯 <b>Entry Spot:</b> ₹5212.5
⬆️ <b>Target Spot:</b> ₹5525.2
⬇️ <b>Stop Spot:</b> ₹5186.4
📦 Lots: 1 | Cost: ₹17,256

2025-11-27 14:55:37 | alerts | INFO | 
🔴 <b>🔔 REAL-TIME HIGH-CONVICTION SIGNAL - ADANIENSOL PUT</b>

📊 Conf: 8.0/10 | R:R: 1:12.04

🎯 <b>Strike:</b> 25980 (ATM)
🎯 <b>Entry Spot:</b> ₹982.5
⬆️ <b>Target Spot:</b> ₹923.5
⬇️ <b>Stop Spot:</b> ₹987.4
💰 Live Premium: ₹29.0 (Lots: 0)

2025-11-27 14:55:44 | alerts | INFO | 
🔴 <b>✅ TRADE EXECUTED (PAPER) - ADANIENSOL PUT</b>

📊 Conf: 8.0/10 | R:R: 1:12.04

🎯 <b>Strike:</b> 25980 (ATM)
🎯 <b>Entry Spot:</b> ₹982.5
⬆️ <b>Target Spot:</b> ₹923.5
⬇️ <b>Stop Spot:</b> ₹987.4
📦 Lots: 1 | Cost: ₹19,575

2025-11-27 14:55:46 | alerts | INFO | 
🔴 <b>🔔 REAL-TIME HIGH-CONVICTION SIGNAL - ADANIGREEN PUT</b>

📊 Conf: 8.0/10 | R:R: 1:12.12

🎯 <b>Strike:</b> 251020 (ATM)
🎯 <b>Entry Spot:</b> ₹1029.7
⬆️ <b>Target Spot:</b> ₹967.9
⬇️ <b>Stop Spot:</b> ₹1034.8
💰 Live Premium: ₹32.5 (Lots: 0)

2025-11-27 14:55:52 | alerts | INFO | 
🔴 <b>✅ TRADE EXECUTED (PAPER) - ADANIGREEN PUT</b>

📊 Conf: 8.0/10 | R:R: 1:12.12

🎯 <b>Strike:</b> 251020 (ATM)
🎯 <b>Entry Spot:</b> ₹1029.7
⬆️ <b>Target Spot:</b> ₹967.9
⬇️ <b>Stop Spot:</b> ₹1034.8
📦 Lots: 1 | Cost: ₹19,470

2025-11-27 14:55:55 | alerts | INFO | 
🟢 <b>🔔 REAL-TIME HIGH-CONVICTION SIGNAL - ADANIPORTS CALL</b>

📊 Conf: 8.0/10 | R:R: 1:12.05

🎯 <b>Strike:</b> 251500 (ATM)
🎯 <b>Entry Spot:</b> ₹1507.3
⬆️ <b>Target Spot:</b> ₹1597.7
⬇️ <b>Stop Spot:</b> ₹1499.8
💰 Live Premium: ₹42.9 (Lots: 0)

2025-11-27 14:56:00 | alerts | INFO | 
🟢 <b>✅ TRADE EXECUTED (PAPER) - ADANIPORTS CALL</b>

📊 Conf: 8.0/10 | R:R: 1:12.05

🎯 <b>Strike:</b> 251500 (ATM)
🎯 <b>Entry Spot:</b> ₹1507.3
⬆️ <b>Target Spot:</b> ₹1597.7
⬇️ <b>Stop Spot:</b> ₹1499.8
📦 Lots: 1 | Cost: ₹20,354

2025-11-27 14:56:03 | alerts | INFO | 
🔴 <b>🔔 REAL-TIME HIGH-CONVICTION SIGNAL - ALKEM PUT</b>

📊 Conf: 8.0/10 | R:R: 1:12.01

🎯 <b>Strike:</b> 255700 (ATM)
🎯 <b>Entry Spot:</b> ₹5685.0
⬆️ <b>Target Spot:</b> ₹5343.9
⬇️ <b>Stop Spot:</b> ₹5713.4
💰 Live Premium: ₹110.0 (Lots: 0)

2025-11-27 14:56:09 | alerts | INFO | 
🔴 <b>✅ TRADE EXECUTED (PAPER) - ALKEM PUT</b>

📊 Conf: 8.0/10 | R:R: 1:12.01

🎯 <b>Strike:</b> 255700 (ATM)
🎯 <b>Entry Spot:</b> ₹5685.0
⬆️ <b>Target Spot:</b> ₹5343.9
⬇️ <b>Stop Spot:</b> ₹5713.4
📦 Lots: 1 | Cost: ₹13,744

2025-11-27 14:56:12 | alerts | INFO | 
🟢 <b>🔔 REAL-TIME HIGH-CONVICTION SIGNAL - ANGELONE CALL</b>

📊 Conf: 8.0/10 | R:R: 1:11.99

🎯 <b>Strike:</b> 252750 (ATM)
🎯 <b>Entry Spot:</b> ₹2756.6
⬆️ <b>Target Spot:</b> ₹2922.0
⬇️ <b>Stop Spot:</b> ₹2742.8
💰 Live Premium: ₹92.0 (Lots: 0)

2025-11-27 14:56:17 | alerts | INFO | 
🟢 <b>✅ TRADE EXECUTED (PAPER) - ANGELONE CALL</b>

📊 Conf: 8.0/10 | R:R: 1:11.99

🎯 <b>Strike:</b> 252750 (ATM)
🎯 <b>Entry Spot:</b> ₹2756.6
⬆️ <b>Target Spot:</b> ₹2922.0
⬇️ <b>Stop Spot:</b> ₹2742.8
📦 Lots: 1 | Cost: ₹23,000

2025-11-27 14:56:20 | alerts | INFO | 
🟢 <b>🔔 REAL-TIME HIGH-CONVICTION SIGNAL - APLAPOLLO CALL</b>

📊 Conf: 8.0/10 | R:R: 1:12.06

🎯 <b>Strike:</b> 251720 (ATM)
🎯 <b>Entry Spot:</b> ₹1728.0
⬆️ <b>Target Spot:</b> ₹1831.7
⬇️ <b>Stop Spot:</b> ₹1719.4
💰 Live Premium: ₹52.0 (Lots: 0)

2025-11-27 14:56:26 | alerts | INFO | 
🟢 <b>✅ TRADE EXECUTED (PAPER) - APLAPOLLO CALL</b>

📊 Conf: 8.0/10 | R:R: 1:12.06

🎯 <b>Strike:</b> 251720 (ATM)
🎯 <b>Entry Spot:</b> ₹1728.0
⬆️ <b>Target Spot:</b> ₹1831.7
⬇️ <b>Stop Spot:</b> ₹1719.4
📦 Lots: 1 | Cost: ₹18,200

2025-11-27 14:56:42 | alerts | INFO | 
🔴 <b>🔔 REAL-TIME HIGH-CONVICTION SIGNAL - BHEL PUT</b>

📊 Conf: 8.0/10 | R:R: 1:12.03

🎯 <b>Strike:</b> 25290 (ATM)
🎯 <b>Entry Spot:</b> ₹290.9
⬆️ <b>Target Spot:</b> ₹273.4
⬇️ <b>Stop Spot:</b> ₹292.3
💰 Live Premium: ₹8.2 (Lots: 0)

2025-11-27 14:56:47 | alerts | INFO | 
🔴 <b>🔔 REAL-TIME HIGH-CONVICTION SIGNAL - ADANIENSOL PUT</b>

📊 Conf: 8.5/10 | R:R: 1:8.51

🎯 <b>Strike:</b> 25980 (ATM)
🎯 <b>Entry Spot:</b> ₹982.0
⬆️ <b>Target Spot:</b> ₹940.3
⬇️ <b>Stop Spot:</b> ₹986.9
💰 Live Premium: ₹29.0 (Lots: 0)

2025-11-27 14:56:48 | alerts | INFO | 
🔴 <b>✅ TRADE EXECUTED (PAPER) - BHEL PUT</b>

📊 Conf: 8.0/10 | R:R: 1:12.03

🎯 <b>Strike:</b> 25290 (ATM)
🎯 <b>Entry Spot:</b> ₹290.9
⬆️ <b>Target Spot:</b> ₹273.4
⬇️ <b>Stop Spot:</b> ₹292.3
📦 Lots: 1 | Cost: ₹21,525

2025-11-27 14:56:50 | alerts | INFO | 
🔴 <b>🔔 REAL-TIME HIGH-CONVICTION SIGNAL - ALKEM PUT</b>

📊 Conf: 8.5/10 | R:R: 1:8.50

🎯 <b>Strike:</b> 255700 (ATM)
🎯 <b>Entry Spot:</b> ₹5678.5
⬆️ <b>Target Spot:</b> ₹5437.2
⬇️ <b>Stop Spot:</b> ₹5706.9
💰 Live Premium: ₹110.0 (Lots: 0)

2025-11-27 14:56:51 | alerts | INFO | 
🔴 <b>🔔 REAL-TIME HIGH-CONVICTION SIGNAL - BLUESTARCO PUT</b>

📊 Conf: 8.0/10 | R:R: 1:12.00

🎯 <b>Strike:</b> 251760 (ATM)
🎯 <b>Entry Spot:</b> ₹1759.7
⬆️ <b>Target Spot:</b> ₹1654.1
⬇️ <b>Stop Spot:</b> ₹1768.5
💰 Live Premium: ₹47.8 (Lots: 0)

2025-11-27 14:56:56 | alerts | INFO | 
🔴 <b>✅ TRADE EXECUTED (PAPER) - BLUESTARCO PUT</b>

📊 Conf: 8.0/10 | R:R: 1:12.00

🎯 <b>Strike:</b> 251760 (ATM)
🎯 <b>Entry Spot:</b> ₹1759.7
⬆️ <b>Target Spot:</b> ₹1654.1
⬇️ <b>Stop Spot:</b> ₹1768.5
📦 Lots: 1 | Cost: ₹15,535

2025-11-27 14:57:06 | alerts | INFO | 
🔴 <b>🔔 REAL-TIME HIGH-CONVICTION SIGNAL - BHEL PUT</b>

📊 Conf: 8.5/10 | R:R: 1:8.52

🎯 <b>Strike:</b> 25290 (ATM)
🎯 <b>Entry Spot:</b> ₹290.9
⬆️ <b>Target Spot:</b> ₹278.6
⬇️ <b>Stop Spot:</b> ₹292.4
💰 Live Premium: ₹8.2 (Lots: 0)

2025-11-27 14:57:09 | alerts | INFO | 
🟢 <b>🔔 REAL-TIME HIGH-CONVICTION SIGNAL - CHOLAFIN CALL</b>

📊 Conf: 8.5/10 | R:R: 1:8.51

🎯 <b>Strike:</b> 251720 (ATM)
🎯 <b>Entry Spot:</b> ₹1721.9
⬆️ <b>Target Spot:</b> ₹1795.1
⬇️ <b>Stop Spot:</b> ₹1713.3
💰 Live Premium: ₹50.9 (Lots: 0)

2025-11-27 14:57:12 | alerts | INFO | 
🔴 <b>🔔 REAL-TIME HIGH-CONVICTION SIGNAL - DLF PUT</b>

📊 Conf: 8.5/10 | R:R: 1:8.56

🎯 <b>Strike:</b> 25720 (ATM)
🎯 <b>Entry Spot:</b> ₹723.8
⬆️ <b>Target Spot:</b> ₹693.0
⬇️ <b>Stop Spot:</b> ₹727.4
💰 Live Premium: ₹14.4 (Lots: 0)

2025-11-27 14:57:15 | alerts | INFO | 
🔴 <b>🔔 REAL-TIME HIGH-CONVICTION SIGNAL - EICHERMOT PUT</b>

📊 Conf: 8.5/10 | R:R: 1:8.50

🎯 <b>Strike:</b> 257000 (ATM)
🎯 <b>Entry Spot:</b> ₹6981.0
⬆️ <b>Target Spot:</b> ₹6684.3
⬇️ <b>Stop Spot:</b> ₹7015.9
💰 Live Premium: ₹142.0 (Lots: 0)

2025-11-27 14:57:45 | alerts | INFO | 
🟢 <b>🔔 REAL-TIME HIGH-CONVICTION SIGNAL - PERSISTENT CALL</b>

📊 Conf: 8.5/10 | R:R: 1:8.49

🎯 <b>Strike:</b> 256400 (ATM)
🎯 <b>Entry Spot:</b> ₹6412.0
⬆️ <b>Target Spot:</b> ₹6684.5
⬇️ <b>Stop Spot:</b> ₹6379.9
💰 Live Premium: ₹223.4 (Lots: 0)

2025-11-27 14:57:56 | alerts | INFO | 
🟢 <b>🔔 REAL-TIME HIGH-CONVICTION SIGNAL - POLICYBZR CALL</b>

📊 Conf: 8.5/10 | R:R: 1:8.53

🎯 <b>Strike:</b> 251800 (ATM)
🎯 <b>Entry Spot:</b> ₹1807.1
⬆️ <b>Target Spot:</b> ₹1883.9
⬇️ <b>Stop Spot:</b> ₹1798.1
💰 Live Premium: ₹67.0 (Lots: 0)

2025-11-27 14:58:40 | alerts | INFO | 🤖 <b>CONTINUOUS PAPER TRADER STARTED</b>
2025-11-27 14:58:42 | alerts | INFO | 🤖 <b>CONTINUOUS PAPER TRADER STARTED</b>
2025-11-27 14:58:44 | alerts | INFO | 🤖 <b>CONTINUOUS PAPER TRADER STARTED</b>
2025-11-27 14:58:50 | alerts | INFO | 🤖 <b>CONTINUOUS PAPER TRADER STARTED</b>
2025-11-27 14:58:53 | alerts | INFO | 🤖 <b>CONTINUOUS PAPER TRADER STARTED</b>
2025-11-27 15:04:30 | alerts | INFO | 🤖 <b>CONTINUOUS PAPER TRADER STARTED</b>
2025-11-27 15:09:35 | alerts | INFO | 🤖 <b>CONTINUOUS PAPER TRADER STARTED</b>
2025-11-27 15:09:37 | alerts | INFO | 🤖 <b>CONTINUOUS PAPER TRADER STARTED</b>
2025-11-27 15:14:21 | alerts | INFO | 🤖 <b>CONTINUOUS PAPER TRADER STARTED</b>
2025-11-27 15:14:22 | alerts | INFO | 🤖 <b>CONTINUOUS PAPER TRADER STARTED</b>
2025-11-27 15:18:58 | alerts | INFO | 🤖 <b>CONTINUOUS PAPER TRADER STARTED</b>
2025-11-27 15:27:55 | alerts | INFO | 🤖 <b>CONTINUOUS PAPER TRADER STARTED</b>
2025-11-27 15:28:07 | alerts | INFO | 🛑 <b>AUTOMATIC SCHEDULER STOPPED</b>
2025-11-27 15:29:58 | alerts | INFO | 🤖 <b>CONTINUOUS PAPER TRADER STARTED</b>
2025-11-27 15:48:27 | alerts | INFO | 🤖 <b>CONTINUOUS PAPER TRADER STARTED</b>
2025-11-27 15:48:41 | alerts | INFO | 🛑 <b>AUTOMATIC SCHEDULER STOPPED</b>
2025-11-27 15:55:26 | alerts | INFO | 🤖 <b>CONTINUOUS PAPER TRADER STARTED</b>
2025-11-27 15:55:32 | alerts | INFO | 🛑 <b>AUTOMATIC SCHEDULER STOPPED</b>
2025-11-27 15:56:08 | alerts | INFO | 🤖 <b>CONTINUOUS PAPER TRADER STARTED</b>
2025-11-27 15:59:34 | alerts | INFO | 🤖 <b>CONTINUOUS PAPER TRADER STARTED</b>
2025-11-27 18:44:55 | alerts | INFO | 🤖 <b>CONTINUOUS PAPER TRADER STARTED</b>
2025-11-27 18:49:07 | alerts | INFO | 🤖 <b>CONTINUOUS PAPER TRADER STARTED</b>
2025-11-27 19:15:36 | alerts | INFO | 🤖 <b>CONTINUOUS PAPER TRADER STARTED</b>
2025-11-27 19:20:42 | alerts | INFO | 🤖 <b>CONTINUOUS PAPER TRADER STARTED</b>
2025-11-27 19:24:45 | alerts | INFO | 🤖 <b>CONTINUOUS PAPER TRADER STARTED</b>
2025-11-27 19:30:23 | alerts | INFO | 🛑 <b>AUTOMATIC SCHEDULER STOPPED</b>
2025-11-27 19:31:37 | alerts | INFO | 🤖 <b>CONTINUOUS PAPER TRADER STARTED</b>
2025-11-27 19:34:34 | alerts | INFO | 🤖 <b>CONTINUOUS PAPER TRADER STARTED</b>
2025-11-27 19:36:53 | alerts | INFO | 🛑 <b>AUTOMATIC SCHEDULER STOPPED</b>
2025-11-27 19:38:09 | alerts | INFO | 🤖 <b>CONTINUOUS PAPER TRADER STARTED</b>
2025-11-27 19:38:47 | alerts | INFO | 🤖 <b>CONTINUOUS PAPER TRADER STARTED</b>
2025-11-27 19:54:45 | alerts | INFO | 🤖 <b>CONTINUOUS PAPER TRADER STARTED</b>
2025-11-27 20:06:58 | alerts | INFO | 🤖 <b>CONTINUOUS PAPER TRADER STARTED</b>
2025-11-27 20:48:39 | alerts | INFO | 🤖 <b>CONTINUOUS PAPER TRADER STARTED</b>
2025-11-27 20:52:32 | alerts | INFO | 🤖 <b>CONTINUOUS PAPER TRADER STARTED</b>
2025-11-27 22:23:58 | alerts | INFO | 🤖 <b>CONTINUOUS PAPER TRADER STARTED</b>
2025-11-27 22:45:12 | alerts | INFO | 🤖 <b>CONTINUOUS PAPER TRADER STARTED</b>
2025-11-27 22:54:23 | alerts | INFO | 
🟢 <b>🔔 REAL-TIME HIGH-CONVICTION SIGNAL - GOLDPETAL CALL</b>

📊 Conf: 8.5/10 | R:R: 1:8.51

🎯 <b>Strike:</b> 12809 (ATM)
🎯 <b>Entry Spot:</b> ₹12730.0
⬆️ <b>Target Spot:</b> ₹13271.0
⬇️ <b>Stop Spot:</b> ₹12666.4
💰 Live Premium: ₹12809.0 (Lots: 0)

2025-11-27 22:54:32 | alerts | INFO | 
🟢 <b>🔔 REAL-TIME HIGH-CONVICTION SIGNAL - GOLDPETAL CALL</b>

📊 Conf: 8.5/10 | R:R: 1:8.51

🎯 <b>Strike:</b> 0 (ATM)
🎯 <b>Entry Spot:</b> ₹12730.0
⬆️ <b>Target Spot:</b> ₹13271.0
⬇️ <b>Stop Spot:</b> ₹12666.4
💰 Live Premium: ₹12809.0 (Lots: 18)

2025-11-27 22:54:33 | alerts | INFO | 
🔴 <b>COMMODITY POSITION CLOSED</b>

<b>GOLDPETAL FUTURES</b>

💰 Entry: ₹12809.0
💰 Exit: ₹12809.0
📊 P&L: ₹0 (+0.0%)

🎯 Reason: ATR STOP (1.5x)

2025-11-27 22:56:23 | alerts | INFO | 
🟢 <b>🔔 REAL-TIME HIGH-CONVICTION SIGNAL - GOLDPETAL CALL</b>

📊 Conf: 8.5/10 | R:R: 1:8.51

🎯 <b>Strike:</b> 12808 (ATM)
🎯 <b>Entry Spot:</b> ₹12730.0
⬆️ <b>Target Spot:</b> ₹13271.0
⬇️ <b>Stop Spot:</b> ₹12666.4
💰 Live Premium: ₹12808.0 (Lots: 0)

2025-11-27 22:56:30 | alerts | INFO | 
🟢 <b>🔔 REAL-TIME HIGH-CONVICTION SIGNAL - GOLDPETAL CALL</b>

📊 Conf: 8.5/10 | R:R: 1:8.51

🎯 <b>Strike:</b> 0 (ATM)
🎯 <b>Entry Spot:</b> ₹12730.0
⬆️ <b>Target Spot:</b> ₹13271.0
⬇️ <b>Stop Spot:</b> ₹12666.4
💰 Live Premium: ₹12808.0 (Lots: 18)

2025-11-27 22:56:31 | alerts | INFO | 
🔴 <b>COMMODITY POSITION CLOSED</b>

<b>GOLDPETAL FUTURES</b>

💰 Entry: ₹12808.0
💰 Exit: ₹12808.0
📊 P&L: ₹0 (+0.0%)

🎯 Reason: ATR STOP (1.5x)

2025-11-27 23:09:15 | alerts | INFO | 🛑 <b>AUTOMATIC SCHEDULER STOPPED</b>
2025-11-27 23:09:34 | alerts | INFO | 🤖 <b>CONTINUOUS PAPER TRADER STARTED</b>
2025-11-27 23:10:46 | alerts | INFO | 
🔴 <b>🔔 REAL-TIME HIGH-CONVICTION SIGNAL - ALUMINI PUT</b>

📊 Conf: 8.5/10 | R:R: 1:8.77

🎯 <b>Strike:</b> 271 (ATM)
🎯 <b>Entry Spot:</b> ₹269.1
⬆️ <b>Target Spot:</b> ₹257.7
⬇️ <b>Stop Spot:</b> ₹270.4
💰 Live Premium: ₹270.6 (Lots: 0)

2025-11-27 23:10:52 | alerts | INFO | 
🔴 <b>🔔 REAL-TIME HIGH-CONVICTION SIGNAL - ALUMINI PUT</b>

📊 Conf: 8.5/10 | R:R: 1:8.77

🎯 <b>Strike:</b> 0 (ATM)
🎯 <b>Entry Spot:</b> ₹269.1
⬆️ <b>Target Spot:</b> ₹257.7
⬇️ <b>Stop Spot:</b> ₹270.4
💰 Live Premium: ₹270.6 (Lots: 879)

2025-11-27 23:19:50 | alerts | INFO | 🤖 <b>CONTINUOUS PAPER TRADER STARTED</b>
2025-11-27 23:25:08 | alerts | INFO | 🛑 <b>AUTOMATIC SCHEDULER STOPPED</b>
2025-11-27 23:26:10 | alerts | INFO | 🤖 <b>CONTINUOUS PAPER TRADER STARTED</b>
2025-11-27 23:40:18 | alerts | INFO | 🛑 <b>AUTOMATIC SCHEDULER STOPPED</b>
2025-11-27 23:41:34 | alerts | INFO | 🤖 <b>CONTINUOUS PAPER TRADER STARTED</b>
2025-11-27 23:44:41 | alerts | INFO | 
🔴 <b>🔔 REAL-TIME HIGH-CONVICTION SIGNAL - ALUMINI PUT</b>

📊 Conf: 8.5/10 | R:R: 1:8.77

🎯 <b>Strike:</b> 271 (ATM)
🎯 <b>Entry Spot:</b> ₹267.6
⬆️ <b>Target Spot:</b> ₹256.2
⬇️ <b>Stop Spot:</b> ₹268.9
💰 Live Premium: ₹270.6 (Lots: 0)

2025-11-27 23:44:47 | alerts | INFO | 
🔴 <b>🔔 REAL-TIME HIGH-CONVICTION SIGNAL - ALUMINI PUT</b>

📊 Conf: 8.5/10 | R:R: 1:8.77

🎯 <b>Strike:</b> 0 (ATM)
🎯 <b>Entry Spot:</b> ₹267.6
⬆️ <b>Target Spot:</b> ₹256.2
⬇️ <b>Stop Spot:</b> ₹268.9
💰 Live Premium: ₹270.6 (Lots: 879)

2025-11-27 23:50:00 | alerts | INFO | 
🔴 <b>COMMODITY POSITION CLOSED</b>

<b>ALUMINI FUTURES</b>

💰 Entry: ₹270.6
💰 Exit: ₹270.6
📊 P&L: ₹0 (+0.0%)

🎯 Reason: EOD AUTO CLOSE

2025-11-27 23:50:33 | alerts | INFO | 🛑 <b>AUTOMATIC SCHEDULER STOPPED</b>
2025-11-27 23:51:20 | alerts | INFO | 🤖 <b>CONTINUOUS PAPER TRADER STARTED</b>
2025-11-27 23:52:26 | alerts | INFO | 
🔴 <b>🔔 REAL-TIME HIGH-CONVICTION SIGNAL - GOLDM PUT</b>

📊 Conf: 8.5/10 | R:R: 1:8.50

🎯 <b>Strike:</b> 125459 (ATM)
🎯 <b>Entry Spot:</b> ₹125458.0
⬆️ <b>Target Spot:</b> ₹120126.0
⬇️ <b>Stop Spot:</b> ₹126085.3
💰 Live Premium: ₹125459.0 (Lots: 0)

2025-11-27 23:52:32 | alerts | INFO | 
🔴 <b>🔔 REAL-TIME HIGH-CONVICTION SIGNAL - GOLDM PUT</b>

📊 Conf: 8.5/10 | R:R: 1:8.50

🎯 <b>Strike:</b> 0 (ATM)
🎯 <b>Entry Spot:</b> ₹125458.0
⬆️ <b>Target Spot:</b> ₹120126.0
⬇️ <b>Stop Spot:</b> ₹126085.3
💰 Live Premium: ₹125459.0 (Lots: 1)

2025-11-27 23:56:05 | alerts | INFO | 🤖 <b>CONTINUOUS PAPER TRADER STARTED</b>
2025-11-27 23:59:53 | alerts | INFO | 🛑 <b>AUTOMATIC SCHEDULER STOPPED</b>
2025-11-28 00:02:01 | alerts | INFO | 🤖 <b>CONTINUOUS PAPER TRADER STARTED</b>
2025-11-28 00:05:39 | alerts | INFO | 🤖 <b>CONTINUOUS PAPER TRADER STARTED</b>
2025-11-28 10:41:18 | alerts | INFO | 🤖 <b>CONTINUOUS PAPER TRADER STARTED</b>
2025-11-28 10:43:07 | alerts | INFO | 🤖 <b>CONTINUOUS PAPER TRADER STARTED</b>
2025-11-28 10:44:17 | alerts | INFO | 🛑 <b>AUTOMATIC SCHEDULER STOPPED</b>
2025-11-28 10:44:33 | alerts | INFO | 🤖 <b>CONTINUOUS PAPER TRADER STARTED</b>
2025-11-28 12:10:24 | alerts | INFO | 🤖 <b>CONTINUOUS PAPER TRADER STARTED</b>
2025-11-28 12:18:05 | alerts | INFO | 🤖 <b>CONTINUOUS PAPER TRADER STARTED</b>
2025-11-28 12:40:38 | alerts | INFO | 🤖 <b>CONTINUOUS PAPER TRADER STARTED</b>
2025-11-28 12:45:07 | alerts | INFO | 🤖 <b>CONTINUOUS PAPER TRADER STARTED</b>
2025-11-28 13:07:56 | alerts | INFO | 
🔴 <b>🔔 REAL-TIME HIGH-CONVICTION SIGNAL - GOLD PUT</b>

📊 Conf: 8.5/10 | R:R: 1:8.50

🎯 <b>Strike:</b> 126035 (ATM)
🎯 <b>Entry Spot:</b> ₹126050.0
⬆️ <b>Target Spot:</b> ₹120692.9
⬇️ <b>Stop Spot:</b> ₹126680.2
💰 Live Premium: ₹126035.0 (Lots: 0)

2025-11-28 13:08:02 | alerts | INFO | 
🔴 <b>🔔 REAL-TIME HIGH-CONVICTION SIGNAL - GOLD PUT</b>

📊 Conf: 8.5/10 | R:R: 1:8.50

🎯 <b>Strike:</b> 0 (ATM)
🎯 <b>Entry Spot:</b> ₹126050.0
⬆️ <b>Target Spot:</b> ₹120692.9
⬇️ <b>Stop Spot:</b> ₹126680.2
💰 Live Premium: ₹126035.0 (Lots: 3)

2025-11-28 13:15:36 | alerts | INFO | 🤖 <b>CONTINUOUS PAPER TRADER STARTED</b>
2025-11-28 13:22:11 | alerts | INFO | 🤖 <b>CONTINUOUS PAPER TRADER STARTED</b>
2025-11-28 13:32:45 | alerts | INFO | 🤖 <b>CONTINUOUS PAPER TRADER STARTED</b>
2025-11-28 13:45:00 | alerts | INFO | 🤖 <b>CONTINUOUS PAPER TRADER STARTED</b>
2025-11-28 13:57:45 | alerts | INFO | 
🟢 <b>🔔 REAL-TIME HIGH-CONVICTION SIGNAL - 360ONE CALL</b>

📊 Conf: 8.0/10 | R:R: 1:11.97

🎯 <b>Strike:</b> 360251200 (ATM)
🎯 <b>Entry Spot:</b> ₹1176.0
⬆️ <b>Target Spot:</b> ₹1246.6
⬇️ <b>Stop Spot:</b> ₹1170.1
💰 Live Premium: ₹27.9 (Lots: 0)

2025-11-28 13:57:51 | alerts | INFO | 
🟢 <b>✅ TRADE EXECUTED (PAPER) - 360ONE CALL</b>

📊 Conf: 8.0/10 | R:R: 1:11.97

🎯 <b>Strike:</b> 360251200 (ATM)
🎯 <b>Entry Spot:</b> ₹1176.0
⬆️ <b>Target Spot:</b> ₹1246.6
⬇️ <b>Stop Spot:</b> ₹1170.1
📦 Lots: 8 | Cost: ₹111,400

2025-11-28 13:57:54 | alerts | INFO | 
🟢 <b>🔔 REAL-TIME HIGH-CONVICTION SIGNAL - ABCAPITAL CALL</b>

📊 Conf: 8.0/10 | R:R: 1:12.20

🎯 <b>Strike:</b> 25350 (ATM)
🎯 <b>Entry Spot:</b> ₹356.4
⬆️ <b>Target Spot:</b> ₹377.8
⬇️ <b>Stop Spot:</b> ₹354.7
💰 Live Premium: ₹14.8 (Lots: 0)

2025-11-28 13:57:58 | alerts | INFO | 
🔴 <b>🔔 REAL-TIME HIGH-CONVICTION SIGNAL - ADANIENSOL PUT</b>

📊 Conf: 8.0/10 | R:R: 1:11.92

🎯 <b>Strike:</b> 251000 (ATM)
🎯 <b>Entry Spot:</b> ₹992.9
⬆️ <b>Target Spot:</b> ₹933.3
⬇️ <b>Stop Spot:</b> ₹997.9
💰 Live Premium: ₹32.9 (Lots: 0)

2025-11-28 13:58:02 | alerts | INFO | 
🔴 <b>🔔 REAL-TIME HIGH-CONVICTION SIGNAL - ADANIENT PUT</b>

📊 Conf: 8.0/10 | R:R: 1:12.02

🎯 <b>Strike:</b> 252300 (ATM)
🎯 <b>Entry Spot:</b> ₹2303.1
⬆️ <b>Target Spot:</b> ₹2164.9
⬇️ <b>Stop Spot:</b> ₹2314.6
💰 Live Premium: ₹63.9 (Lots: 0)

2025-11-28 13:58:07 | alerts | INFO | 
🟢 <b>🔔 REAL-TIME HIGH-CONVICTION SIGNAL - ADANIPORTS CALL</b>

📊 Conf: 8.0/10 | R:R: 1:11.92

🎯 <b>Strike:</b> 251500 (ATM)
🎯 <b>Entry Spot:</b> ₹1530.0
⬆️ <b>Target Spot:</b> ₹1621.8
⬇️ <b>Stop Spot:</b> ₹1522.3
💰 Live Premium: ₹60.2 (Lots: 0)

2025-11-28 13:58:11 | alerts | INFO | 
🔴 <b>🔔 REAL-TIME HIGH-CONVICTION SIGNAL - ALKEM PUT</b>

📊 Conf: 8.0/10 | R:R: 1:11.99

🎯 <b>Strike:</b> 255700 (ATM)
🎯 <b>Entry Spot:</b> ₹5695.0
⬆️ <b>Target Spot:</b> ₹5353.3
⬇️ <b>Stop Spot:</b> ₹5723.5
💰 Live Premium: ₹99.1 (Lots: 0)

2025-11-28 13:58:15 | alerts | INFO | 
🟢 <b>🔔 REAL-TIME HIGH-CONVICTION SIGNAL - AMBER CALL</b>

📊 Conf: 8.0/10 | R:R: 1:11.99

🎯 <b>Strike:</b> 257100 (ATM)
🎯 <b>Entry Spot:</b> ₹7071.5
⬆️ <b>Target Spot:</b> ₹7495.8
⬇️ <b>Stop Spot:</b> ₹7036.1
💰 Live Premium: ₹146.3 (Lots: 0)

2025-11-28 13:58:20 | alerts | INFO | 
🔴 <b>🔔 REAL-TIME HIGH-CONVICTION SIGNAL - AMBUJACEM PUT</b>

📊 Conf: 10.0/10 | R:R: 1:12.22

🎯 <b>Strike:</b> 25550 (ATM)
🎯 <b>Entry Spot:</b> ₹549.7
⬆️ <b>Target Spot:</b> ₹516.7
⬇️ <b>Stop Spot:</b> ₹552.4
💰 Live Premium: ₹9.9 (Lots: 0)

2025-11-28 13:58:25 | alerts | INFO | 
🔴 <b>✅ TRADE EXECUTED (PAPER) - AMBUJACEM PUT</b>

📊 Conf: 10.0/10 | R:R: 1:12.22

🎯 <b>Strike:</b> 25550 (ATM)
🎯 <b>Entry Spot:</b> ₹549.7
⬆️ <b>Target Spot:</b> ₹516.7
⬇️ <b>Stop Spot:</b> ₹552.4
📦 Lots: 1 | Cost: ₹10,448

2025-11-28 13:58:28 | alerts | INFO | 
🔴 <b>🔔 REAL-TIME HIGH-CONVICTION SIGNAL - ANGELONE PUT</b>

📊 Conf: 8.0/10 | R:R: 1:11.96

🎯 <b>Strike:</b> 252700 (ATM)
🎯 <b>Entry Spot:</b> ₹2692.2
⬆️ <b>Target Spot:</b> ₹2530.7
⬇️ <b>Stop Spot:</b> ₹2705.7
💰 Live Premium: ₹106.6 (Lots: 0)

2025-11-28 13:58:40 | alerts | INFO | 
🟢 <b>🔔 REAL-TIME HIGH-CONVICTION SIGNAL - ASTRAL CALL</b>

📊 Conf: 10.0/10 | R:R: 1:11.96

🎯 <b>Strike:</b> 251460 (ATM)
🎯 <b>Entry Spot:</b> ₹1454.5
⬆️ <b>Target Spot:</b> ₹1541.8
⬇️ <b>Stop Spot:</b> ₹1447.2
💰 Live Premium: ₹34.5 (Lots: 0)

2025-11-28 14:04:07 | alerts | INFO | 
🔴 <b>COMMODITY POSITION CLOSED</b>

<b>GOLD FUTURES</b>

💰 Entry: ₹126035.0
💰 Exit: ₹125610.0
📊 P&L: ₹-1,275 (-0.3%)

🎯 Reason: TIME EXIT

2025-11-28 14:06:46 | alerts | INFO | 🤖 <b>CONTINUOUS PAPER TRADER STARTED</b>
2025-11-28 14:14:17 | alerts | INFO | 🤖 <b>CONTINUOUS PAPER TRADER STARTED</b>
2025-11-28 14:20:06 | alerts | INFO | 🤖 <b>CONTINUOUS PAPER TRADER STARTED</b>
2025-11-28 14:23:51 | alerts | INFO | 🤖 <b>CONTINUOUS PAPER TRADER STARTED</b>
2025-11-28 14:28:32 | alerts | INFO | 🤖 <b>CONTINUOUS PAPER TRADER STARTED</b>
2025-11-28 14:37:54 | alerts | INFO | 🤖 <b>CONTINUOUS PAPER TRADER STARTED</b>
2025-11-28 14:40:35 | alerts | INFO | 🛑 <b>AUTOMATIC SCHEDULER STOPPED</b>
2025-11-28 14:40:54 | alerts | INFO | 🤖 <b>CONTINUOUS PAPER TRADER STARTED</b>
2025-11-28 14:46:02 | alerts | INFO | 🤖 <b>CONTINUOUS PAPER TRADER STARTED</b>
2025-11-28 14:47:12 | alerts | INFO | 🤖 <b>CONTINUOUS PAPER TRADER STARTED</b>
2025-11-28 14:50:15 | alerts | INFO | 🤖 <b>CONTINUOUS PAPER TRADER STARTED</b>
2025-11-28 14:51:03 | alerts | INFO | 🤖 <b>CONTINUOUS PAPER TRADER STARTED</b>
2025-11-28 14:51:44 | alerts | INFO | 🤖 <b>CONTINUOUS PAPER TRADER STARTED</b>
2025-11-28 15:08:47 | alerts | INFO | 
🔴 <b>OPTION POSITION CLOSED</b>

<b>AMBUJACEM PUT 25550</b>

💰 Entry: ₹9.9
💰 Exit: ₹9.6
📊 P&L: ₹-368 (-3.5%)

🎯 Reason: TIME EXIT

2025-11-28 15:13:38 | alerts | INFO | 
🔴 <b>🔔 REAL-TIME HIGH-CONVICTION SIGNAL - CRUDEOILM PUT</b>

📊 Conf: 8.5/10 | R:R: 1:8.51

🎯 <b>Strike:</b> 5289 (ATM)
🎯 <b>Entry Spot:</b> ₹5288.0
⬆️ <b>Target Spot:</b> ₹5063.3
⬇️ <b>Stop Spot:</b> ₹5314.4
💰 Live Premium: ₹5289.0 (Lots: 0)

2025-11-28 15:13:43 | alerts | INFO | 
🔴 <b>🔔 REAL-TIME HIGH-CONVICTION SIGNAL - CRUDEOILM PUT</b>

📊 Conf: 8.5/10 | R:R: 1:8.51

🎯 <b>Strike:</b> 0 (ATM)
🎯 <b>Entry Spot:</b> ₹5288.0
⬆️ <b>Target Spot:</b> ₹5063.3
⬇️ <b>Stop Spot:</b> ₹5314.4
💰 Live Premium: ₹5289.0 (Lots: 69)

2025-11-28 15:15:05 | alerts | INFO | 
🔴 <b>OPTION POSITION CLOSED</b>

<b>AMBUJACEM PUT 25550</b>

💰 Entry: ₹9.9
💰 Exit: ₹9.7
📊 P&L: ₹-262 (-2.5%)

🎯 Reason: TIME EXIT

2025-11-28 15:15:07 | alerts | INFO | 
🟢 <b>OPTION POSITION CLOSED</b>

<b>360ONE CALL 360251200</b>

💰 Entry: ₹27.9
💰 Exit: ₹29.8
📊 P&L: ₹7,600 (+6.8%)

🎯 Reason: EOD AUTO CLOSE

2025-11-28 15:15:11 | alerts | INFO | 
🔴 <b>OPTION POSITION CLOSED</b>

<b>CRUDEOILM FUT 0</b>

💰 Entry: ₹5289.0
💰 Exit: ₹5288.0
📊 P&L: ₹-69 (-0.0%)

🎯 Reason: EOD AUTO CLOSE

2025-11-28 15:15:14 | alerts | INFO | 
🟢 <b>OPTION POSITION CLOSED</b>

<b>360ONE CALL 360251200</b>

💰 Entry: ₹27.9
💰 Exit: ₹29.8
📊 P&L: ₹7,600 (+6.8%)

🎯 Reason: EOD AUTO CLOSE

2025-11-28 15:21:43 | alerts | INFO | 
🔴 <b>🔔 REAL-TIME HIGH-CONVICTION SIGNAL - CRUDEOILM PUT</b>

📊 Conf: 8.5/10 | R:R: 1:8.51

🎯 <b>Strike:</b> 5287 (ATM)
🎯 <b>Entry Spot:</b> ₹5287.0
⬆️ <b>Target Spot:</b> ₹5062.3
⬇️ <b>Stop Spot:</b> ₹5313.4
💰 Live Premium: ₹5287.0 (Lots: 0)

2025-11-28 15:21:48 | alerts | INFO | 
🔴 <b>🔔 REAL-TIME HIGH-CONVICTION SIGNAL - CRUDEOILM PUT</b>

📊 Conf: 8.5/10 | R:R: 1:8.51

🎯 <b>Strike:</b> 0 (ATM)
🎯 <b>Entry Spot:</b> ₹5287.0
⬆️ <b>Target Spot:</b> ₹5062.3
⬇️ <b>Stop Spot:</b> ₹5313.4
💰 Live Premium: ₹5287.0 (Lots: 91)

2025-11-28 15:21:50 | alerts | INFO | 
🔴 <b>🔔 REAL-TIME HIGH-CONVICTION SIGNAL - NATGASMINI PUT</b>

📊 Conf: 8.5/10 | R:R: 1:8.38

🎯 <b>Strike:</b> 413 (ATM)
🎯 <b>Entry Spot:</b> ₹413.5
⬆️ <b>Target Spot:</b> ₹395.9
⬇️ <b>Stop Spot:</b> ₹415.6
💰 Live Premium: ₹413.4 (Lots: 0)

2025-11-28 15:21:55 | alerts | INFO | 
🔴 <b>🔔 REAL-TIME HIGH-CONVICTION SIGNAL - NATGASMINI PUT</b>

📊 Conf: 8.5/10 | R:R: 1:8.38

🎯 <b>Strike:</b> 0 (ATM)
🎯 <b>Entry Spot:</b> ₹413.5
⬆️ <b>Target Spot:</b> ₹395.9
⬇️ <b>Stop Spot:</b> ₹415.6
💰 Live Premium: ₹413.4 (Lots: 60)

2025-11-28 15:24:05 | alerts | INFO | 
🔴 <b>🔔 REAL-TIME HIGH-CONVICTION SIGNAL - CRUDEOILM PUT</b>

📊 Conf: 8.5/10 | R:R: 1:8.51

🎯 <b>Strike:</b> 5286 (ATM)
🎯 <b>Entry Spot:</b> ₹5285.0
⬆️ <b>Target Spot:</b> ₹5060.4
⬇️ <b>Stop Spot:</b> ₹5311.4
💰 Live Premium: ₹5286.0 (Lots: 0)

2025-11-28 15:24:11 | alerts | INFO | 
🔴 <b>🔔 REAL-TIME HIGH-CONVICTION SIGNAL - CRUDEOILM PUT</b>

📊 Conf: 8.5/10 | R:R: 1:8.51

🎯 <b>Strike:</b> 0 (ATM)
🎯 <b>Entry Spot:</b> ₹5285.0
⬆️ <b>Target Spot:</b> ₹5060.4
⬇️ <b>Stop Spot:</b> ₹5311.4
💰 Live Premium: ₹5286.0 (Lots: 91)

2025-11-28 15:24:12 | alerts | INFO | 
🔴 <b>🔔 REAL-TIME HIGH-CONVICTION SIGNAL - NATGASMINI PUT</b>

📊 Conf: 8.5/10 | R:R: 1:8.38

🎯 <b>Strike:</b> 414 (ATM)
🎯 <b>Entry Spot:</b> ₹413.6
⬆️ <b>Target Spot:</b> ₹396.0
⬇️ <b>Stop Spot:</b> ₹415.7
💰 Live Premium: ₹413.7 (Lots: 0)

2025-11-28 15:24:18 | alerts | INFO | 
🔴 <b>🔔 REAL-TIME HIGH-CONVICTION SIGNAL - NATGASMINI PUT</b>

📊 Conf: 8.5/10 | R:R: 1:8.38

🎯 <b>Strike:</b> 0 (ATM)
🎯 <b>Entry Spot:</b> ₹413.6
⬆️ <b>Target Spot:</b> ₹396.0
⬇️ <b>Stop Spot:</b> ₹415.7
💰 Live Premium: ₹413.6 (Lots: 60)

2025-11-28 15:32:17 | alerts | INFO | 
🔴 <b>🔔 REAL-TIME HIGH-CONVICTION SIGNAL - SILVERMIC PUT</b>

📊 Conf: 8.5/10 | R:R: 1:8.50

🎯 <b>Strike:</b> 168245 (ATM)
🎯 <b>Entry Spot:</b> ₹164000.0
⬆️ <b>Target Spot:</b> ₹157030.0
⬇️ <b>Stop Spot:</b> ₹164820.0
💰 Live Premium: ₹168245.0 (Lots: 0)

2025-11-28 15:32:20 | alerts | INFO | 
🔴 <b>COMMODITY POSITION CLOSED</b>

<b>CRUDEOILM FUTURES</b>

💰 Entry: ₹5287.0
💰 Exit: ₹5286.0
📊 P&L: ₹-91 (-0.0%)

🎯 Reason: TIME EXIT

2025-11-28 16:05:27 | alerts | INFO | 
🔴 <b>🔔 REAL-TIME HIGH-CONVICTION SIGNAL - CRUDEOIL PUT</b>

📊 Conf: 8.5/10 | R:R: 1:8.50

🎯 <b>Strike:</b> 5280 (ATM)
🎯 <b>Entry Spot:</b> ₹5281.0
⬆️ <b>Target Spot:</b> ₹5056.6
⬇️ <b>Stop Spot:</b> ₹5307.4
💰 Live Premium: ₹5280.0 (Lots: 0)

2025-11-28 16:05:31 | alerts | INFO | 
🔴 <b>🔔 REAL-TIME HIGH-CONVICTION SIGNAL - CRUDEOIL PUT</b>

📊 Conf: 8.5/10 | R:R: 1:8.50

🎯 <b>Strike:</b> 0 (ATM)
🎯 <b>Entry Spot:</b> ₹5281.0
⬆️ <b>Target Spot:</b> ₹5056.6
⬇️ <b>Stop Spot:</b> ₹5307.4
💰 Live Premium: ₹5280.0 (Lots: 87)

2025-11-28 16:05:32 | alerts | INFO | 
🔴 <b>🔔 REAL-TIME HIGH-CONVICTION SIGNAL - CRUDEOILM PUT</b>

📊 Conf: 8.5/10 | R:R: 1:8.50

🎯 <b>Strike:</b> 5282 (ATM)
🎯 <b>Entry Spot:</b> ₹5282.0
⬆️ <b>Target Spot:</b> ₹5057.5
⬇️ <b>Stop Spot:</b> ₹5308.4
💰 Live Premium: ₹5282.0 (Lots: 0)

2025-11-28 16:05:33 | alerts | INFO | 🛑 <b>AUTOMATIC SCHEDULER STOPPED</b>
2025-11-28 16:05:37 | alerts | INFO | 
🔴 <b>🔔 REAL-TIME HIGH-CONVICTION SIGNAL - CRUDEOIL PUT</b>

📊 Conf: 8.5/10 | R:R: 1:8.50

🎯 <b>Strike:</b> 5280 (ATM)
🎯 <b>Entry Spot:</b> ₹5281.0
⬆️ <b>Target Spot:</b> ₹5056.6
⬇️ <b>Stop Spot:</b> ₹5307.4
💰 Live Premium: ₹5280.0 (Lots: 0)

2025-11-28 16:15:35 | alerts | INFO | 
🔴 <b>COMMODITY POSITION CLOSED</b>

<b>CRUDEOILM FUTURES</b>

💰 Entry: ₹5286.0
💰 Exit: ₹5282.0
📊 P&L: ₹-364 (-0.1%)

🎯 Reason: TIME EXIT

2025-11-28 19:23:27 | alerts | INFO | 
🔴 <b>🔔 REAL-TIME HIGH-CONVICTION SIGNAL - CRUDEOILM PUT</b>

📊 Conf: 8.5/10 | R:R: 1:8.51

🎯 <b>Strike:</b> 5286 (ATM)
🎯 <b>Entry Spot:</b> ₹5286.0
⬆️ <b>Target Spot:</b> ₹5061.3
⬇️ <b>Stop Spot:</b> ₹5312.4
💰 Live Premium: ₹5286.0 (Lots: 0)

2025-11-28 19:23:29 | alerts | INFO | 🛑 <b>AUTOMATIC SCHEDULER STOPPED</b>
2025-12-02 12:32:05 | alerts | INFO | 🤖 <b>CONTINUOUS PAPER TRADER STARTED</b>
2025-12-02 12:49:19 | alerts | INFO | 🛑 <b>AUTOMATIC SCHEDULER STOPPED</b>
2025-12-02 12:49:58 | alerts | INFO | 🤖 <b>CONTINUOUS PAPER TRADER STARTED</b>
2025-12-02 12:57:25 | alerts | INFO | 🤖 <b>CONTINUOUS PAPER TRADER STARTED</b>
2025-12-02 13:03:02 | alerts | INFO | 🤖 <b>CONTINUOUS PAPER TRADER STARTED</b>
2025-12-02 13:16:42 | alerts | INFO | 🤖 <b>CONTINUOUS PAPER TRADER STARTED</b>
2025-12-02 13:24:53 | alerts | INFO | 
🔴 <b>🔔 REAL-TIME HIGH-CONVICTION SIGNAL - JSWENERGY PUT</b>

📊 Conf: 8.0/10 | R:R: 1:12.08

🎯 <b>Strike:</b> 25500 (ATM)
🎯 <b>Entry Spot:</b> ₹483.8
⬆️ <b>Target Spot:</b> ₹454.8
⬇️ <b>Stop Spot:</b> ₹486.2
💰 Live Premium: ₹21.4 (Lots: 0)

2025-12-02 13:24:57 | alerts | INFO | 
🔴 <b>✅ TRADE EXECUTED (PAPER) - JSWENERGY PUT</b>

📊 Conf: 8.0/10 | R:R: 1:12.08

🎯 <b>Strike:</b> 25500 (ATM)
🎯 <b>Entry Spot:</b> ₹483.8
⬆️ <b>Target Spot:</b> ₹454.8
⬇️ <b>Stop Spot:</b> ₹486.2
📦 Lots: 2 | Cost: ₹42,700

2025-12-02 13:24:59 | alerts | INFO | 
🔴 <b>🔔 REAL-TIME HIGH-CONVICTION SIGNAL - JSWSTEEL PUT</b>

📊 Conf: 10.0/10 | R:R: 1:12.02

🎯 <b>Strike:</b> 251150 (ATM)
🎯 <b>Entry Spot:</b> ₹1161.2
⬆️ <b>Target Spot:</b> ₹1091.5
⬇️ <b>Stop Spot:</b> ₹1167.0
💰 Live Premium: ₹21.6 (Lots: 0)

2025-12-02 13:25:04 | alerts | INFO | 
🔴 <b>✅ TRADE EXECUTED (PAPER) - JSWSTEEL PUT</b>

📊 Conf: 10.0/10 | R:R: 1:12.02

🎯 <b>Strike:</b> 251150 (ATM)
🎯 <b>Entry Spot:</b> ₹1161.2
⬆️ <b>Target Spot:</b> ₹1091.5
⬇️ <b>Stop Spot:</b> ₹1167.0
📦 Lots: 3 | Cost: ₹43,841

2025-12-02 13:25:06 | alerts | INFO | 
🔴 <b>🔔 REAL-TIME HIGH-CONVICTION SIGNAL - KAYNES PUT</b>

📊 Conf: 10.0/10 | R:R: 1:12.01

🎯 <b>Strike:</b> 255400 (ATM)
🎯 <b>Entry Spot:</b> ₹5383.0
⬆️ <b>Target Spot:</b> ₹5060.0
⬇️ <b>Stop Spot:</b> ₹5409.9
💰 Live Premium: ₹178.8 (Lots: 0)

2025-12-02 13:25:12 | alerts | INFO | 
🔴 <b>✅ TRADE EXECUTED (PAPER) - KAYNES PUT</b>

📊 Conf: 10.0/10 | R:R: 1:12.01

🎯 <b>Strike:</b> 255400 (ATM)
🎯 <b>Entry Spot:</b> ₹5383.0
⬆️ <b>Target Spot:</b> ₹5060.0
⬇️ <b>Stop Spot:</b> ₹5409.9
📦 Lots: 4 | Cost: ₹71,540

2025-12-02 13:25:14 | alerts | INFO | 
🔴 <b>🔔 REAL-TIME HIGH-CONVICTION SIGNAL - KFINTECH PUT</b>

📊 Conf: 8.0/10 | R:R: 1:11.89

🎯 <b>Strike:</b> 251100 (ATM)
🎯 <b>Entry Spot:</b> ₹1090.4
⬆️ <b>Target Spot:</b> ₹1025.0
⬇️ <b>Stop Spot:</b> ₹1095.9
💰 Live Premium: ₹37.2 (Lots: 0)

2025-12-02 13:25:20 | alerts | INFO | 
🔴 <b>✅ TRADE EXECUTED (PAPER) - KFINTECH PUT</b>

📊 Conf: 8.0/10 | R:R: 1:11.89

🎯 <b>Strike:</b> 251100 (ATM)
🎯 <b>Entry Spot:</b> ₹1090.4
⬆️ <b>Target Spot:</b> ₹1025.0
⬇️ <b>Stop Spot:</b> ₹1095.9
📦 Lots: 1 | Cost: ₹18,625

2025-12-02 13:25:22 | alerts | INFO | 
🔴 <b>🔔 REAL-TIME HIGH-CONVICTION SIGNAL - KPITTECH PUT</b>

📊 Conf: 10.0/10 | R:R: 1:12.08

🎯 <b>Strike:</b> 251260 (ATM)
🎯 <b>Entry Spot:</b> ₹1248.6
⬆️ <b>Target Spot:</b> ₹1173.7
⬇️ <b>Stop Spot:</b> ₹1254.8
💰 Live Premium: ₹37.3 (Lots: 0)

2025-12-02 13:25:27 | alerts | INFO | 
🔴 <b>✅ TRADE EXECUTED (PAPER) - KPITTECH PUT</b>

📊 Conf: 10.0/10 | R:R: 1:12.08

🎯 <b>Strike:</b> 251260 (ATM)
🎯 <b>Entry Spot:</b> ₹1248.6
⬆️ <b>Target Spot:</b> ₹1173.7
⬇️ <b>Stop Spot:</b> ₹1254.8
📦 Lots: 4 | Cost: ₹63,410

2025-12-02 13:25:31 | alerts | INFO | 
🟢 <b>🔔 REAL-TIME HIGH-CONVICTION SIGNAL - LODHA CALL</b>

📊 Conf: 10.0/10 | R:R: 1:12.07

🎯 <b>Strike:</b> 251100 (ATM)
🎯 <b>Entry Spot:</b> ₹1125.9
⬆️ <b>Target Spot:</b> ₹1193.5
⬇️ <b>Stop Spot:</b> ₹1120.3
💰 Live Premium: ₹52.5 (Lots: 0)

2025-12-02 13:25:36 | alerts | INFO | 
🟢 <b>✅ TRADE EXECUTED (PAPER) - LODHA CALL</b>

📊 Conf: 10.0/10 | R:R: 1:12.07

🎯 <b>Strike:</b> 251100 (ATM)
🎯 <b>Entry Spot:</b> ₹1125.9
⬆️ <b>Target Spot:</b> ₹1193.5
⬇️ <b>Stop Spot:</b> ₹1120.3
📦 Lots: 9 | Cost: ₹212,625

2025-12-02 13:25:42 | alerts | INFO | 
🟢 <b>🔔 REAL-TIME HIGH-CONVICTION SIGNAL - LTIM CALL</b>

📊 Conf: 8.0/10 | R:R: 1:12.00

🎯 <b>Strike:</b> 256100 (ATM)
🎯 <b>Entry Spot:</b> ₹6120.0
⬆️ <b>Target Spot:</b> ₹6487.2
⬇️ <b>Stop Spot:</b> ₹6089.4
💰 Live Premium: ₹172.3 (Lots: 0)

2025-12-02 13:25:47 | alerts | INFO | 
🟢 <b>✅ TRADE EXECUTED (PAPER) - LTIM CALL</b>

📊 Conf: 8.0/10 | R:R: 1:12.00

🎯 <b>Strike:</b> 256100 (ATM)
🎯 <b>Entry Spot:</b> ₹6120.0
⬆️ <b>Target Spot:</b> ₹6487.2
⬇️ <b>Stop Spot:</b> ₹6089.4
📦 Lots: 1 | Cost: ₹25,852

2025-12-02 13:26:04 | alerts | INFO | 
🟢 <b>🔔 REAL-TIME HIGH-CONVICTION SIGNAL - NAUKRI CALL</b>

📊 Conf: 8.0/10 | R:R: 1:12.06

🎯 <b>Strike:</b> 251400 (ATM)
🎯 <b>Entry Spot:</b> ₹1386.1
⬆️ <b>Target Spot:</b> ₹1469.3
⬇️ <b>Stop Spot:</b> ₹1379.2
💰 Live Premium: ₹33.9 (Lots: 0)

2025-12-02 13:26:10 | alerts | INFO | 
🟢 <b>🔔 REAL-TIME HIGH-CONVICTION SIGNAL - NCC CALL</b>

📊 Conf: 8.0/10 | R:R: 1:12.49

🎯 <b>Strike:</b> 25150 (ATM)
🎯 <b>Entry Spot:</b> ₹172.2
⬆️ <b>Target Spot:</b> ₹182.6
⬇️ <b>Stop Spot:</b> ₹171.4
💰 Live Premium: ₹22.5 (Lots: 0)

2025-12-02 13:26:15 | alerts | INFO | 
🟢 <b>🔔 REAL-TIME HIGH-CONVICTION SIGNAL - NTPC CALL</b>

📊 Conf: 8.0/10 | R:R: 1:11.97

🎯 <b>Strike:</b> 25350 (ATM)
🎯 <b>Entry Spot:</b> ₹329.4
⬆️ <b>Target Spot:</b> ₹349.1
⬇️ <b>Stop Spot:</b> ₹327.7
💰 Live Premium: ₹0.8 (Lots: 0)

2025-12-02 13:26:20 | alerts | INFO | 
🟢 <b>✅ TRADE EXECUTED (PAPER) - NTPC CALL</b>

📊 Conf: 8.0/10 | R:R: 1:11.97

🎯 <b>Strike:</b> 25350 (ATM)
🎯 <b>Entry Spot:</b> ₹329.4
⬆️ <b>Target Spot:</b> ₹349.1
⬇️ <b>Stop Spot:</b> ₹327.7
📦 Lots: 3 | Cost: ₹3,600

2025-12-02 13:30:33 | alerts | INFO | 🤖 <b>CONTINUOUS PAPER TRADER STARTED</b>
2025-12-02 13:37:16 | alerts | INFO | 🛑 <b>AUTOMATIC SCHEDULER STOPPED</b>
2025-12-02 13:37:38 | alerts | INFO | 🤖 <b>CONTINUOUS PAPER TRADER STARTED</b>
2025-12-02 13:49:02 | alerts | INFO | 🤖 <b>CONTINUOUS PAPER TRADER STARTED</b>
2025-12-02 13:49:07 | alerts | INFO | 🛑 <b>AUTOMATIC SCHEDULER STOPPED</b>
2025-12-02 13:50:01 | alerts | INFO | 🤖 <b>CONTINUOUS PAPER TRADER STARTED</b>
2025-12-02 13:50:02 | alerts | INFO | 🛑 <b>AUTOMATIC SCHEDULER STOPPED</b>
2025-12-02 13:57:19 | alerts | INFO | 🛑 <b>AUTOMATIC SCHEDULER STOPPED</b>
2025-12-02 13:57:36 | alerts | INFO | 🤖 <b>CONTINUOUS PAPER TRADER STARTED</b>
2025-12-02 14:05:28 | alerts | INFO | 🛑 <b>AUTOMATIC SCHEDULER STOPPED</b>
2025-12-02 14:05:58 | alerts | INFO | 🤖 <b>CONTINUOUS PAPER TRADER STARTED</b>
2025-12-02 14:10:07 | alerts | INFO | 🤖 <b>CONTINUOUS PAPER TRADER STARTED</b>
2025-12-02 14:10:09 | alerts | INFO | 🛑 <b>AUTOMATIC SCHEDULER STOPPED</b>
2025-12-02 14:18:48 | alerts | INFO | 🤖 <b>CONTINUOUS PAPER TRADER STARTED</b>
2025-12-02 14:18:53 | alerts | INFO | 🛑 <b>AUTOMATIC SCHEDULER STOPPED</b>
2025-12-02 14:26:10 | alerts | INFO | 🤖 <b>CONTINUOUS PAPER TRADER STARTED</b>
2025-12-02 14:39:05 | alerts | INFO | 🤖 <b>CONTINUOUS PAPER TRADER STARTED</b>
2025-12-02 14:43:34 | alerts | INFO | 🛑 <b>AUTOMATIC SCHEDULER STOPPED</b>
2025-12-02 14:43:50 | alerts | INFO | 🤖 <b>CONTINUOUS PAPER TRADER STARTED</b>
2025-12-02 14:47:10 | alerts | INFO | 🛑 <b>AUTOMATIC SCHEDULER STOPPED</b>
2025-12-02 14:47:26 | alerts | INFO | 🤖 <b>CONTINUOUS PAPER TRADER STARTED</b>
2025-12-02 15:15:19 | alerts | INFO | 
🔴 <b>OPTION POSITION CLOSED</b>

<b>JSWENERGY PUT 25500</b>

💰 Entry: ₹21.4
💰 Exit: ₹21.0
📊 P&L: ₹-700 (-1.6%)

🎯 Reason: TIME EXIT

2025-12-02 15:15:19 | alerts | INFO | 
🔴 <b>OPTION POSITION CLOSED</b>

<b>JSWENERGY PUT 25500</b>

💰 Entry: ₹21.4
💰 Exit: ₹21.0
📊 P&L: ₹-700 (-1.6%)

🎯 Reason: TIME EXIT

2025-12-02 15:15:23 | alerts | INFO | 
🔴 <b>OPTION POSITION CLOSED</b>

<b>JSWSTEEL PUT 251150</b>

💰 Entry: ₹21.6
💰 Exit: ₹21.3
📊 P&L: ₹-709 (-1.6%)

🎯 Reason: TIME EXIT

2025-12-02 15:15:24 | alerts | INFO | 
🔴 <b>OPTION POSITION CLOSED</b>

<b>JSWSTEEL PUT 251150</b>

💰 Entry: ₹21.6
💰 Exit: ₹21.3
📊 P&L: ₹-709 (-1.6%)

🎯 Reason: TIME EXIT

2025-12-02 15:15:27 | alerts | INFO | 
🔴 <b>OPTION POSITION CLOSED</b>

<b>KAYNES PUT 255400</b>

💰 Entry: ₹178.8
💰 Exit: ₹167.7
📊 P&L: ₹-4,460 (-6.2%)

🎯 Reason: TIME EXIT

2025-12-02 15:15:28 | alerts | INFO | 
🔴 <b>OPTION POSITION CLOSED</b>

<b>KAYNES PUT 255400</b>

💰 Entry: ₹178.8
💰 Exit: ₹167.7
📊 P&L: ₹-4,460 (-6.2%)

🎯 Reason: TIME EXIT

2025-12-02 15:15:31 | alerts | INFO | 
🔴 <b>OPTION POSITION CLOSED</b>

<b>KPITTECH PUT 251260</b>

💰 Entry: ₹37.3
💰 Exit: ₹34.1
📊 P&L: ₹-5,355 (-8.4%)

🎯 Reason: TIME EXIT

2025-12-02 15:15:32 | alerts | INFO | 
🔴 <b>OPTION POSITION CLOSED</b>

<b>KPITTECH PUT 251260</b>

💰 Entry: ₹37.3
💰 Exit: ₹34.1
📊 P&L: ₹-5,355 (-8.4%)

🎯 Reason: TIME EXIT

2025-12-02 15:15:36 | alerts | INFO | 
🔴 <b>OPTION POSITION CLOSED</b>

<b>LODHA CALL 251100</b>

💰 Entry: ₹52.5
💰 Exit: ₹46.7
📊 P&L: ₹-23,490 (-11.0%)

🎯 Reason: TIME EXIT

2025-12-02 15:15:36 | alerts | INFO | 
🔴 <b>OPTION POSITION CLOSED</b>

<b>LODHA CALL 251100</b>

💰 Entry: ₹52.5
💰 Exit: ₹46.7
📊 P&L: ₹-23,490 (-11.0%)

🎯 Reason: TIME EXIT

2025-12-02 15:15:39 | alerts | INFO | 
🔴 <b>OPTION POSITION CLOSED</b>

<b>NTPC CALL 25350</b>

💰 Entry: ₹0.8
💰 Exit: ₹0.8
📊 P&L: ₹-225 (-6.2%)

🎯 Reason: TIME EXIT

2025-12-02 15:15:40 | alerts | INFO | 
🔴 <b>OPTION POSITION CLOSED</b>

<b>NTPC CALL 25350</b>

💰 Entry: ₹0.8
💰 Exit: ₹0.8
📊 P&L: ₹-225 (-6.2%)

🎯 Reason: TIME EXIT

2025-12-02 15:15:46 | alerts | INFO | 
🟢 <b>OPTION POSITION CLOSED</b>

<b>NATGASMINI FUT 0</b>

💰 Entry: ₹413.6
💰 Exit: ₹443.3
📊 P&L: ₹1,782 (+7.2%)

🎯 Reason: EOD AUTO CLOSE

2025-12-02 15:15:46 | alerts | INFO | 
🟢 <b>OPTION POSITION CLOSED</b>

<b>NATGASMINI FUT 0</b>

💰 Entry: ₹413.6
💰 Exit: ₹443.1
📊 P&L: ₹1,770 (+7.1%)

🎯 Reason: EOD AUTO CLOSE

2025-12-02 15:15:49 | alerts | INFO | 
🟢 <b>OPTION POSITION CLOSED</b>

<b>KFINTECH PUT 251100</b>

💰 Entry: ₹37.2
💰 Exit: ₹42.8
📊 P&L: ₹2,775 (+14.9%)

🎯 Reason: EOD AUTO CLOSE

2025-12-02 15:15:50 | alerts | INFO | 
🟢 <b>OPTION POSITION CLOSED</b>

<b>KFINTECH PUT 251100</b>

💰 Entry: ₹37.2
💰 Exit: ₹42.8
📊 P&L: ₹2,775 (+14.9%)

🎯 Reason: EOD AUTO CLOSE

2025-12-02 15:15:52 | alerts | INFO | 
🟢 <b>OPTION POSITION CLOSED</b>

<b>LTIM CALL 256100</b>

💰 Entry: ₹172.3
💰 Exit: ₹191.0
📊 P&L: ₹2,798 (+10.8%)

🎯 Reason: EOD AUTO CLOSE

2025-12-02 15:15:53 | alerts | INFO | 
🟢 <b>OPTION POSITION CLOSED</b>

<b>LTIM CALL 256100</b>

💰 Entry: ₹172.3
💰 Exit: ₹191.0
📊 P&L: ₹2,798 (+10.8%)

🎯 Reason: EOD AUTO CLOSE

2025-12-02 15:20:12 | alerts | INFO | 🛑 <b>AUTOMATIC SCHEDULER STOPPED</b>
2025-12-02 15:20:13 | alerts | INFO | 🛑 **FATAL STOP: MAX DAILY LOSS HIT** 🛑
Loss Limit: 3.0% (₹15,000)
Current Loss: ₹20,259
All trading has been halted.
2025-12-02 15:21:47 | alerts | INFO | 🛑 <b>AUTOMATIC SCHEDULER STOPPED</b>
2025-12-02 15:21:47 | alerts | INFO | 🛑 **FATAL STOP: MAX DAILY LOSS HIT** 🛑
Loss Limit: 3.0% (₹15,000)
Current Loss: ₹20,247
All trading has been halted.
2025-12-02 15:55:11 | alerts | INFO | 🤖 <b>CONTINUOUS PAPER TRADER STARTED</b>
2025-12-02 15:55:11 | alerts | INFO | 🛑 <b>AUTOMATIC SCHEDULER STOPPED</b>
2025-12-02 15:55:11 | alerts | INFO | 🛑 **FATAL STOP: MAX DAILY LOSS HIT** 🛑
Loss Limit: 3.0% (₹15,000)
Current Loss: ₹20,247
All trading has been halted.
2025-12-02 15:57:38 | alerts | INFO | 🛑 <b>AUTOMATIC SCHEDULER STOPPED</b>
2025-12-02 15:57:52 | alerts | INFO | 🛑 <b>AUTOMATIC SCHEDULER STOPPED</b>
2025-12-02 15:57:52 | alerts | INFO | 🤖 <b>CONTINUOUS PAPER TRADER STARTED</b>
2025-12-02 15:57:52 | alerts | INFO | 🛑 **FATAL STOP: MAX DAILY LOSS HIT** 🛑
Loss Limit: 3.0% (₹15,000)
Current Loss: ₹20,247
All trading has been halted.
2025-12-02 16:17:20 | alerts | INFO | 🛑 <b>AUTOMATIC SCHEDULER STOPPED</b>
2025-12-02 16:17:33 | alerts | INFO | 🤖 <b>CONTINUOUS PAPER TRADER STARTED</b>
2025-12-02 17:38:19 | alerts | INFO | 🤖 <b>CONTINUOUS PAPER TRADER STARTED</b>
2025-12-02 17:38:19 | alerts | INFO | 🛑 <b>AUTOMATIC SCHEDULER STOPPED</b>
2025-12-02 17:38:20 | alerts | INFO | 🛑 **FATAL STOP: MAX DAILY LOSS HIT** 🛑
Loss Limit: 1.5% (₹7,500)
Current Loss: ₹20,247
All trading has been halted.
2025-12-02 17:43:57 | alerts | INFO | 🤖 <b>CONTINUOUS PAPER TRADER STARTED</b>
2025-12-02 17:43:57 | alerts | INFO | 🛑 <b>AUTOMATIC SCHEDULER STOPPED</b>
2025-12-02 17:43:59 | alerts | INFO | 🛑 **FATAL STOP: MAX DAILY LOSS HIT** 🛑
Loss Limit: 1.5% (₹7,500)
Current Loss: ₹20,247
All trading has been halted.
2025-12-02 17:44:04 | alerts | INFO | 🛑 <b>AUTOMATIC SCHEDULER STOPPED</b>
2025-12-02 17:51:40 | alerts | INFO | 🛑 <b>AUTOMATIC SCHEDULER STOPPED</b>
2025-12-02 17:51:40 | alerts | INFO | 🤖 <b>CONTINUOUS PAPER TRADER STARTED</b>
2025-12-02 17:51:41 | alerts | INFO | 🛑 **FATAL STOP: MAX DAILY LOSS HIT** 🛑
Loss Limit: 1.5% (₹7,500)
Current Loss: ₹20,247
All trading has been halted.
2025-12-02 17:58:39 | alerts | INFO | 🤖 <b>CONTINUOUS PAPER TRADER STARTED</b>
2025-12-02 17:58:39 | alerts | INFO | 🛑 <b>AUTOMATIC SCHEDULER STOPPED</b>
2025-12-02 17:58:39 | alerts | INFO | 🛑 **FATAL STOP: MAX DAILY LOSS HIT** 🛑
Loss Limit: 1.5% (₹7,500)
Current Loss: ₹20,247
All trading has been halted.
2025-12-02 21:24:47 | alerts | INFO | 🛑 <b>AUTOMATIC SCHEDULER STOPPED</b>
2025-12-02 21:24:47 | alerts | INFO | 🤖 <b>CONTINUOUS PAPER TRADER STARTED</b>
2025-12-02 21:24:48 | alerts | INFO | 🛑 **FATAL STOP: MAX DAILY LOSS HIT** 🛑
Loss Limit: 1.5% (₹7,500)
Current Loss: ₹20,247
All trading has been halted.
2025-12-02 21:25:10 | alerts | INFO | 🤖 <b>CONTINUOUS PAPER TRADER STARTED</b>
2025-12-02 21:34:48 | alerts | INFO | 🛑 <b>AUTOMATIC SCHEDULER STOPPED</b>
2025-12-02 21:34:49 | alerts | INFO | 🛑 **FATAL STOP: MAX DAILY LOSS HIT** 🛑
Loss Limit: 1.5% (₹7,500)
Current Loss: ₹20,247
All trading has been halted.
2025-12-02 23:02:20 | alerts | INFO | 🛑 <b>AUTOMATIC SCHEDULER STOPPED</b>
2025-12-02 23:02:20 | alerts | INFO | 🤖 <b>CONTINUOUS PAPER TRADER STARTED</b>
2025-12-02 23:02:21 | alerts | INFO | 🛑 **FATAL STOP: MAX DAILY LOSS HIT** 🛑
Loss Limit: 1.5% (₹7,500)
Current Loss: ₹20,247
All trading has been halted.
2025-12-02 23:03:48 | alerts | INFO | 🤖 <b>CONTINUOUS PAPER TRADER STARTED</b>
2025-12-02 23:03:48 | alerts | INFO | 🛑 <b>AUTOMATIC SCHEDULER STOPPED</b>
2025-12-02 23:03:49 | alerts | INFO | 🛑 **FATAL STOP: MAX DAILY LOSS HIT** 🛑
Loss Limit: 1.5% (₹7,500)
Current Loss: ₹20,247
All trading has been halted.
2025-12-02 23:04:02 | alerts | INFO | 🛑 <b>AUTOMATIC SCHEDULER STOPPED</b>
2025-12-02 23:05:19 | alerts | INFO | 🤖 <b>CONTINUOUS PAPER TRADER STARTED</b>
2025-12-02 23:36:44 | alerts | INFO | 🛑 <b>AUTOMATIC SCHEDULER STOPPED</b>
2025-12-02 23:37:12 | alerts | INFO | 🤖 <b>CONTINUOUS PAPER TRADER STARTED</b>
2025-12-02 23:43:07 | alerts | INFO | 🛑 <b>AUTOMATIC SCHEDULER STOPPED</b>
2025-12-02 23:43:18 | alerts | INFO | 🤖 <b>CONTINUOUS PAPER TRADER STARTED</b>
2025-12-02 23:45:59 | alerts | INFO | 🛑 <b>AUTOMATIC SCHEDULER STOPPED</b>
2025-12-02 23:49:53 | alerts | INFO | 🤖 <b>CONTINUOUS PAPER TRADER STARTED</b>
2025-12-03 00:14:43 | alerts | INFO | 🛑 <b>AUTOMATIC SCHEDULER STOPPED</b>
2025-12-03 00:14:59 | alerts | INFO | 🤖 <b>CONTINUOUS PAPER TRADER STARTED</b>
2025-12-03 00:15:48 | alerts | INFO | 🛑 <b>AUTOMATIC SCHEDULER STOPPED</b>
2025-12-03 00:15:55 | alerts | INFO | 🤖 <b>CONTINUOUS PAPER TRADER STARTED</b>
2025-12-03 00:16:01 | alerts | INFO | 🛑 <b>AUTOMATIC SCHEDULER STOPPED</b>
2025-12-03 12:26:58 | alerts | INFO | 🛑 <b>AUTOMATIC SCHEDULER STOPPED</b>
2025-12-03 12:28:19 | alerts | INFO | 🤖 <b>CONTINUOUS PAPER TRADER STARTED</b>
2025-12-03 15:02:25 | alerts | INFO | 🤖 <b>CONTINUOUS PAPER TRADER STARTED</b>
2025-12-03 15:23:26 | alerts | INFO | 🛑 <b>AUTOMATIC SCHEDULER STOPPED</b>
2025-12-03 15:27:34 | alerts | INFO | 🤖 <b>CONTINUOUS PAPER TRADER STARTED</b>
2025-12-03 15:44:05 | alerts | INFO | 🛑 <b>AUTOMATIC SCHEDULER STOPPED</b>
2025-12-03 15:44:45 | alerts | INFO | 🤖 <b>CONTINUOUS PAPER TRADER STARTED</b>
2025-12-03 15:52:08 | alerts | INFO | 🛑 <b>AUTOMATIC SCHEDULER STOPPED</b>
2025-12-03 15:53:56 | alerts | INFO | 🤖 <b>CONTINUOUS PAPER TRADER STARTED</b>
2025-12-03 16:23:38 | alerts | INFO | 🤖 <b>CONTINUOUS PAPER TRADER STARTED</b>
2025-12-03 17:19:03 | alerts | INFO | 🛑 <b>AUTOMATIC SCHEDULER STOPPED</b>
2025-12-03 17:19:21 | alerts | INFO | 🤖 <b>CONTINUOUS PAPER TRADER STARTED</b>
2025-12-03 20:48:22 | alerts | INFO | 🛑 <b>AUTOMATIC SCHEDULER STOPPED</b>
2025-12-03 21:01:27 | alerts | INFO | 🤖 <b>CONTINUOUS PAPER TRADER STARTED</b>
2025-12-03 21:08:37 | alerts | INFO | 🤖 <b>CONTINUOUS PAPER TRADER STARTED</b>
2025-12-03 23:49:54 | alerts | INFO | 
🔴 <b>🔔 REAL-TIME HIGH-CONVICTION SIGNAL - NATURALGAS PUT</b>

📊 Conf: 10.0/10 | R:R: 1:7.47

🎯 <b>Strike:</b> 449 (ATM)
🎯 <b>Entry Spot:</b> ₹449.1
⬆️ <b>Target Spot:</b> ₹426.7
⬇️ <b>Stop Spot:</b> ₹452.1
💰 Live Premium: ₹449.2 (Lots: 0)

2025-12-03 23:50:00 | alerts | INFO | 
🔴 <b>🔔 REAL-TIME HIGH-CONVICTION SIGNAL - NATURALGAS PUT</b>

📊 Conf: 10.0/10 | R:R: 1:7.47

🎯 <b>Strike:</b> 0 (ATM)
🎯 <b>Entry Spot:</b> ₹449.1
⬆️ <b>Target Spot:</b> ₹426.7
⬇️ <b>Stop Spot:</b> ₹452.1
💰 Live Premium: ₹449.2 (Lots: 1060)

2025-12-03 23:50:00 | alerts | INFO | 
🔴 <b>COMMODITY POSITION CLOSED</b>

<b>NATURALGAS FUTURES</b>

💰 Entry: ₹449.2
💰 Exit: ₹449.2
📊 P&L: ₹0 (+0.0%)

🎯 Reason: EOD AUTO CLOSE

2025-12-04 10:38:44 | alerts | INFO | 🤖 <b>CONTINUOUS PAPER TRADER STARTED</b>
2025-12-04 10:41:50 | alerts | INFO | 🛑 <b>AUTOMATIC SCHEDULER STOPPED</b>
2025-12-04 10:43:43 | alerts | INFO | 🤖 <b>CONTINUOUS PAPER TRADER STARTED</b>
2025-12-04 10:44:56 | alerts | INFO | 🛑 <b>AUTOMATIC SCHEDULER STOPPED</b>
2025-12-04 10:45:05 | alerts | INFO | 🤖 <b>CONTINUOUS PAPER TRADER STARTED</b>
2025-12-04 10:45:20 | alerts | INFO | 🛑 <b>AUTOMATIC SCHEDULER STOPPED</b>
2025-12-04 10:45:30 | alerts | INFO | 🤖 <b>CONTINUOUS PAPER TRADER STARTED</b>
2025-12-04 10:45:42 | alerts | INFO | 🛑 <b>AUTOMATIC SCHEDULER STOPPED</b>
2025-12-04 10:45:55 | alerts | INFO | 🤖 <b>CONTINUOUS PAPER TRADER STARTED</b>
2025-12-04 13:50:34 | alerts | INFO | 
🔴 <b>🔔 REAL-TIME HIGH-CONVICTION SIGNAL - ABCAPITAL PUT</b>

📊 Conf: 9.5/10 | R:R: 1:12.29

🎯 <b>Strike:</b> 25350 (ATM)
🎯 <b>Entry Spot:</b> ₹348.9
⬆️ <b>Target Spot:</b> ₹328.0
⬇️ <b>Stop Spot:</b> ₹350.6
💰 Live Premium: ₹9.3 (Lots: 0)

2025-12-04 13:50:39 | alerts | INFO | 
🔴 <b>✅ TRADE EXECUTED (PAPER) - ABCAPITAL PUT</b>

📊 Conf: 9.5/10 | R:R: 1:12.29

🎯 <b>Strike:</b> 25350 (ATM)
🎯 <b>Entry Spot:</b> ₹348.9
⬆️ <b>Target Spot:</b> ₹328.0
⬇️ <b>Stop Spot:</b> ₹350.6
📦 Lots: 3 | Cost: ₹86,490

2025-12-04 13:50:43 | alerts | INFO | 
🔴 <b>🔔 REAL-TIME HIGH-CONVICTION SIGNAL - ADANIGREEN PUT</b>

📊 Conf: 9.5/10 | R:R: 1:11.96

🎯 <b>Strike:</b> 251000 (ATM)
🎯 <b>Entry Spot:</b> ₹1016.3
⬆️ <b>Target Spot:</b> ₹955.3
⬇️ <b>Stop Spot:</b> ₹1021.4
💰 Live Premium: ₹24.2 (Lots: 0)

2025-12-04 13:50:48 | alerts | INFO | 
🔴 <b>✅ TRADE EXECUTED (PAPER) - ADANIGREEN PUT</b>

📊 Conf: 9.5/10 | R:R: 1:11.96

🎯 <b>Strike:</b> 251000 (ATM)
🎯 <b>Entry Spot:</b> ₹1016.3
⬆️ <b>Target Spot:</b> ₹955.3
⬇️ <b>Stop Spot:</b> ₹1021.4
📦 Lots: 9 | Cost: ₹130,950

2025-12-04 13:50:54 | alerts | INFO | 
🔴 <b>🔔 REAL-TIME HIGH-CONVICTION SIGNAL - ALKEM PUT</b>

📊 Conf: 9.5/10 | R:R: 1:12.01

🎯 <b>Strike:</b> 255700 (ATM)
🎯 <b>Entry Spot:</b> ₹5667.0
⬆️ <b>Target Spot:</b> ₹5327.0
⬇️ <b>Stop Spot:</b> ₹5695.3
💰 Live Premium: ₹106.0 (Lots: 0)

2025-12-04 13:50:59 | alerts | INFO | 
🔴 <b>✅ TRADE EXECUTED (PAPER) - ALKEM PUT</b>

📊 Conf: 9.5/10 | R:R: 1:12.01

🎯 <b>Strike:</b> 255700 (ATM)
🎯 <b>Entry Spot:</b> ₹5667.0
⬆️ <b>Target Spot:</b> ₹5327.0
⬇️ <b>Stop Spot:</b> ₹5695.3
📦 Lots: 6 | Cost: ₹79,500

2025-12-04 13:53:31 | alerts | INFO | 🛑 <b>AUTOMATIC SCHEDULER STOPPED</b>
2025-12-04 13:54:12 | alerts | INFO | 🤖 <b>CONTINUOUS PAPER TRADER STARTED</b>
2025-12-04 13:58:59 | alerts | INFO | 🛑 <b>AUTOMATIC SCHEDULER STOPPED</b>
2025-12-04 14:06:05 | alerts | INFO | 🤖 <b>CONTINUOUS PAPER TRADER STARTED</b>
2025-12-04 14:06:57 | alerts | INFO | 
🔴 <b>OPTION POSITION CLOSED</b>

<b>ADANIGREEN PUT 251000</b>

💰 Entry: ₹24.2
💰 Exit: ₹24.2
📊 P&L: ₹-270 (-0.2%)

🎯 Reason: MANUAL EXIT

2025-12-04 14:10:41 | alerts | INFO | 🛑 <b>AUTOMATIC SCHEDULER STOPPED</b>
2025-12-04 14:12:04 | alerts | INFO | 🤖 <b>CONTINUOUS PAPER TRADER STARTED</b>
2025-12-04 14:16:49 | alerts | INFO | 
🟢 <b>🔔 REAL-TIME HIGH-CONVICTION SIGNAL - ADANIENSOL CALL</b>

📊 Conf: 10.0/10 | R:R: 1:11.98

🎯 <b>Strike:</b> 251000 (ATM)
🎯 <b>Entry Spot:</b> ₹978.6
⬆️ <b>Target Spot:</b> ₹1037.3
⬇️ <b>Stop Spot:</b> ₹973.7
💰 Live Premium: ₹22.7 (Lots: 0)

2025-12-04 14:16:54 | alerts | INFO | 
🟢 <b>✅ TRADE EXECUTED (PAPER) - ADANIENSOL CALL</b>

📊 Conf: 10.0/10 | R:R: 1:11.98

🎯 <b>Strike:</b> 251000 (ATM)
🎯 <b>Entry Spot:</b> ₹978.6
⬆️ <b>Target Spot:</b> ₹1037.3
⬇️ <b>Stop Spot:</b> ₹973.7
📦 Lots: 31 | Cost: ₹474,998

2025-12-04 14:16:58 | alerts | INFO | 
🔴 <b>🔔 REAL-TIME HIGH-CONVICTION SIGNAL - ADANIGREEN PUT</b>

📊 Conf: 10.0/10 | R:R: 1:11.96

🎯 <b>Strike:</b> 251000 (ATM)
🎯 <b>Entry Spot:</b> ₹1016.0
⬆️ <b>Target Spot:</b> ₹955.0
⬇️ <b>Stop Spot:</b> ₹1021.1
💰 Live Premium: ₹24.2 (Lots: 0)

2025-12-04 14:17:02 | alerts | INFO | 
🔴 <b>✅ TRADE EXECUTED (PAPER) - ADANIGREEN PUT</b>

📊 Conf: 10.0/10 | R:R: 1:11.96

🎯 <b>Strike:</b> 251000 (ATM)
🎯 <b>Entry Spot:</b> ₹1016.0
⬆️ <b>Target Spot:</b> ₹955.0
⬇️ <b>Stop Spot:</b> ₹1021.1
📦 Lots: 1 | Cost: ₹14,520

2025-12-04 14:17:09 | alerts | INFO | 
🟢 <b>🔔 REAL-TIME HIGH-CONVICTION SIGNAL - ADANIPORTS CALL</b>

📊 Conf: 8.9/10 | R:R: 1:12.07

🎯 <b>Strike:</b> 251500 (ATM)
🎯 <b>Entry Spot:</b> ₹1507.7
⬆️ <b>Target Spot:</b> ₹1598.2
⬇️ <b>Stop Spot:</b> ₹1500.2
💰 Live Premium: ₹39.2 (Lots: 0)

2025-12-04 14:17:18 | alerts | INFO | 
🔴 <b>🔔 REAL-TIME HIGH-CONVICTION SIGNAL - ALKEM PUT</b>

📊 Conf: 10.0/10 | R:R: 1:12.02

🎯 <b>Strike:</b> 255700 (ATM)
🎯 <b>Entry Spot:</b> ₹5669.0
⬆️ <b>Target Spot:</b> ₹5328.9
⬇️ <b>Stop Spot:</b> ₹5697.3
💰 Live Premium: ₹107.0 (Lots: 0)

2025-12-04 14:17:25 | alerts | INFO | 
🔴 <b>🔔 REAL-TIME HIGH-CONVICTION SIGNAL - AMBER PUT</b>

📊 Conf: 8.9/10 | R:R: 1:12.02

🎯 <b>Strike:</b> 256900 (ATM)
🎯 <b>Entry Spot:</b> ₹6869.5
⬆️ <b>Target Spot:</b> ₹6457.3
⬇️ <b>Stop Spot:</b> ₹6903.8
💰 Live Premium: ₹265.1 (Lots: 0)

2025-12-04 14:17:46 | alerts | INFO | 
🟢 <b>🔔 REAL-TIME HIGH-CONVICTION SIGNAL - ASTRAL CALL</b>

📊 Conf: 8.9/10 | R:R: 1:12.04

🎯 <b>Strike:</b> 251440 (ATM)
🎯 <b>Entry Spot:</b> ₹1444.4
⬆️ <b>Target Spot:</b> ₹1531.1
⬇️ <b>Stop Spot:</b> ₹1437.2
💰 Live Premium: ₹39.3 (Lots: 0)

2025-12-04 14:23:08 | alerts | INFO | 🛑 <b>AUTOMATIC SCHEDULER STOPPED</b>
2025-12-04 14:23:55 | alerts | INFO | 🤖 <b>CONTINUOUS PAPER TRADER STARTED</b>
2025-12-04 14:28:39 | alerts | INFO | 
🔴 <b>🔔 REAL-TIME HIGH-CONVICTION SIGNAL - ADANIGREEN PUT</b>

📊 Conf: 9.5/10 | R:R: 1:11.94

🎯 <b>Strike:</b> 251000 (ATM)
🎯 <b>Entry Spot:</b> ₹1014.3
⬆️ <b>Target Spot:</b> ₹953.4
⬇️ <b>Stop Spot:</b> ₹1019.4
💰 Live Premium: ₹24.7 (Lots: 0)

2025-12-04 14:28:45 | alerts | INFO | 
🔴 <b>✅ TRADE EXECUTED (PAPER) - ADANIGREEN PUT</b>

📊 Conf: 9.5/10 | R:R: 1:11.94

🎯 <b>Strike:</b> 251000 (ATM)
🎯 <b>Entry Spot:</b> ₹1014.3
⬆️ <b>Target Spot:</b> ₹953.4
⬇️ <b>Stop Spot:</b> ₹1019.4
📦 Lots: 9 | Cost: ₹133,380

2025-12-04 14:28:49 | alerts | INFO | 
🔴 <b>🔔 REAL-TIME HIGH-CONVICTION SIGNAL - ALKEM PUT</b>

📊 Conf: 9.5/10 | R:R: 1:12.02

🎯 <b>Strike:</b> 255700 (ATM)
🎯 <b>Entry Spot:</b> ₹5668.0
⬆️ <b>Target Spot:</b> ₹5327.9
⬇️ <b>Stop Spot:</b> ₹5696.3
💰 Live Premium: ₹107.0 (Lots: 0)

2025-12-04 14:28:54 | alerts | INFO | 
🔴 <b>✅ TRADE EXECUTED (PAPER) - ALKEM PUT</b>

📊 Conf: 9.5/10 | R:R: 1:12.02

🎯 <b>Strike:</b> 255700 (ATM)
🎯 <b>Entry Spot:</b> ₹5668.0
⬆️ <b>Target Spot:</b> ₹5327.9
⬇️ <b>Stop Spot:</b> ₹5696.3
📦 Lots: 6 | Cost: ₹80,250

2025-12-04 14:29:00 | alerts | INFO | 
🔴 <b>🔔 REAL-TIME HIGH-CONVICTION SIGNAL - BANDHANBNK PUT</b>

📊 Conf: 9.5/10 | R:R: 1:11.84

🎯 <b>Strike:</b> 25150 (ATM)
🎯 <b>Entry Spot:</b> ₹146.4
⬆️ <b>Target Spot:</b> ₹137.6
⬇️ <b>Stop Spot:</b> ₹147.1
💰 Live Premium: ₹5.8 (Lots: 0)

2025-12-04 14:29:05 | alerts | INFO | 
🔴 <b>✅ TRADE EXECUTED (PAPER) - BANDHANBNK PUT</b>

📊 Conf: 9.5/10 | R:R: 1:11.84

🎯 <b>Strike:</b> 25150 (ATM)
🎯 <b>Entry Spot:</b> ₹146.4
⬆️ <b>Target Spot:</b> ₹137.6
⬇️ <b>Stop Spot:</b> ₹147.1
📦 Lots: 9 | Cost: ₹186,300

2025-12-04 14:29:40 | alerts | INFO | 
🟢 <b>🔔 REAL-TIME HIGH-CONVICTION SIGNAL - HAVELLS CALL</b>

📊 Conf: 9.5/10 | R:R: 1:11.93

🎯 <b>Strike:</b> 251440 (ATM)
🎯 <b>Entry Spot:</b> ₹1431.1
⬆️ <b>Target Spot:</b> ₹1517.0
⬇️ <b>Stop Spot:</b> ₹1423.9
💰 Live Premium: ₹23.6 (Lots: 0)

2025-12-04 14:29:45 | alerts | INFO | 
🟢 <b>✅ TRADE EXECUTED (PAPER) - HAVELLS CALL</b>

📊 Conf: 9.5/10 | R:R: 1:11.93

🎯 <b>Strike:</b> 251440 (ATM)
🎯 <b>Entry Spot:</b> ₹1431.1
⬆️ <b>Target Spot:</b> ₹1517.0
⬇️ <b>Stop Spot:</b> ₹1423.9
📦 Lots: 8 | Cost: ₹94,400

2025-12-04 14:29:56 | alerts | INFO | 
🟢 <b>🔔 REAL-TIME HIGH-CONVICTION SIGNAL - HDFCAMC CALL</b>

📊 Conf: 9.5/10 | R:R: 1:11.98

🎯 <b>Strike:</b> 252600 (ATM)
🎯 <b>Entry Spot:</b> ₹2595.6
⬆️ <b>Target Spot:</b> ₹2751.3
⬇️ <b>Stop Spot:</b> ₹2582.6
💰 Live Premium: ₹61.0 (Lots: 0)

2025-12-04 14:30:08 | alerts | INFO | 
🟢 <b>🔔 REAL-TIME HIGH-CONVICTION SIGNAL - HDFCLIFE CALL</b>

📊 Conf: 9.5/10 | R:R: 1:11.95

🎯 <b>Strike:</b> 25750 (ATM)
🎯 <b>Entry Spot:</b> ₹756.0
⬆️ <b>Target Spot:</b> ₹801.4
⬇️ <b>Stop Spot:</b> ₹752.2
💰 Live Premium: ₹18.5 (Lots: 0)

2025-12-04 14:40:05 | alerts | INFO | 🛑 <b>AUTOMATIC SCHEDULER STOPPED</b>
2025-12-04 14:46:31 | alerts | INFO | 🤖 <b>CONTINUOUS PAPER TRADER STARTED</b>
2025-12-04 14:50:41 | alerts | INFO | 
🔴 <b>OPTION POSITION CLOSED</b>

<b>ABCAPITAL PUT 25350</b>

💰 Entry: ₹9.3
💰 Exit: ₹8.5
📊 P&L: ₹-7,440 (-8.6%)

🎯 Reason: TIME EXIT

2025-12-04 15:07:56 | alerts | INFO | 
🟢 <b>OPTION POSITION CLOSED</b>

<b>ALKEM PUT 255700</b>

💰 Entry: ₹106.0
💰 Exit: ₹107.0
📊 P&L: ₹750 (+0.9%)

🎯 Reason: MANUAL EXIT

2025-12-04 15:24:51 | alerts | INFO | 🛑 <b>AUTOMATIC SCHEDULER STOPPED</b>
2025-12-04 15:24:53 | alerts | INFO | 🛑 <b>AUTOMATIC SCHEDULER STOPPED</b>
2025-12-04 15:34:58 | alerts | INFO | 🛑 <b>AUTOMATIC SCHEDULER STOPPED</b>
2025-12-04 17:38:56 | alerts | INFO | 🤖 <b>CONTINUOUS PAPER TRADER STARTED</b>
2025-12-04 17:39:53 | alerts | INFO | 
🔴 <b>🔔 REAL-TIME HIGH-CONVICTION SIGNAL - GOLDM PUT</b>

📊 Conf: 8.5/10 | R:R: 1:8.48

🎯 <b>Strike:</b> 128574 (ATM)
🎯 <b>Entry Spot:</b> ₹127300.0
⬆️ <b>Target Spot:</b> ₹121903.3
⬇️ <b>Stop Spot:</b> ₹127936.5
💰 Live Premium: ₹128574.0 (Lots: 0)

2025-12-04 17:39:59 | alerts | INFO | 
🔴 <b>🔔 REAL-TIME HIGH-CONVICTION SIGNAL - GOLDM PUT</b>

📊 Conf: 8.5/10 | R:R: 1:8.48

🎯 <b>Strike:</b> 0 (ATM)
🎯 <b>Entry Spot:</b> ₹127300.0
⬆️ <b>Target Spot:</b> ₹121903.3
⬇️ <b>Stop Spot:</b> ₹127936.5
💰 Live Premium: ₹128574.0 (Lots: 3)

2025-12-04 17:40:03 | alerts | INFO | 
🔴 <b>🔔 REAL-TIME HIGH-CONVICTION SIGNAL - NATGASMINI PUT</b>

📊 Conf: 8.5/10 | R:R: 1:8.68

🎯 <b>Strike:</b> 450 (ATM)
🎯 <b>Entry Spot:</b> ₹449.9
⬆️ <b>Target Spot:</b> ₹430.8
⬇️ <b>Stop Spot:</b> ₹452.1
💰 Live Premium: ₹449.8 (Lots: 0)

2025-12-04 17:40:09 | alerts | INFO | 
🔴 <b>🔔 REAL-TIME HIGH-CONVICTION SIGNAL - NATGASMINI PUT</b>

📊 Conf: 8.5/10 | R:R: 1:8.68

🎯 <b>Strike:</b> 0 (ATM)
🎯 <b>Entry Spot:</b> ₹449.9
⬆️ <b>Target Spot:</b> ₹430.8
⬇️ <b>Stop Spot:</b> ₹452.1
💰 Live Premium: ₹449.9 (Lots: 227)

2025-12-04 17:44:59 | alerts | INFO | 
🔴 <b>🔔 REAL-TIME HIGH-CONVICTION SIGNAL - GOLDTEN PUT</b>

📊 Conf: 8.5/10 | R:R: 1:8.48

🎯 <b>Strike:</b> 128996 (ATM)
🎯 <b>Entry Spot:</b> ₹128956.0
⬆️ <b>Target Spot:</b> ₹123489.1
⬇️ <b>Stop Spot:</b> ₹129600.8
💰 Live Premium: ₹128996.0 (Lots: 0)

2025-12-04 18:00:02 | alerts | INFO | 
🔴 <b>🔔 REAL-TIME HIGH-CONVICTION SIGNAL - GOLDPETAL PUT</b>

📊 Conf: 8.5/10 | R:R: 1:8.47

🎯 <b>Strike:</b> 13033 (ATM)
🎯 <b>Entry Spot:</b> ₹13031.0
⬆️ <b>Target Spot:</b> ₹12478.6
⬇️ <b>Stop Spot:</b> ₹13096.2
💰 Live Premium: ₹13033.0 (Lots: 0)

2025-12-04 18:04:01 | alerts | INFO | 🛑 <b>AUTOMATIC SCHEDULER STOPPED</b>
2025-12-04 18:04:02 | alerts | INFO | 🛑 **FATAL STOP: MAX DAILY LOSS HIT** 🛑
Loss Limit: 1.5% (₹7,500)
Current Loss: ₹7,548
All trading has been halted.
2025-12-04 18:37:46 | alerts | INFO | 🛑 <b>AUTOMATIC SCHEDULER STOPPED</b>
2025-12-04 18:38:09 | alerts | INFO | 🤖 <b>CONTINUOUS PAPER TRADER STARTED</b>
2025-12-04 18:39:01 | alerts | INFO | 🛑 <b>AUTOMATIC SCHEDULER STOPPED</b>
2025-12-04 18:39:04 | alerts | INFO | 🤖 <b>CONTINUOUS PAPER TRADER STARTED</b>
2025-12-04 18:39:14 | alerts | INFO | 
🔴 <b>COMMODITY POSITION CLOSED</b>

<b>GOLDM FUTURES</b>

💰 Entry: ₹128574.0
💰 Exit: ₹128335.0
📊 P&L: ₹-717 (-0.2%)

🎯 Reason: TIME EXIT

2025-12-04 18:54:10 | alerts | INFO | 
🔴 <b>🔔 REAL-TIME HIGH-CONVICTION SIGNAL - GOLDGUINEA PUT</b>

📊 Conf: 8.5/10 | R:R: 1:8.48

🎯 <b>Strike:</b> 103980 (ATM)
🎯 <b>Entry Spot:</b> ₹103904.0
⬆️ <b>Target Spot:</b> ₹99499.1
⬇️ <b>Stop Spot:</b> ₹104423.5
💰 Live Premium: ₹103980.0 (Lots: 0)

2025-12-04 18:54:11 | alerts | INFO | 🛑 <b>AUTOMATIC SCHEDULER STOPPED</b>
2025-12-04 18:54:15 | alerts | INFO | 
🔴 <b>🔔 REAL-TIME HIGH-CONVICTION SIGNAL - GOLDPETAL PUT</b>

📊 Conf: 8.5/10 | R:R: 1:8.48

🎯 <b>Strike:</b> 13030 (ATM)
🎯 <b>Entry Spot:</b> ₹13027.0
⬆️ <b>Target Spot:</b> ₹12474.7
⬇️ <b>Stop Spot:</b> ₹13092.1
💰 Live Premium: ₹13030.0 (Lots: 0)

2025-12-04 18:54:16 | alerts | INFO | 🛑 <b>AUTOMATIC SCHEDULER STOPPED</b>
2025-12-04 18:54:20 | alerts | INFO | 
🔴 <b>🔔 REAL-TIME HIGH-CONVICTION SIGNAL - SILVERM PUT</b>

📊 Conf: 8.5/10 | R:R: 1:8.48

🎯 <b>Strike:</b> 179855 (ATM)
🎯 <b>Entry Spot:</b> ₹179897.0
⬆️ <b>Target Spot:</b> ₹172270.5
⬇️ <b>Stop Spot:</b> ₹180796.5
💰 Live Premium: ₹179855.0 (Lots: 0)

2025-12-04 18:54:20 | alerts | INFO | 🛑 <b>AUTOMATIC SCHEDULER STOPPED</b>
2025-12-04 18:54:30 | alerts | INFO | 
🔴 <b>COMMODITY POSITION CLOSED</b>

<b>NATGASMINI FUTURES</b>

💰 Entry: ₹449.9
💰 Exit: ₹449.4
📊 P&L: ₹-114 (-0.1%)

🎯 Reason: TIME EXIT

2025-12-05 10:03:43 | alerts | INFO | 🛑 <b>AUTOMATIC SCHEDULER STOPPED</b>
2025-12-05 10:03:55 | alerts | INFO | 🤖 <b>CONTINUOUS PAPER TRADER STARTED</b>
2025-12-05 10:05:02 | alerts | INFO | 🛑 <b>AUTOMATIC SCHEDULER STOPPED</b>
2025-12-05 10:05:19 | alerts | INFO | 🤖 <b>CONTINUOUS PAPER TRADER STARTED</b>
2025-12-05 10:11:55 | alerts | INFO | 🛑 <b>AUTOMATIC SCHEDULER STOPPED</b>
2025-12-05 10:12:19 | alerts | INFO | 🤖 <b>CONTINUOUS PAPER TRADER STARTED</b>
2025-12-05 13:47:31 | alerts | INFO | 
🟢 <b>🔔 REAL-TIME HIGH-CONVICTION SIGNAL - ABCAPITAL CALL</b>

📊 Conf: 8.9/10 | R:R: 1:11.94

🎯 <b>Strike:</b> 25350 (ATM)
🎯 <b>Entry Spot:</b> ₹357.8
⬆️ <b>Target Spot:</b> ₹379.3
⬇️ <b>Stop Spot:</b> ₹356.0
💰 Live Premium: ₹15.5 (Lots: 0)

2025-12-05 13:47:37 | alerts | INFO | 
🟢 <b>✅ TRADE EXECUTED (PAPER) - ABCAPITAL CALL</b>

📊 Conf: 8.9/10 | R:R: 1:11.94

🎯 <b>Strike:</b> 25350 (ATM)
🎯 <b>Entry Spot:</b> ₹357.8
⬆️ <b>Target Spot:</b> ₹379.3
⬇️ <b>Stop Spot:</b> ₹356.0
📦 Lots: 9 | Cost: ₹432,450

2025-12-05 13:47:42 | alerts | INFO | 
🟢 <b>🔔 REAL-TIME HIGH-CONVICTION SIGNAL - ADANIENSOL CALL</b>

📊 Conf: 10.0/10 | R:R: 1:11.92

🎯 <b>Strike:</b> 25950 (ATM)
🎯 <b>Entry Spot:</b> ₹973.2
⬆️ <b>Target Spot:</b> ₹1031.6
⬇️ <b>Stop Spot:</b> ₹968.3
💰 Live Premium: ₹44.5 (Lots: 0)

2025-12-05 13:47:48 | alerts | INFO | 
🟢 <b>✅ TRADE EXECUTED (PAPER) - ADANIENSOL CALL</b>

📊 Conf: 10.0/10 | R:R: 1:11.92

🎯 <b>Strike:</b> 25950 (ATM)
🎯 <b>Entry Spot:</b> ₹973.2
⬆️ <b>Target Spot:</b> ₹1031.6
⬇️ <b>Stop Spot:</b> ₹968.3
📦 Lots: 1 | Cost: ₹30,038

2025-12-05 13:47:57 | alerts | INFO | 
🟢 <b>🔔 REAL-TIME HIGH-CONVICTION SIGNAL - ADANIENT CALL</b>

📊 Conf: 8.9/10 | R:R: 1:11.97

🎯 <b>Strike:</b> 2522492 (ATM)
🎯 <b>Entry Spot:</b> ₹2255.1
⬆️ <b>Target Spot:</b> ₹2390.4
⬇️ <b>Stop Spot:</b> ₹2243.8
💰 Live Premium: ₹74.0 (Lots: 0)

2025-12-05 13:48:02 | alerts | INFO | 
🟢 <b>✅ TRADE EXECUTED (PAPER) - ADANIENT CALL</b>

📊 Conf: 8.9/10 | R:R: 1:11.97

🎯 <b>Strike:</b> 2522492 (ATM)
🎯 <b>Entry Spot:</b> ₹2255.1
⬆️ <b>Target Spot:</b> ₹2390.4
⬇️ <b>Stop Spot:</b> ₹2243.8
📦 Lots: 1 | Cost: ₹22,851

2025-12-05 13:48:32 | alerts | INFO | 
🔴 <b>🔔 REAL-TIME HIGH-CONVICTION SIGNAL - AMBER PUT</b>

📊 Conf: 8.9/10 | R:R: 1:7.51

🎯 <b>Strike:</b> 256400 (ATM)
🎯 <b>Entry Spot:</b> ₹6397.5
⬆️ <b>Target Spot:</b> ₹6013.6
⬇️ <b>Stop Spot:</b> ₹6448.6
💰 Live Premium: ₹227.0 (Lots: 0)

2025-12-05 13:52:59 | alerts | INFO | 
🔴 <b>🔔 REAL-TIME HIGH-CONVICTION SIGNAL - FORTIS PUT</b>

📊 Conf: 10.0/10 | R:R: 1:12.14

🎯 <b>Strike:</b> 25900 (ATM)
🎯 <b>Entry Spot:</b> ₹889.8
⬆️ <b>Target Spot:</b> ₹836.4
⬇️ <b>Stop Spot:</b> ₹894.2
💰 Live Premium: ₹24.8 (Lots: 0)

2025-12-05 13:53:00 | alerts | INFO | 🛑 <b>AUTOMATIC SCHEDULER STOPPED</b>
2025-12-05 13:53:01 | alerts | INFO | 🛑 **FATAL STOP: MAX DAILY LOSS HIT** 🛑
Loss Limit: 1.5% (₹7,500)
Current Loss: ₹13,719
All trading has been halted.
2025-12-05 14:07:45 | alerts | INFO | 🛑 <b>AUTOMATIC SCHEDULER STOPPED</b>
2025-12-05 14:07:45 | alerts | INFO | 🤖 <b>CONTINUOUS PAPER TRADER STARTED</b>
2025-12-05 14:07:49 | alerts | INFO | 🛑 **FATAL STOP: MAX DAILY LOSS HIT** 🛑
Loss Limit: 1.5% (₹7,500)
Current Loss: ₹11,130
All trading has been halted.
2025-12-05 14:13:15 | alerts | INFO | 🛑 <b>AUTOMATIC SCHEDULER STOPPED</b>
2025-12-05 14:14:00 | alerts | INFO | 🤖 <b>CONTINUOUS PAPER TRADER STARTED</b>
2025-12-05 14:22:39 | alerts | INFO | 🛑 <b>AUTOMATIC SCHEDULER STOPPED</b>
2025-12-05 14:22:47 | alerts | INFO | 🤖 <b>CONTINUOUS PAPER TRADER STARTED</b>
2025-12-05 14:43:26 | alerts | INFO | 🛑 <b>AUTOMATIC SCHEDULER STOPPED</b>
2025-12-05 14:43:36 | alerts | INFO | 🤖 <b>CONTINUOUS PAPER TRADER STARTED</b>
2025-12-05 14:48:18 | alerts | INFO | 
🔴 <b>🔔 REAL-TIME HIGH-CONVICTION SIGNAL - AMBUJACEM PUT</b>

📊 Conf: 9.5/10 | R:R: 1:11.85

🎯 <b>Strike:</b> 25550 (ATM)
🎯 <b>Entry Spot:</b> ₹533.3
⬆️ <b>Target Spot:</b> ₹501.3
⬇️ <b>Stop Spot:</b> ₹536.0
💰 Live Premium: ₹19.0 (Lots: 0)

2025-12-05 14:48:22 | alerts | INFO | 
🔴 <b>✅ TRADE EXECUTED (PAPER) - AMBUJACEM PUT</b>

📊 Conf: 9.5/10 | R:R: 1:11.85

🎯 <b>Strike:</b> 25550 (ATM)
🎯 <b>Entry Spot:</b> ₹533.3
⬆️ <b>Target Spot:</b> ₹501.3
⬇️ <b>Stop Spot:</b> ₹536.0
📦 Lots: 9 | Cost: ₹179,550

2025-12-05 14:48:27 | alerts | INFO | 
🔴 <b>🔔 REAL-TIME HIGH-CONVICTION SIGNAL - APLAPOLLO PUT</b>

📊 Conf: 9.5/10 | R:R: 1:12.05

🎯 <b>Strike:</b> 251760 (ATM)
🎯 <b>Entry Spot:</b> ₹1766.6
⬆️ <b>Target Spot:</b> ₹1660.6
⬇️ <b>Stop Spot:</b> ₹1775.4
💰 Live Premium: ₹24.6 (Lots: 0)

2025-12-05 14:48:31 | alerts | INFO | 
🔴 <b>✅ TRADE EXECUTED (PAPER) - APLAPOLLO PUT</b>

📊 Conf: 9.5/10 | R:R: 1:12.05

🎯 <b>Strike:</b> 251760 (ATM)
🎯 <b>Entry Spot:</b> ₹1766.6
⬆️ <b>Target Spot:</b> ₹1660.6
⬇️ <b>Stop Spot:</b> ₹1775.4
📦 Lots: 9 | Cost: ₹77,332

2025-12-05 14:48:44 | alerts | INFO | 
🔴 <b>🔔 REAL-TIME HIGH-CONVICTION SIGNAL - DRREDDY PUT</b>

📊 Conf: 9.5/10 | R:R: 1:11.95

🎯 <b>Strike:</b> 251300 (ATM)
🎯 <b>Entry Spot:</b> ₹1275.4
⬆️ <b>Target Spot:</b> ₹1198.9
⬇️ <b>Stop Spot:</b> ₹1281.8
💰 Live Premium: ₹31.4 (Lots: 0)

2025-12-05 14:48:49 | alerts | INFO | 
🔴 <b>✅ TRADE EXECUTED (PAPER) - DRREDDY PUT</b>

📊 Conf: 9.5/10 | R:R: 1:11.95

🎯 <b>Strike:</b> 251300 (ATM)
🎯 <b>Entry Spot:</b> ₹1275.4
⬆️ <b>Target Spot:</b> ₹1198.9
⬇️ <b>Stop Spot:</b> ₹1281.8
📦 Lots: 6 | Cost: ₹117,750

2025-12-05 14:58:38 | alerts | INFO | 
🔴 <b>🔔 REAL-TIME HIGH-CONVICTION SIGNAL - ABB PUT</b>

📊 Conf: 9.5/10 | R:R: 1:12.02

🎯 <b>Strike:</b> 255200 (ATM)
🎯 <b>Entry Spot:</b> ₹5150.0
⬆️ <b>Target Spot:</b> ₹4841.0
⬇️ <b>Stop Spot:</b> ₹5175.7
💰 Live Premium: ₹117.0 (Lots: 0)

2025-12-05 14:58:42 | alerts | INFO | 
🔴 <b>✅ TRADE EXECUTED (PAPER) - ABB PUT</b>

📊 Conf: 9.5/10 | R:R: 1:12.02

🎯 <b>Strike:</b> 255200 (ATM)
🎯 <b>Entry Spot:</b> ₹5150.0
⬆️ <b>Target Spot:</b> ₹4841.0
⬇️ <b>Stop Spot:</b> ₹5175.7
📦 Lots: 8 | Cost: ₹117,000

2025-12-05 15:01:02 | alerts | INFO | 🛑 <b>AUTOMATIC SCHEDULER STOPPED</b>
2025-12-05 15:01:53 | alerts | INFO | 🤖 <b>CONTINUOUS PAPER TRADER STARTED</b>
2025-12-05 15:01:53 | alerts | INFO | 🛑 <b>AUTOMATIC SCHEDULER STOPPED</b>
2025-12-05 15:01:54 | alerts | INFO | 🛑 **FATAL STOP: MAX DAILY LOSS HIT** 🛑
Loss Limit: 1.5% (₹7,500)
Current Loss: ₹9,562
All trading has been halted.
2025-12-05 16:33:08 | alerts | INFO | 🛑 <b>AUTOMATIC SCHEDULER STOPPED</b>
2025-12-05 16:50:59 | alerts | INFO | 🤖 <b>CONTINUOUS PAPER TRADER STARTED</b>
2025-12-05 16:53:43 | alerts | INFO | 🤖 <b>CONTINUOUS PAPER TRADER STARTED</b>
2025-12-05 16:54:08 | alerts | INFO | 🛑 <b>AUTOMATIC SCHEDULER STOPPED</b>
2025-12-05 16:54:23 | alerts | INFO | 🛑 <b>AUTOMATIC SCHEDULER STOPPED</b>
2025-12-05 16:54:48 | alerts | INFO | 🤖 <b>CONTINUOUS PAPER TRADER STARTED</b>
2025-12-05 16:56:47 | alerts | INFO | 🤖 <b>CONTINUOUS PAPER TRADER STARTED</b>
2025-12-05 16:58:50 | alerts | INFO | 🛑 <b>AUTOMATIC SCHEDULER STOPPED</b>
2025-12-05 16:59:02 | alerts | INFO | 🤖 <b>CONTINUOUS PAPER TRADER STARTED</b>
2025-12-05 16:59:24 | alerts | INFO | 🤖 <b>CONTINUOUS PAPER TRADER STARTED</b>
2025-12-05 16:59:39 | alerts | INFO | 🛑 <b>AUTOMATIC SCHEDULER STOPPED</b>
2025-12-05 16:59:41 | alerts | INFO | 🤖 <b>CONTINUOUS PAPER TRADER STARTED</b>
2025-12-05 16:59:43 | alerts | INFO | 🛑 <b>AUTOMATIC SCHEDULER STOPPED</b>
2025-12-05 17:33:53 | alerts | INFO | 🤖 <b>CONTINUOUS PAPER TRADER STARTED</b>
2025-12-05 17:52:54 | alerts | INFO | 🤖 <b>CONTINUOUS PAPER TRADER STARTED</b>
2025-12-05 18:03:52 | alerts | INFO | 🤖 <b>CONTINUOUS PAPER TRADER STARTED</b>
2025-12-05 18:04:35 | alerts | INFO | 🤖 <b>CONTINUOUS PAPER TRADER STARTED</b>
2025-12-05 18:06:21 | alerts | INFO | 🤖 <b>CONTINUOUS PAPER TRADER STARTED</b>
2025-12-05 23:35:03 | alerts | INFO | 🤖 <b>CONTINUOUS PAPER TRADER STARTED</b>
2025-12-05 23:37:46 | alerts | INFO | 🤖 <b>CONTINUOUS PAPER TRADER STARTED</b>
2025-12-05 23:39:07 | alerts | INFO | 🤖 <b>CONTINUOUS PAPER TRADER STARTED</b>
2025-12-05 23:48:43 | alerts | INFO | 🤖 <b>CONTINUOUS PAPER TRADER STARTED</b>
2025-12-05 23:49:54 | alerts | INFO | 🤖 <b>CONTINUOUS PAPER TRADER STARTED</b>
2025-12-06 00:53:18 | alerts | INFO | 🤖 <b>CONTINUOUS PAPER TRADER STARTED</b>
2025-12-06 00:53:53 | alerts | INFO | 🤖 <b>CONTINUOUS PAPER TRADER STARTED</b>
2025-12-08 12:37:11 | alerts | INFO | 🤖 <b>CONTINUOUS PAPER TRADER STARTED</b>
2025-12-08 12:37:33 | alerts | INFO | 🛑 <b>AUTOMATIC SCHEDULER STOPPED</b>
2025-12-08 12:43:55 | alerts | INFO | 🤖 <b>CONTINUOUS LIVE TRADER STARTED</b>
2025-12-08 12:46:07 | alerts | INFO | 🤖 <b>CONTINUOUS PAPER TRADER STARTED</b>
2025-12-08 12:47:27 | alerts | INFO | 🛑 <b>AUTOMATIC SCHEDULER STOPPED</b>
2025-12-08 12:49:33 | alerts | INFO | 🤖 <b>CONTINUOUS PAPER TRADER STARTED</b>
2025-12-08 12:51:08 | alerts | INFO | 🛑 <b>AUTOMATIC SCHEDULER STOPPED</b>
2025-12-08 12:55:12 | alerts | INFO | 🤖 <b>CONTINUOUS PAPER TRADER STARTED</b>
2025-12-08 14:03:40 | alerts | INFO | 🛑 <b>AUTOMATIC SCHEDULER STOPPED</b>
2025-12-10 12:38:53 | alerts | INFO | 🤖 <b>CONTINUOUS PAPER TRADER STARTED</b>
2025-12-10 13:35:32 | alerts | INFO | 
🟢 <b>🔔 REAL-TIME HIGH-CONVICTION SIGNAL - ABB CALL</b>

📊 Conf: 10.0/10 | R:R: 1:12.00

🎯 <b>Strike:</b> 255200 (ATM)
🎯 <b>Entry Spot:</b> ₹5159.5
⬆️ <b>Target Spot:</b> ₹5469.1
⬇️ <b>Stop Spot:</b> ₹5133.7
💰 Live Premium: ₹80.5 (Lots: 0)

2025-12-10 13:35:38 | alerts | INFO | 
🟢 <b>✅ TRADE EXECUTED (PAPER) - ABB CALL</b>

📊 Conf: 10.0/10 | R:R: 1:12.00

🎯 <b>Strike:</b> 255200 (ATM)
🎯 <b>Entry Spot:</b> ₹5159.5
⬆️ <b>Target Spot:</b> ₹5469.1
⬇️ <b>Stop Spot:</b> ₹5133.7
📦 Lots: 47 | Cost: ₹473,231

2025-12-10 13:35:43 | alerts | INFO | 
🔴 <b>🔔 REAL-TIME HIGH-CONVICTION SIGNAL - AMBER PUT</b>

📊 Conf: 10.0/10 | R:R: 1:12.00

🎯 <b>Strike:</b> 256700 (ATM)
🎯 <b>Entry Spot:</b> ₹6659.0
⬆️ <b>Target Spot:</b> ₹6259.5
⬇️ <b>Stop Spot:</b> ₹6692.3
💰 Live Premium: ₹249.8 (Lots: 0)

2025-12-10 13:35:49 | alerts | INFO | 
🔴 <b>✅ TRADE EXECUTED (PAPER) - AMBER PUT</b>

📊 Conf: 10.0/10 | R:R: 1:12.00

🎯 <b>Strike:</b> 256700 (ATM)
🎯 <b>Entry Spot:</b> ₹6659.0
⬆️ <b>Target Spot:</b> ₹6259.5
⬇️ <b>Stop Spot:</b> ₹6692.3
📦 Lots: 1 | Cost: ₹24,985

2025-12-10 13:51:21 | alerts | INFO | 
🟢 <b>🔔 REAL-TIME HIGH-CONVICTION SIGNAL - BIOCON CALL</b>

📊 Conf: 10.0/10 | R:R: 1:12.05

🎯 <b>Strike:</b> 25400 (ATM)
🎯 <b>Entry Spot:</b> ₹381.9
⬆️ <b>Target Spot:</b> ₹404.8
⬇️ <b>Stop Spot:</b> ₹380.0
💰 Live Premium: ₹3.4 (Lots: 0)

2025-12-10 13:51:22 | alerts | INFO | 🛑 <b>AUTOMATIC SCHEDULER STOPPED</b>
2025-12-10 13:51:23 | alerts | INFO | 🛑 **FATAL STOP: MAX DAILY LOSS HIT** 🛑
Loss Limit: 1.5% (₹7,500)
Current Loss: ₹20,429
All trading has been halted.
2025-12-10 14:09:39 | alerts | INFO | 🤖 <b>CONTINUOUS PAPER TRADER STARTED</b>
2025-12-10 14:09:39 | alerts | INFO | 🛑 <b>AUTOMATIC SCHEDULER STOPPED</b>
2025-12-10 14:09:40 | alerts | INFO | 🛑 **FATAL STOP: MAX DAILY LOSS HIT** 🛑
Loss Limit: 1.5% (₹7,500)
Current Loss: ₹38,685
All trading has been halted.
2025-12-10 23:24:26 | alerts | INFO | 🤖 <b>CONTINUOUS PAPER TRADER STARTED</b>
2025-12-11 02:05:17 | alerts | INFO | 🤖 <b>CONTINUOUS PAPER TRADER STARTED</b>
2025-12-11 11:00:56 | alerts | INFO | 🛑 <b>AUTOMATIC SCHEDULER STOPPED</b>
2025-12-11 11:03:14 | alerts | INFO | 🤖 <b>CONTINUOUS PAPER TRADER STARTED</b>
2025-12-11 11:30:08 | alerts | INFO | 🤖 <b>CONTINUOUS PAPER TRADER STARTED</b>
2025-12-11 13:56:49 | alerts | INFO | 🤖 <b>CONTINUOUS PAPER TRADER STARTED</b>
2025-12-11 14:10:53 | alerts | INFO | 🤖 <b>CONTINUOUS PAPER TRADER STARTED</b>
2025-12-11 14:46:27 | alerts | INFO | 🛑 <b>AUTOMATIC SCHEDULER STOPPED</b>
2025-12-11 14:46:39 | alerts | INFO | 🤖 <b>CONTINUOUS PAPER TRADER STARTED</b>
2025-12-11 15:04:30 | alerts | INFO | 🤖 <b>CONTINUOUS PAPER TRADER STARTED</b>
2025-12-11 15:14:47 | alerts | INFO | 🤖 <b>CONTINUOUS PAPER TRADER STARTED</b>
2025-12-11 20:22:17 | alerts | INFO | 🤖 <b>CONTINUOUS PAPER TRADER STARTED</b>
2025-12-12 02:04:39 | alerts | INFO | 🤖 <b>CONTINUOUS PAPER TRADER STARTED</b>
2025-12-12 02:06:06 | alerts | INFO | 🔔 TradingBot Live: Combined alert path test.
2025-12-12 02:06:41 | alerts | INFO | 🔔 Live: pass 1
2025-12-12 02:06:42 | alerts | INFO | 🔔 Live: pass 2
2025-12-12 02:07:30 | alerts | INFO | 🔔 Live: Telegram direct path after sanitize.
2025-12-12 02:07:49 | alerts | INFO | 🤖 <b>CONTINUOUS PAPER TRADER STARTED</b>
2025-12-12 02:07:52 | alerts | INFO | 🤖 <b>CONTINUOUS PAPER TRADER STARTED</b>
2025-12-12 09:43:31 | alerts | INFO | 🤖 <b>CONTINUOUS PAPER TRADER STARTED</b>
2025-12-12 09:46:35 | alerts | INFO | 🛑 <b>AUTOMATIC SCHEDULER STOPPED</b>
2025-12-12 09:47:07 | alerts | INFO | 🤖 <b>CONTINUOUS PAPER TRADER STARTED</b>
2025-12-16 11:36:00 | alerts | INFO | 🤖 <b>CONTINUOUS PAPER TRADER STARTED</b>
2025-12-16 12:25:21 | alerts | INFO | 🤖 <b>CONTINUOUS PAPER TRADER STARTED</b>
2025-12-16 12:27:33 | alerts | INFO | 🤖 <b>CONTINUOUS PAPER TRADER STARTED</b>
2025-12-16 12:32:25 | alerts | INFO | 🤖 <b>CONTINUOUS PAPER TRADER STARTED</b>
2025-12-16 12:32:25 | alerts | INFO | 🛑 **FATAL STOP: MAX DAILY LOSS HIT** 🛑
Loss Limit: 1.5% (₹7,500)
Current Loss: ₹165,265
All trading has been halted.
2025-12-16 12:33:12 | alerts | INFO | 🤖 <b>CONTINUOUS PAPER TRADER STARTED</b>
2025-12-16 12:33:12 | alerts | INFO | 🛑 **FATAL STOP: MAX DAILY LOSS HIT** 🛑
Loss Limit: 1.5% (₹7,500)
Current Loss: ₹165,615
All trading has been halted.
2025-12-16 12:36:28 | alerts | INFO | 🤖 <b>CONTINUOUS PAPER TRADER STARTED</b>
2025-12-16 12:43:17 | alerts | INFO | 🤖 <b>CONTINUOUS PAPER TRADER STARTED</b>
2025-12-16 13:20:05 | alerts | INFO | 🤖 <b>CONTINUOUS PAPER TRADER STARTED</b>
2025-12-16 13:20:05 | alerts | INFO | 🛑 **FATAL STOP: MAX DAILY LOSS HIT** 🛑
Loss Limit: 1.5% (₹7,500)
Current Loss: ₹159,250
All trading has been halted.
2025-12-16 13:25:49 | alerts | INFO | 🤖 <b>CONTINUOUS PAPER TRADER STARTED</b>
2025-12-16 13:32:27 | alerts | INFO | 🤖 <b>CONTINUOUS PAPER TRADER STARTED</b>
2025-12-16 13:36:42 | alerts | INFO | 🤖 <b>CONTINUOUS PAPER TRADER STARTED</b>
2025-12-16 13:39:12 | alerts | INFO | 🤖 <b>CONTINUOUS PAPER TRADER STARTED</b>
2025-12-16 13:43:48 | alerts | INFO | 🤖 <b>CONTINUOUS PAPER TRADER STARTED</b>
2025-12-16 13:45:09 | alerts | INFO | 🛑 <b>AUTOMATIC SCHEDULER STOPPED</b>
2025-12-16 13:47:46 | alerts | INFO | 🛑 <b>AUTOMATIC SCHEDULER STOPPED</b>
2025-12-16 13:48:10 | alerts | INFO | 🤖 <b>CONTINUOUS PAPER TRADER STARTED</b>
2025-12-16 13:51:57 | alerts | INFO | 🛑 <b>AUTOMATIC SCHEDULER STOPPED</b>
2025-12-16 13:52:13 | alerts | INFO | 🤖 <b>CONTINUOUS PAPER TRADER STARTED</b>
2025-12-16 13:56:26 | alerts | INFO | 🛑 <b>AUTOMATIC SCHEDULER STOPPED</b>
2025-12-16 14:02:18 | alerts | INFO | 🤖 <b>CONTINUOUS PAPER TRADER STARTED</b>
2025-12-16 14:13:33 | alerts | INFO | 🤖 <b>CONTINUOUS PAPER TRADER STARTED</b>
2025-12-16 14:47:42 | alerts | INFO | 🤖 <b>CONTINUOUS PAPER TRADER STARTED</b>
2025-12-16 14:47:47 | alerts | INFO | 🛑 <b>AUTOMATIC SCHEDULER STOPPED</b>
2025-12-16 14:48:28 | alerts | INFO | 🤖 <b>CONTINUOUS PAPER TRADER STARTED</b>
2025-12-16 14:48:55 | alerts | INFO | 🤖 <b>CONTINUOUS PAPER TRADER STARTED</b>
2025-12-17 13:52:58 | alerts | INFO | 🤖 <b>CONTINUOUS PAPER TRADER STARTED</b>
2025-12-17 13:57:27 | alerts | INFO | 🤖 <b>CONTINUOUS PAPER TRADER STARTED</b>
2025-12-17 13:58:48 | alerts | INFO | 🤖 <b>CONTINUOUS PAPER TRADER STARTED</b>
2025-12-18 11:04:21 | alerts | INFO | 🤖 <b>CONTINUOUS PAPER TRADER STARTED</b>
2025-12-18 11:11:46 | alerts | INFO | 🤖 <b>CONTINUOUS PAPER TRADER STARTED</b>
2025-12-19 10:44:45 | alerts | INFO | 🤖 <b>CONTINUOUS PAPER TRADER STARTED</b>
2025-12-19 10:46:16 | alerts | INFO | 🤖 <b>CONTINUOUS PAPER TRADER STARTED</b>
2025-12-19 10:48:05 | alerts | INFO | 🤖 <b>CONTINUOUS PAPER TRADER STARTED</b>
2025-12-19 11:41:43 | alerts | INFO | 🤖 <b>CONTINUOUS PAPER TRADER STARTED</b>
2025-12-22 12:26:52 | alerts | INFO | 🤖 <b>CONTINUOUS PAPER TRADER STARTED</b>
2026-01-07 23:43:59 | alerts | INFO | 🤖 <b>CONTINUOUS PAPER TRADER STARTED</b>
2026-01-14 14:57:38 | alerts | INFO | 🤖 <b>CONTINUOUS PAPER TRADER STARTED</b>
2026-01-14 16:11:20 | alerts | INFO | 🤖 <b>CONTINUOUS PAPER TRADER STARTED</b>
2026-01-14 16:46:47 | alerts | INFO | 🤖 <b>CONTINUOUS PAPER TRADER STARTED</b>
2026-01-14 17:22:17 | alerts | INFO | 🤖 <b>CONTINUOUS PAPER TRADER STARTED</b>
2026-01-14 18:51:49 | alerts | INFO | 🤖 <b>CONTINUOUS PAPER TRADER STARTED</b>
2026-01-14 18:53:55 | alerts | INFO | 🤖 <b>CONTINUOUS PAPER TRADER STARTED</b>
2026-01-14 23:07:46 | alerts | INFO | 🤖 <b>CONTINUOUS PAPER TRADER STARTED</b>
2026-01-16 14:53:20 | alerts | INFO | 🤖 <b>CONTINUOUS PAPER TRADER STARTED</b>
2026-01-16 14:55:27 | alerts | INFO | 🤖 <b>CONTINUOUS PAPER TRADER STARTED</b>
2026-01-16 15:10:48 | alerts | INFO | 🤖 <b>CONTINUOUS PAPER TRADER STARTED</b>
2026-01-16 15:22:24 | alerts | INFO | 🤖 <b>CONTINUOUS PAPER TRADER STARTED</b>
2026-01-16 16:29:13 | alerts | INFO | 🤖 <b>CONTINUOUS PAPER TRADER STARTED</b>
2026-01-16 16:49:12 | alerts | INFO | 🤖 <b>CONTINUOUS PAPER TRADER STARTED</b>
2026-01-16 16:51:16 | alerts | INFO | 🤖 <b>CONTINUOUS PAPER TRADER STARTED</b>
2026-01-16 16:56:18 | alerts | INFO | 🤖 <b>CONTINUOUS PAPER TRADER STARTED</b>
2026-01-16 17:01:09 | alerts | INFO | 🤖 <b>CONTINUOUS PAPER TRADER STARTED</b>
2026-01-16 17:04:28 | alerts | INFO | 🤖 <b>CONTINUOUS PAPER TRADER STARTED</b>
2026-01-16 17:08:40 | alerts | INFO | 🤖 <b>CONTINUOUS PAPER TRADER STARTED</b>
2026-01-16 17:10:56 | alerts | INFO | 🤖 <b>CONTINUOUS PAPER TRADER STARTED</b>
2026-01-16 17:18:58 | alerts | INFO | 🤖 <b>CONTINUOUS PAPER TRADER STARTED</b>
2026-01-16 17:53:26 | alerts | INFO | 🤖 <b>CONTINUOUS PAPER TRADER STARTED</b>
2026-01-16 17:55:05 | alerts | INFO | 🤖 <b>CONTINUOUS PAPER TRADER STARTED</b>
2026-01-16 17:56:44 | alerts | INFO | 🤖 <b>CONTINUOUS PAPER TRADER STARTED</b>
2026-01-16 17:58:10 | alerts | INFO | 🤖 <b>CONTINUOUS PAPER TRADER STARTED</b>
2026-01-16 18:00:22 | alerts | INFO | 🤖 <b>CONTINUOUS PAPER TRADER STARTED</b>
2026-01-16 18:23:49 | alerts | INFO | 🤖 <b>CONTINUOUS PAPER TRADER STARTED</b>
2026-01-16 18:28:02 | alerts | INFO | 🤖 <b>CONTINUOUS PAPER TRADER STARTED</b>
2026-01-18 17:44:46 | alerts | INFO | 🤖 <b>CONTINUOUS PAPER TRADER STARTED</b>
2026-01-18 17:47:29 | alerts | INFO | 🤖 <b>CONTINUOUS PAPER TRADER STARTED</b>
2026-01-18 17:50:06 | alerts | INFO | 🤖 <b>CONTINUOUS PAPER TRADER STARTED</b>
2026-01-18 17:50:34 | alerts | INFO | 🤖 <b>CONTINUOUS PAPER TRADER STARTED</b>
2026-01-18 17:51:36 | alerts | INFO | 🤖 <b>CONTINUOUS PAPER TRADER STARTED</b>
2026-01-18 17:53:05 | alerts | INFO | 🤖 <b>CONTINUOUS PAPER TRADER STARTED</b>
2026-01-18 18:03:43 | alerts | INFO | 🤖 <b>CONTINUOUS PAPER TRADER STARTED</b>
2026-01-18 18:06:38 | alerts | INFO | 🤖 <b>CONTINUOUS PAPER TRADER STARTED</b>
2026-01-18 23:06:26 | alerts | INFO | 🤖 <b>CONTINUOUS PAPER TRADER STARTED</b>
2026-01-18 23:24:22 | alerts | INFO | 🤖 <b>CONTINUOUS PAPER TRADER STARTED</b>
2026-01-18 23:26:45 | alerts | INFO | 🤖 <b>CONTINUOUS PAPER TRADER STARTED</b>
2026-01-18 23:27:20 | alerts | INFO | 🤖 <b>CONTINUOUS PAPER TRADER STARTED</b>
2026-01-18 23:27:39 | alerts | INFO | 🛑 <b>AUTOMATIC SCHEDULER STOPPED</b>
2026-01-18 23:28:44 | alerts | INFO | 🤖 <b>CONTINUOUS PAPER TRADER STARTED</b>
2026-01-19 09:50:59 | alerts | INFO | 🛑 <b>AUTOMATIC SCHEDULER STOPPED</b>
2026-01-19 09:51:55 | alerts | INFO | 🤖 <b>CONTINUOUS PAPER TRADER STARTED</b>
2026-01-19 09:52:37 | alerts | INFO | 🛑 <b>AUTOMATIC SCHEDULER STOPPED</b>
2026-01-19 09:52:57 | alerts | INFO | 🤖 <b>CONTINUOUS PAPER TRADER STARTED</b>
2026-01-19 09:56:35 | alerts | INFO | 🤖 <b>CONTINUOUS PAPER TRADER STARTED</b>
2026-01-19 09:56:51 | alerts | INFO | 🛑 <b>AUTOMATIC SCHEDULER STOPPED</b>
2026-01-19 09:57:20 | alerts | INFO | 🤖 <b>CONTINUOUS PAPER TRADER STARTED</b>
2026-01-19 09:59:04 | alerts | INFO | 🤖 <b>CONTINUOUS PAPER TRADER STARTED</b>
2026-01-19 10:02:31 | alerts | INFO | 🛑 <b>AUTOMATIC SCHEDULER STOPPED</b>
2026-01-19 10:04:14 | alerts | INFO | 🤖 <b>CONTINUOUS PAPER TRADER STARTED</b>
2026-01-19 10:53:12 | alerts | INFO | 🛑 <b>AUTOMATIC SCHEDULER STOPPED</b>
2026-01-19 10:53:26 | alerts | INFO | 🤖 <b>CONTINUOUS PAPER TRADER STARTED</b>
2026-01-19 10:58:24 | alerts | INFO | 🤖 <b>CONTINUOUS PAPER TRADER STARTED</b>
2026-01-19 11:02:08 | alerts | INFO | 🤖 <b>CONTINUOUS PAPER TRADER STARTED</b>
2026-01-19 11:08:37 | alerts | INFO | 🤖 <b>CONTINUOUS PAPER TRADER STARTED</b>
2026-01-19 13:48:03 | alerts | INFO | 🛑 <b>AUTOMATIC SCHEDULER STOPPED</b>
2026-01-19 13:48:27 | alerts | INFO | 🤖 <b>CONTINUOUS PAPER TRADER STARTED</b>
2026-01-19 15:08:39 | alerts | INFO | 🤖 <b>CONTINUOUS PAPER TRADER STARTED</b>
2026-01-19 15:20:00 | alerts | INFO | 📋 <b>DAILY AUDIT SUMMARY</b>
Win Rate: 0.0% | Profit Factor: 0.00
Trades Today: 0 | Total Trades: 0
Open Positions: 0 | Exposure: ₹0
Portfolio: ₹50,000 (DD: 0.0%)
API Failures: 0 | Health: HEALTHY
2026-01-19 15:20:00 | alerts | INFO | 📋 <b>DAILY AUDIT SUMMARY</b>
Win Rate: 0.0% | Profit Factor: 0.00
Trades Today: 0 | Total Trades: 0
Open Positions: 0 | Exposure: ₹0
Portfolio: ₹50,000 (DD: 0.0%)
API Failures: 0 | Health: HEALTHY
2026-01-19 15:24:29 | alerts | INFO | 🛑 <b>AUTOMATIC SCHEDULER STOPPED</b>
2026-01-19 15:24:46 | alerts | INFO | 🤖 <b>CONTINUOUS PAPER TRADER STARTED</b>
2026-01-20 09:39:08 | alerts | INFO | 🤖 <b>CONTINUOUS PAPER TRADER STARTED</b>
2026-01-20 14:01:52 | alerts | INFO | 🤖 <b>CONTINUOUS PAPER TRADER STARTED</b>
2026-01-20 22:52:49 | alerts | INFO | 🤖 <b>CONTINUOUS PAPER TRADER STARTED</b>
2026-01-22 08:59:12 | alerts | INFO | 🤖 <b>CONTINUOUS PAPER TRADER STARTED</b>
2026-01-22 13:52:55 | alerts | INFO | 🤖 <b>CONTINUOUS PAPER TRADER STARTED</b>
2026-01-22 13:53:22 | alerts | INFO | 🛑 <b>AUTOMATIC SCHEDULER STOPPED</b>
2026-01-22 13:53:43 | alerts | INFO | 🤖 <b>CONTINUOUS PAPER TRADER STARTED</b>
2026-01-22 15:20:00 | alerts | INFO | 📋 <b>DAILY AUDIT SUMMARY</b>
Win Rate: 0.0% | Profit Factor: 0.00
Trades Today: 0 | Total Trades: 0
Open Positions: 0 | Exposure: ₹0
Portfolio: ₹50,000 (DD: 0.0%)
API Failures: 0 | Health: HEALTHY
2026-01-23 08:16:21 | alerts | INFO | 🛑 <b>AUTOMATIC SCHEDULER STOPPED</b>
2026-01-23 08:17:35 | alerts | INFO | 🤖 <b>CONTINUOUS PAPER TRADER STARTED</b>
2026-01-23 15:20:00 | alerts | INFO | 📋 <b>DAILY AUDIT SUMMARY</b>
Win Rate: 0.0% | Profit Factor: 0.00
Trades Today: 0 | Total Trades: 0
Open Positions: 0 | Exposure: ₹0
Portfolio: ₹50,000 (DD: 0.0%)
API Failures: 0 | Health: HEALTHY
2026-01-24 15:28:26 | alerts | INFO | 📋 <b>DAILY AUDIT SUMMARY</b>
Win Rate: 0.0% | Profit Factor: 0.00
Trades Today: 0 | Total Trades: 0
Open Positions: 0 | Exposure: ₹0
Portfolio: ₹50,000 (DD: 0.0%)
API Failures: 0 | Health: ISSUES: API=API_DISCONNECTED, WS=HEALTHY, MEM=HEALTHY
2026-01-25 15:29:56 | alerts | INFO | 📋 <b>DAILY AUDIT SUMMARY</b>
Win Rate: 0.0% | Profit Factor: 0.00
Trades Today: 0 | Total Trades: 0
Open Positions: 0 | Exposure: ₹0
Portfolio: ₹50,000 (DD: 0.0%)
API Failures: 0 | Health: ISSUES: API=API_DISCONNECTED, WS=HEALTHY, MEM=HEALTHY
2026-01-26 15:33:35 | alerts | INFO | 📋 <b>DAILY AUDIT SUMMARY</b>
Win Rate: 0.0% | Profit Factor: 0.00
Trades Today: 0 | Total Trades: 0
Open Positions: 0 | Exposure: ₹0
Portfolio: ₹50,000 (DD: 0.0%)
API Failures: 0 | Health: ISSUES: API=API_DISCONNECTED, WS=HEALTHY, MEM=HEALTHY
2026-01-27 13:33:13 | alerts | INFO | 🛑 <b>AUTOMATIC SCHEDULER STOPPED</b>
2026-01-27 13:34:30 | alerts | INFO | 🤖 <b>CONTINUOUS PAPER TRADER STARTED</b>
2026-01-27 13:42:33 | alerts | INFO | 
🔴 <b>🔔 REAL-TIME HIGH-CONVICTION SIGNAL - ADANIENSOL PUT</b>

📊 Conf: 7.5/10 | R:R: 1:9.99

🎯 <b>Strike:</b> 26830 (ATM)
🎯 <b>Entry Spot:</b> ₹827.1
⬆️ <b>Target Spot:</b> ₹823.0
⬇️ <b>Stop Spot:</b> ₹832.5
💰 Live Premium: ₹43.6 (Lots: 0)

2026-01-27 13:42:39 | alerts | INFO | 
🔴 <b>🔔 REAL-TIME HIGH-CONVICTION SIGNAL - AMBER PUT</b>

📊 Conf: 7.5/10 | R:R: 1:9.99

🎯 <b>Strike:</b> 265400 (ATM)
🎯 <b>Entry Spot:</b> ₹5434.0
⬆️ <b>Target Spot:</b> ₹5406.8
⬇️ <b>Stop Spot:</b> ₹5461.2
💰 Live Premium: ₹0.0 (Lots: 0)

2026-01-27 13:42:42 | alerts | INFO | 
🔴 <b>🔔 REAL-TIME HIGH-CONVICTION SIGNAL - ASIANPAINT PUT</b>

📊 Conf: 7.5/10 | R:R: 1:9.99

🎯 <b>Strike:</b> 262640 (ATM)
🎯 <b>Entry Spot:</b> ₹2673.8
⬆️ <b>Target Spot:</b> ₹2660.4
⬇️ <b>Stop Spot:</b> ₹2687.2
💰 Live Premium: ₹113.1 (Lots: 0)

2026-01-27 13:42:50 | alerts | INFO | 
🔴 <b>🔔 REAL-TIME HIGH-CONVICTION SIGNAL - ASTRAL PUT</b>

📊 Conf: 7.5/10 | R:R: 1:9.99

🎯 <b>Strike:</b> 261380 (ATM)
🎯 <b>Entry Spot:</b> ₹1383.0
⬆️ <b>Target Spot:</b> ₹1376.1
⬇️ <b>Stop Spot:</b> ₹1389.9
💰 Live Premium: ₹52.4 (Lots: 0)

2026-01-27 13:42:53 | alerts | INFO | 
🔴 <b>🔔 REAL-TIME HIGH-CONVICTION SIGNAL - AUBANK PUT</b>

📊 Conf: 7.5/10 | R:R: 1:9.99

🎯 <b>Strike:</b> 26950 (ATM)
🎯 <b>Entry Spot:</b> ₹946.6
⬆️ <b>Target Spot:</b> ₹941.9
⬇️ <b>Stop Spot:</b> ₹951.3
💰 Live Premium: ₹34.5 (Lots: 0)

2026-01-27 13:42:57 | alerts | INFO | 
🔴 <b>🔔 REAL-TIME HIGH-CONVICTION SIGNAL - AUROPHARMA PUT</b>

📊 Conf: 7.5/10 | R:R: 1:9.99

🎯 <b>Strike:</b> 261120 (ATM)
🎯 <b>Entry Spot:</b> ₹1122.4
⬆️ <b>Target Spot:</b> ₹1116.8
⬇️ <b>Stop Spot:</b> ₹1128.0
💰 Live Premium: ₹47.0 (Lots: 0)

2026-01-27 13:43:04 | alerts | INFO | 
🔴 <b>🔔 REAL-TIME HIGH-CONVICTION SIGNAL - BAJAJHLDNG PUT</b>

📊 Conf: 7.5/10 | R:R: 1:9.99

🎯 <b>Strike:</b> 2610600 (ATM)
🎯 <b>Entry Spot:</b> ₹10538.0
⬆️ <b>Target Spot:</b> ₹10485.3
⬇️ <b>Stop Spot:</b> ₹10590.7
💰 Live Premium: ₹450.0 (Lots: 0)

2026-01-27 13:43:07 | alerts | INFO | 
🔴 <b>🔔 REAL-TIME HIGH-CONVICTION SIGNAL - BAJFINANCE PUT</b>

📊 Conf: 7.5/10 | R:R: 1:9.99

🎯 <b>Strike:</b> 26920 (ATM)
🎯 <b>Entry Spot:</b> ₹915.8
⬆️ <b>Target Spot:</b> ₹911.2
⬇️ <b>Stop Spot:</b> ₹920.3
💰 Live Premium: ₹34.4 (Lots: 0)

2026-01-27 13:43:10 | alerts | INFO | 
🔴 <b>🔔 REAL-TIME HIGH-CONVICTION SIGNAL - BANKNIFTY PUT</b>

📊 Conf: 7.5/10 | R:R: 1:9.99

🎯 <b>Strike:</b> 2651000 (ATM)
🎯 <b>Entry Spot:</b> ₹59.2
⬆️ <b>Target Spot:</b> ₹58.9
⬇️ <b>Stop Spot:</b> ₹59.5
💰 Live Premium: ₹8020.0 (Lots: 0)

2026-01-27 13:43:17 | alerts | INFO | 
🔴 <b>🔔 REAL-TIME HIGH-CONVICTION SIGNAL - BPCL PUT</b>

📊 Conf: 7.5/10 | R:R: 1:9.99

🎯 <b>Strike:</b> 26350 (ATM)
🎯 <b>Entry Spot:</b> ₹354.2
⬆️ <b>Target Spot:</b> ₹352.5
⬇️ <b>Stop Spot:</b> ₹356.1
💰 Live Premium: ₹15.6 (Lots: 0)

2026-01-27 13:43:24 | alerts | INFO | 
🔴 <b>🔔 REAL-TIME HIGH-CONVICTION SIGNAL - BSE PUT</b>

📊 Conf: 7.5/10 | R:R: 1:9.99

🎯 <b>Strike:</b> 262750 (ATM)
🎯 <b>Entry Spot:</b> ₹2746.9
⬆️ <b>Target Spot:</b> ₹2733.2
⬇️ <b>Stop Spot:</b> ₹2760.6
💰 Live Premium: ₹143.9 (Lots: 0)

2026-01-27 13:43:30 | alerts | INFO | 
🔴 <b>🔔 REAL-TIME HIGH-CONVICTION SIGNAL - CANBK PUT</b>

📊 Conf: 7.5/10 | R:R: 1:9.99

🎯 <b>Strike:</b> 26150 (ATM)
🎯 <b>Entry Spot:</b> ₹152.8
⬆️ <b>Target Spot:</b> ₹152.1
⬇️ <b>Stop Spot:</b> ₹153.6
💰 Live Premium: ₹8.6 (Lots: 0)

2026-01-27 13:43:36 | alerts | INFO | 
🔴 <b>🔔 REAL-TIME HIGH-CONVICTION SIGNAL - CIPLA PUT</b>

📊 Conf: 7.5/10 | R:R: 1:9.99

🎯 <b>Strike:</b> 261320 (ATM)
🎯 <b>Entry Spot:</b> ₹1313.7
⬆️ <b>Target Spot:</b> ₹1307.1
⬇️ <b>Stop Spot:</b> ₹1320.3
💰 Live Premium: ₹34.6 (Lots: 0)

2026-01-27 13:43:42 | alerts | INFO | 
🔴 <b>🔔 REAL-TIME HIGH-CONVICTION SIGNAL - DABUR PUT</b>

📊 Conf: 7.5/10 | R:R: 1:9.99

🎯 <b>Strike:</b> 26520 (ATM)
🎯 <b>Entry Spot:</b> ₹515.7
⬆️ <b>Target Spot:</b> ₹513.1
⬇️ <b>Stop Spot:</b> ₹518.3
💰 Live Premium: ₹16.2 (Lots: 0)

2026-01-27 13:43:46 | alerts | INFO | 
🔴 <b>🔔 REAL-TIME HIGH-CONVICTION SIGNAL - DALBHARAT PUT</b>

📊 Conf: 7.5/10 | R:R: 1:9.99

🎯 <b>Strike:</b> 262100 (ATM)
🎯 <b>Entry Spot:</b> ₹2107.5
⬆️ <b>Target Spot:</b> ₹2097.0
⬇️ <b>Stop Spot:</b> ₹2118.0
💰 Live Premium: ₹81.0 (Lots: 0)

2026-01-27 13:43:49 | alerts | INFO | 
🔴 <b>🔔 REAL-TIME HIGH-CONVICTION SIGNAL - DELHIVERY PUT</b>

📊 Conf: 7.5/10 | R:R: 1:9.99

🎯 <b>Strike:</b> 26400 (ATM)
🎯 <b>Entry Spot:</b> ₹396.8
⬆️ <b>Target Spot:</b> ₹394.8
⬇️ <b>Stop Spot:</b> ₹398.8
💰 Live Premium: ₹15.7 (Lots: 0)

2026-01-27 13:43:53 | alerts | INFO | 
🔴 <b>🔔 REAL-TIME HIGH-CONVICTION SIGNAL - DIVISLAB PUT</b>

📊 Conf: 7.5/10 | R:R: 1:9.99

🎯 <b>Strike:</b> 266000 (ATM)
🎯 <b>Entry Spot:</b> ₹6047.0
⬆️ <b>Target Spot:</b> ₹6016.8
⬇️ <b>Stop Spot:</b> ₹6077.2
💰 Live Premium: ₹241.0 (Lots: 0)

2026-01-27 13:43:59 | alerts | INFO | 
🔴 <b>🔔 REAL-TIME HIGH-CONVICTION SIGNAL - DLF PUT</b>

📊 Conf: 7.5/10 | R:R: 1:9.99

🎯 <b>Strike:</b> 26600 (ATM)
🎯 <b>Entry Spot:</b> ₹597.6
⬆️ <b>Target Spot:</b> ₹594.6
⬇️ <b>Stop Spot:</b> ₹600.8
💰 Live Premium: ₹23.8 (Lots: 0)

2026-01-27 13:44:02 | alerts | INFO | 
🔴 <b>🔔 REAL-TIME HIGH-CONVICTION SIGNAL - FEDERALBNK PUT</b>

📊 Conf: 7.5/10 | R:R: 1:9.99

🎯 <b>Strike:</b> 26280 (ATM)
🎯 <b>Entry Spot:</b> ₹282.0
⬆️ <b>Target Spot:</b> ₹280.6
⬇️ <b>Stop Spot:</b> ₹283.4
💰 Live Premium: ₹10.3 (Lots: 0)

2026-01-27 13:44:05 | alerts | INFO | 
🔴 <b>🔔 REAL-TIME HIGH-CONVICTION SIGNAL - FORTIS PUT</b>

📊 Conf: 7.5/10 | R:R: 1:9.99

🎯 <b>Strike:</b> 26830 (ATM)
🎯 <b>Entry Spot:</b> ₹831.8
⬆️ <b>Target Spot:</b> ₹827.6
⬇️ <b>Stop Spot:</b> ₹836.5
💰 Live Premium: ₹0.0 (Lots: 0)

2026-01-27 13:44:12 | alerts | INFO | 
🔴 <b>🔔 REAL-TIME HIGH-CONVICTION SIGNAL - GLENMARK PUT</b>

📊 Conf: 7.5/10 | R:R: 1:9.99

🎯 <b>Strike:</b> 261980 (ATM)
🎯 <b>Entry Spot:</b> ₹1975.1
⬆️ <b>Target Spot:</b> ₹1965.2
⬇️ <b>Stop Spot:</b> ₹1985.0
💰 Live Premium: ₹79.2 (Lots: 0)

2026-01-27 13:44:16 | alerts | INFO | 
🔴 <b>🔔 REAL-TIME HIGH-CONVICTION SIGNAL - GODREJPROP PUT</b>

📊 Conf: 7.5/10 | R:R: 1:9.99

🎯 <b>Strike:</b> 261500 (ATM)
🎯 <b>Entry Spot:</b> ₹1490.5
⬆️ <b>Target Spot:</b> ₹1483.0
⬇️ <b>Stop Spot:</b> ₹1501.5
💰 Live Premium: ₹83.0 (Lots: 0)

2026-01-27 13:44:19 | alerts | INFO | 
🔴 <b>🔔 REAL-TIME HIGH-CONVICTION SIGNAL - GRASIM PUT</b>

📊 Conf: 7.5/10 | R:R: 1:9.99

🎯 <b>Strike:</b> 262840 (ATM)
🎯 <b>Entry Spot:</b> ₹2842.6
⬆️ <b>Target Spot:</b> ₹2828.4
⬇️ <b>Stop Spot:</b> ₹2856.8
💰 Live Premium: ₹89.0 (Lots: 0)

2026-01-27 13:44:25 | alerts | INFO | 
🔴 <b>🔔 REAL-TIME HIGH-CONVICTION SIGNAL - HDFCBANK PUT</b>

📊 Conf: 7.5/10 | R:R: 1:9.99

🎯 <b>Strike:</b> 26920 (ATM)
🎯 <b>Entry Spot:</b> ₹916.0
⬆️ <b>Target Spot:</b> ₹911.4
⬇️ <b>Stop Spot:</b> ₹920.6
💰 Live Premium: ₹23.0 (Lots: 0)

2026-01-27 13:44:28 | alerts | INFO | 
🔴 <b>🔔 REAL-TIME HIGH-CONVICTION SIGNAL - HDFCLIFE PUT</b>

📊 Conf: 7.5/10 | R:R: 1:9.99

🎯 <b>Strike:</b> 26720 (ATM)
🎯 <b>Entry Spot:</b> ₹715.0
⬆️ <b>Target Spot:</b> ₹711.4
⬇️ <b>Stop Spot:</b> ₹718.6
💰 Live Premium: ₹18.3 (Lots: 0)

2026-01-27 13:44:34 | alerts | INFO | 
🔴 <b>🔔 REAL-TIME HIGH-CONVICTION SIGNAL - HINDUNILVR PUT</b>

📊 Conf: 7.5/10 | R:R: 1:9.99

🎯 <b>Strike:</b> 262400 (ATM)
🎯 <b>Entry Spot:</b> ₹2392.3
⬆️ <b>Target Spot:</b> ₹2380.3
⬇️ <b>Stop Spot:</b> ₹2407.2
💰 Live Premium: ₹68.5 (Lots: 0)

2026-01-27 13:44:38 | alerts | INFO | 
🔴 <b>🔔 REAL-TIME HIGH-CONVICTION SIGNAL - IEX PUT</b>

📊 Conf: 7.5/10 | R:R: 1:9.99

🎯 <b>Strike:</b> 26130 (ATM)
🎯 <b>Entry Spot:</b> ₹126.4
⬆️ <b>Target Spot:</b> ₹125.7
⬇️ <b>Stop Spot:</b> ₹127.3
💰 Live Premium: ₹4.3 (Lots: 0)

2026-01-27 13:44:44 | alerts | INFO | 
🔴 <b>🔔 REAL-TIME HIGH-CONVICTION SIGNAL - IIFL PUT</b>

📊 Conf: 7.5/10 | R:R: 1:9.99

🎯 <b>Strike:</b> 26500 (ATM)
🎯 <b>Entry Spot:</b> ₹517.8
⬆️ <b>Target Spot:</b> ₹515.2
⬇️ <b>Stop Spot:</b> ₹521.1
💰 Live Premium: ₹21.0 (Lots: 0)

2026-01-27 13:44:48 | alerts | INFO | 
🔴 <b>🔔 REAL-TIME HIGH-CONVICTION SIGNAL - INDIANB PUT</b>

📊 Conf: 7.5/10 | R:R: 1:9.99

🎯 <b>Strike:</b> 26860 (ATM)
🎯 <b>Entry Spot:</b> ₹862.9
⬆️ <b>Target Spot:</b> ₹858.6
⬇️ <b>Stop Spot:</b> ₹867.2
💰 Live Premium: ₹36.3 (Lots: 0)

2026-01-27 13:44:51 | alerts | INFO | 
🔴 <b>🔔 REAL-TIME HIGH-CONVICTION SIGNAL - IRCTC PUT</b>

📊 Conf: 7.5/10 | R:R: 1:9.99

🎯 <b>Strike:</b> 26600 (ATM)
🎯 <b>Entry Spot:</b> ₹603.4
⬆️ <b>Target Spot:</b> ₹600.3
⬇️ <b>Stop Spot:</b> ₹606.4
💰 Live Premium: ₹23.9 (Lots: 0)

2026-01-27 13:44:55 | alerts | INFO | 
🔴 <b>🔔 REAL-TIME HIGH-CONVICTION SIGNAL - IREDA PUT</b>

📊 Conf: 7.5/10 | R:R: 1:9.99

🎯 <b>Strike:</b> 26130 (ATM)
🎯 <b>Entry Spot:</b> ₹128.2
⬆️ <b>Target Spot:</b> ₹127.6
⬇️ <b>Stop Spot:</b> ₹128.9
💰 Live Premium: ₹4.2 (Lots: 0)

2026-01-27 13:44:59 | alerts | INFO | 
🔴 <b>🔔 REAL-TIME HIGH-CONVICTION SIGNAL - JUBLFOOD PUT</b>

📊 Conf: 7.5/10 | R:R: 1:9.99

🎯 <b>Strike:</b> 26480 (ATM)
🎯 <b>Entry Spot:</b> ₹483.2
⬆️ <b>Target Spot:</b> ₹480.8
⬇️ <b>Stop Spot:</b> ₹485.6
💰 Live Premium: ₹21.6 (Lots: 0)

2026-01-27 13:45:05 | alerts | INFO | 
🔴 <b>🔔 REAL-TIME HIGH-CONVICTION SIGNAL - KEI PUT</b>

📊 Conf: 7.5/10 | R:R: 1:9.99

🎯 <b>Strike:</b> 263800 (ATM)
🎯 <b>Entry Spot:</b> ₹3813.0
⬆️ <b>Target Spot:</b> ₹3793.9
⬇️ <b>Stop Spot:</b> ₹3832.1
💰 Live Premium: ₹130.2 (Lots: 0)

2026-01-27 13:45:09 | alerts | INFO | 
🔴 <b>🔔 REAL-TIME HIGH-CONVICTION SIGNAL - KFINTECH PUT</b>

📊 Conf: 7.5/10 | R:R: 1:9.99

🎯 <b>Strike:</b> 261020 (ATM)
🎯 <b>Entry Spot:</b> ₹1012.3
⬆️ <b>Target Spot:</b> ₹1007.2
⬇️ <b>Stop Spot:</b> ₹1017.9
💰 Live Premium: ₹25.8 (Lots: 0)

2026-01-27 13:45:12 | alerts | INFO | 
🔴 <b>🔔 REAL-TIME HIGH-CONVICTION SIGNAL - LAURUSLABS PUT</b>

📊 Conf: 7.5/10 | R:R: 1:9.99

🎯 <b>Strike:</b> 261000 (ATM)
🎯 <b>Entry Spot:</b> ₹997.6
⬆️ <b>Target Spot:</b> ₹992.6
⬇️ <b>Stop Spot:</b> ₹1002.6
💰 Live Premium: ₹41.1 (Lots: 0)

2026-01-27 13:45:19 | alerts | INFO | 
🔴 <b>🔔 REAL-TIME HIGH-CONVICTION SIGNAL - LTIM PUT</b>

📊 Conf: 7.5/10 | R:R: 1:9.99

🎯 <b>Strike:</b> 265900 (ATM)
🎯 <b>Entry Spot:</b> ₹5878.0
⬆️ <b>Target Spot:</b> ₹5848.6
⬇️ <b>Stop Spot:</b> ₹5907.4
💰 Live Premium: ₹178.7 (Lots: 0)

2026-01-27 13:45:23 | alerts | INFO | 
🔴 <b>🔔 REAL-TIME HIGH-CONVICTION SIGNAL - MCX PUT</b>

📊 Conf: 7.5/10 | R:R: 1:9.99

🎯 <b>Strike:</b> 262400 (ATM)
🎯 <b>Entry Spot:</b> ₹2389.0
⬆️ <b>Target Spot:</b> ₹2377.1
⬇️ <b>Stop Spot:</b> ₹2404.6
💰 Live Premium: ₹121.1 (Lots: 0)

2026-01-27 13:45:32 | alerts | INFO | 
🔴 <b>🔔 REAL-TIME HIGH-CONVICTION SIGNAL - NATIONALUM PUT</b>

📊 Conf: 7.5/10 | R:R: 1:9.99

🎯 <b>Strike:</b> 26380 (ATM)
🎯 <b>Entry Spot:</b> ₹380.4
⬆️ <b>Target Spot:</b> ₹378.4
⬇️ <b>Stop Spot:</b> ₹382.3
💰 Live Premium: ₹16.2 (Lots: 0)

2026-01-27 13:45:35 | alerts | INFO | 
🔴 <b>🔔 REAL-TIME HIGH-CONVICTION SIGNAL - NMDC PUT</b>

📊 Conf: 7.5/10 | R:R: 1:9.99

🎯 <b>Strike:</b> 2680 (ATM)
🎯 <b>Entry Spot:</b> ₹77.9
⬆️ <b>Target Spot:</b> ₹77.5
⬇️ <b>Stop Spot:</b> ₹78.3
💰 Live Premium: ₹2.5 (Lots: 0)

2026-01-27 13:45:38 | alerts | INFO | 
🔴 <b>🔔 REAL-TIME HIGH-CONVICTION SIGNAL - OIL PUT</b>

📊 Conf: 7.5/10 | R:R: 1:9.99

🎯 <b>Strike:</b> 26450 (ATM)
🎯 <b>Entry Spot:</b> ₹445.5
⬆️ <b>Target Spot:</b> ₹443.3
⬇️ <b>Stop Spot:</b> ₹447.7
💰 Live Premium: ₹16.9 (Lots: 0)

2026-01-27 13:45:42 | alerts | INFO | 
🔴 <b>🔔 REAL-TIME HIGH-CONVICTION SIGNAL - ONGC PUT</b>

📊 Conf: 7.5/10 | R:R: 1:9.99

🎯 <b>Strike:</b> 26250 (ATM)
🎯 <b>Entry Spot:</b> ₹247.8
⬆️ <b>Target Spot:</b> ₹246.6
⬇️ <b>Stop Spot:</b> ₹249.1
💰 Live Premium: ₹6.2 (Lots: 0)

2026-01-27 13:45:45 | alerts | INFO | 
🔴 <b>🔔 REAL-TIME HIGH-CONVICTION SIGNAL - PATANJALI PUT</b>

📊 Conf: 7.5/10 | R:R: 1:9.99

🎯 <b>Strike:</b> 26500 (ATM)
🎯 <b>Entry Spot:</b> ₹498.4
⬆️ <b>Target Spot:</b> ₹496.0
⬇️ <b>Stop Spot:</b> ₹501.4
💰 Live Premium: ₹20.1 (Lots: 0)

2026-01-27 13:45:51 | alerts | INFO | 
🔴 <b>🔔 REAL-TIME HIGH-CONVICTION SIGNAL - PAYTM PUT</b>

📊 Conf: 7.5/10 | R:R: 1:9.99

🎯 <b>Strike:</b> 261120 (ATM)
🎯 <b>Entry Spot:</b> ₹1128.9
⬆️ <b>Target Spot:</b> ₹1123.3
⬇️ <b>Stop Spot:</b> ₹1136.0
💰 Live Premium: ₹67.3 (Lots: 0)

2026-01-27 13:45:54 | alerts | INFO | 
🔴 <b>🔔 REAL-TIME HIGH-CONVICTION SIGNAL - PIDILITIND PUT</b>

📊 Conf: 7.5/10 | R:R: 1:9.99

🎯 <b>Strike:</b> 261440 (ATM)
🎯 <b>Entry Spot:</b> ₹1443.0
⬆️ <b>Target Spot:</b> ₹1435.8
⬇️ <b>Stop Spot:</b> ₹1450.2
💰 Live Premium: ₹46.0 (Lots: 0)

2026-01-27 13:46:01 | alerts | INFO | 
🔴 <b>🔔 REAL-TIME HIGH-CONVICTION SIGNAL - PNB PUT</b>

📊 Conf: 7.5/10 | R:R: 1:9.99

🎯 <b>Strike:</b> 26120 (ATM)
🎯 <b>Entry Spot:</b> ₹121.2
⬆️ <b>Target Spot:</b> ₹120.6
⬇️ <b>Stop Spot:</b> ₹121.8
💰 Live Premium: ₹5.2 (Lots: 0)

2026-01-27 13:46:04 | alerts | INFO | 
🔴 <b>🔔 REAL-TIME HIGH-CONVICTION SIGNAL - POWERINDIA PUT</b>

📊 Conf: 7.5/10 | R:R: 1:9.99

🎯 <b>Strike:</b> 2616500 (ATM)
🎯 <b>Entry Spot:</b> ₹16569.0
⬆️ <b>Target Spot:</b> ₹16486.2
⬇️ <b>Stop Spot:</b> ₹16651.8
💰 Live Premium: ₹925.4 (Lots: 0)

2026-01-27 13:46:07 | alerts | INFO | 
🔴 <b>🔔 REAL-TIME HIGH-CONVICTION SIGNAL - PRESTIGE PUT</b>

📊 Conf: 7.5/10 | R:R: 1:9.99

🎯 <b>Strike:</b> 261360 (ATM)
🎯 <b>Entry Spot:</b> ₹1363.2
⬆️ <b>Target Spot:</b> ₹1356.4
⬇️ <b>Stop Spot:</b> ₹1372.1
💰 Live Premium: ₹66.8 (Lots: 0)

2026-01-27 13:46:13 | alerts | INFO | 
🔴 <b>🔔 REAL-TIME HIGH-CONVICTION SIGNAL - RBLBANK PUT</b>

📊 Conf: 7.5/10 | R:R: 1:9.99

🎯 <b>Strike:</b> 26290 (ATM)
🎯 <b>Entry Spot:</b> ₹292.2
⬆️ <b>Target Spot:</b> ₹290.7
⬇️ <b>Stop Spot:</b> ₹293.7
💰 Live Premium: ₹9.7 (Lots: 0)

2026-01-27 13:46:17 | alerts | INFO | 
🔴 <b>🔔 REAL-TIME HIGH-CONVICTION SIGNAL - RVNL PUT</b>

📊 Conf: 7.5/10 | R:R: 1:9.99

🎯 <b>Strike:</b> 26320 (ATM)
🎯 <b>Entry Spot:</b> ₹322.9
⬆️ <b>Target Spot:</b> ₹321.3
⬇️ <b>Stop Spot:</b> ₹324.5
💰 Live Premium: ₹14.2 (Lots: 0)

2026-01-27 13:46:20 | alerts | INFO | 
🔴 <b>🔔 REAL-TIME HIGH-CONVICTION SIGNAL - SAIL PUT</b>

📊 Conf: 7.5/10 | R:R: 1:9.99

🎯 <b>Strike:</b> 26150 (ATM)
🎯 <b>Entry Spot:</b> ₹152.9
⬆️ <b>Target Spot:</b> ₹152.1
⬇️ <b>Stop Spot:</b> ₹153.7
💰 Live Premium: ₹9.2 (Lots: 0)

2026-01-27 13:46:27 | alerts | INFO | 
🔴 <b>🔔 REAL-TIME HIGH-CONVICTION SIGNAL - SBILIFE PUT</b>

📊 Conf: 7.5/10 | R:R: 1:9.99

🎯 <b>Strike:</b> 262040 (ATM)
🎯 <b>Entry Spot:</b> ₹2030.5
⬆️ <b>Target Spot:</b> ₹2020.3
⬇️ <b>Stop Spot:</b> ₹2040.7
💰 Live Premium: ₹56.4 (Lots: 0)

2026-01-27 13:46:30 | alerts | INFO | 
🔴 <b>🔔 REAL-TIME HIGH-CONVICTION SIGNAL - SOLARINDS PUT</b>

📊 Conf: 7.5/10 | R:R: 1:9.99

🎯 <b>Strike:</b> 2612600 (ATM)
🎯 <b>Entry Spot:</b> ₹12632.0
⬆️ <b>Target Spot:</b> ₹12568.8
⬇️ <b>Stop Spot:</b> ₹12695.2
💰 Live Premium: ₹556.2 (Lots: 0)

2026-01-27 13:46:33 | alerts | INFO | 
🔴 <b>🔔 REAL-TIME HIGH-CONVICTION SIGNAL - SWIGGY PUT</b>

📊 Conf: 7.5/10 | R:R: 1:9.99

🎯 <b>Strike:</b> 26310 (ATM)
🎯 <b>Entry Spot:</b> ₹307.9
⬆️ <b>Target Spot:</b> ₹306.3
⬇️ <b>Stop Spot:</b> ₹309.4
💰 Live Premium: ₹17.8 (Lots: 0)

2026-01-27 13:46:40 | alerts | INFO | 
🔴 <b>🔔 REAL-TIME HIGH-CONVICTION SIGNAL - SYNGENE PUT</b>

📊 Conf: 7.5/10 | R:R: 1:9.99

🎯 <b>Strike:</b> 26490 (ATM)
🎯 <b>Entry Spot:</b> ₹487.8
⬆️ <b>Target Spot:</b> ₹485.4
⬇️ <b>Stop Spot:</b> ₹494.2
💰 Live Premium: ₹0.0 (Lots: 0)

2026-01-27 13:46:44 | alerts | INFO | 
🔴 <b>🔔 REAL-TIME HIGH-CONVICTION SIGNAL - TATASTEEL PUT</b>

📊 Conf: 7.5/10 | R:R: 1:9.99

🎯 <b>Strike:</b> 26190 (ATM)
🎯 <b>Entry Spot:</b> ₹190.4
⬆️ <b>Target Spot:</b> ₹189.5
⬇️ <b>Stop Spot:</b> ₹191.4
💰 Live Premium: ₹7.3 (Lots: 0)

2026-01-27 13:46:47 | alerts | INFO | 
🔴 <b>🔔 REAL-TIME HIGH-CONVICTION SIGNAL - TATATECH PUT</b>

📊 Conf: 7.5/10 | R:R: 1:9.99

🎯 <b>Strike:</b> 26650 (ATM)
🎯 <b>Entry Spot:</b> ₹647.1
⬆️ <b>Target Spot:</b> ₹643.9
⬇️ <b>Stop Spot:</b> ₹650.3
💰 Live Premium: ₹21.0 (Lots: 0)

2026-01-27 13:46:53 | alerts | INFO | 
🔴 <b>🔔 REAL-TIME HIGH-CONVICTION SIGNAL - TECHM PUT</b>

📊 Conf: 7.5/10 | R:R: 1:9.99

🎯 <b>Strike:</b> 261720 (ATM)
🎯 <b>Entry Spot:</b> ₹1725.2
⬆️ <b>Target Spot:</b> ₹1716.6
⬇️ <b>Stop Spot:</b> ₹1733.8
💰 Live Premium: ₹51.5 (Lots: 0)

2026-01-27 13:46:57 | alerts | INFO | 
🔴 <b>🔔 REAL-TIME HIGH-CONVICTION SIGNAL - TIINDIA PUT</b>

📊 Conf: 7.5/10 | R:R: 1:9.99

🎯 <b>Strike:</b> 262200 (ATM)
🎯 <b>Entry Spot:</b> ₹2180.8
⬆️ <b>Target Spot:</b> ₹2169.9
⬇️ <b>Stop Spot:</b> ₹2192.6
💰 Live Premium: ₹86.0 (Lots: 0)

2026-01-27 13:47:00 | alerts | INFO | 
🔴 <b>🔔 REAL-TIME HIGH-CONVICTION SIGNAL - TORNTPOWER PUT</b>

📊 Conf: 7.5/10 | R:R: 1:9.99

🎯 <b>Strike:</b> 261300 (ATM)
🎯 <b>Entry Spot:</b> ₹1305.7
⬆️ <b>Target Spot:</b> ₹1299.2
⬇️ <b>Stop Spot:</b> ₹1312.2
💰 Live Premium: ₹50.0 (Lots: 0)

2026-01-27 13:47:03 | alerts | INFO | 
🔴 <b>🔔 REAL-TIME HIGH-CONVICTION SIGNAL - TRENT PUT</b>

📊 Conf: 7.5/10 | R:R: 1:9.99

🎯 <b>Strike:</b> 263750 (ATM)
🎯 <b>Entry Spot:</b> ₹3758.4
⬆️ <b>Target Spot:</b> ₹3739.6
⬇️ <b>Stop Spot:</b> ₹3777.2
💰 Live Premium: ₹174.1 (Lots: 0)

2026-01-27 13:47:09 | alerts | INFO | 
🔴 <b>🔔 REAL-TIME HIGH-CONVICTION SIGNAL - TVSMOTOR PUT</b>

📊 Conf: 7.5/10 | R:R: 1:9.99

🎯 <b>Strike:</b> 263540 (ATM)
🎯 <b>Entry Spot:</b> ₹3536.9
⬆️ <b>Target Spot:</b> ₹3519.2
⬇️ <b>Stop Spot:</b> ₹3554.6
💰 Live Premium: ₹137.5 (Lots: 0)

2026-01-27 13:47:13 | alerts | INFO | 
🔴 <b>🔔 REAL-TIME HIGH-CONVICTION SIGNAL - UNIONBANK PUT</b>

📊 Conf: 7.5/10 | R:R: 1:9.99

🎯 <b>Strike:</b> 26170 (ATM)
🎯 <b>Entry Spot:</b> ₹172.9
⬆️ <b>Target Spot:</b> ₹172.1
⬇️ <b>Stop Spot:</b> ₹173.8
💰 Live Premium: ₹8.8 (Lots: 0)

2026-01-27 13:47:16 | alerts | INFO | 
🔴 <b>🔔 REAL-TIME HIGH-CONVICTION SIGNAL - WAAREEENER PUT</b>

📊 Conf: 7.5/10 | R:R: 1:9.99

🎯 <b>Strike:</b> 262650 (ATM)
🎯 <b>Entry Spot:</b> ₹2656.5
⬆️ <b>Target Spot:</b> ₹2643.2
⬇️ <b>Stop Spot:</b> ₹2670.5
💰 Live Premium: ₹135.0 (Lots: 0)

2026-01-27 13:55:30 | alerts | INFO | 
🔴 <b>🔔 REAL-TIME HIGH-CONVICTION SIGNAL - APOLLOHOSP PUT</b>

📊 Conf: 7.5/10 | R:R: 1:9.99

🎯 <b>Strike:</b> 266800 (ATM)
🎯 <b>Entry Spot:</b> ₹6770.0
⬆️ <b>Target Spot:</b> ₹6736.1
⬇️ <b>Stop Spot:</b> ₹6803.8
💰 Live Premium: ₹192.1 (Lots: 0)

2026-01-27 13:55:33 | alerts | INFO | 
🔴 <b>🔔 REAL-TIME HIGH-CONVICTION SIGNAL - ASIANPAINT PUT</b>

📊 Conf: 7.5/10 | R:R: 1:9.99

🎯 <b>Strike:</b> 262640 (ATM)
🎯 <b>Entry Spot:</b> ₹2669.6
⬆️ <b>Target Spot:</b> ₹2656.3
⬇️ <b>Stop Spot:</b> ₹2683.0
💰 Live Premium: ₹114.0 (Lots: 0)

2026-01-27 13:55:41 | alerts | INFO | 
🔴 <b>🔔 REAL-TIME HIGH-CONVICTION SIGNAL - ASTRAL PUT</b>

📊 Conf: 7.5/10 | R:R: 1:9.99

🎯 <b>Strike:</b> 261380 (ATM)
🎯 <b>Entry Spot:</b> ₹1383.2
⬆️ <b>Target Spot:</b> ₹1376.3
⬇️ <b>Stop Spot:</b> ₹1390.1
💰 Live Premium: ₹50.4 (Lots: 0)

2026-01-27 13:55:44 | alerts | INFO | 
🔴 <b>🔔 REAL-TIME HIGH-CONVICTION SIGNAL - AXISBANK PUT</b>

📊 Conf: 7.5/10 | R:R: 1:9.99

🎯 <b>Strike:</b> 261320 (ATM)
🎯 <b>Entry Spot:</b> ₹1313.3
⬆️ <b>Target Spot:</b> ₹1306.7
⬇️ <b>Stop Spot:</b> ₹1319.9
💰 Live Premium: ₹34.2 (Lots: 0)

2026-01-27 13:55:47 | alerts | INFO | 
🔴 <b>🔔 REAL-TIME HIGH-CONVICTION SIGNAL - BAJAJ-AUTO PUT</b>

📊 Conf: 7.5/10 | R:R: 1:9.99

🎯 <b>Strike:</b> 269400 (ATM)
🎯 <b>Entry Spot:</b> ₹9404.0
⬆️ <b>Target Spot:</b> ₹9357.0
⬇️ <b>Stop Spot:</b> ₹9451.0
💰 Live Premium: ₹317.8 (Lots: 0)

2026-01-27 13:55:53 | alerts | INFO | 
🔴 <b>🔔 REAL-TIME HIGH-CONVICTION SIGNAL - BAJAJHLDNG PUT</b>

📊 Conf: 7.5/10 | R:R: 1:9.99

🎯 <b>Strike:</b> 2610600 (ATM)
🎯 <b>Entry Spot:</b> ₹10544.0
⬆️ <b>Target Spot:</b> ₹10491.3
⬇️ <b>Stop Spot:</b> ₹10596.7
💰 Live Premium: ₹450.0 (Lots: 0)

2026-01-27 13:55:57 | alerts | INFO | 
🔴 <b>🔔 REAL-TIME HIGH-CONVICTION SIGNAL - BANKBARODA PUT</b>

📊 Conf: 7.5/10 | R:R: 1:9.99

🎯 <b>Strike:</b> 26300 (ATM)
🎯 <b>Entry Spot:</b> ₹298.2
⬆️ <b>Target Spot:</b> ₹296.7
⬇️ <b>Stop Spot:</b> ₹299.7
💰 Live Premium: ₹11.6 (Lots: 0)

2026-01-27 13:56:00 | alerts | INFO | 
🔴 <b>🔔 REAL-TIME HIGH-CONVICTION SIGNAL - BRITANNIA PUT</b>

📊 Conf: 7.5/10 | R:R: 1:9.99

🎯 <b>Strike:</b> 265900 (ATM)
🎯 <b>Entry Spot:</b> ₹5881.5
⬆️ <b>Target Spot:</b> ₹5852.1
⬇️ <b>Stop Spot:</b> ₹5910.9
💰 Live Premium: ₹196.0 (Lots: 0)

2026-01-27 13:56:03 | alerts | INFO | 
🔴 <b>🔔 REAL-TIME HIGH-CONVICTION SIGNAL - BSE PUT</b>

📊 Conf: 7.5/10 | R:R: 1:9.99

🎯 <b>Strike:</b> 262750 (ATM)
🎯 <b>Entry Spot:</b> ₹2747.8
⬆️ <b>Target Spot:</b> ₹2734.1
⬇️ <b>Stop Spot:</b> ₹2761.5
💰 Live Premium: ₹142.8 (Lots: 0)

2026-01-27 13:56:09 | alerts | INFO | 
🔴 <b>🔔 REAL-TIME HIGH-CONVICTION SIGNAL - CANBK PUT</b>

📊 Conf: 7.5/10 | R:R: 1:9.99

🎯 <b>Strike:</b> 26150 (ATM)
🎯 <b>Entry Spot:</b> ₹153.0
⬆️ <b>Target Spot:</b> ₹152.3
⬇️ <b>Stop Spot:</b> ₹153.8
💰 Live Premium: ₹8.5 (Lots: 0)

2026-01-27 13:56:13 | alerts | INFO | 
🔴 <b>🔔 REAL-TIME HIGH-CONVICTION SIGNAL - CIPLA PUT</b>

📊 Conf: 7.5/10 | R:R: 1:9.99

🎯 <b>Strike:</b> 261320 (ATM)
🎯 <b>Entry Spot:</b> ₹1316.3
⬆️ <b>Target Spot:</b> ₹1309.7
⬇️ <b>Stop Spot:</b> ₹1322.9
💰 Live Premium: ₹35.4 (Lots: 0)

2026-01-27 13:56:16 | alerts | INFO | 
🔴 <b>🔔 REAL-TIME HIGH-CONVICTION SIGNAL - COLPAL PUT</b>

📊 Conf: 7.5/10 | R:R: 1:9.99

🎯 <b>Strike:</b> 262140 (ATM)
🎯 <b>Entry Spot:</b> ₹2143.0
⬆️ <b>Target Spot:</b> ₹2132.3
⬇️ <b>Stop Spot:</b> ₹2153.7
💰 Live Premium: ₹79.2 (Lots: 0)

2026-01-27 13:56:22 | alerts | INFO | 
🔴 <b>🔔 REAL-TIME HIGH-CONVICTION SIGNAL - CONCOR PUT</b>

📊 Conf: 7.5/10 | R:R: 1:9.99

🎯 <b>Strike:</b> 26480 (ATM)
🎯 <b>Entry Spot:</b> ₹480.4
⬆️ <b>Target Spot:</b> ₹477.9
⬇️ <b>Stop Spot:</b> ₹482.8
💰 Live Premium: ₹17.4 (Lots: 0)

2026-01-27 13:56:26 | alerts | INFO | 
🔴 <b>🔔 REAL-TIME HIGH-CONVICTION SIGNAL - CUMMINSIND PUT</b>

📊 Conf: 7.5/10 | R:R: 1:9.99

🎯 <b>Strike:</b> 263900 (ATM)
🎯 <b>Entry Spot:</b> ₹3901.3
⬆️ <b>Target Spot:</b> ₹3881.8
⬇️ <b>Stop Spot:</b> ₹3920.8
💰 Live Premium: ₹151.0 (Lots: 0)

2026-01-27 13:56:29 | alerts | INFO | 
🔴 <b>🔔 REAL-TIME HIGH-CONVICTION SIGNAL - DABUR PUT</b>

📊 Conf: 7.5/10 | R:R: 1:9.99

🎯 <b>Strike:</b> 26510 (ATM)
🎯 <b>Entry Spot:</b> ₹514.5
⬆️ <b>Target Spot:</b> ₹512.0
⬇️ <b>Stop Spot:</b> ₹517.1
💰 Live Premium: ₹22.8 (Lots: 0)

2026-01-27 13:56:33 | alerts | INFO | 
🔴 <b>🔔 REAL-TIME HIGH-CONVICTION SIGNAL - DELHIVERY PUT</b>

📊 Conf: 7.5/10 | R:R: 1:9.99

🎯 <b>Strike:</b> 26400 (ATM)
🎯 <b>Entry Spot:</b> ₹395.8
⬆️ <b>Target Spot:</b> ₹393.8
⬇️ <b>Stop Spot:</b> ₹398.0
💰 Live Premium: ₹16.6 (Lots: 0)

2026-01-27 13:56:39 | alerts | INFO | 
🔴 <b>🔔 REAL-TIME HIGH-CONVICTION SIGNAL - DIVISLAB PUT</b>

📊 Conf: 7.5/10 | R:R: 1:9.99

🎯 <b>Strike:</b> 266100 (ATM)
🎯 <b>Entry Spot:</b> ₹6053.5
⬆️ <b>Target Spot:</b> ₹6023.2
⬇️ <b>Stop Spot:</b> ₹6083.8
💰 Live Premium: ₹191.0 (Lots: 0)

2026-01-27 13:56:42 | alerts | INFO | 
🔴 <b>🔔 REAL-TIME HIGH-CONVICTION SIGNAL - EICHERMOT PUT</b>

📊 Conf: 7.5/10 | R:R: 1:9.99

🎯 <b>Strike:</b> 267100 (ATM)
🎯 <b>Entry Spot:</b> ₹7087.5
⬆️ <b>Target Spot:</b> ₹7052.1
⬇️ <b>Stop Spot:</b> ₹7122.9
💰 Live Premium: ₹235.0 (Lots: 0)

2026-01-27 13:56:46 | alerts | INFO | 
🔴 <b>🔔 REAL-TIME HIGH-CONVICTION SIGNAL - FEDERALBNK PUT</b>

📊 Conf: 7.5/10 | R:R: 1:9.99

🎯 <b>Strike:</b> 26280 (ATM)
🎯 <b>Entry Spot:</b> ₹282.4
⬆️ <b>Target Spot:</b> ₹281.0
⬇️ <b>Stop Spot:</b> ₹283.8
💰 Live Premium: ₹10.2 (Lots: 0)

2026-01-27 13:56:53 | alerts | INFO | 
🔴 <b>🔔 REAL-TIME HIGH-CONVICTION SIGNAL - FORTIS PUT</b>

📊 Conf: 7.5/10 | R:R: 1:9.99

🎯 <b>Strike:</b> 26830 (ATM)
🎯 <b>Entry Spot:</b> ₹831.1
⬆️ <b>Target Spot:</b> ₹826.9
⬇️ <b>Stop Spot:</b> ₹835.7
💰 Live Premium: ₹0.0 (Lots: 0)

2026-01-27 13:56:56 | alerts | INFO | 
🔴 <b>🔔 REAL-TIME HIGH-CONVICTION SIGNAL - GODREJPROP PUT</b>

📊 Conf: 7.5/10 | R:R: 1:9.99

🎯 <b>Strike:</b> 261500 (ATM)
🎯 <b>Entry Spot:</b> ₹1490.6
⬆️ <b>Target Spot:</b> ₹1483.1
⬇️ <b>Stop Spot:</b> ₹1501.1
💰 Live Premium: ₹83.4 (Lots: 0)

2026-01-27 13:57:00 | alerts | INFO | 
🔴 <b>🔔 REAL-TIME HIGH-CONVICTION SIGNAL - GRASIM PUT</b>

📊 Conf: 7.5/10 | R:R: 1:9.99

🎯 <b>Strike:</b> 262840 (ATM)
🎯 <b>Entry Spot:</b> ₹2847.9
⬆️ <b>Target Spot:</b> ₹2833.7
⬇️ <b>Stop Spot:</b> ₹2862.1
💰 Live Premium: ₹89.8 (Lots: 0)

2026-01-27 13:57:06 | alerts | INFO | 
🔴 <b>🔔 REAL-TIME HIGH-CONVICTION SIGNAL - HDFCBANK PUT</b>

📊 Conf: 7.5/10 | R:R: 1:9.99

🎯 <b>Strike:</b> 26920 (ATM)
🎯 <b>Entry Spot:</b> ₹916.7
⬆️ <b>Target Spot:</b> ₹912.1
⬇️ <b>Stop Spot:</b> ₹921.3
💰 Live Premium: ₹22.8 (Lots: 0)

2026-01-27 13:57:09 | alerts | INFO | 
🔴 <b>🔔 REAL-TIME HIGH-CONVICTION SIGNAL - HINDUNILVR PUT</b>

📊 Conf: 7.5/10 | R:R: 1:9.99

🎯 <b>Strike:</b> 262400 (ATM)
🎯 <b>Entry Spot:</b> ₹2389.3
⬆️ <b>Target Spot:</b> ₹2377.4
⬇️ <b>Stop Spot:</b> ₹2403.8
💰 Live Premium: ₹70.4 (Lots: 0)

2026-01-27 13:57:13 | alerts | INFO | 
🔴 <b>🔔 REAL-TIME HIGH-CONVICTION SIGNAL - ICICIBANK PUT</b>

📊 Conf: 7.5/10 | R:R: 1:9.99

🎯 <b>Strike:</b> 261360 (ATM)
🎯 <b>Entry Spot:</b> ₹1355.5
⬆️ <b>Target Spot:</b> ₹1348.7
⬇️ <b>Stop Spot:</b> ₹1362.3
💰 Live Premium: ₹28.0 (Lots: 0)

2026-01-27 13:57:19 | alerts | INFO | 
🔴 <b>🔔 REAL-TIME HIGH-CONVICTION SIGNAL - INDHOTEL PUT</b>

📊 Conf: 7.5/10 | R:R: 1:9.99

🎯 <b>Strike:</b> 26640 (ATM)
🎯 <b>Entry Spot:</b> ₹644.2
⬆️ <b>Target Spot:</b> ₹641.0
⬇️ <b>Stop Spot:</b> ₹647.4
💰 Live Premium: ₹25.9 (Lots: 0)

2026-01-27 13:57:24 | alerts | INFO | 
🔴 <b>🔔 REAL-TIME HIGH-CONVICTION SIGNAL - INDIANB PUT</b>

📊 Conf: 7.5/10 | R:R: 1:9.99

🎯 <b>Strike:</b> 26860 (ATM)
🎯 <b>Entry Spot:</b> ₹862.5
⬆️ <b>Target Spot:</b> ₹858.1
⬇️ <b>Stop Spot:</b> ₹866.8
💰 Live Premium: ₹36.3 (Lots: 0)

2026-01-27 13:57:27 | alerts | INFO | 
🔴 <b>🔔 REAL-TIME HIGH-CONVICTION SIGNAL - INFY PUT</b>

📊 Conf: 7.5/10 | R:R: 1:9.99

🎯 <b>Strike:</b> 261680 (ATM)
🎯 <b>Entry Spot:</b> ₹1679.5
⬆️ <b>Target Spot:</b> ₹1671.1
⬇️ <b>Stop Spot:</b> ₹1687.9
💰 Live Premium: ₹45.5 (Lots: 0)

2026-01-27 13:57:30 | alerts | INFO | 
🔴 <b>🔔 REAL-TIME HIGH-CONVICTION SIGNAL - IOC PUT</b>

📊 Conf: 7.5/10 | R:R: 1:9.99

🎯 <b>Strike:</b> 26160 (ATM)
🎯 <b>Entry Spot:</b> ₹157.8
⬆️ <b>Target Spot:</b> ₹157.0
⬇️ <b>Stop Spot:</b> ₹158.6
💰 Live Premium: ₹4.2 (Lots: 0)

2026-01-27 13:57:36 | alerts | INFO | 
🔴 <b>🔔 REAL-TIME HIGH-CONVICTION SIGNAL - IRCTC PUT</b>

📊 Conf: 7.5/10 | R:R: 1:9.99

🎯 <b>Strike:</b> 26600 (ATM)
🎯 <b>Entry Spot:</b> ₹603.9
⬆️ <b>Target Spot:</b> ₹600.9
⬇️ <b>Stop Spot:</b> ₹606.9
💰 Live Premium: ₹24.4 (Lots: 0)

2026-01-27 13:57:39 | alerts | INFO | 
🔴 <b>🔔 REAL-TIME HIGH-CONVICTION SIGNAL - JINDALSTEL PUT</b>

📊 Conf: 7.5/10 | R:R: 1:9.99

🎯 <b>Strike:</b> 261080 (ATM)
🎯 <b>Entry Spot:</b> ₹1072.2
⬆️ <b>Target Spot:</b> ₹1066.8
⬇️ <b>Stop Spot:</b> ₹1077.6
💰 Live Premium: ₹44.0 (Lots: 0)

2026-01-27 13:57:43 | alerts | INFO | 
🔴 <b>🔔 REAL-TIME HIGH-CONVICTION SIGNAL - JUBLFOOD PUT</b>

📊 Conf: 7.5/10 | R:R: 1:9.99

🎯 <b>Strike:</b> 26480 (ATM)
🎯 <b>Entry Spot:</b> ₹483.6
⬆️ <b>Target Spot:</b> ₹481.2
⬇️ <b>Stop Spot:</b> ₹486.1
💰 Live Premium: ₹21.6 (Lots: 0)

2026-01-27 13:57:46 | alerts | INFO | 
🔴 <b>🔔 REAL-TIME HIGH-CONVICTION SIGNAL - KEI PUT</b>

📊 Conf: 7.5/10 | R:R: 1:9.99

🎯 <b>Strike:</b> 263800 (ATM)
🎯 <b>Entry Spot:</b> ₹3800.6
⬆️ <b>Target Spot:</b> ₹3781.6
⬇️ <b>Stop Spot:</b> ₹3819.9
💰 Live Premium: ₹132.0 (Lots: 0)

2026-01-27 13:57:52 | alerts | INFO | 
🔴 <b>🔔 REAL-TIME HIGH-CONVICTION SIGNAL - KFINTECH PUT</b>

📊 Conf: 7.5/10 | R:R: 1:9.99

🎯 <b>Strike:</b> 261020 (ATM)
🎯 <b>Entry Spot:</b> ₹1012.4
⬆️ <b>Target Spot:</b> ₹1007.3
⬇️ <b>Stop Spot:</b> ₹1019.0
💰 Live Premium: ₹26.6 (Lots: 0)

2026-01-27 13:57:55 | alerts | INFO | 
🔴 <b>🔔 REAL-TIME HIGH-CONVICTION SIGNAL - LAURUSLABS PUT</b>

📊 Conf: 7.5/10 | R:R: 1:9.99

🎯 <b>Strike:</b> 261000 (ATM)
🎯 <b>Entry Spot:</b> ₹997.1
⬆️ <b>Target Spot:</b> ₹992.1
⬇️ <b>Stop Spot:</b> ₹1002.1
💰 Live Premium: ₹40.9 (Lots: 0)

2026-01-27 13:57:59 | alerts | INFO | 
🔴 <b>🔔 REAL-TIME HIGH-CONVICTION SIGNAL - LODHA PUT</b>

📊 Conf: 7.5/10 | R:R: 1:9.99

🎯 <b>Strike:</b> 26890 (ATM)
🎯 <b>Entry Spot:</b> ₹893.8
⬆️ <b>Target Spot:</b> ₹889.3
⬇️ <b>Stop Spot:</b> ₹900.2
💰 Live Premium: ₹51.4 (Lots: 0)

2026-01-27 13:58:04 | alerts | INFO | 
🔴 <b>🔔 REAL-TIME HIGH-CONVICTION SIGNAL - LTIM PUT</b>

📊 Conf: 7.5/10 | R:R: 1:9.99

🎯 <b>Strike:</b> 265900 (ATM)
🎯 <b>Entry Spot:</b> ₹5884.5
⬆️ <b>Target Spot:</b> ₹5855.1
⬇️ <b>Stop Spot:</b> ₹5913.9
💰 Live Premium: ₹179.1 (Lots: 0)

2026-01-27 13:58:10 | alerts | INFO | 
🔴 <b>🔔 REAL-TIME HIGH-CONVICTION SIGNAL - MARUTI PUT</b>

📊 Conf: 7.5/10 | R:R: 1:9.99

🎯 <b>Strike:</b> 2615200 (ATM)
🎯 <b>Entry Spot:</b> ₹15184.0
⬆️ <b>Target Spot:</b> ₹15108.1
⬇️ <b>Stop Spot:</b> ₹15259.9
💰 Live Premium: ₹532.9 (Lots: 0)

2026-01-27 13:58:14 | alerts | INFO | 
🔴 <b>🔔 REAL-TIME HIGH-CONVICTION SIGNAL - MCX PUT</b>

📊 Conf: 7.5/10 | R:R: 1:9.99

🎯 <b>Strike:</b> 262400 (ATM)
🎯 <b>Entry Spot:</b> ₹2388.0
⬆️ <b>Target Spot:</b> ₹2376.1
⬇️ <b>Stop Spot:</b> ₹2403.7
💰 Live Premium: ₹123.0 (Lots: 0)

2026-01-27 13:58:18 | alerts | INFO | 
🔴 <b>🔔 REAL-TIME HIGH-CONVICTION SIGNAL - NATIONALUM PUT</b>

📊 Conf: 7.5/10 | R:R: 1:9.99

🎯 <b>Strike:</b> 26380 (ATM)
🎯 <b>Entry Spot:</b> ₹379.8
⬆️ <b>Target Spot:</b> ₹377.9
⬇️ <b>Stop Spot:</b> ₹381.7
💰 Live Premium: ₹16.1 (Lots: 0)

2026-01-27 13:58:24 | alerts | INFO | 
🔴 <b>🔔 REAL-TIME HIGH-CONVICTION SIGNAL - OBEROIRLTY PUT</b>

📊 Conf: 7.5/10 | R:R: 1:9.99

🎯 <b>Strike:</b> 261460 (ATM)
🎯 <b>Entry Spot:</b> ₹1455.3
⬆️ <b>Target Spot:</b> ₹1448.0
⬇️ <b>Stop Spot:</b> ₹1462.6
💰 Live Premium: ₹58.0 (Lots: 0)

2026-01-27 13:58:27 | alerts | INFO | 
🔴 <b>🔔 REAL-TIME HIGH-CONVICTION SIGNAL - OIL PUT</b>

📊 Conf: 7.5/10 | R:R: 1:9.99

🎯 <b>Strike:</b> 26450 (ATM)
🎯 <b>Entry Spot:</b> ₹445.4
⬆️ <b>Target Spot:</b> ₹443.2
⬇️ <b>Stop Spot:</b> ₹447.6
💰 Live Premium: ₹16.9 (Lots: 0)

2026-01-27 13:58:35 | alerts | INFO | 
🔴 <b>🔔 REAL-TIME HIGH-CONVICTION SIGNAL - ONGC PUT</b>

📊 Conf: 7.5/10 | R:R: 1:9.99

🎯 <b>Strike:</b> 26250 (ATM)
🎯 <b>Entry Spot:</b> ₹247.5
⬆️ <b>Target Spot:</b> ₹246.3
⬇️ <b>Stop Spot:</b> ₹248.7
💰 Live Premium: ₹6.0 (Lots: 0)

2026-01-27 13:58:39 | alerts | INFO | 
🔴 <b>🔔 REAL-TIME HIGH-CONVICTION SIGNAL - PATANJALI PUT</b>

📊 Conf: 7.5/10 | R:R: 1:9.99

🎯 <b>Strike:</b> 26500 (ATM)
🎯 <b>Entry Spot:</b> ₹498.1
⬆️ <b>Target Spot:</b> ₹495.6
⬇️ <b>Stop Spot:</b> ₹501.6
💰 Live Premium: ₹20.9 (Lots: 0)

2026-01-27 13:58:43 | alerts | INFO | 
🔴 <b>🔔 REAL-TIME HIGH-CONVICTION SIGNAL - PAYTM PUT</b>

📊 Conf: 7.5/10 | R:R: 1:9.99

🎯 <b>Strike:</b> 261140 (ATM)
🎯 <b>Entry Spot:</b> ₹1130.4
⬆️ <b>Target Spot:</b> ₹1124.7
⬇️ <b>Stop Spot:</b> ₹1137.3
💰 Live Premium: ₹57.9 (Lots: 0)

2026-01-27 13:58:47 | alerts | INFO | 
🔴 <b>🔔 REAL-TIME HIGH-CONVICTION SIGNAL - PNB PUT</b>

📊 Conf: 7.5/10 | R:R: 1:9.99

🎯 <b>Strike:</b> 26120 (ATM)
🎯 <b>Entry Spot:</b> ₹121.1
⬆️ <b>Target Spot:</b> ₹120.5
⬇️ <b>Stop Spot:</b> ₹121.7
💰 Live Premium: ₹5.2 (Lots: 0)

2026-01-27 13:58:50 | alerts | INFO | 
🔴 <b>🔔 REAL-TIME HIGH-CONVICTION SIGNAL - POWERINDIA PUT</b>

📊 Conf: 7.5/10 | R:R: 1:9.99

🎯 <b>Strike:</b> 2616500 (ATM)
🎯 <b>Entry Spot:</b> ₹16580.0
⬆️ <b>Target Spot:</b> ₹16497.1
⬇️ <b>Stop Spot:</b> ₹16662.9
💰 Live Premium: ₹982.1 (Lots: 0)

2026-01-27 13:58:54 | alerts | INFO | 
🔴 <b>🔔 REAL-TIME HIGH-CONVICTION SIGNAL - RBLBANK PUT</b>

📊 Conf: 7.5/10 | R:R: 1:9.99

🎯 <b>Strike:</b> 26290 (ATM)
🎯 <b>Entry Spot:</b> ₹291.8
⬆️ <b>Target Spot:</b> ₹290.3
⬇️ <b>Stop Spot:</b> ₹293.3
💰 Live Premium: ₹9.7 (Lots: 0)

2026-01-27 13:58:57 | alerts | INFO | 
🔴 <b>🔔 REAL-TIME HIGH-CONVICTION SIGNAL - RVNL PUT</b>

📊 Conf: 7.5/10 | R:R: 1:9.99

🎯 <b>Strike:</b> 26320 (ATM)
🎯 <b>Entry Spot:</b> ₹322.4
⬆️ <b>Target Spot:</b> ₹320.7
⬇️ <b>Stop Spot:</b> ₹324.0
💰 Live Premium: ₹14.2 (Lots: 0)

2026-01-27 13:59:03 | alerts | INFO | 
🔴 <b>🔔 REAL-TIME HIGH-CONVICTION SIGNAL - SAIL PUT</b>

📊 Conf: 7.5/10 | R:R: 1:9.99

🎯 <b>Strike:</b> 26150 (ATM)
🎯 <b>Entry Spot:</b> ₹152.9
⬆️ <b>Target Spot:</b> ₹152.1
⬇️ <b>Stop Spot:</b> ₹153.6
💰 Live Premium: ₹9.5 (Lots: 0)

2026-01-27 13:59:07 | alerts | INFO | 
🔴 <b>🔔 REAL-TIME HIGH-CONVICTION SIGNAL - SBILIFE PUT</b>

📊 Conf: 7.5/10 | R:R: 1:9.99

🎯 <b>Strike:</b> 262040 (ATM)
🎯 <b>Entry Spot:</b> ₹2035.8
⬆️ <b>Target Spot:</b> ₹2025.6
⬇️ <b>Stop Spot:</b> ₹2046.0
💰 Live Premium: ₹59.0 (Lots: 0)

2026-01-27 13:59:10 | alerts | INFO | 
🔴 <b>🔔 REAL-TIME HIGH-CONVICTION SIGNAL - SONACOMS PUT</b>

📊 Conf: 7.5/10 | R:R: 1:9.99

🎯 <b>Strike:</b> 26490 (ATM)
🎯 <b>Entry Spot:</b> ₹486.1
⬆️ <b>Target Spot:</b> ₹483.6
⬇️ <b>Stop Spot:</b> ₹489.7
💰 Live Premium: ₹20.2 (Lots: 0)

2026-01-27 13:59:17 | alerts | INFO | 
🔴 <b>🔔 REAL-TIME HIGH-CONVICTION SIGNAL - SUPREMEIND PUT</b>

📊 Conf: 7.5/10 | R:R: 1:9.99

🎯 <b>Strike:</b> 263450 (ATM)
🎯 <b>Entry Spot:</b> ₹3437.7
⬆️ <b>Target Spot:</b> ₹3420.5
⬇️ <b>Stop Spot:</b> ₹3457.6
💰 Live Premium: ₹128.0 (Lots: 0)

2026-01-27 13:59:20 | alerts | INFO | 
🔴 <b>🔔 REAL-TIME HIGH-CONVICTION SIGNAL - SWIGGY PUT</b>

📊 Conf: 7.5/10 | R:R: 1:9.99

🎯 <b>Strike:</b> 26310 (ATM)
🎯 <b>Entry Spot:</b> ₹308.1
⬆️ <b>Target Spot:</b> ₹306.6
⬇️ <b>Stop Spot:</b> ₹309.7
💰 Live Premium: ₹17.8 (Lots: 0)

2026-01-27 13:59:24 | alerts | INFO | 
🔴 <b>🔔 REAL-TIME HIGH-CONVICTION SIGNAL - SYNGENE PUT</b>

📊 Conf: 7.5/10 | R:R: 1:9.99

🎯 <b>Strike:</b> 26490 (ATM)
🎯 <b>Entry Spot:</b> ₹489.8
⬆️ <b>Target Spot:</b> ₹487.4
⬇️ <b>Stop Spot:</b> ₹494.9
💰 Live Premium: ₹0.0 (Lots: 0)

2026-01-27 13:59:30 | alerts | INFO | 
🔴 <b>🔔 REAL-TIME HIGH-CONVICTION SIGNAL - TATACONSUM PUT</b>

📊 Conf: 7.5/10 | R:R: 1:9.99

🎯 <b>Strike:</b> 261160 (ATM)
🎯 <b>Entry Spot:</b> ₹1167.6
⬆️ <b>Target Spot:</b> ₹1161.8
⬇️ <b>Stop Spot:</b> ₹1185.9
💰 Live Premium: ₹45.5 (Lots: 0)

2026-01-27 13:59:36 | alerts | INFO | 
🔴 <b>🔔 REAL-TIME HIGH-CONVICTION SIGNAL - TECHM PUT</b>

📊 Conf: 7.5/10 | R:R: 1:9.99

🎯 <b>Strike:</b> 261720 (ATM)
🎯 <b>Entry Spot:</b> ₹1724.5
⬆️ <b>Target Spot:</b> ₹1715.9
⬇️ <b>Stop Spot:</b> ₹1733.1
💰 Live Premium: ₹51.3 (Lots: 0)

2026-01-27 13:59:44 | alerts | INFO | 
🔴 <b>🔔 REAL-TIME HIGH-CONVICTION SIGNAL - TORNTPOWER PUT</b>

📊 Conf: 7.5/10 | R:R: 1:9.99

🎯 <b>Strike:</b> 261300 (ATM)
🎯 <b>Entry Spot:</b> ₹1306.6
⬆️ <b>Target Spot:</b> ₹1300.1
⬇️ <b>Stop Spot:</b> ₹1313.1
💰 Live Premium: ₹50.0 (Lots: 0)

2026-01-27 13:59:47 | alerts | INFO | 
🔴 <b>🔔 REAL-TIME HIGH-CONVICTION SIGNAL - TRENT PUT</b>

📊 Conf: 7.5/10 | R:R: 1:9.99

🎯 <b>Strike:</b> 263750 (ATM)
🎯 <b>Entry Spot:</b> ₹3760.1
⬆️ <b>Target Spot:</b> ₹3741.3
⬇️ <b>Stop Spot:</b> ₹3778.9
💰 Live Premium: ₹179.1 (Lots: 0)

2026-01-27 13:59:51 | alerts | INFO | 
🔴 <b>🔔 REAL-TIME HIGH-CONVICTION SIGNAL - UNIONBANK PUT</b>

📊 Conf: 7.5/10 | R:R: 1:9.99

🎯 <b>Strike:</b> 26170 (ATM)
🎯 <b>Entry Spot:</b> ₹172.9
⬆️ <b>Target Spot:</b> ₹172.1
⬇️ <b>Stop Spot:</b> ₹173.8
💰 Live Premium: ₹9.0 (Lots: 0)

2026-01-27 13:59:57 | alerts | INFO | 
🔴 <b>🔔 REAL-TIME HIGH-CONVICTION SIGNAL - VEDL PUT</b>

📊 Conf: 7.5/10 | R:R: 1:9.99

🎯 <b>Strike:</b> 26700 (ATM)
🎯 <b>Entry Spot:</b> ₹699.2
⬆️ <b>Target Spot:</b> ₹695.7
⬇️ <b>Stop Spot:</b> ₹702.7
💰 Live Premium: ₹33.0 (Lots: 0)

2026-01-27 14:00:01 | alerts | INFO | 
🔴 <b>🔔 REAL-TIME HIGH-CONVICTION SIGNAL - WAAREEENER PUT</b>

📊 Conf: 7.5/10 | R:R: 1:9.99

🎯 <b>Strike:</b> 262650 (ATM)
🎯 <b>Entry Spot:</b> ₹2667.0
⬆️ <b>Target Spot:</b> ₹2653.7
⬇️ <b>Stop Spot:</b> ₹2681.2
💰 Live Premium: ₹135.0 (Lots: 0)

2026-01-27 14:01:17 | alerts | INFO | 🤖 <b>CONTINUOUS PAPER TRADER STARTED</b>
2026-01-27 14:09:19 | alerts | INFO | 
🔴 <b>🔔 REAL-TIME HIGH-CONVICTION SIGNAL - 360ONE PUT</b>

📊 Conf: 7.5/10 | R:R: 1:9.99

🎯 <b>Strike:</b> 360261120 (ATM)
🎯 <b>Entry Spot:</b> ₹1110.2
⬆️ <b>Target Spot:</b> ₹1104.6
⬇️ <b>Stop Spot:</b> ₹1115.8
💰 Live Premium: ₹35.0 (Lots: 0)

2026-01-27 14:09:24 | alerts | INFO | 
🔴 <b>🔔 REAL-TIME HIGH-CONVICTION SIGNAL - ADANIENSOL PUT</b>

📊 Conf: 7.5/10 | R:R: 1:9.99

🎯 <b>Strike:</b> 26830 (ATM)
🎯 <b>Entry Spot:</b> ₹830.2
⬆️ <b>Target Spot:</b> ₹826.0
⬇️ <b>Stop Spot:</b> ₹834.9
💰 Live Premium: ₹45.8 (Lots: 0)

2026-01-27 14:09:27 | alerts | INFO | 
🔴 <b>🔔 REAL-TIME HIGH-CONVICTION SIGNAL - ADANIPORTS PUT</b>

📊 Conf: 7.5/10 | R:R: 1:9.99

🎯 <b>Strike:</b> 261340 (ATM)
🎯 <b>Entry Spot:</b> ₹1346.7
⬆️ <b>Target Spot:</b> ₹1340.0
⬇️ <b>Stop Spot:</b> ₹1354.5
💰 Live Premium: ₹62.0 (Lots: 0)

2026-01-27 14:09:31 | alerts | INFO | 
🔴 <b>🔔 REAL-TIME HIGH-CONVICTION SIGNAL - ASHOKLEY PUT</b>

📊 Conf: 7.5/10 | R:R: 1:9.99

🎯 <b>Strike:</b> 26190 (ATM)
🎯 <b>Entry Spot:</b> ₹189.6
⬆️ <b>Target Spot:</b> ₹188.7
⬇️ <b>Stop Spot:</b> ₹190.6
💰 Live Premium: ₹8.2 (Lots: 0)

2026-01-27 14:09:37 | alerts | INFO | 
🔴 <b>🔔 REAL-TIME HIGH-CONVICTION SIGNAL - AXISBANK PUT</b>

📊 Conf: 7.5/10 | R:R: 1:9.99

🎯 <b>Strike:</b> 261320 (ATM)
🎯 <b>Entry Spot:</b> ₹1313.9
⬆️ <b>Target Spot:</b> ₹1307.3
⬇️ <b>Stop Spot:</b> ₹1320.5
💰 Live Premium: ₹33.8 (Lots: 0)

2026-01-27 14:09:40 | alerts | INFO | 
🔴 <b>🔔 REAL-TIME HIGH-CONVICTION SIGNAL - BANKBARODA PUT</b>

📊 Conf: 7.5/10 | R:R: 1:9.99

🎯 <b>Strike:</b> 26300 (ATM)
🎯 <b>Entry Spot:</b> ₹298.1
⬆️ <b>Target Spot:</b> ₹296.7
⬇️ <b>Stop Spot:</b> ₹299.6
💰 Live Premium: ₹11.4 (Lots: 0)

2026-01-27 14:09:44 | alerts | INFO | 
🔴 <b>🔔 REAL-TIME HIGH-CONVICTION SIGNAL - BOSCHLTD PUT</b>

📊 Conf: 7.5/10 | R:R: 1:9.99

🎯 <b>Strike:</b> 2635000 (ATM)
🎯 <b>Entry Spot:</b> ₹35035.0
⬆️ <b>Target Spot:</b> ₹34859.8
⬇️ <b>Stop Spot:</b> ₹35210.2
💰 Live Premium: ₹1228.8 (Lots: 0)

2026-01-27 14:09:51 | alerts | INFO | 
🔴 <b>🔔 REAL-TIME HIGH-CONVICTION SIGNAL - BRITANNIA PUT</b>

📊 Conf: 7.5/10 | R:R: 1:9.99

🎯 <b>Strike:</b> 265900 (ATM)
🎯 <b>Entry Spot:</b> ₹5873.0
⬆️ <b>Target Spot:</b> ₹5843.6
⬇️ <b>Stop Spot:</b> ₹5902.4
💰 Live Premium: ₹189.4 (Lots: 0)

2026-01-27 14:09:54 | alerts | INFO | 
🔴 <b>🔔 REAL-TIME HIGH-CONVICTION SIGNAL - CANBK PUT</b>

📊 Conf: 7.5/10 | R:R: 1:9.99

🎯 <b>Strike:</b> 26150 (ATM)
🎯 <b>Entry Spot:</b> ₹152.9
⬆️ <b>Target Spot:</b> ₹152.2
⬇️ <b>Stop Spot:</b> ₹153.7
💰 Live Premium: ₹8.5 (Lots: 0)

2026-01-27 14:09:58 | alerts | INFO | 
🔴 <b>🔔 REAL-TIME HIGH-CONVICTION SIGNAL - CGPOWER PUT</b>

📊 Conf: 7.5/10 | R:R: 1:9.99

🎯 <b>Strike:</b> 26540 (ATM)
🎯 <b>Entry Spot:</b> ₹538.9
⬆️ <b>Target Spot:</b> ₹536.2
⬇️ <b>Stop Spot:</b> ₹542.1
💰 Live Premium: ₹28.5 (Lots: 0)

2026-01-27 14:10:05 | alerts | INFO | 
🔴 <b>🔔 REAL-TIME HIGH-CONVICTION SIGNAL - CIPLA PUT</b>

📊 Conf: 7.5/10 | R:R: 1:9.99

🎯 <b>Strike:</b> 261320 (ATM)
🎯 <b>Entry Spot:</b> ₹1314.1
⬆️ <b>Target Spot:</b> ₹1307.5
⬇️ <b>Stop Spot:</b> ₹1320.7
💰 Live Premium: ₹34.1 (Lots: 0)

2026-01-27 14:10:08 | alerts | INFO | 
🔴 <b>🔔 REAL-TIME HIGH-CONVICTION SIGNAL - COLPAL PUT</b>

📊 Conf: 7.5/10 | R:R: 1:9.99

🎯 <b>Strike:</b> 262140 (ATM)
🎯 <b>Entry Spot:</b> ₹2139.6
⬆️ <b>Target Spot:</b> ₹2128.9
⬇️ <b>Stop Spot:</b> ₹2150.3
💰 Live Premium: ₹75.8 (Lots: 0)

2026-01-27 14:10:11 | alerts | INFO | 
🔴 <b>🔔 REAL-TIME HIGH-CONVICTION SIGNAL - CONCOR PUT</b>

📊 Conf: 7.5/10 | R:R: 1:9.99

🎯 <b>Strike:</b> 26480 (ATM)
🎯 <b>Entry Spot:</b> ₹479.6
⬆️ <b>Target Spot:</b> ₹477.3
⬇️ <b>Stop Spot:</b> ₹482.0
💰 Live Premium: ₹17.2 (Lots: 0)

2026-01-27 14:10:18 | alerts | INFO | 
🔴 <b>🔔 REAL-TIME HIGH-CONVICTION SIGNAL - CROMPTON PUT</b>

📊 Conf: 7.5/10 | R:R: 1:9.99

🎯 <b>Strike:</b> 26220 (ATM)
🎯 <b>Entry Spot:</b> ₹219.9
⬆️ <b>Target Spot:</b> ₹218.9
⬇️ <b>Stop Spot:</b> ₹221.0
💰 Live Premium: ₹9.7 (Lots: 0)

2026-01-27 14:10:23 | alerts | INFO | 
🔴 <b>🔔 REAL-TIME HIGH-CONVICTION SIGNAL - CUMMINSIND PUT</b>

📊 Conf: 7.5/10 | R:R: 1:9.99

🎯 <b>Strike:</b> 263900 (ATM)
🎯 <b>Entry Spot:</b> ₹3891.5
⬆️ <b>Target Spot:</b> ₹3872.0
⬇️ <b>Stop Spot:</b> ₹3911.0
💰 Live Premium: ₹150.0 (Lots: 0)

2026-01-27 14:10:31 | alerts | INFO | 
🔴 <b>🔔 REAL-TIME HIGH-CONVICTION SIGNAL - DIVISLAB PUT</b>

📊 Conf: 7.5/10 | R:R: 1:9.99

🎯 <b>Strike:</b> 266100 (ATM)
🎯 <b>Entry Spot:</b> ₹6055.0
⬆️ <b>Target Spot:</b> ₹6024.7
⬇️ <b>Stop Spot:</b> ₹6085.3
💰 Live Premium: ₹191.0 (Lots: 0)

2026-01-27 14:10:35 | alerts | INFO | 
🔴 <b>🔔 REAL-TIME HIGH-CONVICTION SIGNAL - DLF PUT</b>

📊 Conf: 7.5/10 | R:R: 1:9.99

🎯 <b>Strike:</b> 26600 (ATM)
🎯 <b>Entry Spot:</b> ₹597.0
⬆️ <b>Target Spot:</b> ₹594.0
⬇️ <b>Stop Spot:</b> ₹600.6
💰 Live Premium: ₹25.4 (Lots: 0)

2026-01-27 14:10:41 | alerts | INFO | 
🔴 <b>🔔 REAL-TIME HIGH-CONVICTION SIGNAL - DMART PUT</b>

📊 Conf: 7.5/10 | R:R: 1:9.99

🎯 <b>Strike:</b> 263650 (ATM)
🎯 <b>Entry Spot:</b> ₹3661.5
⬆️ <b>Target Spot:</b> ₹3643.2
⬇️ <b>Stop Spot:</b> ₹3679.8
💰 Live Premium: ₹122.7 (Lots: 0)

2026-01-27 14:10:44 | alerts | INFO | 
🔴 <b>🔔 REAL-TIME HIGH-CONVICTION SIGNAL - EICHERMOT PUT</b>

📊 Conf: 7.5/10 | R:R: 1:9.99

🎯 <b>Strike:</b> 267100 (ATM)
🎯 <b>Entry Spot:</b> ₹7073.5
⬆️ <b>Target Spot:</b> ₹7038.1
⬇️ <b>Stop Spot:</b> ₹7108.9
💰 Live Premium: ₹230.1 (Lots: 0)

2026-01-27 14:10:47 | alerts | INFO | 
🔴 <b>🔔 REAL-TIME HIGH-CONVICTION SIGNAL - ETERNAL PUT</b>

📊 Conf: 7.5/10 | R:R: 1:9.99

🎯 <b>Strike:</b> 26250 (ATM)
🎯 <b>Entry Spot:</b> ₹252.3
⬆️ <b>Target Spot:</b> ₹251.1
⬇️ <b>Stop Spot:</b> ₹253.9
💰 Live Premium: ₹14.2 (Lots: 0)

2026-01-27 14:10:54 | alerts | INFO | 
🔴 <b>🔔 REAL-TIME HIGH-CONVICTION SIGNAL - FORTIS PUT</b>

📊 Conf: 7.5/10 | R:R: 1:9.99

🎯 <b>Strike:</b> 26830 (ATM)
🎯 <b>Entry Spot:</b> ₹830.7
⬆️ <b>Target Spot:</b> ₹826.5
⬇️ <b>Stop Spot:</b> ₹834.9
💰 Live Premium: ₹0.0 (Lots: 0)

2026-01-27 14:10:57 | alerts | INFO | 
🔴 <b>🔔 REAL-TIME HIGH-CONVICTION SIGNAL - GAIL PUT</b>

📊 Conf: 7.5/10 | R:R: 1:9.99

🎯 <b>Strike:</b> 26160 (ATM)
🎯 <b>Entry Spot:</b> ₹158.8
⬆️ <b>Target Spot:</b> ₹158.0
⬇️ <b>Stop Spot:</b> ₹159.6
💰 Live Premium: ₹5.3 (Lots: 0)

2026-01-27 14:11:01 | alerts | INFO | 
🔴 <b>🔔 REAL-TIME HIGH-CONVICTION SIGNAL - GLENMARK PUT</b>

📊 Conf: 7.5/10 | R:R: 1:9.99

🎯 <b>Strike:</b> 261980 (ATM)
🎯 <b>Entry Spot:</b> ₹1978.8
⬆️ <b>Target Spot:</b> ₹1968.9
⬇️ <b>Stop Spot:</b> ₹1988.7
💰 Live Premium: ₹83.2 (Lots: 0)

2026-01-27 14:11:07 | alerts | INFO | 
🔴 <b>🔔 REAL-TIME HIGH-CONVICTION SIGNAL - GMRAIRPORT PUT</b>

📊 Conf: 7.5/10 | R:R: 1:9.99

🎯 <b>Strike:</b> 2690 (ATM)
🎯 <b>Entry Spot:</b> ₹90.7
⬆️ <b>Target Spot:</b> ₹90.3
⬇️ <b>Stop Spot:</b> ₹91.2
💰 Live Premium: ₹4.3 (Lots: 0)

2026-01-27 14:11:13 | alerts | INFO | 
🔴 <b>🔔 REAL-TIME HIGH-CONVICTION SIGNAL - GODREJCP PUT</b>

📊 Conf: 7.5/10 | R:R: 1:9.99

🎯 <b>Strike:</b> 261160 (ATM)
🎯 <b>Entry Spot:</b> ₹1170.0
⬆️ <b>Target Spot:</b> ₹1164.2
⬇️ <b>Stop Spot:</b> ₹1175.8
💰 Live Premium: ₹44.5 (Lots: 0)

2026-01-27 14:11:20 | alerts | INFO | 
🔴 <b>🔔 REAL-TIME HIGH-CONVICTION SIGNAL - GODREJPROP PUT</b>

📊 Conf: 7.5/10 | R:R: 1:9.99

🎯 <b>Strike:</b> 261500 (ATM)
🎯 <b>Entry Spot:</b> ₹1494.0
⬆️ <b>Target Spot:</b> ₹1486.5
⬇️ <b>Stop Spot:</b> ₹1504.7
💰 Live Premium: ₹87.0 (Lots: 0)

2026-01-27 14:11:23 | alerts | INFO | 
🔴 <b>🔔 REAL-TIME HIGH-CONVICTION SIGNAL - GRASIM PUT</b>

📊 Conf: 7.5/10 | R:R: 1:9.99

🎯 <b>Strike:</b> 262840 (ATM)
🎯 <b>Entry Spot:</b> ₹2837.6
⬆️ <b>Target Spot:</b> ₹2823.4
⬇️ <b>Stop Spot:</b> ₹2851.8
💰 Live Premium: ₹83.6 (Lots: 0)

2026-01-27 14:11:32 | alerts | INFO | 
🔴 <b>🔔 REAL-TIME HIGH-CONVICTION SIGNAL - HDFCBANK PUT</b>

📊 Conf: 7.5/10 | R:R: 1:9.99

🎯 <b>Strike:</b> 26920 (ATM)
🎯 <b>Entry Spot:</b> ₹916.5
⬆️ <b>Target Spot:</b> ₹911.9
⬇️ <b>Stop Spot:</b> ₹921.1
💰 Live Premium: ₹23.6 (Lots: 0)

2026-01-27 14:11:35 | alerts | INFO | 
🔴 <b>🔔 REAL-TIME HIGH-CONVICTION SIGNAL - HINDZINC PUT</b>

📊 Conf: 7.5/10 | R:R: 1:9.99

🎯 <b>Strike:</b> 26720 (ATM)
🎯 <b>Entry Spot:</b> ₹716.8
⬆️ <b>Target Spot:</b> ₹713.2
⬇️ <b>Stop Spot:</b> ₹720.7
💰 Live Premium: ₹43.0 (Lots: 0)

2026-01-27 14:11:41 | alerts | INFO | 
🔴 <b>🔔 REAL-TIME HIGH-CONVICTION SIGNAL - ICICIBANK PUT</b>

📊 Conf: 7.5/10 | R:R: 1:9.99

🎯 <b>Strike:</b> 261360 (ATM)
🎯 <b>Entry Spot:</b> ₹1353.0
⬆️ <b>Target Spot:</b> ₹1346.2
⬇️ <b>Stop Spot:</b> ₹1359.8
💰 Live Premium: ₹27.6 (Lots: 0)

2026-01-27 14:11:44 | alerts | INFO | 
🔴 <b>🔔 REAL-TIME HIGH-CONVICTION SIGNAL - ICICIGI PUT</b>

📊 Conf: 7.5/10 | R:R: 1:9.99

🎯 <b>Strike:</b> 261800 (ATM)
🎯 <b>Entry Spot:</b> ₹1793.7
⬆️ <b>Target Spot:</b> ₹1784.7
⬇️ <b>Stop Spot:</b> ₹1802.7
💰 Live Premium: ₹49.0 (Lots: 0)

2026-01-27 14:11:48 | alerts | INFO | 
🔴 <b>🔔 REAL-TIME HIGH-CONVICTION SIGNAL - INDHOTEL PUT</b>

📊 Conf: 7.5/10 | R:R: 1:9.99

🎯 <b>Strike:</b> 26640 (ATM)
🎯 <b>Entry Spot:</b> ₹643.8
⬆️ <b>Target Spot:</b> ₹640.5
⬇️ <b>Stop Spot:</b> ₹647.0
💰 Live Premium: ₹26.0 (Lots: 0)

2026-01-27 14:11:53 | alerts | INFO | 
🔴 <b>🔔 REAL-TIME HIGH-CONVICTION SIGNAL - INDIANB PUT</b>

📊 Conf: 7.5/10 | R:R: 1:9.99

🎯 <b>Strike:</b> 26860 (ATM)
🎯 <b>Entry Spot:</b> ₹861.6
⬆️ <b>Target Spot:</b> ₹857.3
⬇️ <b>Stop Spot:</b> ₹865.9
💰 Live Premium: ₹35.1 (Lots: 0)

2026-01-27 14:11:57 | alerts | INFO | 
🔴 <b>🔔 REAL-TIME HIGH-CONVICTION SIGNAL - IOC PUT</b>

📊 Conf: 7.5/10 | R:R: 1:9.99

🎯 <b>Strike:</b> 26160 (ATM)
🎯 <b>Entry Spot:</b> ₹157.7
⬆️ <b>Target Spot:</b> ₹157.0
⬇️ <b>Stop Spot:</b> ₹158.5
💰 Live Premium: ₹4.2 (Lots: 0)

2026-01-27 14:12:00 | alerts | INFO | 
🔴 <b>🔔 REAL-TIME HIGH-CONVICTION SIGNAL - JINDALSTEL PUT</b>

📊 Conf: 7.5/10 | R:R: 1:9.99

🎯 <b>Strike:</b> 261060 (ATM)
🎯 <b>Entry Spot:</b> ₹1068.5
⬆️ <b>Target Spot:</b> ₹1063.2
⬇️ <b>Stop Spot:</b> ₹1073.8
💰 Live Premium: ₹51.4 (Lots: 0)

2026-01-27 14:12:06 | alerts | INFO | 
🔴 <b>🔔 REAL-TIME HIGH-CONVICTION SIGNAL - JSWENERGY PUT</b>

📊 Conf: 7.5/10 | R:R: 1:9.99

🎯 <b>Strike:</b> 26430 (ATM)
🎯 <b>Entry Spot:</b> ₹429.4
⬆️ <b>Target Spot:</b> ₹427.2
⬇️ <b>Stop Spot:</b> ₹433.1
💰 Live Premium: ₹19.9 (Lots: 0)

2026-01-27 14:12:09 | alerts | INFO | 
🔴 <b>🔔 REAL-TIME HIGH-CONVICTION SIGNAL - JUBLFOOD PUT</b>

📊 Conf: 7.5/10 | R:R: 1:9.99

🎯 <b>Strike:</b> 26480 (ATM)
🎯 <b>Entry Spot:</b> ₹483.9
⬆️ <b>Target Spot:</b> ₹481.5
⬇️ <b>Stop Spot:</b> ₹486.3
💰 Live Premium: ₹21.9 (Lots: 0)

2026-01-27 14:12:13 | alerts | INFO | 
🔴 <b>🔔 REAL-TIME HIGH-CONVICTION SIGNAL - LAURUSLABS PUT</b>

📊 Conf: 7.5/10 | R:R: 1:9.99

🎯 <b>Strike:</b> 261000 (ATM)
🎯 <b>Entry Spot:</b> ₹996.8
⬆️ <b>Target Spot:</b> ₹991.8
⬇️ <b>Stop Spot:</b> ₹1001.8
💰 Live Premium: ₹40.0 (Lots: 0)

2026-01-27 14:12:19 | alerts | INFO | 
🔴 <b>🔔 REAL-TIME HIGH-CONVICTION SIGNAL - MARUTI PUT</b>

📊 Conf: 7.5/10 | R:R: 1:9.99

🎯 <b>Strike:</b> 2615200 (ATM)
🎯 <b>Entry Spot:</b> ₹15162.0
⬆️ <b>Target Spot:</b> ₹15086.2
⬇️ <b>Stop Spot:</b> ₹15237.8
💰 Live Premium: ₹522.0 (Lots: 0)

2026-01-27 14:12:23 | alerts | INFO | 
🔴 <b>🔔 REAL-TIME HIGH-CONVICTION SIGNAL - MAZDOCK PUT</b>

📊 Conf: 7.5/10 | R:R: 1:9.99

🎯 <b>Strike:</b> 262300 (ATM)
🎯 <b>Entry Spot:</b> ₹2298.8
⬆️ <b>Target Spot:</b> ₹2287.3
⬇️ <b>Stop Spot:</b> ₹2310.3
💰 Live Premium: ₹116.8 (Lots: 0)

2026-01-27 14:12:26 | alerts | INFO | 
🔴 <b>🔔 REAL-TIME HIGH-CONVICTION SIGNAL - MCX PUT</b>

📊 Conf: 7.5/10 | R:R: 1:9.99

🎯 <b>Strike:</b> 262400 (ATM)
🎯 <b>Entry Spot:</b> ₹2387.0
⬆️ <b>Target Spot:</b> ₹2375.1
⬇️ <b>Stop Spot:</b> ₹2401.0
💰 Live Premium: ₹119.8 (Lots: 0)

2026-01-27 14:12:29 | alerts | INFO | 
🔴 <b>🔔 REAL-TIME HIGH-CONVICTION SIGNAL - NATIONALUM PUT</b>

📊 Conf: 7.5/10 | R:R: 1:9.99

🎯 <b>Strike:</b> 26380 (ATM)
🎯 <b>Entry Spot:</b> ₹379.5
⬆️ <b>Target Spot:</b> ₹377.6
⬇️ <b>Stop Spot:</b> ₹381.4
💰 Live Premium: ₹16.2 (Lots: 0)

2026-01-27 14:12:35 | alerts | INFO | 
🔴 <b>🔔 REAL-TIME HIGH-CONVICTION SIGNAL - NAUKRI PUT</b>

📊 Conf: 7.5/10 | R:R: 1:9.99

🎯 <b>Strike:</b> 261260 (ATM)
🎯 <b>Entry Spot:</b> ₹1265.9
⬆️ <b>Target Spot:</b> ₹1259.6
⬇️ <b>Stop Spot:</b> ₹1272.8
💰 Live Premium: ₹56.5 (Lots: 0)

2026-01-27 14:12:39 | alerts | INFO | 
🔴 <b>🔔 REAL-TIME HIGH-CONVICTION SIGNAL - OBEROIRLTY PUT</b>

📊 Conf: 7.5/10 | R:R: 1:9.99

🎯 <b>Strike:</b> 261460 (ATM)
🎯 <b>Entry Spot:</b> ₹1453.1
⬆️ <b>Target Spot:</b> ₹1445.8
⬇️ <b>Stop Spot:</b> ₹1461.7
💰 Live Premium: ₹57.5 (Lots: 0)

2026-01-27 14:12:42 | alerts | INFO | 
🔴 <b>🔔 REAL-TIME HIGH-CONVICTION SIGNAL - PATANJALI PUT</b>

📊 Conf: 7.5/10 | R:R: 1:9.99

🎯 <b>Strike:</b> 26500 (ATM)
🎯 <b>Entry Spot:</b> ₹498.4
⬆️ <b>Target Spot:</b> ₹495.9
⬇️ <b>Stop Spot:</b> ₹502.0
💰 Live Premium: ₹20.9 (Lots: 0)

2026-01-27 14:12:50 | alerts | INFO | 
🔴 <b>🔔 REAL-TIME HIGH-CONVICTION SIGNAL - PAYTM PUT</b>

📊 Conf: 7.5/10 | R:R: 1:9.99

🎯 <b>Strike:</b> 261120 (ATM)
🎯 <b>Entry Spot:</b> ₹1125.0
⬆️ <b>Target Spot:</b> ₹1119.4
⬇️ <b>Stop Spot:</b> ₹1131.7
💰 Live Premium: ₹64.2 (Lots: 0)

2026-01-27 14:12:53 | alerts | INFO | 
🔴 <b>🔔 REAL-TIME HIGH-CONVICTION SIGNAL - SAIL PUT</b>

📊 Conf: 7.5/10 | R:R: 1:9.99

🎯 <b>Strike:</b> 26150 (ATM)
🎯 <b>Entry Spot:</b> ₹152.1
⬆️ <b>Target Spot:</b> ₹151.4
⬇️ <b>Stop Spot:</b> ₹152.9
💰 Live Premium: ₹9.3 (Lots: 0)

2026-01-27 14:13:02 | alerts | INFO | 
🔴 <b>🔔 REAL-TIME HIGH-CONVICTION SIGNAL - SBILIFE PUT</b>

📊 Conf: 7.5/10 | R:R: 1:9.99

🎯 <b>Strike:</b> 262040 (ATM)
🎯 <b>Entry Spot:</b> ₹2031.8
⬆️ <b>Target Spot:</b> ₹2021.6
⬇️ <b>Stop Spot:</b> ₹2042.0
💰 Live Premium: ₹57.5 (Lots: 0)

2026-01-27 14:13:05 | alerts | INFO | 
🔴 <b>🔔 REAL-TIME HIGH-CONVICTION SIGNAL - SBIN PUT</b>

📊 Conf: 7.5/10 | R:R: 1:9.99

🎯 <b>Strike:</b> 261040 (ATM)
🎯 <b>Entry Spot:</b> ₹1042.8
⬆️ <b>Target Spot:</b> ₹1037.6
⬇️ <b>Stop Spot:</b> ₹1048.0
💰 Live Premium: ₹37.0 (Lots: 0)

2026-01-27 14:13:09 | alerts | INFO | 
🔴 <b>🔔 REAL-TIME HIGH-CONVICTION SIGNAL - SONACOMS PUT</b>

📊 Conf: 7.5/10 | R:R: 1:9.99

🎯 <b>Strike:</b> 26490 (ATM)
🎯 <b>Entry Spot:</b> ₹486.9
⬆️ <b>Target Spot:</b> ₹484.5
⬇️ <b>Stop Spot:</b> ₹490.2
💰 Live Premium: ₹20.6 (Lots: 0)

2026-01-27 14:13:15 | alerts | INFO | 
🔴 <b>🔔 REAL-TIME HIGH-CONVICTION SIGNAL - SUPREMEIND PUT</b>

📊 Conf: 7.5/10 | R:R: 1:9.99

🎯 <b>Strike:</b> 263450 (ATM)
🎯 <b>Entry Spot:</b> ₹3428.6
⬆️ <b>Target Spot:</b> ₹3411.5
⬇️ <b>Stop Spot:</b> ₹3446.7
💰 Live Premium: ₹128.0 (Lots: 0)

2026-01-27 14:13:18 | alerts | INFO | 
🔴 <b>🔔 REAL-TIME HIGH-CONVICTION SIGNAL - TATACONSUM PUT</b>

📊 Conf: 7.5/10 | R:R: 1:9.99

🎯 <b>Strike:</b> 261160 (ATM)
🎯 <b>Entry Spot:</b> ₹1168.9
⬆️ <b>Target Spot:</b> ₹1163.1
⬇️ <b>Stop Spot:</b> ₹1188.5
💰 Live Premium: ₹43.5 (Lots: 0)

2026-01-27 14:13:27 | alerts | INFO | 
🔴 <b>🔔 REAL-TIME HIGH-CONVICTION SIGNAL - TECHM PUT</b>

📊 Conf: 7.5/10 | R:R: 1:9.99

🎯 <b>Strike:</b> 261720 (ATM)
🎯 <b>Entry Spot:</b> ₹1726.5
⬆️ <b>Target Spot:</b> ₹1717.9
⬇️ <b>Stop Spot:</b> ₹1735.1
💰 Live Premium: ₹52.3 (Lots: 0)

2026-01-27 14:13:31 | alerts | INFO | 
🔴 <b>🔔 REAL-TIME HIGH-CONVICTION SIGNAL - TORNTPHARM PUT</b>

📊 Conf: 7.5/10 | R:R: 1:9.99

🎯 <b>Strike:</b> 263940 (ATM)
🎯 <b>Entry Spot:</b> ₹3960.0
⬆️ <b>Target Spot:</b> ₹3940.2
⬇️ <b>Stop Spot:</b> ₹3979.8
💰 Live Premium: ₹119.0 (Lots: 0)

2026-01-27 14:13:37 | alerts | INFO | 
🔴 <b>🔔 REAL-TIME HIGH-CONVICTION SIGNAL - TRENT PUT</b>

📊 Conf: 7.5/10 | R:R: 1:9.99

🎯 <b>Strike:</b> 263750 (ATM)
🎯 <b>Entry Spot:</b> ₹3760.2
⬆️ <b>Target Spot:</b> ₹3741.4
⬇️ <b>Stop Spot:</b> ₹3779.0
💰 Live Premium: ₹178.0 (Lots: 0)

2026-01-27 14:13:41 | alerts | INFO | 
🔴 <b>🔔 REAL-TIME HIGH-CONVICTION SIGNAL - UNIONBANK PUT</b>

📊 Conf: 7.5/10 | R:R: 1:9.99

🎯 <b>Strike:</b> 26170 (ATM)
🎯 <b>Entry Spot:</b> ₹172.9
⬆️ <b>Target Spot:</b> ₹172.0
⬇️ <b>Stop Spot:</b> ₹173.7
💰 Live Premium: ₹8.8 (Lots: 0)

2026-01-27 14:13:44 | alerts | INFO | 
🔴 <b>🔔 REAL-TIME HIGH-CONVICTION SIGNAL - WAAREEENER PUT</b>

📊 Conf: 7.5/10 | R:R: 1:9.99

🎯 <b>Strike:</b> 262650 (ATM)
🎯 <b>Entry Spot:</b> ₹2659.6
⬆️ <b>Target Spot:</b> ₹2646.3
⬇️ <b>Stop Spot:</b> ₹2673.4
💰 Live Premium: ₹132.9 (Lots: 0)

2026-01-27 14:30:28 | alerts | INFO | 🤖 <b>CONTINUOUS PAPER TRADER STARTED</b>
2026-01-27 14:38:32 | alerts | INFO | 
🟣 <b>🔔 REAL-TIME HIGH-CONVICTION SIGNAL - ABB IRON CONDOR</b>

📊 Conf: 7.5/10 | R:R: 1:9.99

🎯 <b>Strike:</b> 264700 (ATM)
🎯 <b>Entry Spot:</b> ₹4680.0
⬆️ <b>Target Spot:</b> ₹4656.6
⬇️ <b>Stop Spot:</b> ₹4703.4
💰 Live Premium: ₹175.0 (Lots: 0)

2026-01-27 14:38:39 | alerts | INFO | 
🟣 <b>🔔 REAL-TIME HIGH-CONVICTION SIGNAL - ABCAPITAL IRON CONDOR</b>

📊 Conf: 7.5/10 | R:R: 1:9.99

🎯 <b>Strike:</b> 26340 (ATM)
🎯 <b>Entry Spot:</b> ₹345.0
⬆️ <b>Target Spot:</b> ₹343.3
⬇️ <b>Stop Spot:</b> ₹347.0
💰 Live Premium: ₹17.5 (Lots: 0)

2026-01-27 14:38:43 | alerts | INFO | 
🟣 <b>🔔 REAL-TIME HIGH-CONVICTION SIGNAL - ADANIGREEN IRON CONDOR</b>

📊 Conf: 7.5/10 | R:R: 1:9.99

🎯 <b>Strike:</b> 26790 (ATM)
🎯 <b>Entry Spot:</b> ₹790.8
⬆️ <b>Target Spot:</b> ₹786.8
⬇️ <b>Stop Spot:</b> ₹796.0
💰 Live Premium: ₹51.4 (Lots: 0)

2026-01-27 14:38:50 | alerts | INFO | 
🟣 <b>🔔 REAL-TIME HIGH-CONVICTION SIGNAL - ADANIPORTS IRON CONDOR</b>

📊 Conf: 7.5/10 | R:R: 1:9.99

🎯 <b>Strike:</b> 261340 (ATM)
🎯 <b>Entry Spot:</b> ₹1349.6
⬆️ <b>Target Spot:</b> ₹1342.9
⬇️ <b>Stop Spot:</b> ₹1356.8
💰 Live Premium: ₹69.0 (Lots: 0)

2026-01-27 14:38:53 | alerts | INFO | 
🟣 <b>🔔 REAL-TIME HIGH-CONVICTION SIGNAL - ANGELONE IRON CONDOR</b>

📊 Conf: 7.5/10 | R:R: 1:9.99

🎯 <b>Strike:</b> 262500 (ATM)
🎯 <b>Entry Spot:</b> ₹2518.5
⬆️ <b>Target Spot:</b> ₹2505.9
⬇️ <b>Stop Spot:</b> ₹2531.1
💰 Live Premium: ₹127.5 (Lots: 0)

2026-01-27 14:38:56 | alerts | INFO | 
🟣 <b>🔔 REAL-TIME HIGH-CONVICTION SIGNAL - ASTRAL IRON CONDOR</b>

📊 Conf: 7.5/10 | R:R: 1:9.99

🎯 <b>Strike:</b> 261380 (ATM)
🎯 <b>Entry Spot:</b> ₹1385.8
⬆️ <b>Target Spot:</b> ₹1378.9
⬇️ <b>Stop Spot:</b> ₹1392.7
💰 Live Premium: ₹52.0 (Lots: 0)

2026-01-27 14:39:02 | alerts | INFO | 
🟣 <b>🔔 REAL-TIME HIGH-CONVICTION SIGNAL - AUBANK IRON CONDOR</b>

📊 Conf: 7.5/10 | R:R: 1:9.99

🎯 <b>Strike:</b> 26950 (ATM)
🎯 <b>Entry Spot:</b> ₹946.8
⬆️ <b>Target Spot:</b> ₹942.0
⬇️ <b>Stop Spot:</b> ₹951.5
💰 Live Premium: ₹34.3 (Lots: 0)

2026-01-27 14:39:06 | alerts | INFO | 
🟣 <b>🔔 REAL-TIME HIGH-CONVICTION SIGNAL - AXISBANK IRON CONDOR</b>

📊 Conf: 7.5/10 | R:R: 1:9.99

🎯 <b>Strike:</b> 261320 (ATM)
🎯 <b>Entry Spot:</b> ₹1312.7
⬆️ <b>Target Spot:</b> ₹1306.1
⬇️ <b>Stop Spot:</b> ₹1319.3
💰 Live Premium: ₹33.2 (Lots: 0)

2026-01-27 14:39:09 | alerts | INFO | 
🟣 <b>🔔 REAL-TIME HIGH-CONVICTION SIGNAL - BAJAJ-AUTO IRON CONDOR</b>

📊 Conf: 7.5/10 | R:R: 1:9.99

🎯 <b>Strike:</b> 269400 (ATM)
🎯 <b>Entry Spot:</b> ₹9426.5
⬆️ <b>Target Spot:</b> ₹9379.4
⬇️ <b>Stop Spot:</b> ₹9473.6
💰 Live Premium: ₹334.2 (Lots: 0)

2026-01-27 14:39:16 | alerts | INFO | 
🟣 <b>🔔 REAL-TIME HIGH-CONVICTION SIGNAL - BAJAJHLDNG IRON CONDOR</b>

📊 Conf: 7.5/10 | R:R: 1:9.99

🎯 <b>Strike:</b> 2610600 (ATM)
🎯 <b>Entry Spot:</b> ₹10551.0
⬆️ <b>Target Spot:</b> ₹10498.2
⬇️ <b>Stop Spot:</b> ₹10603.8
💰 Live Premium: ₹450.0 (Lots: 0)

2026-01-27 14:39:23 | alerts | INFO | 
🟣 <b>🔔 REAL-TIME HIGH-CONVICTION SIGNAL - BANKBARODA IRON CONDOR</b>

📊 Conf: 7.5/10 | R:R: 1:9.99

🎯 <b>Strike:</b> 26300 (ATM)
🎯 <b>Entry Spot:</b> ₹298.4
⬆️ <b>Target Spot:</b> ₹296.9
⬇️ <b>Stop Spot:</b> ₹299.9
💰 Live Premium: ₹12.1 (Lots: 0)

2026-01-27 14:39:29 | alerts | INFO | 
🟣 <b>🔔 REAL-TIME HIGH-CONVICTION SIGNAL - BHARTIARTL IRON CONDOR</b>

📊 Conf: 7.5/10 | R:R: 1:9.99

🎯 <b>Strike:</b> 261960 (ATM)
🎯 <b>Entry Spot:</b> ₹1965.2
⬆️ <b>Target Spot:</b> ₹1955.4
⬇️ <b>Stop Spot:</b> ₹1975.0
💰 Live Premium: ₹61.6 (Lots: 0)

2026-01-27 14:39:33 | alerts | INFO | 
🟣 <b>🔔 REAL-TIME HIGH-CONVICTION SIGNAL - BIOCON IRON CONDOR</b>

📊 Conf: 7.5/10 | R:R: 1:9.99

🎯 <b>Strike:</b> 26360 (ATM)
🎯 <b>Entry Spot:</b> ₹360.6
⬆️ <b>Target Spot:</b> ₹358.8
⬇️ <b>Stop Spot:</b> ₹362.5
💰 Live Premium: ₹14.6 (Lots: 0)

2026-01-27 14:39:36 | alerts | INFO | 
🟣 <b>🔔 REAL-TIME HIGH-CONVICTION SIGNAL - CDSL IRON CONDOR</b>

📊 Conf: 7.5/10 | R:R: 1:9.99

🎯 <b>Strike:</b> 261300 (ATM)
🎯 <b>Entry Spot:</b> ₹1306.4
⬆️ <b>Target Spot:</b> ₹1299.9
⬇️ <b>Stop Spot:</b> ₹1313.8
💰 Live Premium: ₹68.0 (Lots: 0)

2026-01-27 14:39:42 | alerts | INFO | 
🟣 <b>🔔 REAL-TIME HIGH-CONVICTION SIGNAL - CGPOWER IRON CONDOR</b>

📊 Conf: 7.5/10 | R:R: 1:9.99

🎯 <b>Strike:</b> 26540 (ATM)
🎯 <b>Entry Spot:</b> ₹539.8
⬆️ <b>Target Spot:</b> ₹537.1
⬇️ <b>Stop Spot:</b> ₹542.6
💰 Live Premium: ₹29.9 (Lots: 0)

2026-01-27 14:39:45 | alerts | INFO | 
🟣 <b>🔔 REAL-TIME HIGH-CONVICTION SIGNAL - CHOLAFIN IRON CONDOR</b>

📊 Conf: 7.5/10 | R:R: 1:9.99

🎯 <b>Strike:</b> 261620 (ATM)
🎯 <b>Entry Spot:</b> ₹1629.0
⬆️ <b>Target Spot:</b> ₹1620.9
⬇️ <b>Stop Spot:</b> ₹1637.1
💰 Live Premium: ₹74.4 (Lots: 0)

2026-01-27 14:39:54 | alerts | INFO | 
🟣 <b>🔔 REAL-TIME HIGH-CONVICTION SIGNAL - CIPLA IRON CONDOR</b>

📊 Conf: 7.5/10 | R:R: 1:9.99

🎯 <b>Strike:</b> 261320 (ATM)
🎯 <b>Entry Spot:</b> ₹1311.4
⬆️ <b>Target Spot:</b> ₹1304.8
⬇️ <b>Stop Spot:</b> ₹1318.0
💰 Live Premium: ₹33.1 (Lots: 0)

2026-01-27 14:39:58 | alerts | INFO | 
🟣 <b>🔔 REAL-TIME HIGH-CONVICTION SIGNAL - COALINDIA IRON CONDOR</b>

📊 Conf: 7.5/10 | R:R: 1:9.99

🎯 <b>Strike:</b> 26420 (ATM)
🎯 <b>Entry Spot:</b> ₹421.4
⬆️ <b>Target Spot:</b> ₹419.3
⬇️ <b>Stop Spot:</b> ₹423.6
💰 Live Premium: ₹12.0 (Lots: 0)

2026-01-27 14:40:01 | alerts | INFO | 
🟣 <b>🔔 REAL-TIME HIGH-CONVICTION SIGNAL - CONCOR IRON CONDOR</b>

📊 Conf: 7.5/10 | R:R: 1:9.99

🎯 <b>Strike:</b> 26480 (ATM)
🎯 <b>Entry Spot:</b> ₹480.2
⬆️ <b>Target Spot:</b> ₹477.8
⬇️ <b>Stop Spot:</b> ₹482.6
💰 Live Premium: ₹18.6 (Lots: 0)

2026-01-27 14:40:07 | alerts | INFO | 
🟣 <b>🔔 REAL-TIME HIGH-CONVICTION SIGNAL - DIXON IRON CONDOR</b>

📊 Conf: 7.5/10 | R:R: 1:9.99

🎯 <b>Strike:</b> 2610000 (ATM)
🎯 <b>Entry Spot:</b> ₹10048.0
⬆️ <b>Target Spot:</b> ₹9997.8
⬇️ <b>Stop Spot:</b> ₹10098.2
💰 Live Premium: ₹670.0 (Lots: 0)

2026-01-27 14:40:10 | alerts | INFO | 
🟣 <b>🔔 REAL-TIME HIGH-CONVICTION SIGNAL - DMART IRON CONDOR</b>

📊 Conf: 7.5/10 | R:R: 1:9.99

🎯 <b>Strike:</b> 263650 (ATM)
🎯 <b>Entry Spot:</b> ₹3661.5
⬆️ <b>Target Spot:</b> ₹3643.2
⬇️ <b>Stop Spot:</b> ₹3679.8
💰 Live Premium: ₹127.0 (Lots: 0)

2026-01-27 14:40:16 | alerts | INFO | 
🟣 <b>🔔 REAL-TIME HIGH-CONVICTION SIGNAL - EICHERMOT IRON CONDOR</b>

📊 Conf: 7.5/10 | R:R: 1:9.99

🎯 <b>Strike:</b> 267100 (ATM)
🎯 <b>Entry Spot:</b> ₹7089.5
⬆️ <b>Target Spot:</b> ₹7054.1
⬇️ <b>Stop Spot:</b> ₹7124.9
💰 Live Premium: ₹256.0 (Lots: 0)

2026-01-27 14:40:22 | alerts | INFO | 
🟣 <b>🔔 REAL-TIME HIGH-CONVICTION SIGNAL - ETERNAL IRON CONDOR</b>

📊 Conf: 7.5/10 | R:R: 1:9.99

🎯 <b>Strike:</b> 26250 (ATM)
🎯 <b>Entry Spot:</b> ₹251.2
⬆️ <b>Target Spot:</b> ₹249.9
⬇️ <b>Stop Spot:</b> ₹252.7
💰 Live Premium: ₹14.2 (Lots: 0)

2026-01-27 14:40:28 | alerts | INFO | 
🟣 <b>🔔 REAL-TIME HIGH-CONVICTION SIGNAL - FORTIS IRON CONDOR</b>

📊 Conf: 7.5/10 | R:R: 1:9.99

🎯 <b>Strike:</b> 26830 (ATM)
🎯 <b>Entry Spot:</b> ₹831.6
⬆️ <b>Target Spot:</b> ₹827.5
⬇️ <b>Stop Spot:</b> ₹835.8
💰 Live Premium: ₹36.0 (Lots: 0)

2026-01-27 14:40:34 | alerts | INFO | 
🟣 <b>🔔 REAL-TIME HIGH-CONVICTION SIGNAL - GMRAIRPORT IRON CONDOR</b>

📊 Conf: 7.5/10 | R:R: 1:9.99

🎯 <b>Strike:</b> 2690 (ATM)
🎯 <b>Entry Spot:</b> ₹91.0
⬆️ <b>Target Spot:</b> ₹90.5
⬇️ <b>Stop Spot:</b> ₹91.4
💰 Live Premium: ₹4.5 (Lots: 0)

2026-01-27 14:40:38 | alerts | INFO | 
🟣 <b>🔔 REAL-TIME HIGH-CONVICTION SIGNAL - GRASIM IRON CONDOR</b>

📊 Conf: 7.5/10 | R:R: 1:9.99

🎯 <b>Strike:</b> 262840 (ATM)
🎯 <b>Entry Spot:</b> ₹2842.6
⬆️ <b>Target Spot:</b> ₹2828.4
⬇️ <b>Stop Spot:</b> ₹2857.7
💰 Live Premium: ₹90.0 (Lots: 0)

2026-01-27 14:40:43 | alerts | INFO | 
🟣 <b>🔔 REAL-TIME HIGH-CONVICTION SIGNAL - HAL IRON CONDOR</b>

📊 Conf: 7.5/10 | R:R: 1:9.99

🎯 <b>Strike:</b> 264300 (ATM)
🎯 <b>Entry Spot:</b> ₹4303.2
⬆️ <b>Target Spot:</b> ₹4281.7
⬇️ <b>Stop Spot:</b> ₹4324.7
💰 Live Premium: ₹183.4 (Lots: 0)

2026-01-27 14:40:48 | alerts | INFO | 
🟣 <b>🔔 REAL-TIME HIGH-CONVICTION SIGNAL - HAVELLS IRON CONDOR</b>

📊 Conf: 7.5/10 | R:R: 1:9.99

🎯 <b>Strike:</b> 261280 (ATM)
🎯 <b>Entry Spot:</b> ₹1276.9
⬆️ <b>Target Spot:</b> ₹1270.5
⬇️ <b>Stop Spot:</b> ₹1283.3
💰 Live Premium: ₹41.0 (Lots: 0)

2026-01-27 14:40:53 | alerts | INFO | 
🟣 <b>🔔 REAL-TIME HIGH-CONVICTION SIGNAL - HINDALCO IRON CONDOR</b>

📊 Conf: 7.5/10 | R:R: 1:9.99

🎯 <b>Strike:</b> 26960 (ATM)
🎯 <b>Entry Spot:</b> ₹957.4
⬆️ <b>Target Spot:</b> ₹952.6
⬇️ <b>Stop Spot:</b> ₹962.1
💰 Live Premium: ₹36.0 (Lots: 0)

2026-01-27 14:40:56 | alerts | INFO | 
🟣 <b>🔔 REAL-TIME HIGH-CONVICTION SIGNAL - HINDPETRO IRON CONDOR</b>

📊 Conf: 7.5/10 | R:R: 1:9.99

🎯 <b>Strike:</b> 26420 (ATM)
🎯 <b>Entry Spot:</b> ₹417.6
⬆️ <b>Target Spot:</b> ₹415.6
⬇️ <b>Stop Spot:</b> ₹419.7
💰 Live Premium: ₹15.3 (Lots: 0)

2026-01-27 14:41:02 | alerts | INFO | 
🟣 <b>🔔 REAL-TIME HIGH-CONVICTION SIGNAL - HINDZINC IRON CONDOR</b>

📊 Conf: 7.5/10 | R:R: 1:9.99

🎯 <b>Strike:</b> 26720 (ATM)
🎯 <b>Entry Spot:</b> ₹719.2
⬆️ <b>Target Spot:</b> ₹715.7
⬇️ <b>Stop Spot:</b> ₹722.8
💰 Live Premium: ₹45.0 (Lots: 0)

2026-01-27 14:41:05 | alerts | INFO | 
🟣 <b>🔔 REAL-TIME HIGH-CONVICTION SIGNAL - HUDCO IRON CONDOR</b>

📊 Conf: 7.5/10 | R:R: 1:9.99

🎯 <b>Strike:</b> 26190 (ATM)
🎯 <b>Entry Spot:</b> ₹194.8
⬆️ <b>Target Spot:</b> ₹193.8
⬇️ <b>Stop Spot:</b> ₹195.9
💰 Live Premium: ₹13.2 (Lots: 0)

2026-01-27 14:41:10 | alerts | INFO | 
🟣 <b>🔔 REAL-TIME HIGH-CONVICTION SIGNAL - ICICIBANK IRON CONDOR</b>

📊 Conf: 7.5/10 | R:R: 1:9.99

🎯 <b>Strike:</b> 261360 (ATM)
🎯 <b>Entry Spot:</b> ₹1357.4
⬆️ <b>Target Spot:</b> ₹1350.6
⬇️ <b>Stop Spot:</b> ₹1364.3
💰 Live Premium: ₹29.6 (Lots: 0)

2026-01-27 14:41:16 | alerts | INFO | 
🟣 <b>🔔 REAL-TIME HIGH-CONVICTION SIGNAL - IEX IRON CONDOR</b>

📊 Conf: 7.5/10 | R:R: 1:9.99

🎯 <b>Strike:</b> 26130 (ATM)
🎯 <b>Entry Spot:</b> ₹126.9
⬆️ <b>Target Spot:</b> ₹126.2
⬇️ <b>Stop Spot:</b> ₹127.5
💰 Live Premium: ₹4.7 (Lots: 0)

2026-01-27 14:41:28 | alerts | INFO | 
🟣 <b>🔔 REAL-TIME HIGH-CONVICTION SIGNAL - INDHOTEL IRON CONDOR</b>

📊 Conf: 7.5/10 | R:R: 1:9.99

🎯 <b>Strike:</b> 26640 (ATM)
🎯 <b>Entry Spot:</b> ₹645.0
⬆️ <b>Target Spot:</b> ₹641.7
⬇️ <b>Stop Spot:</b> ₹648.2
💰 Live Premium: ₹27.6 (Lots: 0)

2026-01-27 14:41:31 | alerts | INFO | 
🟣 <b>🔔 REAL-TIME HIGH-CONVICTION SIGNAL - INOXWIND IRON CONDOR</b>

📊 Conf: 7.5/10 | R:R: 1:9.99

🎯 <b>Strike:</b> 26100 (ATM)
🎯 <b>Entry Spot:</b> ₹103.9
⬆️ <b>Target Spot:</b> ₹103.4
⬇️ <b>Stop Spot:</b> ₹104.4
💰 Live Premium: ₹8.2 (Lots: 0)

2026-01-27 14:41:35 | alerts | INFO | 
🟣 <b>🔔 REAL-TIME HIGH-CONVICTION SIGNAL - IRCTC IRON CONDOR</b>

📊 Conf: 7.5/10 | R:R: 1:9.99

🎯 <b>Strike:</b> 26600 (ATM)
🎯 <b>Entry Spot:</b> ₹603.5
⬆️ <b>Target Spot:</b> ₹600.4
⬇️ <b>Stop Spot:</b> ₹606.5
💰 Live Premium: ₹25.1 (Lots: 0)

2026-01-27 14:41:41 | alerts | INFO | 
🟣 <b>🔔 REAL-TIME HIGH-CONVICTION SIGNAL - IRFC IRON CONDOR</b>

📊 Conf: 7.5/10 | R:R: 1:9.99

🎯 <b>Strike:</b> 26110 (ATM)
🎯 <b>Entry Spot:</b> ₹113.2
⬆️ <b>Target Spot:</b> ₹112.6
⬇️ <b>Stop Spot:</b> ₹113.7
💰 Live Premium: ₹7.3 (Lots: 0)

2026-01-27 14:41:48 | alerts | INFO | 
🟣 <b>🔔 REAL-TIME HIGH-CONVICTION SIGNAL - JSWENERGY IRON CONDOR</b>

📊 Conf: 7.5/10 | R:R: 1:9.99

🎯 <b>Strike:</b> 26430 (ATM)
🎯 <b>Entry Spot:</b> ₹434.6
⬆️ <b>Target Spot:</b> ₹432.4
⬇️ <b>Stop Spot:</b> ₹437.9
💰 Live Premium: ₹21.9 (Lots: 0)

2026-01-27 14:41:54 | alerts | INFO | 
🟣 <b>🔔 REAL-TIME HIGH-CONVICTION SIGNAL - JSWSTEEL IRON CONDOR</b>

📊 Conf: 7.5/10 | R:R: 1:9.99

🎯 <b>Strike:</b> 261200 (ATM)
🎯 <b>Entry Spot:</b> ₹1202.8
⬆️ <b>Target Spot:</b> ₹1196.8
⬇️ <b>Stop Spot:</b> ₹1208.8
💰 Live Premium: ₹46.5 (Lots: 0)

2026-01-27 14:41:57 | alerts | INFO | 
🟣 <b>🔔 REAL-TIME HIGH-CONVICTION SIGNAL - JUBLFOOD IRON CONDOR</b>

📊 Conf: 7.5/10 | R:R: 1:9.99

🎯 <b>Strike:</b> 26480 (ATM)
🎯 <b>Entry Spot:</b> ₹484.4
⬆️ <b>Target Spot:</b> ₹482.0
⬇️ <b>Stop Spot:</b> ₹486.9
💰 Live Premium: ₹22.8 (Lots: 0)

2026-01-27 14:42:02 | alerts | INFO | 
🟣 <b>🔔 REAL-TIME HIGH-CONVICTION SIGNAL - KAYNES IRON CONDOR</b>

📊 Conf: 7.5/10 | R:R: 1:9.99

🎯 <b>Strike:</b> 263300 (ATM)
🎯 <b>Entry Spot:</b> ₹3315.6
⬆️ <b>Target Spot:</b> ₹3299.0
⬇️ <b>Stop Spot:</b> ₹3332.2
💰 Live Premium: ₹235.0 (Lots: 0)

2026-01-27 14:42:09 | alerts | INFO | 
🟣 <b>🔔 REAL-TIME HIGH-CONVICTION SIGNAL - KPITTECH IRON CONDOR</b>

📊 Conf: 7.5/10 | R:R: 1:9.99

🎯 <b>Strike:</b> 261100 (ATM)
🎯 <b>Entry Spot:</b> ₹1099.8
⬆️ <b>Target Spot:</b> ₹1094.3
⬇️ <b>Stop Spot:</b> ₹1105.3
💰 Live Premium: ₹52.0 (Lots: 0)

2026-01-27 14:42:12 | alerts | INFO | 
🟣 <b>🔔 REAL-TIME HIGH-CONVICTION SIGNAL - LAURUSLABS IRON CONDOR</b>

📊 Conf: 7.5/10 | R:R: 1:9.99

🎯 <b>Strike:</b> 261000 (ATM)
🎯 <b>Entry Spot:</b> ₹997.1
⬆️ <b>Target Spot:</b> ₹992.1
⬇️ <b>Stop Spot:</b> ₹1002.5
💰 Live Premium: ₹42.5 (Lots: 0)

2026-01-27 14:42:16 | alerts | INFO | 
🟣 <b>🔔 REAL-TIME HIGH-CONVICTION SIGNAL - LICHSGFIN IRON CONDOR</b>

📊 Conf: 7.5/10 | R:R: 1:9.99

🎯 <b>Strike:</b> 26500 (ATM)
🎯 <b>Entry Spot:</b> ₹504.9
⬆️ <b>Target Spot:</b> ₹502.3
⬇️ <b>Stop Spot:</b> ₹507.4
💰 Live Premium: ₹22.1 (Lots: 0)

2026-01-27 14:42:22 | alerts | INFO | 
🟣 <b>🔔 REAL-TIME HIGH-CONVICTION SIGNAL - LICI IRON CONDOR</b>

📊 Conf: 7.5/10 | R:R: 1:9.99

🎯 <b>Strike:</b> 26810 (ATM)
🎯 <b>Entry Spot:</b> ₹805.2
⬆️ <b>Target Spot:</b> ₹801.2
⬇️ <b>Stop Spot:</b> ₹809.2
💰 Live Premium: ₹23.1 (Lots: 0)

2026-01-27 14:42:25 | alerts | INFO | 
🟣 <b>🔔 REAL-TIME HIGH-CONVICTION SIGNAL - LT IRON CONDOR</b>

📊 Conf: 7.5/10 | R:R: 1:9.99

🎯 <b>Strike:</b> 263740 (ATM)
🎯 <b>Entry Spot:</b> ₹3769.0
⬆️ <b>Target Spot:</b> ₹3750.2
⬇️ <b>Stop Spot:</b> ₹3787.8
💰 Live Premium: ₹140.1 (Lots: 0)

2026-01-27 14:42:35 | alerts | INFO | 
🟣 <b>🔔 REAL-TIME HIGH-CONVICTION SIGNAL - LUPIN IRON CONDOR</b>

📊 Conf: 7.5/10 | R:R: 1:9.99

🎯 <b>Strike:</b> 262140 (ATM)
🎯 <b>Entry Spot:</b> ₹2130.7
⬆️ <b>Target Spot:</b> ₹2120.0
⬇️ <b>Stop Spot:</b> ₹2141.4
💰 Live Premium: ₹69.3 (Lots: 0)

2026-01-27 14:42:38 | alerts | INFO | 
🟣 <b>🔔 REAL-TIME HIGH-CONVICTION SIGNAL - MANAPPURAM IRON CONDOR</b>

📊 Conf: 7.5/10 | R:R: 1:9.99

🎯 <b>Strike:</b> 26290 (ATM)
🎯 <b>Entry Spot:</b> ₹292.5
⬆️ <b>Target Spot:</b> ₹291.0
⬇️ <b>Stop Spot:</b> ₹294.0
💰 Live Premium: ₹16.0 (Lots: 0)

2026-01-27 14:42:41 | alerts | INFO | 
🟣 <b>🔔 REAL-TIME HIGH-CONVICTION SIGNAL - MANKIND IRON CONDOR</b>

📊 Conf: 7.5/10 | R:R: 1:9.99

🎯 <b>Strike:</b> 262100 (ATM)
🎯 <b>Entry Spot:</b> ₹2081.5
⬆️ <b>Target Spot:</b> ₹2071.1
⬇️ <b>Stop Spot:</b> ₹2091.9
💰 Live Premium: ₹72.6 (Lots: 0)

2026-01-27 14:42:48 | alerts | INFO | 
🟣 <b>🔔 REAL-TIME HIGH-CONVICTION SIGNAL - MARICO IRON CONDOR</b>

📊 Conf: 7.5/10 | R:R: 1:9.99

🎯 <b>Strike:</b> 26750 (ATM)
🎯 <b>Entry Spot:</b> ₹745.9
⬆️ <b>Target Spot:</b> ₹742.2
⬇️ <b>Stop Spot:</b> ₹749.6
💰 Live Premium: ₹22.8 (Lots: 0)

2026-01-27 14:42:52 | alerts | INFO | 
🟣 <b>🔔 REAL-TIME HIGH-CONVICTION SIGNAL - MAXHEALTH IRON CONDOR</b>

📊 Conf: 7.5/10 | R:R: 1:9.99

🎯 <b>Strike:</b> 26970 (ATM)
🎯 <b>Entry Spot:</b> ₹968.9
⬆️ <b>Target Spot:</b> ₹964.1
⬇️ <b>Stop Spot:</b> ₹973.7
💰 Live Premium: ₹0.0 (Lots: 0)

2026-01-27 14:42:55 | alerts | INFO | 
🟣 <b>🔔 REAL-TIME HIGH-CONVICTION SIGNAL - MAZDOCK IRON CONDOR</b>

📊 Conf: 7.5/10 | R:R: 1:9.99

🎯 <b>Strike:</b> 262300 (ATM)
🎯 <b>Entry Spot:</b> ₹2303.4
⬆️ <b>Target Spot:</b> ₹2291.9
⬇️ <b>Stop Spot:</b> ₹2314.9
💰 Live Premium: ₹129.8 (Lots: 0)

2026-01-27 14:43:01 | alerts | INFO | 
🟣 <b>🔔 REAL-TIME HIGH-CONVICTION SIGNAL - MOTHERSON IRON CONDOR</b>

📊 Conf: 7.5/10 | R:R: 1:9.99

🎯 <b>Strike:</b> 26110 (ATM)
🎯 <b>Entry Spot:</b> ₹108.7
⬆️ <b>Target Spot:</b> ₹108.1
⬇️ <b>Stop Spot:</b> ₹109.2
💰 Live Premium: ₹4.8 (Lots: 0)

2026-01-27 14:43:04 | alerts | INFO | 
🟣 <b>🔔 REAL-TIME HIGH-CONVICTION SIGNAL - MUTHOOTFIN IRON CONDOR</b>

📊 Conf: 7.5/10 | R:R: 1:9.99

🎯 <b>Strike:</b> 263850 (ATM)
🎯 <b>Entry Spot:</b> ₹3839.4
⬆️ <b>Target Spot:</b> ₹3820.2
⬇️ <b>Stop Spot:</b> ₹3858.6
💰 Live Premium: ₹173.0 (Lots: 0)

2026-01-27 14:43:08 | alerts | INFO | 
🟣 <b>🔔 REAL-TIME HIGH-CONVICTION SIGNAL - NAUKRI IRON CONDOR</b>

📊 Conf: 7.5/10 | R:R: 1:9.99

🎯 <b>Strike:</b> 261260 (ATM)
🎯 <b>Entry Spot:</b> ₹1264.5
⬆️ <b>Target Spot:</b> ₹1258.2
⬇️ <b>Stop Spot:</b> ₹1272.0
💰 Live Premium: ₹58.0 (Lots: 0)

2026-01-27 14:43:15 | alerts | INFO | 
🟣 <b>🔔 REAL-TIME HIGH-CONVICTION SIGNAL - NBCC IRON CONDOR</b>

📊 Conf: 7.5/10 | R:R: 1:9.99

🎯 <b>Strike:</b> 26100 (ATM)
🎯 <b>Entry Spot:</b> ₹95.2
⬆️ <b>Target Spot:</b> ₹94.8
⬇️ <b>Stop Spot:</b> ₹95.7
💰 Live Premium: ₹3.2 (Lots: 0)

2026-01-27 14:43:18 | alerts | INFO | 
🟣 <b>🔔 REAL-TIME HIGH-CONVICTION SIGNAL - NUVAMA IRON CONDOR</b>

📊 Conf: 7.5/10 | R:R: 1:9.99

🎯 <b>Strike:</b> 261260 (ATM)
🎯 <b>Entry Spot:</b> ₹1253.6
⬆️ <b>Target Spot:</b> ₹1247.3
⬇️ <b>Stop Spot:</b> ₹1263.7
💰 Live Premium: ₹0.0 (Lots: 0)

2026-01-27 14:43:21 | alerts | INFO | 
🟣 <b>🔔 REAL-TIME HIGH-CONVICTION SIGNAL - PETRONET IRON CONDOR</b>

📊 Conf: 7.5/10 | R:R: 1:9.99

🎯 <b>Strike:</b> 26280 (ATM)
🎯 <b>Entry Spot:</b> ₹275.7
⬆️ <b>Target Spot:</b> ₹274.3
⬇️ <b>Stop Spot:</b> ₹277.1
💰 Live Premium: ₹8.8 (Lots: 0)

2026-01-27 14:43:27 | alerts | INFO | 
🟣 <b>🔔 REAL-TIME HIGH-CONVICTION SIGNAL - PIIND IRON CONDOR</b>

📊 Conf: 7.5/10 | R:R: 1:9.99

🎯 <b>Strike:</b> 263140 (ATM)
🎯 <b>Entry Spot:</b> ₹3141.8
⬆️ <b>Target Spot:</b> ₹3126.1
⬇️ <b>Stop Spot:</b> ₹3157.5
💰 Live Premium: ₹111.0 (Lots: 0)

2026-01-27 14:43:30 | alerts | INFO | 
🟣 <b>🔔 REAL-TIME HIGH-CONVICTION SIGNAL - POLICYBZR IRON CONDOR</b>

📊 Conf: 7.5/10 | R:R: 1:9.99

🎯 <b>Strike:</b> 261600 (ATM)
🎯 <b>Entry Spot:</b> ₹1602.1
⬆️ <b>Target Spot:</b> ₹1594.1
⬇️ <b>Stop Spot:</b> ₹1610.1
💰 Live Premium: ₹87.7 (Lots: 0)

2026-01-27 14:43:39 | alerts | INFO | 
🟣 <b>🔔 REAL-TIME HIGH-CONVICTION SIGNAL - POLYCAB IRON CONDOR</b>

📊 Conf: 7.5/10 | R:R: 1:9.99

🎯 <b>Strike:</b> 266700 (ATM)
🎯 <b>Entry Spot:</b> ₹6707.0
⬆️ <b>Target Spot:</b> ₹6673.5
⬇️ <b>Stop Spot:</b> ₹6740.5
💰 Live Premium: ₹266.3 (Lots: 0)

2026-01-27 14:43:43 | alerts | INFO | 
🟣 <b>🔔 REAL-TIME HIGH-CONVICTION SIGNAL - POWERGRID IRON CONDOR</b>

📊 Conf: 7.5/10 | R:R: 1:9.99

🎯 <b>Strike:</b> 26250 (ATM)
🎯 <b>Entry Spot:</b> ₹253.2
⬆️ <b>Target Spot:</b> ₹252.0
⬇️ <b>Stop Spot:</b> ₹254.5
💰 Live Premium: ₹9.2 (Lots: 0)

2026-01-27 14:43:46 | alerts | INFO | 
🟣 <b>🔔 REAL-TIME HIGH-CONVICTION SIGNAL - PREMIERENE IRON CONDOR</b>

📊 Conf: 7.5/10 | R:R: 1:9.99

🎯 <b>Strike:</b> 26710 (ATM)
🎯 <b>Entry Spot:</b> ₹710.5
⬆️ <b>Target Spot:</b> ₹706.9
⬇️ <b>Stop Spot:</b> ₹714.6
💰 Live Premium: ₹37.9 (Lots: 0)

2026-01-27 14:43:52 | alerts | INFO | 
🟣 <b>🔔 REAL-TIME HIGH-CONVICTION SIGNAL - RBLBANK IRON CONDOR</b>

📊 Conf: 7.5/10 | R:R: 1:9.99

🎯 <b>Strike:</b> 26290 (ATM)
🎯 <b>Entry Spot:</b> ₹291.9
⬆️ <b>Target Spot:</b> ₹290.5
⬇️ <b>Stop Spot:</b> ₹293.4
💰 Live Premium: ₹10.5 (Lots: 0)

2026-01-27 14:43:55 | alerts | INFO | 
🟣 <b>🔔 REAL-TIME HIGH-CONVICTION SIGNAL - RECLTD IRON CONDOR</b>

📊 Conf: 7.5/10 | R:R: 1:9.99

🎯 <b>Strike:</b> 26360 (ATM)
🎯 <b>Entry Spot:</b> ₹361.3
⬆️ <b>Target Spot:</b> ₹359.5
⬇️ <b>Stop Spot:</b> ₹363.1
💰 Live Premium: ₹14.7 (Lots: 0)

2026-01-27 14:43:59 | alerts | INFO | 
🟣 <b>🔔 REAL-TIME HIGH-CONVICTION SIGNAL - RVNL IRON CONDOR</b>

📊 Conf: 7.5/10 | R:R: 1:9.99

🎯 <b>Strike:</b> 26320 (ATM)
🎯 <b>Entry Spot:</b> ₹323.1
⬆️ <b>Target Spot:</b> ₹321.5
⬇️ <b>Stop Spot:</b> ₹324.7
💰 Live Premium: ₹16.3 (Lots: 0)

2026-01-27 14:44:03 | alerts | INFO | 
🟣 <b>🔔 REAL-TIME HIGH-CONVICTION SIGNAL - SAIL IRON CONDOR</b>

📊 Conf: 7.5/10 | R:R: 1:9.99

🎯 <b>Strike:</b> 26150 (ATM)
🎯 <b>Entry Spot:</b> ₹152.5
⬆️ <b>Target Spot:</b> ₹151.8
⬇️ <b>Stop Spot:</b> ₹153.4
💰 Live Premium: ₹10.2 (Lots: 0)

2026-01-27 14:44:17 | alerts | INFO | 
🟣 <b>🔔 REAL-TIME HIGH-CONVICTION SIGNAL - SAMMAANCAP IRON CONDOR</b>

📊 Conf: 7.5/10 | R:R: 1:9.99

🎯 <b>Strike:</b> 26140 (ATM)
🎯 <b>Entry Spot:</b> ₹136.6
⬆️ <b>Target Spot:</b> ₹135.9
⬇️ <b>Stop Spot:</b> ₹137.5
💰 Live Premium: ₹5.3 (Lots: 0)

2026-01-27 14:44:24 | alerts | INFO | 
🟣 <b>🔔 REAL-TIME HIGH-CONVICTION SIGNAL - SBICARD IRON CONDOR</b>

📊 Conf: 7.5/10 | R:R: 1:9.99

🎯 <b>Strike:</b> 26770 (ATM)
🎯 <b>Entry Spot:</b> ₹767.0
⬆️ <b>Target Spot:</b> ₹763.2
⬇️ <b>Stop Spot:</b> ₹770.8
💰 Live Premium: ₹0.0 (Lots: 0)

2026-01-27 14:44:28 | alerts | INFO | 
🟣 <b>🔔 REAL-TIME HIGH-CONVICTION SIGNAL - SBILIFE IRON CONDOR</b>

📊 Conf: 7.5/10 | R:R: 1:9.99

🎯 <b>Strike:</b> 262040 (ATM)
🎯 <b>Entry Spot:</b> ₹2029.6
⬆️ <b>Target Spot:</b> ₹2019.5
⬇️ <b>Stop Spot:</b> ₹2041.5
💰 Live Premium: ₹60.0 (Lots: 0)

2026-01-27 14:44:35 | alerts | INFO | 
🟣 <b>🔔 REAL-TIME HIGH-CONVICTION SIGNAL - SHRIRAMFIN IRON CONDOR</b>

📊 Conf: 7.5/10 | R:R: 1:9.99

🎯 <b>Strike:</b> 26990 (ATM)
🎯 <b>Entry Spot:</b> ₹991.9
⬆️ <b>Target Spot:</b> ₹986.9
⬇️ <b>Stop Spot:</b> ₹996.8
💰 Live Premium: ₹43.0 (Lots: 0)

2026-01-27 14:44:39 | alerts | INFO | 
🟣 <b>🔔 REAL-TIME HIGH-CONVICTION SIGNAL - SIEMENS IRON CONDOR</b>

📊 Conf: 7.5/10 | R:R: 1:9.99

🎯 <b>Strike:</b> 262850 (ATM)
🎯 <b>Entry Spot:</b> ₹2872.2
⬆️ <b>Target Spot:</b> ₹2857.8
⬇️ <b>Stop Spot:</b> ₹2886.6
💰 Live Premium: ₹132.5 (Lots: 0)

2026-01-27 14:44:42 | alerts | INFO | 
🟣 <b>🔔 REAL-TIME HIGH-CONVICTION SIGNAL - SONACOMS IRON CONDOR</b>

📊 Conf: 7.5/10 | R:R: 1:9.99

🎯 <b>Strike:</b> 26490 (ATM)
🎯 <b>Entry Spot:</b> ₹488.4
⬆️ <b>Target Spot:</b> ₹485.9
⬇️ <b>Stop Spot:</b> ₹491.6
💰 Live Premium: ₹21.0 (Lots: 0)

2026-01-27 14:44:48 | alerts | INFO | 
🟣 <b>🔔 REAL-TIME HIGH-CONVICTION SIGNAL - SRF IRON CONDOR</b>

📊 Conf: 7.5/10 | R:R: 1:9.99

🎯 <b>Strike:</b> 262640 (ATM)
🎯 <b>Entry Spot:</b> ₹2661.8
⬆️ <b>Target Spot:</b> ₹2648.5
⬇️ <b>Stop Spot:</b> ₹2675.1
💰 Live Premium: ₹0.0 (Lots: 0)

2026-01-27 14:44:51 | alerts | INFO | 
🟣 <b>🔔 REAL-TIME HIGH-CONVICTION SIGNAL - SUNPHARMA IRON CONDOR</b>

📊 Conf: 7.5/10 | R:R: 1:9.99

🎯 <b>Strike:</b> 261620 (ATM)
🎯 <b>Entry Spot:</b> ₹1628.6
⬆️ <b>Target Spot:</b> ₹1620.5
⬇️ <b>Stop Spot:</b> ₹1636.7
💰 Live Premium: ₹52.3 (Lots: 0)

2026-01-27 14:44:55 | alerts | INFO | 
🟣 <b>🔔 REAL-TIME HIGH-CONVICTION SIGNAL - SUPREMEIND IRON CONDOR</b>

📊 Conf: 7.5/10 | R:R: 1:9.99

🎯 <b>Strike:</b> 263450 (ATM)
🎯 <b>Entry Spot:</b> ₹3436.8
⬆️ <b>Target Spot:</b> ₹3419.6
⬇️ <b>Stop Spot:</b> ₹3455.7
💰 Live Premium: ₹131.6 (Lots: 0)

2026-01-27 14:45:00 | alerts | INFO | 
🟣 <b>🔔 REAL-TIME HIGH-CONVICTION SIGNAL - SYNGENE IRON CONDOR</b>

📊 Conf: 7.5/10 | R:R: 1:9.99

🎯 <b>Strike:</b> 26490 (ATM)
🎯 <b>Entry Spot:</b> ₹488.5
⬆️ <b>Target Spot:</b> ₹486.1
⬇️ <b>Stop Spot:</b> ₹493.8
💰 Live Premium: ₹19.5 (Lots: 0)

2026-01-27 14:45:04 | alerts | INFO | 
🟣 <b>🔔 REAL-TIME HIGH-CONVICTION SIGNAL - TATACONSUM IRON CONDOR</b>

📊 Conf: 7.5/10 | R:R: 1:9.99

🎯 <b>Strike:</b> 261160 (ATM)
🎯 <b>Entry Spot:</b> ₹1169.0
⬆️ <b>Target Spot:</b> ₹1163.2
⬇️ <b>Stop Spot:</b> ₹1183.1
💰 Live Premium: ₹46.9 (Lots: 0)

2026-01-27 14:45:07 | alerts | INFO | 
🟣 <b>🔔 REAL-TIME HIGH-CONVICTION SIGNAL - TATASTEEL IRON CONDOR</b>

📊 Conf: 7.5/10 | R:R: 1:9.99

🎯 <b>Strike:</b> 26190 (ATM)
🎯 <b>Entry Spot:</b> ₹190.9
⬆️ <b>Target Spot:</b> ₹190.0
⬇️ <b>Stop Spot:</b> ₹191.9
💰 Live Premium: ₹8.0 (Lots: 0)

2026-01-27 14:45:14 | alerts | INFO | 
🟣 <b>🔔 REAL-TIME HIGH-CONVICTION SIGNAL - TATATECH IRON CONDOR</b>

📊 Conf: 7.5/10 | R:R: 1:9.99

🎯 <b>Strike:</b> 26650 (ATM)
🎯 <b>Entry Spot:</b> ₹646.2
⬆️ <b>Target Spot:</b> ₹643.0
⬇️ <b>Stop Spot:</b> ₹649.5
💰 Live Premium: ₹22.5 (Lots: 0)

2026-01-27 14:45:17 | alerts | INFO | 
🟣 <b>🔔 REAL-TIME HIGH-CONVICTION SIGNAL - TCS IRON CONDOR</b>

📊 Conf: 7.5/10 | R:R: 1:9.99

🎯 <b>Strike:</b> 263140 (ATM)
🎯 <b>Entry Spot:</b> ₹3144.1
⬆️ <b>Target Spot:</b> ₹3128.4
⬇️ <b>Stop Spot:</b> ₹3159.8
💰 Live Premium: ₹85.2 (Lots: 0)

2026-01-27 14:45:20 | alerts | INFO | 
🟣 <b>🔔 REAL-TIME HIGH-CONVICTION SIGNAL - TIINDIA IRON CONDOR</b>

📊 Conf: 7.5/10 | R:R: 1:9.99

🎯 <b>Strike:</b> 262200 (ATM)
🎯 <b>Entry Spot:</b> ₹2183.6
⬆️ <b>Target Spot:</b> ₹2172.7
⬇️ <b>Stop Spot:</b> ₹2195.7
💰 Live Premium: ₹88.2 (Lots: 0)

2026-01-27 14:45:24 | alerts | INFO | 
🟣 <b>🔔 REAL-TIME HIGH-CONVICTION SIGNAL - TITAN IRON CONDOR</b>

📊 Conf: 7.5/10 | R:R: 1:9.99

🎯 <b>Strike:</b> 264000 (ATM)
🎯 <b>Entry Spot:</b> ₹3976.6
⬆️ <b>Target Spot:</b> ₹3956.7
⬇️ <b>Stop Spot:</b> ₹3996.5
💰 Live Premium: ₹122.7 (Lots: 0)

2026-01-27 14:45:30 | alerts | INFO | 
🟣 <b>🔔 REAL-TIME HIGH-CONVICTION SIGNAL - TORNTPOWER IRON CONDOR</b>

📊 Conf: 7.5/10 | R:R: 1:9.99

🎯 <b>Strike:</b> 261320 (ATM)
🎯 <b>Entry Spot:</b> ₹1311.2
⬆️ <b>Target Spot:</b> ₹1304.6
⬇️ <b>Stop Spot:</b> ₹1317.8
💰 Live Premium: ₹47.5 (Lots: 0)

2026-01-27 14:45:33 | alerts | INFO | 
🟣 <b>🔔 REAL-TIME HIGH-CONVICTION SIGNAL - UNIONBANK IRON CONDOR</b>

📊 Conf: 7.5/10 | R:R: 1:9.99

🎯 <b>Strike:</b> 26170 (ATM)
🎯 <b>Entry Spot:</b> ₹173.1
⬆️ <b>Target Spot:</b> ₹172.2
⬇️ <b>Stop Spot:</b> ₹173.9
💰 Live Premium: ₹9.5 (Lots: 0)

2026-01-27 14:45:37 | alerts | INFO | 
🟣 <b>🔔 REAL-TIME HIGH-CONVICTION SIGNAL - UNITDSPR IRON CONDOR</b>

📊 Conf: 7.5/10 | R:R: 1:9.99

🎯 <b>Strike:</b> 261300 (ATM)
🎯 <b>Entry Spot:</b> ₹1308.4
⬆️ <b>Target Spot:</b> ₹1301.9
⬇️ <b>Stop Spot:</b> ₹1314.9
💰 Live Premium: ₹46.9 (Lots: 0)

2026-01-27 14:45:41 | alerts | INFO | 
🟣 <b>🔔 REAL-TIME HIGH-CONVICTION SIGNAL - UNOMINDA IRON CONDOR</b>

📊 Conf: 7.5/10 | R:R: 1:9.99

🎯 <b>Strike:</b> 261140 (ATM)
🎯 <b>Entry Spot:</b> ₹1130.8
⬆️ <b>Target Spot:</b> ₹1125.1
⬇️ <b>Stop Spot:</b> ₹1138.0
💰 Live Premium: ₹50.0 (Lots: 0)

2026-01-27 14:45:47 | alerts | INFO | 
🟣 <b>🔔 REAL-TIME HIGH-CONVICTION SIGNAL - VEDL IRON CONDOR</b>

📊 Conf: 7.5/10 | R:R: 1:9.99

🎯 <b>Strike:</b> 26700 (ATM)
🎯 <b>Entry Spot:</b> ₹700.9
⬆️ <b>Target Spot:</b> ₹697.3
⬇️ <b>Stop Spot:</b> ₹704.4
💰 Live Premium: ₹34.8 (Lots: 0)

2026-01-27 14:45:52 | alerts | INFO | 
🟣 <b>🔔 REAL-TIME HIGH-CONVICTION SIGNAL - VOLTAS IRON CONDOR</b>

📊 Conf: 7.5/10 | R:R: 1:9.99

🎯 <b>Strike:</b> 261300 (ATM)
🎯 <b>Entry Spot:</b> ₹1295.3
⬆️ <b>Target Spot:</b> ₹1288.8
⬇️ <b>Stop Spot:</b> ₹1301.8
💰 Live Premium: ₹62.3 (Lots: 0)

2026-01-27 14:45:58 | alerts | INFO | 
🟣 <b>🔔 REAL-TIME HIGH-CONVICTION SIGNAL - ZYDUSLIFE IRON CONDOR</b>

📊 Conf: 7.5/10 | R:R: 1:9.99

🎯 <b>Strike:</b> 26890 (ATM)
🎯 <b>Entry Spot:</b> ₹890.7
⬆️ <b>Target Spot:</b> ₹886.2
⬇️ <b>Stop Spot:</b> ₹895.2
💰 Live Premium: ₹30.1 (Lots: 0)

2026-01-27 14:54:10 | alerts | INFO | 
🟣 <b>🔔 REAL-TIME HIGH-CONVICTION SIGNAL - ABCAPITAL IRON CONDOR</b>

📊 Conf: 7.5/10 | R:R: 1:9.99

🎯 <b>Strike:</b> 26350 (ATM)
🎯 <b>Entry Spot:</b> ₹346.9
⬆️ <b>Target Spot:</b> ₹345.2
⬇️ <b>Stop Spot:</b> ₹348.9
💰 Live Premium: ₹14.0 (Lots: 0)

2026-01-27 14:54:16 | alerts | INFO | 
🟣 <b>🔔 REAL-TIME HIGH-CONVICTION SIGNAL - ALKEM IRON CONDOR</b>

📊 Conf: 7.5/10 | R:R: 1:9.99

🎯 <b>Strike:</b> 265700 (ATM)
🎯 <b>Entry Spot:</b> ₹5743.0
⬆️ <b>Target Spot:</b> ₹5714.3
⬇️ <b>Stop Spot:</b> ₹5771.7
💰 Live Premium: ₹210.8 (Lots: 0)

2026-01-27 14:54:22 | alerts | INFO | 
🟣 <b>🔔 REAL-TIME HIGH-CONVICTION SIGNAL - ASIANPAINT IRON CONDOR</b>

📊 Conf: 7.5/10 | R:R: 1:9.99

🎯 <b>Strike:</b> 262640 (ATM)
🎯 <b>Entry Spot:</b> ₹2630.4
⬆️ <b>Target Spot:</b> ₹2617.2
⬇️ <b>Stop Spot:</b> ₹2687.9
💰 Live Premium: ₹77.5 (Lots: 0)

2026-01-27 14:54:29 | alerts | INFO | 
🟣 <b>🔔 REAL-TIME HIGH-CONVICTION SIGNAL - AUROPHARMA IRON CONDOR</b>

📊 Conf: 7.5/10 | R:R: 1:9.99

🎯 <b>Strike:</b> 261120 (ATM)
🎯 <b>Entry Spot:</b> ₹1122.8
⬆️ <b>Target Spot:</b> ₹1117.2
⬇️ <b>Stop Spot:</b> ₹1128.4
💰 Live Premium: ₹47.0 (Lots: 0)

2026-01-27 14:54:32 | alerts | INFO | 
🟣 <b>🔔 REAL-TIME HIGH-CONVICTION SIGNAL - AXISBANK IRON CONDOR</b>

📊 Conf: 7.5/10 | R:R: 1:9.99

🎯 <b>Strike:</b> 261320 (ATM)
🎯 <b>Entry Spot:</b> ₹1314.8
⬆️ <b>Target Spot:</b> ₹1308.2
⬇️ <b>Stop Spot:</b> ₹1321.4
💰 Live Premium: ₹33.9 (Lots: 0)

2026-01-27 14:54:35 | alerts | INFO | 
🟣 <b>🔔 REAL-TIME HIGH-CONVICTION SIGNAL - BAJAJFINSV IRON CONDOR</b>

📊 Conf: 7.5/10 | R:R: 1:9.99

🎯 <b>Strike:</b> 261920 (ATM)
🎯 <b>Entry Spot:</b> ₹1911.7
⬆️ <b>Target Spot:</b> ₹1902.1
⬇️ <b>Stop Spot:</b> ₹1921.3
💰 Live Premium: ₹64.8 (Lots: 0)

2026-01-28 11:19:28 | alerts | INFO | 🤖 <b>CONTINUOUS PAPER TRADER STARTED</b>
2026-01-28 14:18:07 | alerts | INFO | 
🟣 <b>🔔 REAL-TIME HIGH-CONVICTION SIGNAL - ADANIENSOL IRON CONDOR</b>

📊 Conf: 7.5/10 | R:R: 1:9.99

🎯 <b>Strike:</b> 26870 (ATM)
🎯 <b>Entry Spot:</b> ₹871.4
⬆️ <b>Target Spot:</b> ₹867.0
⬇️ <b>Stop Spot:</b> ₹875.8
💰 Live Premium: ₹42.8 (Lots: 0)

2026-01-28 14:18:13 | alerts | INFO | 
🟣 <b>🔔 REAL-TIME HIGH-CONVICTION SIGNAL - ADANIGREEN IRON CONDOR</b>

📊 Conf: 7.5/10 | R:R: 1:9.99

🎯 <b>Strike:</b> 26810 (ATM)
🎯 <b>Entry Spot:</b> ₹809.3
⬆️ <b>Target Spot:</b> ₹805.3
⬇️ <b>Stop Spot:</b> ₹813.3
💰 Live Premium: ₹44.0 (Lots: 0)

2026-01-28 14:18:19 | alerts | INFO | 
🟣 <b>🔔 REAL-TIME HIGH-CONVICTION SIGNAL - ALKEM IRON CONDOR</b>

📊 Conf: 7.5/10 | R:R: 1:9.99

🎯 <b>Strike:</b> 265700 (ATM)
🎯 <b>Entry Spot:</b> ₹5664.0
⬆️ <b>Target Spot:</b> ₹5635.7
⬇️ <b>Stop Spot:</b> ₹5692.3
💰 Live Premium: ₹156.7 (Lots: 0)

2026-01-28 14:18:23 | alerts | INFO | 
🟣 <b>🔔 REAL-TIME HIGH-CONVICTION SIGNAL - APLAPOLLO IRON CONDOR</b>

📊 Conf: 7.5/10 | R:R: 1:9.99

🎯 <b>Strike:</b> 262100 (ATM)
🎯 <b>Entry Spot:</b> ₹2092.7
⬆️ <b>Target Spot:</b> ₹2082.2
⬇️ <b>Stop Spot:</b> ₹2103.2
💰 Live Premium: ₹64.5 (Lots: 0)

2026-01-28 14:18:27 | alerts | INFO | 
🟣 <b>🔔 REAL-TIME HIGH-CONVICTION SIGNAL - ASIANPAINT IRON CONDOR</b>

📊 Conf: 7.5/10 | R:R: 1:9.99

🎯 <b>Strike:</b> 262500 (ATM)
🎯 <b>Entry Spot:</b> ₹2498.9
⬆️ <b>Target Spot:</b> ₹2486.4
⬇️ <b>Stop Spot:</b> ₹2511.4
💰 Live Premium: ₹69.5 (Lots: 0)

2026-01-28 14:18:31 | alerts | INFO | 
🟣 <b>🔔 REAL-TIME HIGH-CONVICTION SIGNAL - ASTRAL IRON CONDOR</b>

📊 Conf: 7.5/10 | R:R: 1:9.99

🎯 <b>Strike:</b> 261440 (ATM)
🎯 <b>Entry Spot:</b> ₹1442.7
⬆️ <b>Target Spot:</b> ₹1435.5
⬇️ <b>Stop Spot:</b> ₹1449.9
💰 Live Premium: ₹53.2 (Lots: 0)

2026-01-28 14:18:35 | alerts | INFO | 
🟣 <b>🔔 REAL-TIME HIGH-CONVICTION SIGNAL - BAJAJFINSV IRON CONDOR</b>

📊 Conf: 7.5/10 | R:R: 1:9.99

🎯 <b>Strike:</b> 261920 (ATM)
🎯 <b>Entry Spot:</b> ₹1930.0
⬆️ <b>Target Spot:</b> ₹1920.3
⬇️ <b>Stop Spot:</b> ₹1939.6
💰 Live Premium: ₹72.8 (Lots: 0)

2026-01-28 14:18:39 | alerts | INFO | 
🟣 <b>🔔 REAL-TIME HIGH-CONVICTION SIGNAL - BANKBARODA IRON CONDOR</b>

📊 Conf: 7.5/10 | R:R: 1:9.99

🎯 <b>Strike:</b> 26300 (ATM)
🎯 <b>Entry Spot:</b> ₹304.6
⬆️ <b>Target Spot:</b> ₹303.0
⬇️ <b>Stop Spot:</b> ₹306.1
💰 Live Premium: ₹14.6 (Lots: 0)

2026-01-28 14:18:46 | alerts | INFO | 
🟣 <b>🔔 REAL-TIME HIGH-CONVICTION SIGNAL - BANKINDIA IRON CONDOR</b>

📊 Conf: 7.5/10 | R:R: 1:9.99

🎯 <b>Strike:</b> 26170 (ATM)
🎯 <b>Entry Spot:</b> ₹167.1
⬆️ <b>Target Spot:</b> ₹166.2
⬇️ <b>Stop Spot:</b> ₹168.2
💰 Live Premium: ₹5.0 (Lots: 0)

2026-01-28 14:18:49 | alerts | INFO | 
🟣 <b>🔔 REAL-TIME HIGH-CONVICTION SIGNAL - BDL IRON CONDOR</b>

📊 Conf: 7.5/10 | R:R: 1:9.99

🎯 <b>Strike:</b> 261540 (ATM)
🎯 <b>Entry Spot:</b> ₹1539.4
⬆️ <b>Target Spot:</b> ₹1531.7
⬇️ <b>Stop Spot:</b> ₹1547.1
💰 Live Premium: ₹85.5 (Lots: 0)

2026-01-28 14:18:53 | alerts | INFO | 
🟣 <b>🔔 REAL-TIME HIGH-CONVICTION SIGNAL - BHARTIARTL IRON CONDOR</b>

📊 Conf: 7.5/10 | R:R: 1:9.99

🎯 <b>Strike:</b> 261960 (ATM)
🎯 <b>Entry Spot:</b> ₹1950.2
⬆️ <b>Target Spot:</b> ₹1940.4
⬇️ <b>Stop Spot:</b> ₹1960.0
💰 Live Premium: ₹48.3 (Lots: 0)

2026-01-28 14:19:00 | alerts | INFO | 
🟣 <b>🔔 REAL-TIME HIGH-CONVICTION SIGNAL - BHEL IRON CONDOR</b>

📊 Conf: 7.5/10 | R:R: 1:9.99

🎯 <b>Strike:</b> 26250 (ATM)
🎯 <b>Entry Spot:</b> ₹254.2
⬆️ <b>Target Spot:</b> ₹252.9
⬇️ <b>Stop Spot:</b> ₹255.9
💰 Live Premium: ₹13.1 (Lots: 0)

2026-01-28 14:19:03 | alerts | INFO | 
🟣 <b>🔔 REAL-TIME HIGH-CONVICTION SIGNAL - BIOCON IRON CONDOR</b>

📊 Conf: 7.5/10 | R:R: 1:9.99

🎯 <b>Strike:</b> 26370 (ATM)
🎯 <b>Entry Spot:</b> ₹367.5
⬆️ <b>Target Spot:</b> ₹365.7
⬇️ <b>Stop Spot:</b> ₹369.3
💰 Live Premium: ₹11.9 (Lots: 0)

2026-01-28 14:19:07 | alerts | INFO | 
🟣 <b>🔔 REAL-TIME HIGH-CONVICTION SIGNAL - BPCL IRON CONDOR</b>

📊 Conf: 7.5/10 | R:R: 1:9.99

🎯 <b>Strike:</b> 26360 (ATM)
🎯 <b>Entry Spot:</b> ₹361.0
⬆️ <b>Target Spot:</b> ₹359.2
⬇️ <b>Stop Spot:</b> ₹362.8
💰 Live Premium: ₹13.2 (Lots: 0)

2026-01-28 14:19:11 | alerts | INFO | 
🟣 <b>🔔 REAL-TIME HIGH-CONVICTION SIGNAL - CANBK IRON CONDOR</b>

📊 Conf: 7.5/10 | R:R: 1:9.99

🎯 <b>Strike:</b> 26160 (ATM)
🎯 <b>Entry Spot:</b> ₹155.2
⬆️ <b>Target Spot:</b> ₹154.4
⬇️ <b>Stop Spot:</b> ₹155.9
💰 Live Premium: ₹4.8 (Lots: 0)

2026-01-28 14:19:15 | alerts | INFO | 
🟣 <b>🔔 REAL-TIME HIGH-CONVICTION SIGNAL - CDSL IRON CONDOR</b>

📊 Conf: 7.5/10 | R:R: 1:9.99

🎯 <b>Strike:</b> 261340 (ATM)
🎯 <b>Entry Spot:</b> ₹1346.3
⬆️ <b>Target Spot:</b> ₹1339.6
⬇️ <b>Stop Spot:</b> ₹1353.0
💰 Live Premium: ₹65.0 (Lots: 0)

2026-01-28 14:19:19 | alerts | INFO | 
🟣 <b>🔔 REAL-TIME HIGH-CONVICTION SIGNAL - CGPOWER IRON CONDOR</b>

📊 Conf: 7.5/10 | R:R: 1:9.99

🎯 <b>Strike:</b> 26580 (ATM)
🎯 <b>Entry Spot:</b> ₹577.0
⬆️ <b>Target Spot:</b> ₹574.1
⬇️ <b>Stop Spot:</b> ₹580.7
💰 Live Premium: ₹23.0 (Lots: 0)

2026-01-28 14:19:25 | alerts | INFO | 
🟣 <b>🔔 REAL-TIME HIGH-CONVICTION SIGNAL - COALINDIA IRON CONDOR</b>

📊 Conf: 7.5/10 | R:R: 1:9.99

🎯 <b>Strike:</b> 26440 (ATM)
🎯 <b>Entry Spot:</b> ₹439.9
⬆️ <b>Target Spot:</b> ₹437.8
⬇️ <b>Stop Spot:</b> ₹442.1
💰 Live Premium: ₹11.8 (Lots: 0)

2026-01-28 14:19:29 | alerts | INFO | 
🟣 <b>🔔 REAL-TIME HIGH-CONVICTION SIGNAL - COLPAL IRON CONDOR</b>

📊 Conf: 7.5/10 | R:R: 1:9.99

🎯 <b>Strike:</b> 262140 (ATM)
🎯 <b>Entry Spot:</b> ₹2133.9
⬆️ <b>Target Spot:</b> ₹2123.2
⬇️ <b>Stop Spot:</b> ₹2144.6
💰 Live Premium: ₹67.5 (Lots: 0)

2026-01-28 14:19:33 | alerts | INFO | 
🟣 <b>🔔 REAL-TIME HIGH-CONVICTION SIGNAL - DABUR IRON CONDOR</b>

📊 Conf: 7.5/10 | R:R: 1:9.99

🎯 <b>Strike:</b> 26510 (ATM)
🎯 <b>Entry Spot:</b> ₹510.1
⬆️ <b>Target Spot:</b> ₹507.6
⬇️ <b>Stop Spot:</b> ₹512.7
💰 Live Premium: ₹17.8 (Lots: 0)

2026-01-28 14:19:39 | alerts | INFO | 
🟣 <b>🔔 REAL-TIME HIGH-CONVICTION SIGNAL - DALBHARAT IRON CONDOR</b>

📊 Conf: 7.5/10 | R:R: 1:9.99

🎯 <b>Strike:</b> 262040 (ATM)
🎯 <b>Entry Spot:</b> ₹2074.9
⬆️ <b>Target Spot:</b> ₹2064.5
⬇️ <b>Stop Spot:</b> ₹2085.3
💰 Live Premium: ₹90.0 (Lots: 0)

2026-01-28 14:19:43 | alerts | INFO | 
🟣 <b>🔔 REAL-TIME HIGH-CONVICTION SIGNAL - DIVISLAB IRON CONDOR</b>

📊 Conf: 7.5/10 | R:R: 1:9.99

🎯 <b>Strike:</b> 266100 (ATM)
🎯 <b>Entry Spot:</b> ₹6130.5
⬆️ <b>Target Spot:</b> ₹6099.8
⬇️ <b>Stop Spot:</b> ₹6161.2
💰 Live Premium: ₹225.9 (Lots: 0)

2026-01-28 14:19:47 | alerts | INFO | 
🟣 <b>🔔 REAL-TIME HIGH-CONVICTION SIGNAL - DMART IRON CONDOR</b>

📊 Conf: 7.5/10 | R:R: 1:9.99

🎯 <b>Strike:</b> 263700 (ATM)
🎯 <b>Entry Spot:</b> ₹3720.0
⬆️ <b>Target Spot:</b> ₹3701.4
⬇️ <b>Stop Spot:</b> ₹3738.6
💰 Live Premium: ₹116.8 (Lots: 0)

2026-01-28 14:19:53 | alerts | INFO | 
🟣 <b>🔔 REAL-TIME HIGH-CONVICTION SIGNAL - DRREDDY IRON CONDOR</b>

📊 Conf: 7.5/10 | R:R: 1:9.99

🎯 <b>Strike:</b> 261220 (ATM)
🎯 <b>Entry Spot:</b> ₹1222.3
⬆️ <b>Target Spot:</b> ₹1216.2
⬇️ <b>Stop Spot:</b> ₹1228.4
💰 Live Premium: ₹34.7 (Lots: 0)

2026-01-28 14:19:57 | alerts | INFO | 
🟣 <b>🔔 REAL-TIME HIGH-CONVICTION SIGNAL - EXIDEIND IRON CONDOR</b>

📊 Conf: 7.5/10 | R:R: 1:9.99

🎯 <b>Strike:</b> 26320 (ATM)
🎯 <b>Entry Spot:</b> ₹320.4
⬆️ <b>Target Spot:</b> ₹318.8
⬇️ <b>Stop Spot:</b> ₹322.1
💰 Live Premium: ₹12.1 (Lots: 0)

2026-01-28 14:20:00 | alerts | INFO | 
🟣 <b>🔔 REAL-TIME HIGH-CONVICTION SIGNAL - FEDERALBNK IRON CONDOR</b>

📊 Conf: 7.5/10 | R:R: 1:9.99

🎯 <b>Strike:</b> 26280 (ATM)
🎯 <b>Entry Spot:</b> ₹283.6
⬆️ <b>Target Spot:</b> ₹282.2
⬇️ <b>Stop Spot:</b> ₹285.0
💰 Live Premium: ₹10.9 (Lots: 0)

2026-01-28 14:20:07 | alerts | INFO | 
🟣 <b>🔔 REAL-TIME HIGH-CONVICTION SIGNAL - GODREJCP IRON CONDOR</b>

📊 Conf: 7.5/10 | R:R: 1:9.99

🎯 <b>Strike:</b> 261160 (ATM)
🎯 <b>Entry Spot:</b> ₹1165.8
⬆️ <b>Target Spot:</b> ₹1160.0
⬇️ <b>Stop Spot:</b> ₹1171.6
💰 Live Premium: ₹36.8 (Lots: 0)

2026-01-28 14:20:11 | alerts | INFO | 
🟣 <b>🔔 REAL-TIME HIGH-CONVICTION SIGNAL - HAVELLS IRON CONDOR</b>

📊 Conf: 7.5/10 | R:R: 1:9.99

🎯 <b>Strike:</b> 261280 (ATM)
🎯 <b>Entry Spot:</b> ₹1287.5
⬆️ <b>Target Spot:</b> ₹1281.1
⬇️ <b>Stop Spot:</b> ₹1293.9
💰 Live Premium: ₹42.0 (Lots: 0)

2026-01-28 14:20:15 | alerts | INFO | 
🟣 <b>🔔 REAL-TIME HIGH-CONVICTION SIGNAL - HDFCLIFE IRON CONDOR</b>

📊 Conf: 7.5/10 | R:R: 1:9.99

🎯 <b>Strike:</b> 26730 (ATM)
🎯 <b>Entry Spot:</b> ₹725.8
⬆️ <b>Target Spot:</b> ₹722.1
⬇️ <b>Stop Spot:</b> ₹729.4
💰 Live Premium: ₹15.6 (Lots: 0)

2026-01-28 14:20:19 | alerts | INFO | 
🟣 <b>🔔 REAL-TIME HIGH-CONVICTION SIGNAL - HINDALCO IRON CONDOR</b>

📊 Conf: 7.5/10 | R:R: 1:9.99

🎯 <b>Strike:</b> 261000 (ATM)
🎯 <b>Entry Spot:</b> ₹998.0
⬆️ <b>Target Spot:</b> ₹993.0
⬇️ <b>Stop Spot:</b> ₹1003.6
💰 Live Premium: ₹35.5 (Lots: 0)

2026-01-28 14:20:23 | alerts | INFO | 
🟣 <b>🔔 REAL-TIME HIGH-CONVICTION SIGNAL - HINDPETRO IRON CONDOR</b>

📊 Conf: 7.5/10 | R:R: 1:9.99

🎯 <b>Strike:</b> 26430 (ATM)
🎯 <b>Entry Spot:</b> ₹429.5
⬆️ <b>Target Spot:</b> ₹427.4
⬇️ <b>Stop Spot:</b> ₹431.6
💰 Live Premium: ₹15.5 (Lots: 0)

2026-01-28 14:20:27 | alerts | INFO | 
🟣 <b>🔔 REAL-TIME HIGH-CONVICTION SIGNAL - HUDCO IRON CONDOR</b>

📊 Conf: 7.5/10 | R:R: 1:9.99

🎯 <b>Strike:</b> 26200 (ATM)
🎯 <b>Entry Spot:</b> ₹202.4
⬆️ <b>Target Spot:</b> ₹201.4
⬇️ <b>Stop Spot:</b> ₹203.6
💰 Live Premium: ₹11.1 (Lots: 0)

2026-01-28 14:20:34 | alerts | INFO | 
🟣 <b>🔔 REAL-TIME HIGH-CONVICTION SIGNAL - ICICIGI IRON CONDOR</b>

📊 Conf: 7.5/10 | R:R: 1:9.99

🎯 <b>Strike:</b> 261820 (ATM)
🎯 <b>Entry Spot:</b> ₹1820.1
⬆️ <b>Target Spot:</b> ₹1811.0
⬇️ <b>Stop Spot:</b> ₹1829.2
💰 Live Premium: ₹49.0 (Lots: 0)

2026-01-28 14:20:37 | alerts | INFO | 
🟣 <b>🔔 REAL-TIME HIGH-CONVICTION SIGNAL - ICICIPRULI IRON CONDOR</b>

📊 Conf: 7.5/10 | R:R: 1:9.99

🎯 <b>Strike:</b> 26640 (ATM)
🎯 <b>Entry Spot:</b> ₹640.2
⬆️ <b>Target Spot:</b> ₹637.0
⬇️ <b>Stop Spot:</b> ₹643.4
💰 Live Premium: ₹20.2 (Lots: 0)

2026-01-28 14:20:41 | alerts | INFO | 
🟣 <b>🔔 REAL-TIME HIGH-CONVICTION SIGNAL - INDIANB IRON CONDOR</b>

📊 Conf: 7.5/10 | R:R: 1:9.99

🎯 <b>Strike:</b> 26890 (ATM)
🎯 <b>Entry Spot:</b> ₹891.7
⬆️ <b>Target Spot:</b> ₹887.2
⬇️ <b>Stop Spot:</b> ₹896.2
💰 Live Premium: ₹35.0 (Lots: 0)

2026-01-28 14:20:48 | alerts | INFO | 
🟣 <b>🔔 REAL-TIME HIGH-CONVICTION SIGNAL - INDIGO IRON CONDOR</b>

📊 Conf: 7.5/10 | R:R: 1:9.99

🎯 <b>Strike:</b> 264750 (ATM)
🎯 <b>Entry Spot:</b> ₹4729.5
⬆️ <b>Target Spot:</b> ₹4705.9
⬇️ <b>Stop Spot:</b> ₹4753.1
💰 Live Premium: ₹142.0 (Lots: 0)

2026-01-28 14:20:52 | alerts | INFO | 
🟣 <b>🔔 REAL-TIME HIGH-CONVICTION SIGNAL - INFY IRON CONDOR</b>

📊 Conf: 7.5/10 | R:R: 1:9.99

🎯 <b>Strike:</b> 261660 (ATM)
🎯 <b>Entry Spot:</b> ₹1656.2
⬆️ <b>Target Spot:</b> ₹1647.9
⬇️ <b>Stop Spot:</b> ₹1664.5
💰 Live Premium: ₹41.5 (Lots: 0)

2026-01-28 14:20:56 | alerts | INFO | 
🟣 <b>🔔 REAL-TIME HIGH-CONVICTION SIGNAL - INOXWIND IRON CONDOR</b>

📊 Conf: 7.5/10 | R:R: 1:9.99

🎯 <b>Strike:</b> 26110 (ATM)
🎯 <b>Entry Spot:</b> ₹108.2
⬆️ <b>Target Spot:</b> ₹107.7
⬇️ <b>Stop Spot:</b> ₹108.9
💰 Live Premium: ₹5.0 (Lots: 0)

2026-01-28 14:21:00 | alerts | INFO | 
🟣 <b>🔔 REAL-TIME HIGH-CONVICTION SIGNAL - ITC IRON CONDOR</b>

📊 Conf: 7.5/10 | R:R: 1:9.99

🎯 <b>Strike:</b> 26320 (ATM)
🎯 <b>Entry Spot:</b> ₹319.9
⬆️ <b>Target Spot:</b> ₹318.4
⬇️ <b>Stop Spot:</b> ₹321.5
💰 Live Premium: ₹10.1 (Lots: 0)

2026-01-28 14:21:04 | alerts | INFO | 
🟣 <b>🔔 REAL-TIME HIGH-CONVICTION SIGNAL - JINDALSTEL IRON CONDOR</b>

📊 Conf: 7.5/10 | R:R: 1:9.99

🎯 <b>Strike:</b> 261120 (ATM)
🎯 <b>Entry Spot:</b> ₹1112.1
⬆️ <b>Target Spot:</b> ₹1106.5
⬇️ <b>Stop Spot:</b> ₹1118.1
💰 Live Premium: ₹40.1 (Lots: 0)

2026-01-28 14:21:08 | alerts | INFO | 
🟣 <b>🔔 REAL-TIME HIGH-CONVICTION SIGNAL - KALYANKJIL IRON CONDOR</b>

📊 Conf: 7.5/10 | R:R: 1:9.99

🎯 <b>Strike:</b> 26370 (ATM)
🎯 <b>Entry Spot:</b> ₹365.2
⬆️ <b>Target Spot:</b> ₹363.4
⬇️ <b>Stop Spot:</b> ₹367.8
💰 Live Premium: ₹20.9 (Lots: 0)

2026-01-28 14:21:14 | alerts | INFO | 
🟣 <b>🔔 REAL-TIME HIGH-CONVICTION SIGNAL - KFINTECH IRON CONDOR</b>

📊 Conf: 7.5/10 | R:R: 1:9.99

🎯 <b>Strike:</b> 261000 (ATM)
🎯 <b>Entry Spot:</b> ₹1008.8
⬆️ <b>Target Spot:</b> ₹1003.8
⬇️ <b>Stop Spot:</b> ₹1013.8
💰 Live Premium: ₹37.0 (Lots: 0)

2026-01-28 14:21:18 | alerts | INFO | 
🟣 <b>🔔 REAL-TIME HIGH-CONVICTION SIGNAL - KPITTECH IRON CONDOR</b>

📊 Conf: 7.5/10 | R:R: 1:9.99

🎯 <b>Strike:</b> 261100 (ATM)
🎯 <b>Entry Spot:</b> ₹1094.3
⬆️ <b>Target Spot:</b> ₹1088.8
⬇️ <b>Stop Spot:</b> ₹1101.6
💰 Live Premium: ₹44.9 (Lots: 0)

2026-01-28 14:21:22 | alerts | INFO | 
🟣 <b>🔔 REAL-TIME HIGH-CONVICTION SIGNAL - LODHA IRON CONDOR</b>

📊 Conf: 7.5/10 | R:R: 1:9.99

🎯 <b>Strike:</b> 26920 (ATM)
🎯 <b>Entry Spot:</b> ₹919.3
⬆️ <b>Target Spot:</b> ₹914.7
⬇️ <b>Stop Spot:</b> ₹925.7
💰 Live Premium: ₹42.5 (Lots: 0)

2026-01-28 14:21:29 | alerts | INFO | 
🟣 <b>🔔 REAL-TIME HIGH-CONVICTION SIGNAL - LTF IRON CONDOR</b>

📊 Conf: 7.5/10 | R:R: 1:9.99

🎯 <b>Strike:</b> 26290 (ATM)
🎯 <b>Entry Spot:</b> ₹287.9
⬆️ <b>Target Spot:</b> ₹286.5
⬇️ <b>Stop Spot:</b> ₹289.3
💰 Live Premium: ₹9.8 (Lots: 0)

2026-01-28 14:21:32 | alerts | INFO | 
🟣 <b>🔔 REAL-TIME HIGH-CONVICTION SIGNAL - LUPIN IRON CONDOR</b>

📊 Conf: 7.5/10 | R:R: 1:9.99

🎯 <b>Strike:</b> 262100 (ATM)
🎯 <b>Entry Spot:</b> ₹2125.0
⬆️ <b>Target Spot:</b> ₹2114.4
⬇️ <b>Stop Spot:</b> ₹2135.6
💰 Live Premium: ₹84.0 (Lots: 0)

2026-01-28 14:21:36 | alerts | INFO | 
🟣 <b>🔔 REAL-TIME HIGH-CONVICTION SIGNAL - MAZDOCK IRON CONDOR</b>

📊 Conf: 7.5/10 | R:R: 1:9.99

🎯 <b>Strike:</b> 262440 (ATM)
🎯 <b>Entry Spot:</b> ₹2472.0
⬆️ <b>Target Spot:</b> ₹2459.6
⬇️ <b>Stop Spot:</b> ₹2486.4
💰 Live Premium: ₹145.4 (Lots: 0)

2026-01-28 14:21:40 | alerts | INFO | 
🟣 <b>🔔 REAL-TIME HIGH-CONVICTION SIGNAL - MCX IRON CONDOR</b>

📊 Conf: 7.5/10 | R:R: 1:9.99

🎯 <b>Strike:</b> 262600 (ATM)
🎯 <b>Entry Spot:</b> ₹2590.0
⬆️ <b>Target Spot:</b> ₹2577.1
⬇️ <b>Stop Spot:</b> ₹2608.0
💰 Live Premium: ₹113.6 (Lots: 0)

2026-01-28 14:21:44 | alerts | INFO | 
🟣 <b>🔔 REAL-TIME HIGH-CONVICTION SIGNAL - MOTHERSON IRON CONDOR</b>

📊 Conf: 7.5/10 | R:R: 1:9.99

🎯 <b>Strike:</b> 26110 (ATM)
🎯 <b>Entry Spot:</b> ₹109.7
⬆️ <b>Target Spot:</b> ₹109.2
⬇️ <b>Stop Spot:</b> ₹110.3
💰 Live Premium: ₹4.6 (Lots: 0)

2026-01-28 14:21:48 | alerts | INFO | 
🟣 <b>🔔 REAL-TIME HIGH-CONVICTION SIGNAL - MUTHOOTFIN IRON CONDOR</b>

📊 Conf: 7.5/10 | R:R: 1:9.99

🎯 <b>Strike:</b> 263950 (ATM)
🎯 <b>Entry Spot:</b> ₹3932.1
⬆️ <b>Target Spot:</b> ₹3912.4
⬇️ <b>Stop Spot:</b> ₹3951.8
💰 Live Premium: ₹170.8 (Lots: 0)

2026-01-28 14:21:51 | alerts | INFO | 
🟣 <b>🔔 REAL-TIME HIGH-CONVICTION SIGNAL - NATIONALUM IRON CONDOR</b>

📊 Conf: 7.5/10 | R:R: 1:9.99

🎯 <b>Strike:</b> 26400 (ATM)
🎯 <b>Entry Spot:</b> ₹403.0
⬆️ <b>Target Spot:</b> ₹401.0
⬇️ <b>Stop Spot:</b> ₹405.7
💰 Live Premium: ₹20.0 (Lots: 0)

2026-01-28 14:21:55 | alerts | INFO | 
🟣 <b>🔔 REAL-TIME HIGH-CONVICTION SIGNAL - NMDC IRON CONDOR</b>

📊 Conf: 7.5/10 | R:R: 1:9.99

🎯 <b>Strike:</b> 2680 (ATM)
🎯 <b>Entry Spot:</b> ₹81.2
⬆️ <b>Target Spot:</b> ₹80.8
⬇️ <b>Stop Spot:</b> ₹81.7
💰 Live Premium: ₹3.9 (Lots: 0)

2026-01-28 14:21:59 | alerts | INFO | 
🟣 <b>🔔 REAL-TIME HIGH-CONVICTION SIGNAL - NTPC IRON CONDOR</b>

📊 Conf: 7.5/10 | R:R: 1:9.99

🎯 <b>Strike:</b> 26350 (ATM)
🎯 <b>Entry Spot:</b> ₹348.4
⬆️ <b>Target Spot:</b> ₹346.7
⬇️ <b>Stop Spot:</b> ₹350.1
💰 Live Premium: ₹8.2 (Lots: 0)

2026-01-28 14:22:03 | alerts | INFO | 
🟣 <b>🔔 REAL-TIME HIGH-CONVICTION SIGNAL - NUVAMA IRON CONDOR</b>

📊 Conf: 7.5/10 | R:R: 1:9.99

🎯 <b>Strike:</b> 261300 (ATM)
🎯 <b>Entry Spot:</b> ₹1305.7
⬆️ <b>Target Spot:</b> ₹1299.2
⬇️ <b>Stop Spot:</b> ₹1312.2
💰 Live Premium: ₹59.9 (Lots: 0)

2026-01-28 14:22:09 | alerts | INFO | 
🟣 <b>🔔 REAL-TIME HIGH-CONVICTION SIGNAL - OFSS IRON CONDOR</b>

📊 Conf: 7.5/10 | R:R: 1:9.99

🎯 <b>Strike:</b> 268000 (ATM)
🎯 <b>Entry Spot:</b> ₹7970.0
⬆️ <b>Target Spot:</b> ₹7930.1
⬇️ <b>Stop Spot:</b> ₹8009.8
💰 Live Premium: ₹262.0 (Lots: 0)

2026-01-28 14:22:13 | alerts | INFO | 
🟣 <b>🔔 REAL-TIME HIGH-CONVICTION SIGNAL - ONGC IRON CONDOR</b>

📊 Conf: 7.5/10 | R:R: 1:9.99

🎯 <b>Strike:</b> 26270 (ATM)
🎯 <b>Entry Spot:</b> ₹266.4
⬆️ <b>Target Spot:</b> ₹265.1
⬇️ <b>Stop Spot:</b> ₹267.8
💰 Live Premium: ₹7.6 (Lots: 0)

2026-01-28 14:22:17 | alerts | INFO | 
🟣 <b>🔔 REAL-TIME HIGH-CONVICTION SIGNAL - PERSISTENT IRON CONDOR</b>

📊 Conf: 7.5/10 | R:R: 1:9.99

🎯 <b>Strike:</b> 266200 (ATM)
🎯 <b>Entry Spot:</b> ₹6198.5
⬆️ <b>Target Spot:</b> ₹6167.5
⬇️ <b>Stop Spot:</b> ₹6229.5
💰 Live Premium: ₹225.8 (Lots: 0)

2026-01-28 14:22:23 | alerts | INFO | 
🟣 <b>🔔 REAL-TIME HIGH-CONVICTION SIGNAL - PFC IRON CONDOR</b>

📊 Conf: 7.5/10 | R:R: 1:9.99

🎯 <b>Strike:</b> 26380 (ATM)
🎯 <b>Entry Spot:</b> ₹377.6
⬆️ <b>Target Spot:</b> ₹375.7
⬇️ <b>Stop Spot:</b> ₹379.4
💰 Live Premium: ₹11.7 (Lots: 0)

2026-01-28 14:22:27 | alerts | INFO | 
🟣 <b>🔔 REAL-TIME HIGH-CONVICTION SIGNAL - PHOENIXLTD IRON CONDOR</b>

📊 Conf: 7.5/10 | R:R: 1:9.99

🎯 <b>Strike:</b> 261740 (ATM)
🎯 <b>Entry Spot:</b> ₹1730.1
⬆️ <b>Target Spot:</b> ₹1721.4
⬇️ <b>Stop Spot:</b> ₹1744.3
💰 Live Premium: ₹68.0 (Lots: 0)

2026-01-28 14:22:31 | alerts | INFO | 
🟣 <b>🔔 REAL-TIME HIGH-CONVICTION SIGNAL - PIDILITIND IRON CONDOR</b>

📊 Conf: 7.5/10 | R:R: 1:9.99

🎯 <b>Strike:</b> 261440 (ATM)
🎯 <b>Entry Spot:</b> ₹1449.7
⬆️ <b>Target Spot:</b> ₹1442.5
⬇️ <b>Stop Spot:</b> ₹1456.9
💰 Live Premium: ₹48.6 (Lots: 0)

2026-01-28 14:22:38 | alerts | INFO | 
🟣 <b>🔔 REAL-TIME HIGH-CONVICTION SIGNAL - PIIND IRON CONDOR</b>

📊 Conf: 7.5/10 | R:R: 1:9.99

🎯 <b>Strike:</b> 263200 (ATM)
🎯 <b>Entry Spot:</b> ₹3199.3
⬆️ <b>Target Spot:</b> ₹3183.3
⬇️ <b>Stop Spot:</b> ₹3215.3
💰 Live Premium: ₹115.6 (Lots: 0)

2026-01-28 14:22:41 | alerts | INFO | 
🟣 <b>🔔 REAL-TIME HIGH-CONVICTION SIGNAL - PNB IRON CONDOR</b>

📊 Conf: 7.5/10 | R:R: 1:9.99

🎯 <b>Strike:</b> 26120 (ATM)
🎯 <b>Entry Spot:</b> ₹123.5
⬆️ <b>Target Spot:</b> ₹122.9
⬇️ <b>Stop Spot:</b> ₹124.1
💰 Live Premium: ₹6.7 (Lots: 0)

2026-01-28 14:22:45 | alerts | INFO | 
🟣 <b>🔔 REAL-TIME HIGH-CONVICTION SIGNAL - PNBHOUSING IRON CONDOR</b>

📊 Conf: 7.5/10 | R:R: 1:9.99

🎯 <b>Strike:</b> 26840 (ATM)
🎯 <b>Entry Spot:</b> ₹839.4
⬆️ <b>Target Spot:</b> ₹835.2
⬇️ <b>Stop Spot:</b> ₹843.6
💰 Live Premium: ₹32.5 (Lots: 0)

2026-01-28 14:22:49 | alerts | INFO | 
🟣 <b>🔔 REAL-TIME HIGH-CONVICTION SIGNAL - POLYCAB IRON CONDOR</b>

📊 Conf: 7.5/10 | R:R: 1:9.99

🎯 <b>Strike:</b> 266900 (ATM)
🎯 <b>Entry Spot:</b> ₹6886.0
⬆️ <b>Target Spot:</b> ₹6851.6
⬇️ <b>Stop Spot:</b> ₹6920.4
💰 Live Premium: ₹222.3 (Lots: 0)

2026-01-28 14:22:54 | alerts | INFO | 
🟣 <b>🔔 REAL-TIME HIGH-CONVICTION SIGNAL - POWERINDIA IRON CONDOR</b>

📊 Conf: 7.5/10 | R:R: 1:9.99

🎯 <b>Strike:</b> 2617500 (ATM)
🎯 <b>Entry Spot:</b> ₹17510.0
⬆️ <b>Target Spot:</b> ₹17422.5
⬇️ <b>Stop Spot:</b> ₹17597.5
💰 Live Premium: ₹900.1 (Lots: 0)

2026-01-28 14:22:57 | alerts | INFO | 
🟣 <b>🔔 REAL-TIME HIGH-CONVICTION SIGNAL - PRESTIGE IRON CONDOR</b>

📊 Conf: 7.5/10 | R:R: 1:9.99

🎯 <b>Strike:</b> 261400 (ATM)
🎯 <b>Entry Spot:</b> ₹1409.8
⬆️ <b>Target Spot:</b> ₹1402.8
⬇️ <b>Stop Spot:</b> ₹1417.8
💰 Live Premium: ₹71.0 (Lots: 0)

2026-01-28 14:23:04 | alerts | INFO | 
🟣 <b>🔔 REAL-TIME HIGH-CONVICTION SIGNAL - RECLTD IRON CONDOR</b>

📊 Conf: 7.5/10 | R:R: 1:9.99

🎯 <b>Strike:</b> 26370 (ATM)
🎯 <b>Entry Spot:</b> ₹374.4
⬆️ <b>Target Spot:</b> ₹372.5
⬇️ <b>Stop Spot:</b> ₹376.2
💰 Live Premium: ₹15.6 (Lots: 0)

2026-01-28 14:23:08 | alerts | INFO | 
🟣 <b>🔔 REAL-TIME HIGH-CONVICTION SIGNAL - RELIANCE IRON CONDOR</b>

📊 Conf: 7.5/10 | R:R: 1:9.99

🎯 <b>Strike:</b> 261400 (ATM)
🎯 <b>Entry Spot:</b> ₹1392.8
⬆️ <b>Target Spot:</b> ₹1385.8
⬇️ <b>Stop Spot:</b> ₹1399.8
💰 Live Premium: ₹32.0 (Lots: 0)

2026-01-28 14:23:12 | alerts | INFO | 
🟣 <b>🔔 REAL-TIME HIGH-CONVICTION SIGNAL - RVNL IRON CONDOR</b>

📊 Conf: 7.5/10 | R:R: 1:9.99

🎯 <b>Strike:</b> 26340 (ATM)
🎯 <b>Entry Spot:</b> ₹338.8
⬆️ <b>Target Spot:</b> ₹337.1
⬇️ <b>Stop Spot:</b> ₹341.3
💰 Live Premium: ₹17.1 (Lots: 0)

2026-01-28 14:23:16 | alerts | INFO | 
🟣 <b>🔔 REAL-TIME HIGH-CONVICTION SIGNAL - SHREECEM IRON CONDOR</b>

📊 Conf: 7.5/10 | R:R: 1:9.99

🎯 <b>Strike:</b> 2627250 (ATM)
🎯 <b>Entry Spot:</b> ₹27285.0
⬆️ <b>Target Spot:</b> ₹27148.6
⬇️ <b>Stop Spot:</b> ₹27421.4
💰 Live Premium: ₹810.0 (Lots: 0)

2026-01-28 14:23:20 | alerts | INFO | 
🟣 <b>🔔 REAL-TIME HIGH-CONVICTION SIGNAL - SRF IRON CONDOR</b>

📊 Conf: 7.5/10 | R:R: 1:9.99

🎯 <b>Strike:</b> 262740 (ATM)
🎯 <b>Entry Spot:</b> ₹2774.2
⬆️ <b>Target Spot:</b> ₹2760.3
⬇️ <b>Stop Spot:</b> ₹2788.1
💰 Live Premium: ₹109.1 (Lots: 0)

2026-01-28 14:23:23 | alerts | INFO | 
🟣 <b>🔔 REAL-TIME HIGH-CONVICTION SIGNAL - SUPREMEIND IRON CONDOR</b>

📊 Conf: 7.5/10 | R:R: 1:9.99

🎯 <b>Strike:</b> 263500 (ATM)
🎯 <b>Entry Spot:</b> ₹3507.9
⬆️ <b>Target Spot:</b> ₹3490.4
⬇️ <b>Stop Spot:</b> ₹3525.4
💰 Live Premium: ₹128.8 (Lots: 0)

2026-01-28 14:23:30 | alerts | INFO | 
🟣 <b>🔔 REAL-TIME HIGH-CONVICTION SIGNAL - SWIGGY IRON CONDOR</b>

📊 Conf: 7.5/10 | R:R: 1:9.99

🎯 <b>Strike:</b> 26320 (ATM)
🎯 <b>Entry Spot:</b> ₹320.0
⬆️ <b>Target Spot:</b> ₹318.4
⬇️ <b>Stop Spot:</b> ₹321.6
💰 Live Premium: ₹18.2 (Lots: 0)

2026-01-28 14:23:33 | alerts | INFO | 
🟣 <b>🔔 REAL-TIME HIGH-CONVICTION SIGNAL - SYNGENE IRON CONDOR</b>

📊 Conf: 7.5/10 | R:R: 1:9.99

🎯 <b>Strike:</b> 26480 (ATM)
🎯 <b>Entry Spot:</b> ₹480.7
⬆️ <b>Target Spot:</b> ₹478.3
⬇️ <b>Stop Spot:</b> ₹483.1
💰 Live Premium: ₹20.5 (Lots: 0)

2026-01-28 14:23:37 | alerts | INFO | 
🟣 <b>🔔 REAL-TIME HIGH-CONVICTION SIGNAL - TATACONSUM IRON CONDOR</b>

📊 Conf: 7.5/10 | R:R: 1:9.99

🎯 <b>Strike:</b> 261120 (ATM)
🎯 <b>Entry Spot:</b> ₹1124.6
⬆️ <b>Target Spot:</b> ₹1119.0
⬇️ <b>Stop Spot:</b> ₹1130.4
💰 Live Premium: ₹37.5 (Lots: 0)

2026-01-28 14:23:44 | alerts | INFO | 
🟣 <b>🔔 REAL-TIME HIGH-CONVICTION SIGNAL - TATAELXSI IRON CONDOR</b>

📊 Conf: 7.5/10 | R:R: 1:9.99

🎯 <b>Strike:</b> 265400 (ATM)
🎯 <b>Entry Spot:</b> ₹5375.5
⬆️ <b>Target Spot:</b> ₹5348.6
⬇️ <b>Stop Spot:</b> ₹5402.4
💰 Live Premium: ₹178.4 (Lots: 0)

2026-01-28 14:23:48 | alerts | INFO | 
🟣 <b>🔔 REAL-TIME HIGH-CONVICTION SIGNAL - TATAPOWER IRON CONDOR</b>

📊 Conf: 7.5/10 | R:R: 1:9.99

🎯 <b>Strike:</b> 26350 (ATM)
🎯 <b>Entry Spot:</b> ₹353.1
⬆️ <b>Target Spot:</b> ₹351.3
⬇️ <b>Stop Spot:</b> ₹354.8
💰 Live Premium: ₹14.4 (Lots: 0)

2026-01-28 14:23:51 | alerts | INFO | 
🟣 <b>🔔 REAL-TIME HIGH-CONVICTION SIGNAL - TATATECH IRON CONDOR</b>

📊 Conf: 7.5/10 | R:R: 1:9.99

🎯 <b>Strike:</b> 26660 (ATM)
🎯 <b>Entry Spot:</b> ₹655.4
⬆️ <b>Target Spot:</b> ₹652.1
⬇️ <b>Stop Spot:</b> ₹658.6
💰 Live Premium: ₹18.2 (Lots: 0)

2026-01-28 14:23:58 | alerts | INFO | 
🟣 <b>🔔 REAL-TIME HIGH-CONVICTION SIGNAL - TCS IRON CONDOR</b>

📊 Conf: 7.5/10 | R:R: 1:9.99

🎯 <b>Strike:</b> 263200 (ATM)
🎯 <b>Entry Spot:</b> ₹3188.5
⬆️ <b>Target Spot:</b> ₹3172.6
⬇️ <b>Stop Spot:</b> ₹3204.4
💰 Live Premium: ₹62.1 (Lots: 0)

2026-01-28 14:24:02 | alerts | INFO | 
🟣 <b>🔔 REAL-TIME HIGH-CONVICTION SIGNAL - TECHM IRON CONDOR</b>

📊 Conf: 7.5/10 | R:R: 1:9.99

🎯 <b>Strike:</b> 261760 (ATM)
🎯 <b>Entry Spot:</b> ₹1750.0
⬆️ <b>Target Spot:</b> ₹1741.2
⬇️ <b>Stop Spot:</b> ₹1758.7
💰 Live Premium: ₹40.5 (Lots: 0)

2026-01-28 14:24:05 | alerts | INFO | 
🟣 <b>🔔 REAL-TIME HIGH-CONVICTION SIGNAL - TITAN IRON CONDOR</b>

📊 Conf: 7.5/10 | R:R: 1:9.99

🎯 <b>Strike:</b> 264000 (ATM)
🎯 <b>Entry Spot:</b> ₹3977.6
⬆️ <b>Target Spot:</b> ₹3957.7
⬇️ <b>Stop Spot:</b> ₹3997.5
💰 Live Premium: ₹108.8 (Lots: 0)

2026-01-28 14:24:12 | alerts | INFO | 
🟣 <b>🔔 REAL-TIME HIGH-CONVICTION SIGNAL - TMPV IRON CONDOR</b>

📊 Conf: 7.5/10 | R:R: 1:9.99

🎯 <b>Strike:</b> 26340 (ATM)
🎯 <b>Entry Spot:</b> ₹337.6
⬆️ <b>Target Spot:</b> ₹336.0
⬇️ <b>Stop Spot:</b> ₹339.3
💰 Live Premium: ₹13.4 (Lots: 0)

2026-01-28 14:24:16 | alerts | INFO | 
🟣 <b>🔔 REAL-TIME HIGH-CONVICTION SIGNAL - TRENT IRON CONDOR</b>

📊 Conf: 7.5/10 | R:R: 1:9.99

🎯 <b>Strike:</b> 263850 (ATM)
🎯 <b>Entry Spot:</b> ₹3841.0
⬆️ <b>Target Spot:</b> ₹3821.8
⬇️ <b>Stop Spot:</b> ₹3860.2
💰 Live Premium: ₹155.5 (Lots: 0)

2026-01-28 14:24:20 | alerts | INFO | 
🟣 <b>🔔 REAL-TIME HIGH-CONVICTION SIGNAL - WAAREEENER IRON CONDOR</b>

📊 Conf: 7.5/10 | R:R: 1:9.99

🎯 <b>Strike:</b> 262750 (ATM)
🎯 <b>Entry Spot:</b> ₹2734.9
⬆️ <b>Target Spot:</b> ₹2721.2
⬇️ <b>Stop Spot:</b> ₹2748.6
💰 Live Premium: ₹116.1 (Lots: 0)

2026-01-28 14:24:24 | alerts | INFO | 
🟣 <b>🔔 REAL-TIME HIGH-CONVICTION SIGNAL - WIPRO IRON CONDOR</b>

📊 Conf: 7.5/10 | R:R: 1:9.99

🎯 <b>Strike:</b> 26240 (ATM)
🎯 <b>Entry Spot:</b> ₹236.5
⬆️ <b>Target Spot:</b> ₹235.3
⬇️ <b>Stop Spot:</b> ₹237.7
💰 Live Premium: ₹4.5 (Lots: 0)

2026-01-28 14:34:12 | alerts | INFO | 
🟣 <b>🔔 REAL-TIME HIGH-CONVICTION SIGNAL - ABB IRON CONDOR</b>

📊 Conf: 7.5/10 | R:R: 1:9.99

🎯 <b>Strike:</b> 265100 (ATM)
🎯 <b>Entry Spot:</b> ₹5055.5
⬆️ <b>Target Spot:</b> ₹5030.2
⬇️ <b>Stop Spot:</b> ₹5084.1
💰 Live Premium: ₹170.6 (Lots: 0)

2026-01-28 14:34:16 | alerts | INFO | 
🟣 <b>🔔 REAL-TIME HIGH-CONVICTION SIGNAL - ADANIENSOL IRON CONDOR</b>

📊 Conf: 7.5/10 | R:R: 1:9.99

🎯 <b>Strike:</b> 26880 (ATM)
🎯 <b>Entry Spot:</b> ₹879.0
⬆️ <b>Target Spot:</b> ₹874.6
⬇️ <b>Stop Spot:</b> ₹883.4
💰 Live Premium: ₹39.6 (Lots: 0)

2026-01-28 14:34:20 | alerts | INFO | 
🟣 <b>🔔 REAL-TIME HIGH-CONVICTION SIGNAL - ADANIPORTS IRON CONDOR</b>

📊 Conf: 7.5/10 | R:R: 1:9.99

🎯 <b>Strike:</b> 261380 (ATM)
🎯 <b>Entry Spot:</b> ₹1377.6
⬆️ <b>Target Spot:</b> ₹1370.7
⬇️ <b>Stop Spot:</b> ₹1384.5
💰 Live Premium: ₹50.5 (Lots: 0)

2026-01-28 14:34:23 | alerts | INFO | 
🟣 <b>🔔 REAL-TIME HIGH-CONVICTION SIGNAL - ALKEM IRON CONDOR</b>

📊 Conf: 7.5/10 | R:R: 1:9.99

🎯 <b>Strike:</b> 265700 (ATM)
🎯 <b>Entry Spot:</b> ₹5683.5
⬆️ <b>Target Spot:</b> ₹5655.1
⬇️ <b>Stop Spot:</b> ₹5711.9
💰 Live Premium: ₹156.7 (Lots: 0)

2026-01-28 14:34:27 | alerts | INFO | 
🟣 <b>🔔 REAL-TIME HIGH-CONVICTION SIGNAL - APLAPOLLO IRON CONDOR</b>

📊 Conf: 7.5/10 | R:R: 1:9.99

🎯 <b>Strike:</b> 262100 (ATM)
🎯 <b>Entry Spot:</b> ₹2091.2
⬆️ <b>Target Spot:</b> ₹2080.7
⬇️ <b>Stop Spot:</b> ₹2101.7
💰 Live Premium: ₹66.0 (Lots: 0)

2026-01-28 14:34:31 | alerts | INFO | 
🟣 <b>🔔 REAL-TIME HIGH-CONVICTION SIGNAL - APOLLOHOSP IRON CONDOR</b>

📊 Conf: 7.5/10 | R:R: 1:9.99

🎯 <b>Strike:</b> 266900 (ATM)
🎯 <b>Entry Spot:</b> ₹6866.5
⬆️ <b>Target Spot:</b> ₹6832.2
⬇️ <b>Stop Spot:</b> ₹6900.8
💰 Live Premium: ₹183.6 (Lots: 0)

2026-01-28 14:34:37 | alerts | INFO | 
🟣 <b>🔔 REAL-TIME HIGH-CONVICTION SIGNAL - ASIANPAINT IRON CONDOR</b>

📊 Conf: 7.5/10 | R:R: 1:9.99

🎯 <b>Strike:</b> 262500 (ATM)
🎯 <b>Entry Spot:</b> ₹2507.4
⬆️ <b>Target Spot:</b> ₹2494.9
⬇️ <b>Stop Spot:</b> ₹2519.9
💰 Live Premium: ₹74.5 (Lots: 0)

2026-01-28 14:34:41 | alerts | INFO | 
🟣 <b>🔔 REAL-TIME HIGH-CONVICTION SIGNAL - AUBANK IRON CONDOR</b>

📊 Conf: 7.5/10 | R:R: 1:9.99

🎯 <b>Strike:</b> 26960 (ATM)
🎯 <b>Entry Spot:</b> ₹960.8
⬆️ <b>Target Spot:</b> ₹956.0
⬇️ <b>Stop Spot:</b> ₹965.6
💰 Live Premium: ₹33.5 (Lots: 0)

2026-01-28 14:34:45 | alerts | INFO | 
🟣 <b>🔔 REAL-TIME HIGH-CONVICTION SIGNAL - AUROPHARMA IRON CONDOR</b>

📊 Conf: 7.5/10 | R:R: 1:9.99

🎯 <b>Strike:</b> 261140 (ATM)
🎯 <b>Entry Spot:</b> ₹1133.1
⬆️ <b>Target Spot:</b> ₹1127.4
⬇️ <b>Stop Spot:</b> ₹1138.8
💰 Live Premium: ₹38.5 (Lots: 0)

2026-01-28 14:34:52 | alerts | INFO | 
🟣 <b>🔔 REAL-TIME HIGH-CONVICTION SIGNAL - AXISBANK IRON CONDOR</b>

📊 Conf: 7.5/10 | R:R: 1:9.99

🎯 <b>Strike:</b> 261320 (ATM)
🎯 <b>Entry Spot:</b> ₹1316.6
⬆️ <b>Target Spot:</b> ₹1310.0
⬇️ <b>Stop Spot:</b> ₹1323.2
💰 Live Premium: ₹34.2 (Lots: 0)

2026-01-28 14:34:55 | alerts | INFO | 
🟣 <b>🔔 REAL-TIME HIGH-CONVICTION SIGNAL - BAJAJFINSV IRON CONDOR</b>

📊 Conf: 7.5/10 | R:R: 1:9.99

🎯 <b>Strike:</b> 261940 (ATM)
🎯 <b>Entry Spot:</b> ₹1931.0
⬆️ <b>Target Spot:</b> ₹1921.3
⬇️ <b>Stop Spot:</b> ₹1940.7
💰 Live Premium: ₹62.9 (Lots: 0)

2026-01-28 14:34:59 | alerts | INFO | 
🟣 <b>🔔 REAL-TIME HIGH-CONVICTION SIGNAL - BANKBARODA IRON CONDOR</b>

📊 Conf: 7.5/10 | R:R: 1:9.99

🎯 <b>Strike:</b> 26300 (ATM)
🎯 <b>Entry Spot:</b> ₹304.6
⬆️ <b>Target Spot:</b> ₹303.0
⬇️ <b>Stop Spot:</b> ₹306.1
💰 Live Premium: ₹15.0 (Lots: 0)

2026-01-28 14:35:03 | alerts | INFO | 
🟣 <b>🔔 REAL-TIME HIGH-CONVICTION SIGNAL - BIOCON IRON CONDOR</b>

📊 Conf: 7.5/10 | R:R: 1:9.99

🎯 <b>Strike:</b> 26370 (ATM)
🎯 <b>Entry Spot:</b> ₹368.6
⬆️ <b>Target Spot:</b> ₹366.8
⬇️ <b>Stop Spot:</b> ₹370.4
💰 Live Premium: ₹12.2 (Lots: 0)

2026-01-28 14:35:07 | alerts | INFO | 
🟣 <b>🔔 REAL-TIME HIGH-CONVICTION SIGNAL - BLUESTARCO IRON CONDOR</b>

📊 Conf: 7.5/10 | R:R: 1:9.99

🎯 <b>Strike:</b> 261660 (ATM)
🎯 <b>Entry Spot:</b> ₹1654.9
⬆️ <b>Target Spot:</b> ₹1646.6
⬇️ <b>Stop Spot:</b> ₹1663.2
💰 Live Premium: ₹75.2 (Lots: 0)

2026-01-28 14:35:11 | alerts | INFO | 
🟣 <b>🔔 REAL-TIME HIGH-CONVICTION SIGNAL - BPCL IRON CONDOR</b>

📊 Conf: 7.5/10 | R:R: 1:9.99

🎯 <b>Strike:</b> 26360 (ATM)
🎯 <b>Entry Spot:</b> ₹361.0
⬆️ <b>Target Spot:</b> ₹359.2
⬇️ <b>Stop Spot:</b> ₹362.8
💰 Live Premium: ₹13.2 (Lots: 0)

2026-01-28 14:35:17 | alerts | INFO | 
🟣 <b>🔔 REAL-TIME HIGH-CONVICTION SIGNAL - BSE IRON CONDOR</b>

📊 Conf: 7.5/10 | R:R: 1:9.99

🎯 <b>Strike:</b> 262800 (ATM)
🎯 <b>Entry Spot:</b> ₹2810.0
⬆️ <b>Target Spot:</b> ₹2795.9
⬇️ <b>Stop Spot:</b> ₹2824.0
💰 Live Premium: ₹147.2 (Lots: 0)

2026-01-28 14:35:21 | alerts | INFO | 
🟣 <b>🔔 REAL-TIME HIGH-CONVICTION SIGNAL - CDSL IRON CONDOR</b>

📊 Conf: 7.5/10 | R:R: 1:9.99

🎯 <b>Strike:</b> 261340 (ATM)
🎯 <b>Entry Spot:</b> ₹1348.2
⬆️ <b>Target Spot:</b> ₹1341.5
⬇️ <b>Stop Spot:</b> ₹1354.9
💰 Live Premium: ₹64.9 (Lots: 0)

2026-01-28 14:35:25 | alerts | INFO | 
🟣 <b>🔔 REAL-TIME HIGH-CONVICTION SIGNAL - CGPOWER IRON CONDOR</b>

📊 Conf: 7.5/10 | R:R: 1:9.99

🎯 <b>Strike:</b> 26580 (ATM)
🎯 <b>Entry Spot:</b> ₹578.5
⬆️ <b>Target Spot:</b> ₹575.6
⬇️ <b>Stop Spot:</b> ₹581.9
💰 Live Premium: ₹23.6 (Lots: 0)

2026-01-28 14:35:29 | alerts | INFO | 
🟣 <b>🔔 REAL-TIME HIGH-CONVICTION SIGNAL - CHOLAFIN IRON CONDOR</b>

📊 Conf: 7.5/10 | R:R: 1:9.99

🎯 <b>Strike:</b> 261640 (ATM)
🎯 <b>Entry Spot:</b> ₹1640.0
⬆️ <b>Target Spot:</b> ₹1631.8
⬇️ <b>Stop Spot:</b> ₹1648.2
💰 Live Premium: ₹67.4 (Lots: 0)

2026-01-28 14:35:33 | alerts | INFO | 
🟣 <b>🔔 REAL-TIME HIGH-CONVICTION SIGNAL - COALINDIA IRON CONDOR</b>

📊 Conf: 7.5/10 | R:R: 1:9.99

🎯 <b>Strike:</b> 26440 (ATM)
🎯 <b>Entry Spot:</b> ₹439.4
⬆️ <b>Target Spot:</b> ₹437.3
⬇️ <b>Stop Spot:</b> ₹441.6
💰 Live Premium: ₹11.5 (Lots: 0)

2026-01-28 14:35:37 | alerts | INFO | 
🟣 <b>🔔 REAL-TIME HIGH-CONVICTION SIGNAL - COLPAL IRON CONDOR</b>

📊 Conf: 7.5/10 | R:R: 1:9.99

🎯 <b>Strike:</b> 262140 (ATM)
🎯 <b>Entry Spot:</b> ₹2135.1
⬆️ <b>Target Spot:</b> ₹2124.4
⬇️ <b>Stop Spot:</b> ₹2145.8
💰 Live Premium: ₹67.6 (Lots: 0)

2026-01-28 14:35:44 | alerts | INFO | 
🟣 <b>🔔 REAL-TIME HIGH-CONVICTION SIGNAL - DABUR IRON CONDOR</b>

📊 Conf: 7.5/10 | R:R: 1:9.99

🎯 <b>Strike:</b> 26510 (ATM)
🎯 <b>Entry Spot:</b> ₹511.0
⬆️ <b>Target Spot:</b> ₹508.4
⬇️ <b>Stop Spot:</b> ₹513.6
💰 Live Premium: ₹17.9 (Lots: 0)

2026-01-28 14:35:48 | alerts | INFO | 
🟣 <b>🔔 REAL-TIME HIGH-CONVICTION SIGNAL - DIVISLAB IRON CONDOR</b>

📊 Conf: 7.5/10 | R:R: 1:9.99

🎯 <b>Strike:</b> 266100 (ATM)
🎯 <b>Entry Spot:</b> ₹6140.0
⬆️ <b>Target Spot:</b> ₹6109.3
⬇️ <b>Stop Spot:</b> ₹6170.7
💰 Live Premium: ₹233.0 (Lots: 0)

2026-01-28 14:35:52 | alerts | INFO | 
🟣 <b>🔔 REAL-TIME HIGH-CONVICTION SIGNAL - DMART IRON CONDOR</b>

📊 Conf: 7.5/10 | R:R: 1:9.99

🎯 <b>Strike:</b> 263700 (ATM)
🎯 <b>Entry Spot:</b> ₹3724.3
⬆️ <b>Target Spot:</b> ₹3705.7
⬇️ <b>Stop Spot:</b> ₹3742.9
💰 Live Premium: ₹117.5 (Lots: 0)

2026-01-28 14:35:56 | alerts | INFO | 
🟣 <b>🔔 REAL-TIME HIGH-CONVICTION SIGNAL - EICHERMOT IRON CONDOR</b>

📊 Conf: 7.5/10 | R:R: 1:9.99

🎯 <b>Strike:</b> 267000 (ATM)
🎯 <b>Entry Spot:</b> ₹6999.5
⬆️ <b>Target Spot:</b> ₹6964.5
⬇️ <b>Stop Spot:</b> ₹7046.7
💰 Live Premium: ₹256.4 (Lots: 0)

2026-01-28 14:36:00 | alerts | INFO | 
🟣 <b>🔔 REAL-TIME HIGH-CONVICTION SIGNAL - EXIDEIND IRON CONDOR</b>

📊 Conf: 7.5/10 | R:R: 1:9.99

🎯 <b>Strike:</b> 26320 (ATM)
🎯 <b>Entry Spot:</b> ₹320.8
⬆️ <b>Target Spot:</b> ₹319.2
⬇️ <b>Stop Spot:</b> ₹322.4
💰 Live Premium: ₹12.2 (Lots: 0)

2026-01-28 14:36:04 | alerts | INFO | 
🟣 <b>🔔 REAL-TIME HIGH-CONVICTION SIGNAL - GMRAIRPORT IRON CONDOR</b>

📊 Conf: 7.5/10 | R:R: 1:9.99

🎯 <b>Strike:</b> 2690 (ATM)
🎯 <b>Entry Spot:</b> ₹94.0
⬆️ <b>Target Spot:</b> ₹93.5
⬇️ <b>Stop Spot:</b> ₹94.5
💰 Live Premium: ₹6.3 (Lots: 0)

2026-01-28 14:36:10 | alerts | INFO | 
🟣 <b>🔔 REAL-TIME HIGH-CONVICTION SIGNAL - GODREJCP IRON CONDOR</b>

📊 Conf: 7.5/10 | R:R: 1:9.99

🎯 <b>Strike:</b> 261160 (ATM)
🎯 <b>Entry Spot:</b> ₹1166.9
⬆️ <b>Target Spot:</b> ₹1161.1
⬇️ <b>Stop Spot:</b> ₹1172.7
💰 Live Premium: ₹38.4 (Lots: 0)

2026-01-28 14:36:14 | alerts | INFO | 
🟣 <b>🔔 REAL-TIME HIGH-CONVICTION SIGNAL - GRASIM IRON CONDOR</b>

📊 Conf: 7.5/10 | R:R: 1:9.99

🎯 <b>Strike:</b> 262840 (ATM)
🎯 <b>Entry Spot:</b> ₹2836.9
⬆️ <b>Target Spot:</b> ₹2822.7
⬇️ <b>Stop Spot:</b> ₹2851.1
💰 Live Premium: ₹80.0 (Lots: 0)

2026-01-28 14:36:18 | alerts | INFO | 
🟣 <b>🔔 REAL-TIME HIGH-CONVICTION SIGNAL - HDFCBANK IRON CONDOR</b>

📊 Conf: 7.5/10 | R:R: 1:9.99

🎯 <b>Strike:</b> 26930 (ATM)
🎯 <b>Entry Spot:</b> ₹931.3
⬆️ <b>Target Spot:</b> ₹926.6
⬇️ <b>Stop Spot:</b> ₹936.0
💰 Live Premium: ₹21.9 (Lots: 0)

2026-01-28 14:36:22 | alerts | INFO | 
🟣 <b>🔔 REAL-TIME HIGH-CONVICTION SIGNAL - HDFCLIFE IRON CONDOR</b>

📊 Conf: 7.5/10 | R:R: 1:9.99

🎯 <b>Strike:</b> 26730 (ATM)
🎯 <b>Entry Spot:</b> ₹725.1
⬆️ <b>Target Spot:</b> ₹721.5
⬇️ <b>Stop Spot:</b> ₹728.7
💰 Live Premium: ₹15.2 (Lots: 0)

2026-01-28 14:36:26 | alerts | INFO | 
🟣 <b>🔔 REAL-TIME HIGH-CONVICTION SIGNAL - HINDALCO IRON CONDOR</b>

📊 Conf: 7.5/10 | R:R: 1:9.99

🎯 <b>Strike:</b> 261000 (ATM)
🎯 <b>Entry Spot:</b> ₹1001.3
⬆️ <b>Target Spot:</b> ₹996.3
⬇️ <b>Stop Spot:</b> ₹1006.8
💰 Live Premium: ₹35.2 (Lots: 0)

2026-01-28 14:36:29 | alerts | INFO | 
🟣 <b>🔔 REAL-TIME HIGH-CONVICTION SIGNAL - HINDPETRO IRON CONDOR</b>

📊 Conf: 7.5/10 | R:R: 1:9.99

🎯 <b>Strike:</b> 26430 (ATM)
🎯 <b>Entry Spot:</b> ₹429.2
⬆️ <b>Target Spot:</b> ₹427.1
⬇️ <b>Stop Spot:</b> ₹431.3
💰 Live Premium: ₹15.3 (Lots: 0)

2026-01-28 14:36:33 | alerts | INFO | 
🟣 <b>🔔 REAL-TIME HIGH-CONVICTION SIGNAL - HINDUNILVR IRON CONDOR</b>

📊 Conf: 7.5/10 | R:R: 1:9.99

🎯 <b>Strike:</b> 262340 (ATM)
🎯 <b>Entry Spot:</b> ₹2351.3
⬆️ <b>Target Spot:</b> ₹2339.5
⬇️ <b>Stop Spot:</b> ₹2363.1
💰 Live Premium: ₹76.7 (Lots: 0)

2026-01-28 14:36:37 | alerts | INFO | 
🟣 <b>🔔 REAL-TIME HIGH-CONVICTION SIGNAL - HUDCO IRON CONDOR</b>

📊 Conf: 7.5/10 | R:R: 1:9.99

🎯 <b>Strike:</b> 26200 (ATM)
🎯 <b>Entry Spot:</b> ₹202.6
⬆️ <b>Target Spot:</b> ₹201.6
⬇️ <b>Stop Spot:</b> ₹203.7
💰 Live Premium: ₹11.2 (Lots: 0)

2026-01-28 14:36:40 | alerts | INFO | 
🟣 <b>🔔 REAL-TIME HIGH-CONVICTION SIGNAL - ICICIGI IRON CONDOR</b>

📊 Conf: 7.5/10 | R:R: 1:9.99

🎯 <b>Strike:</b> 261820 (ATM)
🎯 <b>Entry Spot:</b> ₹1822.0
⬆️ <b>Target Spot:</b> ₹1812.9
⬇️ <b>Stop Spot:</b> ₹1831.1
💰 Live Premium: ₹49.4 (Lots: 0)

2026-01-28 14:36:44 | alerts | INFO | 
🟣 <b>🔔 REAL-TIME HIGH-CONVICTION SIGNAL - ICICIPRULI IRON CONDOR</b>

📊 Conf: 7.5/10 | R:R: 1:9.99

🎯 <b>Strike:</b> 26640 (ATM)
🎯 <b>Entry Spot:</b> ₹639.9
⬆️ <b>Target Spot:</b> ₹636.7
⬇️ <b>Stop Spot:</b> ₹643.0
💰 Live Premium: ₹20.0 (Lots: 0)

2026-01-28 14:36:51 | alerts | INFO | 
🟣 <b>🔔 REAL-TIME HIGH-CONVICTION SIGNAL - IEX IRON CONDOR</b>

📊 Conf: 7.5/10 | R:R: 1:9.99

🎯 <b>Strike:</b> 26130 (ATM)
🎯 <b>Entry Spot:</b> ₹128.3
⬆️ <b>Target Spot:</b> ₹127.7
⬇️ <b>Stop Spot:</b> ₹129.0
💰 Live Premium: ₹5.0 (Lots: 0)

2026-01-28 14:36:55 | alerts | INFO | 
🟣 <b>🔔 REAL-TIME HIGH-CONVICTION SIGNAL - INDHOTEL IRON CONDOR</b>

📊 Conf: 7.5/10 | R:R: 1:9.99

🎯 <b>Strike:</b> 26650 (ATM)
🎯 <b>Entry Spot:</b> ₹654.1
⬆️ <b>Target Spot:</b> ₹650.8
⬇️ <b>Stop Spot:</b> ₹657.4
💰 Live Premium: ₹24.6 (Lots: 0)

2026-01-28 14:36:59 | alerts | INFO | 
🟣 <b>🔔 REAL-TIME HIGH-CONVICTION SIGNAL - INDIANB IRON CONDOR</b>

📊 Conf: 7.5/10 | R:R: 1:9.99

🎯 <b>Strike:</b> 26890 (ATM)
🎯 <b>Entry Spot:</b> ₹894.8
⬆️ <b>Target Spot:</b> ₹890.3
⬇️ <b>Stop Spot:</b> ₹899.3
💰 Live Premium: ₹36.5 (Lots: 0)

2026-01-28 14:37:05 | alerts | INFO | 
🟣 <b>🔔 REAL-TIME HIGH-CONVICTION SIGNAL - INDIGO IRON CONDOR</b>

📊 Conf: 7.5/10 | R:R: 1:9.99

🎯 <b>Strike:</b> 264750 (ATM)
🎯 <b>Entry Spot:</b> ₹4727.5
⬆️ <b>Target Spot:</b> ₹4703.9
⬇️ <b>Stop Spot:</b> ₹4751.1
💰 Live Premium: ₹141.6 (Lots: 0)

2026-01-28 14:37:09 | alerts | INFO | 
🟣 <b>🔔 REAL-TIME HIGH-CONVICTION SIGNAL - INFY IRON CONDOR</b>

📊 Conf: 7.5/10 | R:R: 1:9.99

🎯 <b>Strike:</b> 261660 (ATM)
🎯 <b>Entry Spot:</b> ₹1656.0
⬆️ <b>Target Spot:</b> ₹1647.7
⬇️ <b>Stop Spot:</b> ₹1664.3
💰 Live Premium: ₹42.5 (Lots: 0)

2026-01-28 14:37:13 | alerts | INFO | 
🟣 <b>🔔 REAL-TIME HIGH-CONVICTION SIGNAL - IOC IRON CONDOR</b>

📊 Conf: 7.5/10 | R:R: 1:9.99

🎯 <b>Strike:</b> 26160 (ATM)
🎯 <b>Entry Spot:</b> ₹161.8
⬆️ <b>Target Spot:</b> ₹161.0
⬇️ <b>Stop Spot:</b> ₹162.6
💰 Live Premium: ₹6.7 (Lots: 0)

2026-01-28 14:37:17 | alerts | INFO | 
🟣 <b>🔔 REAL-TIME HIGH-CONVICTION SIGNAL - ITC IRON CONDOR</b>

📊 Conf: 7.5/10 | R:R: 1:9.99

🎯 <b>Strike:</b> 26320 (ATM)
🎯 <b>Entry Spot:</b> ₹319.9
⬆️ <b>Target Spot:</b> ₹318.4
⬇️ <b>Stop Spot:</b> ₹321.5
💰 Live Premium: ₹10.0 (Lots: 0)

2026-01-28 14:37:21 | alerts | INFO | 
🟣 <b>🔔 REAL-TIME HIGH-CONVICTION SIGNAL - JINDALSTEL IRON CONDOR</b>

📊 Conf: 7.5/10 | R:R: 1:9.99

🎯 <b>Strike:</b> 261120 (ATM)
🎯 <b>Entry Spot:</b> ₹1112.1
⬆️ <b>Target Spot:</b> ₹1106.5
⬇️ <b>Stop Spot:</b> ₹1117.9
💰 Live Premium: ₹41.0 (Lots: 0)

2026-01-28 14:37:27 | alerts | INFO | 
🟣 <b>🔔 REAL-TIME HIGH-CONVICTION SIGNAL - JIOFIN IRON CONDOR</b>

📊 Conf: 7.5/10 | R:R: 1:9.99

🎯 <b>Strike:</b> 26250 (ATM)
🎯 <b>Entry Spot:</b> ₹254.8
⬆️ <b>Target Spot:</b> ₹253.5
⬇️ <b>Stop Spot:</b> ₹256.0
💰 Live Premium: ₹12.0 (Lots: 0)

2026-01-28 14:37:33 | alerts | INFO | 
🟣 <b>🔔 REAL-TIME HIGH-CONVICTION SIGNAL - JUBLFOOD IRON CONDOR</b>

📊 Conf: 7.5/10 | R:R: 1:9.99

🎯 <b>Strike:</b> 26490 (ATM)
🎯 <b>Entry Spot:</b> ₹490.9
⬆️ <b>Target Spot:</b> ₹488.4
⬇️ <b>Stop Spot:</b> ₹493.3
💰 Live Premium: ₹19.1 (Lots: 0)

2026-01-28 14:37:37 | alerts | INFO | 
🟣 <b>🔔 REAL-TIME HIGH-CONVICTION SIGNAL - KALYANKJIL IRON CONDOR</b>

📊 Conf: 7.5/10 | R:R: 1:9.99

🎯 <b>Strike:</b> 26370 (ATM)
🎯 <b>Entry Spot:</b> ₹365.2
⬆️ <b>Target Spot:</b> ₹363.4
⬇️ <b>Stop Spot:</b> ₹367.6
💰 Live Premium: ₹21.0 (Lots: 0)

2026-01-28 14:37:41 | alerts | INFO | 
🟣 <b>🔔 REAL-TIME HIGH-CONVICTION SIGNAL - KFINTECH IRON CONDOR</b>

📊 Conf: 7.5/10 | R:R: 1:9.99

🎯 <b>Strike:</b> 261020 (ATM)
🎯 <b>Entry Spot:</b> ₹1012.4
⬆️ <b>Target Spot:</b> ₹1007.3
⬇️ <b>Stop Spot:</b> ₹1017.5
💰 Live Premium: ₹29.3 (Lots: 0)

2026-01-28 14:37:45 | alerts | INFO | 
🟣 <b>🔔 REAL-TIME HIGH-CONVICTION SIGNAL - LODHA IRON CONDOR</b>

📊 Conf: 7.5/10 | R:R: 1:9.99

🎯 <b>Strike:</b> 26920 (ATM)
🎯 <b>Entry Spot:</b> ₹921.0
⬆️ <b>Target Spot:</b> ₹916.4
⬇️ <b>Stop Spot:</b> ₹927.2
💰 Live Premium: ₹44.5 (Lots: 0)

2026-01-28 14:37:49 | alerts | INFO | 
🟣 <b>🔔 REAL-TIME HIGH-CONVICTION SIGNAL - LUPIN IRON CONDOR</b>

📊 Conf: 7.5/10 | R:R: 1:9.99

🎯 <b>Strike:</b> 262140 (ATM)
🎯 <b>Entry Spot:</b> ₹2127.1
⬆️ <b>Target Spot:</b> ₹2116.5
⬇️ <b>Stop Spot:</b> ₹2137.7
💰 Live Premium: ₹63.8 (Lots: 0)

2026-01-28 14:37:53 | alerts | INFO | 
🟣 <b>🔔 REAL-TIME HIGH-CONVICTION SIGNAL - MANAPPURAM IRON CONDOR</b>

📊 Conf: 7.5/10 | R:R: 1:9.99

🎯 <b>Strike:</b> 26290 (ATM)
🎯 <b>Entry Spot:</b> ₹290.4
⬆️ <b>Target Spot:</b> ₹288.9
⬇️ <b>Stop Spot:</b> ₹291.8
💰 Live Premium: ₹14.8 (Lots: 0)

2026-01-28 14:38:00 | alerts | INFO | 
🟣 <b>🔔 REAL-TIME HIGH-CONVICTION SIGNAL - MAXHEALTH IRON CONDOR</b>

📊 Conf: 7.5/10 | R:R: 1:9.99

🎯 <b>Strike:</b> 26960 (ATM)
🎯 <b>Entry Spot:</b> ₹960.0
⬆️ <b>Target Spot:</b> ₹955.2
⬇️ <b>Stop Spot:</b> ₹964.8
💰 Live Premium: ₹36.1 (Lots: 0)

2026-01-28 14:38:03 | alerts | INFO | 
🟣 <b>🔔 REAL-TIME HIGH-CONVICTION SIGNAL - MCX IRON CONDOR</b>

📊 Conf: 7.5/10 | R:R: 1:9.99

🎯 <b>Strike:</b> 262600 (ATM)
🎯 <b>Entry Spot:</b> ₹2585.0
⬆️ <b>Target Spot:</b> ₹2572.1
⬇️ <b>Stop Spot:</b> ₹2602.7
💰 Live Premium: ₹112.5 (Lots: 0)

2026-01-28 14:38:07 | alerts | INFO | 
🟣 <b>🔔 REAL-TIME HIGH-CONVICTION SIGNAL - MFSL IRON CONDOR</b>

📊 Conf: 7.5/10 | R:R: 1:9.99

🎯 <b>Strike:</b> 261620 (ATM)
🎯 <b>Entry Spot:</b> ₹1617.9
⬆️ <b>Target Spot:</b> ₹1609.8
⬇️ <b>Stop Spot:</b> ₹1626.0
💰 Live Premium: ₹57.5 (Lots: 0)

2026-01-28 14:38:11 | alerts | INFO | 
🟣 <b>🔔 REAL-TIME HIGH-CONVICTION SIGNAL - MPHASIS IRON CONDOR</b>

📊 Conf: 7.5/10 | R:R: 1:9.99

🎯 <b>Strike:</b> 262800 (ATM)
🎯 <b>Entry Spot:</b> ₹2824.4
⬆️ <b>Target Spot:</b> ₹2810.3
⬇️ <b>Stop Spot:</b> ₹2838.5
💰 Live Premium: ₹106.2 (Lots: 0)

2026-01-28 14:38:15 | alerts | INFO | 
🟣 <b>🔔 REAL-TIME HIGH-CONVICTION SIGNAL - NTPC IRON CONDOR</b>

📊 Conf: 7.5/10 | R:R: 1:9.99

🎯 <b>Strike:</b> 26350 (ATM)
🎯 <b>Entry Spot:</b> ₹348.4
⬆️ <b>Target Spot:</b> ₹346.7
⬇️ <b>Stop Spot:</b> ₹350.2
💰 Live Premium: ₹8.2 (Lots: 0)

2026-01-28 14:38:19 | alerts | INFO | 
🟣 <b>🔔 REAL-TIME HIGH-CONVICTION SIGNAL - OFSS IRON CONDOR</b>

📊 Conf: 7.5/10 | R:R: 1:9.99

🎯 <b>Strike:</b> 268000 (ATM)
🎯 <b>Entry Spot:</b> ₹7976.5
⬆️ <b>Target Spot:</b> ₹7936.6
⬇️ <b>Stop Spot:</b> ₹8016.4
💰 Live Premium: ₹266.6 (Lots: 0)

2026-01-28 14:38:26 | alerts | INFO | 
🟣 <b>🔔 REAL-TIME HIGH-CONVICTION SIGNAL - PERSISTENT IRON CONDOR</b>

📊 Conf: 7.5/10 | R:R: 1:9.99

🎯 <b>Strike:</b> 266200 (ATM)
🎯 <b>Entry Spot:</b> ₹6202.5
⬆️ <b>Target Spot:</b> ₹6171.5
⬇️ <b>Stop Spot:</b> ₹6233.5
💰 Live Premium: ₹229.7 (Lots: 0)

2026-01-28 14:38:29 | alerts | INFO | 
🟣 <b>🔔 REAL-TIME HIGH-CONVICTION SIGNAL - PETRONET IRON CONDOR</b>

📊 Conf: 7.5/10 | R:R: 1:9.99

🎯 <b>Strike:</b> 26290 (ATM)
🎯 <b>Entry Spot:</b> ₹289.6
⬆️ <b>Target Spot:</b> ₹288.2
⬇️ <b>Stop Spot:</b> ₹291.0
💰 Live Premium: ₹9.8 (Lots: 0)

2026-01-28 14:38:33 | alerts | INFO | 
🟣 <b>🔔 REAL-TIME HIGH-CONVICTION SIGNAL - PFC IRON CONDOR</b>

📊 Conf: 7.5/10 | R:R: 1:9.99

🎯 <b>Strike:</b> 26380 (ATM)
🎯 <b>Entry Spot:</b> ₹378.0
⬆️ <b>Target Spot:</b> ₹376.1
⬇️ <b>Stop Spot:</b> ₹379.9
💰 Live Premium: ₹12.1 (Lots: 0)

2026-01-28 14:38:37 | alerts | INFO | 
🟣 <b>🔔 REAL-TIME HIGH-CONVICTION SIGNAL - PHOENIXLTD IRON CONDOR</b>

📊 Conf: 7.5/10 | R:R: 1:9.99

🎯 <b>Strike:</b> 261720 (ATM)
🎯 <b>Entry Spot:</b> ₹1728.9
⬆️ <b>Target Spot:</b> ₹1720.3
⬇️ <b>Stop Spot:</b> ₹1742.9
💰 Live Premium: ₹79.8 (Lots: 0)

2026-01-28 14:38:40 | alerts | INFO | 
🟣 <b>🔔 REAL-TIME HIGH-CONVICTION SIGNAL - PIDILITIND IRON CONDOR</b>

📊 Conf: 7.5/10 | R:R: 1:9.99

🎯 <b>Strike:</b> 261460 (ATM)
🎯 <b>Entry Spot:</b> ₹1451.2
⬆️ <b>Target Spot:</b> ₹1443.9
⬇️ <b>Stop Spot:</b> ₹1458.5
💰 Live Premium: ₹37.8 (Lots: 0)

2026-01-28 14:38:44 | alerts | INFO | 
🟣 <b>🔔 REAL-TIME HIGH-CONVICTION SIGNAL - PNB IRON CONDOR</b>

📊 Conf: 7.5/10 | R:R: 1:9.99

🎯 <b>Strike:</b> 26120 (ATM)
🎯 <b>Entry Spot:</b> ₹123.9
⬆️ <b>Target Spot:</b> ₹123.2
⬇️ <b>Stop Spot:</b> ₹124.5
💰 Live Premium: ₹7.0 (Lots: 0)

2026-01-28 14:38:51 | alerts | INFO | 
🟣 <b>🔔 REAL-TIME HIGH-CONVICTION SIGNAL - POLYCAB IRON CONDOR</b>

📊 Conf: 7.5/10 | R:R: 1:9.99

🎯 <b>Strike:</b> 266900 (ATM)
🎯 <b>Entry Spot:</b> ₹6891.5
⬆️ <b>Target Spot:</b> ₹6857.0
⬇️ <b>Stop Spot:</b> ₹6926.0
💰 Live Premium: ₹224.9 (Lots: 0)

2026-01-28 14:38:55 | alerts | INFO | 
🟣 <b>🔔 REAL-TIME HIGH-CONVICTION SIGNAL - POWERGRID IRON CONDOR</b>

📊 Conf: 7.5/10 | R:R: 1:9.99

🎯 <b>Strike:</b> 26260 (ATM)
🎯 <b>Entry Spot:</b> ₹257.9
⬆️ <b>Target Spot:</b> ₹256.7
⬇️ <b>Stop Spot:</b> ₹259.2
💰 Live Premium: ₹6.1 (Lots: 0)

2026-01-28 14:38:59 | alerts | INFO | 
🟣 <b>🔔 REAL-TIME HIGH-CONVICTION SIGNAL - RECLTD IRON CONDOR</b>

📊 Conf: 7.5/10 | R:R: 1:9.99

🎯 <b>Strike:</b> 26370 (ATM)
🎯 <b>Entry Spot:</b> ₹374.9
⬆️ <b>Target Spot:</b> ₹373.0
⬇️ <b>Stop Spot:</b> ₹376.8
💰 Live Premium: ₹16.4 (Lots: 0)

2026-01-28 14:39:02 | alerts | INFO | 
🟣 <b>🔔 REAL-TIME HIGH-CONVICTION SIGNAL - RELIANCE IRON CONDOR</b>

📊 Conf: 7.5/10 | R:R: 1:9.99

🎯 <b>Strike:</b> 261400 (ATM)
🎯 <b>Entry Spot:</b> ₹1391.9
⬆️ <b>Target Spot:</b> ₹1384.9
⬇️ <b>Stop Spot:</b> ₹1398.9
💰 Live Premium: ₹33.5 (Lots: 0)

2026-01-28 14:39:06 | alerts | INFO | 
🟣 <b>🔔 REAL-TIME HIGH-CONVICTION SIGNAL - RVNL IRON CONDOR</b>

📊 Conf: 7.5/10 | R:R: 1:9.99

🎯 <b>Strike:</b> 26340 (ATM)
🎯 <b>Entry Spot:</b> ₹340.4
⬆️ <b>Target Spot:</b> ₹338.7
⬇️ <b>Stop Spot:</b> ₹342.8
💰 Live Premium: ₹18.6 (Lots: 0)

2026-01-28 14:39:10 | alerts | INFO | 
🟣 <b>🔔 REAL-TIME HIGH-CONVICTION SIGNAL - SAMMAANCAP IRON CONDOR</b>

📊 Conf: 7.5/10 | R:R: 1:9.99

🎯 <b>Strike:</b> 26140 (ATM)
🎯 <b>Entry Spot:</b> ₹141.4
⬆️ <b>Target Spot:</b> ₹140.7
⬇️ <b>Stop Spot:</b> ₹142.1
💰 Live Premium: ₹6.8 (Lots: 0)

2026-01-28 14:39:16 | alerts | INFO | 
🟣 <b>🔔 REAL-TIME HIGH-CONVICTION SIGNAL - SBICARD IRON CONDOR</b>

📊 Conf: 7.5/10 | R:R: 1:9.99

🎯 <b>Strike:</b> 26780 (ATM)
🎯 <b>Entry Spot:</b> ₹777.1
⬆️ <b>Target Spot:</b> ₹773.3
⬇️ <b>Stop Spot:</b> ₹783.8
💰 Live Premium: ₹29.5 (Lots: 0)

2026-01-28 14:39:20 | alerts | INFO | 
🟣 <b>🔔 REAL-TIME HIGH-CONVICTION SIGNAL - SHRIRAMFIN IRON CONDOR</b>

📊 Conf: 7.5/10 | R:R: 1:9.99

🎯 <b>Strike:</b> 261020 (ATM)
🎯 <b>Entry Spot:</b> ₹1013.6
⬆️ <b>Target Spot:</b> ₹1008.5
⬇️ <b>Stop Spot:</b> ₹1018.7
💰 Live Premium: ₹33.6 (Lots: 0)

2026-01-28 14:39:24 | alerts | INFO | 
🟣 <b>🔔 REAL-TIME HIGH-CONVICTION SIGNAL - SYNGENE IRON CONDOR</b>

📊 Conf: 7.5/10 | R:R: 1:9.99

🎯 <b>Strike:</b> 26480 (ATM)
🎯 <b>Entry Spot:</b> ₹480.8
⬆️ <b>Target Spot:</b> ₹478.3
⬇️ <b>Stop Spot:</b> ₹483.2
💰 Live Premium: ₹20.7 (Lots: 0)

2026-01-28 14:39:31 | alerts | INFO | 
🟣 <b>🔔 REAL-TIME HIGH-CONVICTION SIGNAL - TATAELXSI IRON CONDOR</b>

📊 Conf: 7.5/10 | R:R: 1:9.99

🎯 <b>Strike:</b> 265400 (ATM)
🎯 <b>Entry Spot:</b> ₹5372.0
⬆️ <b>Target Spot:</b> ₹5345.1
⬇️ <b>Stop Spot:</b> ₹5398.9
💰 Live Premium: ₹176.1 (Lots: 0)

2026-01-28 14:39:34 | alerts | INFO | 
🟣 <b>🔔 REAL-TIME HIGH-CONVICTION SIGNAL - TATAPOWER IRON CONDOR</b>

📊 Conf: 7.5/10 | R:R: 1:9.99

🎯 <b>Strike:</b> 26350 (ATM)
🎯 <b>Entry Spot:</b> ₹353.4
⬆️ <b>Target Spot:</b> ₹351.6
⬇️ <b>Stop Spot:</b> ₹355.1
💰 Live Premium: ₹14.3 (Lots: 0)

2026-01-28 14:39:38 | alerts | INFO | 
🟣 <b>🔔 REAL-TIME HIGH-CONVICTION SIGNAL - TECHM IRON CONDOR</b>

📊 Conf: 7.5/10 | R:R: 1:9.99

🎯 <b>Strike:</b> 261760 (ATM)
🎯 <b>Entry Spot:</b> ₹1750.1
⬆️ <b>Target Spot:</b> ₹1741.3
⬇️ <b>Stop Spot:</b> ₹1758.9
💰 Live Premium: ₹42.7 (Lots: 0)

2026-01-28 14:39:45 | alerts | INFO | 
🟣 <b>🔔 REAL-TIME HIGH-CONVICTION SIGNAL - TITAN IRON CONDOR</b>

📊 Conf: 7.5/10 | R:R: 1:9.99

🎯 <b>Strike:</b> 263940 (ATM)
🎯 <b>Entry Spot:</b> ₹3970.0
⬆️ <b>Target Spot:</b> ₹3950.2
⬇️ <b>Stop Spot:</b> ₹3989.8
💰 Live Premium: ₹140.8 (Lots: 0)

2026-01-28 14:39:49 | alerts | INFO | 
🟣 <b>🔔 REAL-TIME HIGH-CONVICTION SIGNAL - TMPV IRON CONDOR</b>

📊 Conf: 7.5/10 | R:R: 1:9.99

🎯 <b>Strike:</b> 26340 (ATM)
🎯 <b>Entry Spot:</b> ₹337.8
⬆️ <b>Target Spot:</b> ₹336.1
⬇️ <b>Stop Spot:</b> ₹339.5
💰 Live Premium: ₹13.3 (Lots: 0)

2026-01-28 14:39:53 | alerts | INFO | 
🟣 <b>🔔 REAL-TIME HIGH-CONVICTION SIGNAL - TORNTPOWER IRON CONDOR</b>

📊 Conf: 7.5/10 | R:R: 1:9.99

🎯 <b>Strike:</b> 261340 (ATM)
🎯 <b>Entry Spot:</b> ₹1335.4
⬆️ <b>Target Spot:</b> ₹1328.7
⬇️ <b>Stop Spot:</b> ₹1342.1
💰 Live Premium: ₹47.8 (Lots: 0)

2026-01-28 14:39:56 | alerts | INFO | 
🟣 <b>🔔 REAL-TIME HIGH-CONVICTION SIGNAL - TVSMOTOR IRON CONDOR</b>

📊 Conf: 7.5/10 | R:R: 1:9.99

🎯 <b>Strike:</b> 263700 (ATM)
🎯 <b>Entry Spot:</b> ₹3681.4
⬆️ <b>Target Spot:</b> ₹3663.0
⬇️ <b>Stop Spot:</b> ₹3728.3
💰 Live Premium: ₹119.1 (Lots: 0)

2026-01-28 14:40:00 | alerts | INFO | 
🟣 <b>🔔 REAL-TIME HIGH-CONVICTION SIGNAL - UNOMINDA IRON CONDOR</b>

📊 Conf: 7.5/10 | R:R: 1:9.99

🎯 <b>Strike:</b> 261140 (ATM)
🎯 <b>Entry Spot:</b> ₹1145.8
⬆️ <b>Target Spot:</b> ₹1140.1
⬇️ <b>Stop Spot:</b> ₹1151.5
💰 Live Premium: ₹52.0 (Lots: 0)

2026-01-28 14:40:04 | alerts | INFO | 
🟣 <b>🔔 REAL-TIME HIGH-CONVICTION SIGNAL - VEDL IRON CONDOR</b>

📊 Conf: 7.5/10 | R:R: 1:9.99

🎯 <b>Strike:</b> 26740 (ATM)
🎯 <b>Entry Spot:</b> ₹736.1
⬆️ <b>Target Spot:</b> ₹732.5
⬇️ <b>Stop Spot:</b> ₹741.8
💰 Live Premium: ₹29.2 (Lots: 0)

2026-01-28 14:50:06 | alerts | INFO | 
🟣 <b>🔔 REAL-TIME HIGH-CONVICTION SIGNAL - 360ONE IRON CONDOR</b>

📊 Conf: 7.5/10 | R:R: 1:9.99

🎯 <b>Strike:</b> 360261140 (ATM)
🎯 <b>Entry Spot:</b> ₹1134.8
⬆️ <b>Target Spot:</b> ₹1129.1
⬇️ <b>Stop Spot:</b> ₹1140.5
💰 Live Premium: ₹37.5 (Lots: 0)

2026-01-28 14:50:10 | alerts | INFO | 
🟣 <b>🔔 REAL-TIME HIGH-CONVICTION SIGNAL - ABB IRON CONDOR</b>

📊 Conf: 7.5/10 | R:R: 1:9.99

🎯 <b>Strike:</b> 265000 (ATM)
🎯 <b>Entry Spot:</b> ₹5039.0
⬆️ <b>Target Spot:</b> ₹5013.8
⬇️ <b>Stop Spot:</b> ₹5068.2
💰 Live Premium: ₹207.3 (Lots: 0)

2026-01-28 14:50:14 | alerts | INFO | 
🟣 <b>🔔 REAL-TIME HIGH-CONVICTION SIGNAL - ADANIENT IRON CONDOR</b>

📊 Conf: 7.5/10 | R:R: 1:9.99

🎯 <b>Strike:</b> 262000 (ATM)
🎯 <b>Entry Spot:</b> ₹1990.0
⬆️ <b>Target Spot:</b> ₹1980.0
⬇️ <b>Stop Spot:</b> ₹1999.9
💰 Live Premium: ₹95.0 (Lots: 0)

2026-01-28 14:50:21 | alerts | INFO | 
🟣 <b>🔔 REAL-TIME HIGH-CONVICTION SIGNAL - ALKEM IRON CONDOR</b>

📊 Conf: 7.5/10 | R:R: 1:9.99

🎯 <b>Strike:</b> 265700 (ATM)
🎯 <b>Entry Spot:</b> ₹5685.5
⬆️ <b>Target Spot:</b> ₹5657.1
⬇️ <b>Stop Spot:</b> ₹5713.9
💰 Live Premium: ₹156.7 (Lots: 0)

2026-01-28 14:50:24 | alerts | INFO | 
🟣 <b>🔔 REAL-TIME HIGH-CONVICTION SIGNAL - AMBUJACEM IRON CONDOR</b>

📊 Conf: 7.5/10 | R:R: 1:9.99

🎯 <b>Strike:</b> 26530 (ATM)
🎯 <b>Entry Spot:</b> ₹533.9
⬆️ <b>Target Spot:</b> ₹531.2
⬇️ <b>Stop Spot:</b> ₹536.6
💰 Live Premium: ₹21.0 (Lots: 0)

2026-01-28 14:50:28 | alerts | INFO | 
🟣 <b>🔔 REAL-TIME HIGH-CONVICTION SIGNAL - APOLLOHOSP IRON CONDOR</b>

📊 Conf: 7.5/10 | R:R: 1:9.99

🎯 <b>Strike:</b> 266900 (ATM)
🎯 <b>Entry Spot:</b> ₹6860.5
⬆️ <b>Target Spot:</b> ₹6826.2
⬇️ <b>Stop Spot:</b> ₹6894.8
💰 Live Premium: ₹182.4 (Lots: 0)

2026-01-28 14:50:35 | alerts | INFO | 
🟣 <b>🔔 REAL-TIME HIGH-CONVICTION SIGNAL - AUBANK IRON CONDOR</b>

📊 Conf: 7.5/10 | R:R: 1:9.99

🎯 <b>Strike:</b> 26960 (ATM)
🎯 <b>Entry Spot:</b> ₹960.4
⬆️ <b>Target Spot:</b> ₹955.6
⬇️ <b>Stop Spot:</b> ₹965.2
💰 Live Premium: ₹34.2 (Lots: 0)

2026-01-28 14:50:39 | alerts | INFO | 
🟣 <b>🔔 REAL-TIME HIGH-CONVICTION SIGNAL - AXISBANK IRON CONDOR</b>

📊 Conf: 7.5/10 | R:R: 1:9.99

🎯 <b>Strike:</b> 261320 (ATM)
🎯 <b>Entry Spot:</b> ₹1318.6
⬆️ <b>Target Spot:</b> ₹1312.0
⬇️ <b>Stop Spot:</b> ₹1325.2
💰 Live Premium: ₹35.2 (Lots: 0)

2026-01-28 14:50:43 | alerts | INFO | 
🟣 <b>🔔 REAL-TIME HIGH-CONVICTION SIGNAL - BAJAJ-AUTO IRON CONDOR</b>

📊 Conf: 7.5/10 | R:R: 1:9.99

🎯 <b>Strike:</b> 269400 (ATM)
🎯 <b>Entry Spot:</b> ₹9353.0
⬆️ <b>Target Spot:</b> ₹9306.2
⬇️ <b>Stop Spot:</b> ₹9399.8
💰 Live Premium: ₹304.2 (Lots: 0)

2026-01-28 14:50:47 | alerts | INFO | 
🟣 <b>🔔 REAL-TIME HIGH-CONVICTION SIGNAL - BAJAJHLDNG IRON CONDOR</b>

📊 Conf: 7.5/10 | R:R: 1:9.99

🎯 <b>Strike:</b> 2610600 (ATM)
🎯 <b>Entry Spot:</b> ₹10621.0
⬆️ <b>Target Spot:</b> ₹10567.9
⬇️ <b>Stop Spot:</b> ₹10674.1
💰 Live Premium: ₹395.8 (Lots: 0)

2026-01-28 14:50:50 | alerts | INFO | 
🟣 <b>🔔 REAL-TIME HIGH-CONVICTION SIGNAL - BAJFINANCE IRON CONDOR</b>

📊 Conf: 7.5/10 | R:R: 1:9.99

🎯 <b>Strike:</b> 26930 (ATM)
🎯 <b>Entry Spot:</b> ₹929.8
⬆️ <b>Target Spot:</b> ₹925.2
⬇️ <b>Stop Spot:</b> ₹934.4
💰 Live Premium: ₹35.6 (Lots: 0)

2026-01-28 14:50:54 | alerts | INFO | 
🟣 <b>🔔 REAL-TIME HIGH-CONVICTION SIGNAL - BANKBARODA IRON CONDOR</b>

📊 Conf: 7.5/10 | R:R: 1:9.99

🎯 <b>Strike:</b> 26300 (ATM)
🎯 <b>Entry Spot:</b> ₹304.6
⬆️ <b>Target Spot:</b> ₹303.1
⬇️ <b>Stop Spot:</b> ₹306.2
💰 Live Premium: ₹15.3 (Lots: 0)

2026-01-28 14:51:01 | alerts | INFO | 
🟣 <b>🔔 REAL-TIME HIGH-CONVICTION SIGNAL - BHARTIARTL IRON CONDOR</b>

📊 Conf: 7.5/10 | R:R: 1:9.99

🎯 <b>Strike:</b> 261940 (ATM)
🎯 <b>Entry Spot:</b> ₹1947.0
⬆️ <b>Target Spot:</b> ₹1937.3
⬇️ <b>Stop Spot:</b> ₹1956.7
💰 Live Premium: ₹64.7 (Lots: 0)

2026-01-28 14:51:05 | alerts | INFO | 
🟣 <b>🔔 REAL-TIME HIGH-CONVICTION SIGNAL - BPCL IRON CONDOR</b>

📊 Conf: 7.5/10 | R:R: 1:9.99

🎯 <b>Strike:</b> 26360 (ATM)
🎯 <b>Entry Spot:</b> ₹361.1
⬆️ <b>Target Spot:</b> ₹359.2
⬇️ <b>Stop Spot:</b> ₹362.9
💰 Live Premium: ₹13.7 (Lots: 0)

2026-01-28 14:51:08 | alerts | INFO | 
🟣 <b>🔔 REAL-TIME HIGH-CONVICTION SIGNAL - CDSL IRON CONDOR</b>

📊 Conf: 7.5/10 | R:R: 1:9.99

🎯 <b>Strike:</b> 261340 (ATM)
🎯 <b>Entry Spot:</b> ₹1347.4
⬆️ <b>Target Spot:</b> ₹1340.7
⬇️ <b>Stop Spot:</b> ₹1354.1
💰 Live Premium: ₹67.0 (Lots: 0)

2026-01-28 14:51:12 | alerts | INFO | 
🟣 <b>🔔 REAL-TIME HIGH-CONVICTION SIGNAL - COALINDIA IRON CONDOR</b>

📊 Conf: 7.5/10 | R:R: 1:9.99

🎯 <b>Strike:</b> 26440 (ATM)
🎯 <b>Entry Spot:</b> ₹439.9
⬆️ <b>Target Spot:</b> ₹437.7
⬇️ <b>Stop Spot:</b> ₹442.1
💰 Live Premium: ₹12.3 (Lots: 0)

2026-01-28 14:51:16 | alerts | INFO | 
🟣 <b>🔔 REAL-TIME HIGH-CONVICTION SIGNAL - CONCOR IRON CONDOR</b>

📊 Conf: 7.5/10 | R:R: 1:9.99

🎯 <b>Strike:</b> 26490 (ATM)
🎯 <b>Entry Spot:</b> ₹493.3
⬆️ <b>Target Spot:</b> ₹490.8
⬇️ <b>Stop Spot:</b> ₹495.8
💰 Live Premium: ₹19.4 (Lots: 0)

2026-01-28 14:51:20 | alerts | INFO | 
🟣 <b>🔔 REAL-TIME HIGH-CONVICTION SIGNAL - DABUR IRON CONDOR</b>

📊 Conf: 7.5/10 | R:R: 1:9.99

🎯 <b>Strike:</b> 26510 (ATM)
🎯 <b>Entry Spot:</b> ₹512.0
⬆️ <b>Target Spot:</b> ₹509.4
⬇️ <b>Stop Spot:</b> ₹514.6
💰 Live Premium: ₹19.1 (Lots: 0)

2026-01-28 14:51:27 | alerts | INFO | 
🟣 <b>🔔 REAL-TIME HIGH-CONVICTION SIGNAL - DALBHARAT IRON CONDOR</b>

📊 Conf: 7.5/10 | R:R: 1:9.99

🎯 <b>Strike:</b> 262040 (ATM)
🎯 <b>Entry Spot:</b> ₹2074.2
⬆️ <b>Target Spot:</b> ₹2063.8
⬇️ <b>Stop Spot:</b> ₹2084.6
💰 Live Premium: ₹90.0 (Lots: 0)

2026-01-28 14:51:31 | alerts | INFO | 
🟣 <b>🔔 REAL-TIME HIGH-CONVICTION SIGNAL - DIXON IRON CONDOR</b>

📊 Conf: 7.5/10 | R:R: 1:9.99

🎯 <b>Strike:</b> 2610200 (ATM)
🎯 <b>Entry Spot:</b> ₹10267.0
⬆️ <b>Target Spot:</b> ₹10215.7
⬇️ <b>Stop Spot:</b> ₹10318.9
💰 Live Premium: ₹619.5 (Lots: 0)

2026-01-28 14:51:35 | alerts | INFO | 
🟣 <b>🔔 REAL-TIME HIGH-CONVICTION SIGNAL - EICHERMOT IRON CONDOR</b>

📊 Conf: 7.5/10 | R:R: 1:9.99

🎯 <b>Strike:</b> 267000 (ATM)
🎯 <b>Entry Spot:</b> ₹7013.5
⬆️ <b>Target Spot:</b> ₹6978.4
⬇️ <b>Stop Spot:</b> ₹7060.1
💰 Live Premium: ₹280.1 (Lots: 0)

2026-01-28 14:51:39 | alerts | INFO | 
🟣 <b>🔔 REAL-TIME HIGH-CONVICTION SIGNAL - EXIDEIND IRON CONDOR</b>

📊 Conf: 7.5/10 | R:R: 1:9.99

🎯 <b>Strike:</b> 26320 (ATM)
🎯 <b>Entry Spot:</b> ₹321.0
⬆️ <b>Target Spot:</b> ₹319.4
⬇️ <b>Stop Spot:</b> ₹322.6
💰 Live Premium: ₹12.4 (Lots: 0)

2026-01-28 14:51:43 | alerts | INFO | 
🟣 <b>🔔 REAL-TIME HIGH-CONVICTION SIGNAL - GRASIM IRON CONDOR</b>

📊 Conf: 7.5/10 | R:R: 1:9.99

🎯 <b>Strike:</b> 262840 (ATM)
🎯 <b>Entry Spot:</b> ₹2835.9
⬆️ <b>Target Spot:</b> ₹2821.7
⬇️ <b>Stop Spot:</b> ₹2850.1
💰 Live Premium: ₹82.2 (Lots: 0)

2026-01-28 14:51:47 | alerts | INFO | 
🟣 <b>🔔 REAL-TIME HIGH-CONVICTION SIGNAL - HDFCBANK IRON CONDOR</b>

📊 Conf: 7.5/10 | R:R: 1:9.99

🎯 <b>Strike:</b> 26930 (ATM)
🎯 <b>Entry Spot:</b> ₹931.4
⬆️ <b>Target Spot:</b> ₹926.7
⬇️ <b>Stop Spot:</b> ₹936.1
💰 Live Premium: ₹22.5 (Lots: 0)

2026-01-28 14:51:54 | alerts | INFO | 
🟣 <b>🔔 REAL-TIME HIGH-CONVICTION SIGNAL - HDFCLIFE IRON CONDOR</b>

📊 Conf: 7.5/10 | R:R: 1:9.99

🎯 <b>Strike:</b> 26730 (ATM)
🎯 <b>Entry Spot:</b> ₹726.4
⬆️ <b>Target Spot:</b> ₹722.7
⬇️ <b>Stop Spot:</b> ₹730.0
💰 Live Premium: ₹16.2 (Lots: 0)

2026-01-28 14:51:57 | alerts | INFO | 
🟣 <b>🔔 REAL-TIME HIGH-CONVICTION SIGNAL - HINDUNILVR IRON CONDOR</b>

📊 Conf: 7.5/10 | R:R: 1:9.99

🎯 <b>Strike:</b> 262340 (ATM)
🎯 <b>Entry Spot:</b> ₹2356.5
⬆️ <b>Target Spot:</b> ₹2344.7
⬇️ <b>Stop Spot:</b> ₹2368.3
💰 Live Premium: ₹79.4 (Lots: 0)

2026-01-28 14:52:01 | alerts | INFO | 
🟣 <b>🔔 REAL-TIME HIGH-CONVICTION SIGNAL - HUDCO IRON CONDOR</b>

📊 Conf: 7.5/10 | R:R: 1:9.99

🎯 <b>Strike:</b> 26200 (ATM)
🎯 <b>Entry Spot:</b> ₹202.6
⬆️ <b>Target Spot:</b> ₹201.6
⬇️ <b>Stop Spot:</b> ₹203.6
💰 Live Premium: ₹11.5 (Lots: 0)

2026-01-28 14:52:05 | alerts | INFO | 
🟣 <b>🔔 REAL-TIME HIGH-CONVICTION SIGNAL - ICICIBANK IRON CONDOR</b>

📊 Conf: 7.5/10 | R:R: 1:9.99

🎯 <b>Strike:</b> 261360 (ATM)
🎯 <b>Entry Spot:</b> ₹1367.4
⬆️ <b>Target Spot:</b> ₹1360.6
⬇️ <b>Stop Spot:</b> ₹1374.2
💰 Live Premium: ₹34.1 (Lots: 0)

2026-01-28 14:52:09 | alerts | INFO | 
🟣 <b>🔔 REAL-TIME HIGH-CONVICTION SIGNAL - ICICIGI IRON CONDOR</b>

📊 Conf: 7.5/10 | R:R: 1:9.99

🎯 <b>Strike:</b> 261820 (ATM)
🎯 <b>Entry Spot:</b> ₹1822.8
⬆️ <b>Target Spot:</b> ₹1813.7
⬇️ <b>Stop Spot:</b> ₹1831.9
💰 Live Premium: ₹48.3 (Lots: 0)

2026-01-28 14:52:13 | alerts | INFO | 
🟣 <b>🔔 REAL-TIME HIGH-CONVICTION SIGNAL - ICICIPRULI IRON CONDOR</b>

📊 Conf: 7.5/10 | R:R: 1:9.99

🎯 <b>Strike:</b> 26640 (ATM)
🎯 <b>Entry Spot:</b> ₹640.1
⬆️ <b>Target Spot:</b> ₹636.9
⬇️ <b>Stop Spot:</b> ₹643.3
💰 Live Premium: ₹20.1 (Lots: 0)

2026-01-28 14:52:20 | alerts | INFO | 
🟣 <b>🔔 REAL-TIME HIGH-CONVICTION SIGNAL - IDFCFIRSTB IRON CONDOR</b>

📊 Conf: 7.5/10 | R:R: 1:9.99

🎯 <b>Strike:</b> 2680 (ATM)
🎯 <b>Entry Spot:</b> ₹82.4
⬆️ <b>Target Spot:</b> ₹81.9
⬇️ <b>Stop Spot:</b> ₹82.8
💰 Live Premium: ₹5.0 (Lots: 0)

2026-01-28 14:52:23 | alerts | INFO | 
🟣 <b>🔔 REAL-TIME HIGH-CONVICTION SIGNAL - IEX IRON CONDOR</b>

📊 Conf: 7.5/10 | R:R: 1:9.99

🎯 <b>Strike:</b> 26130 (ATM)
🎯 <b>Entry Spot:</b> ₹128.3
⬆️ <b>Target Spot:</b> ₹127.7
⬇️ <b>Stop Spot:</b> ₹129.0
💰 Live Premium: ₹5.1 (Lots: 0)

2026-01-28 14:52:27 | alerts | INFO | 
🟣 <b>🔔 REAL-TIME HIGH-CONVICTION SIGNAL - INDIGO IRON CONDOR</b>

📊 Conf: 7.5/10 | R:R: 1:9.99

🎯 <b>Strike:</b> 264750 (ATM)
🎯 <b>Entry Spot:</b> ₹4730.0
⬆️ <b>Target Spot:</b> ₹4706.4
⬇️ <b>Stop Spot:</b> ₹4753.6
💰 Live Premium: ₹154.4 (Lots: 0)

2026-01-28 14:52:34 | alerts | INFO | 
🟣 <b>🔔 REAL-TIME HIGH-CONVICTION SIGNAL - INDUSTOWER IRON CONDOR</b>

📊 Conf: 7.5/10 | R:R: 1:9.99

🎯 <b>Strike:</b> 26420 (ATM)
🎯 <b>Entry Spot:</b> ₹424.2
⬆️ <b>Target Spot:</b> ₹422.1
⬇️ <b>Stop Spot:</b> ₹426.3
💰 Live Premium: ₹19.6 (Lots: 0)

2026-01-28 14:52:37 | alerts | INFO | 
🟣 <b>🔔 REAL-TIME HIGH-CONVICTION SIGNAL - INFY IRON CONDOR</b>

📊 Conf: 7.5/10 | R:R: 1:9.99

🎯 <b>Strike:</b> 261660 (ATM)
🎯 <b>Entry Spot:</b> ₹1657.0
⬆️ <b>Target Spot:</b> ₹1648.7
⬇️ <b>Stop Spot:</b> ₹1665.3
💰 Live Premium: ₹44.1 (Lots: 0)

2026-01-28 14:52:41 | alerts | INFO | 
🟣 <b>🔔 REAL-TIME HIGH-CONVICTION SIGNAL - IOC IRON CONDOR</b>

📊 Conf: 7.5/10 | R:R: 1:9.99

🎯 <b>Strike:</b> 26160 (ATM)
🎯 <b>Entry Spot:</b> ₹161.9
⬆️ <b>Target Spot:</b> ₹161.1
⬇️ <b>Stop Spot:</b> ₹162.7
💰 Live Premium: ₹6.8 (Lots: 0)

2026-01-28 14:52:48 | alerts | INFO | 
🟣 <b>🔔 REAL-TIME HIGH-CONVICTION SIGNAL - ITC IRON CONDOR</b>

📊 Conf: 7.5/10 | R:R: 1:9.99

🎯 <b>Strike:</b> 26320 (ATM)
🎯 <b>Entry Spot:</b> ₹320.2
⬆️ <b>Target Spot:</b> ₹318.6
⬇️ <b>Stop Spot:</b> ₹321.9
💰 Live Premium: ₹10.4 (Lots: 0)

2026-01-28 14:52:52 | alerts | INFO | 
🟣 <b>🔔 REAL-TIME HIGH-CONVICTION SIGNAL - JINDALSTEL IRON CONDOR</b>

📊 Conf: 7.5/10 | R:R: 1:9.99

🎯 <b>Strike:</b> 261120 (ATM)
🎯 <b>Entry Spot:</b> ₹1111.9
⬆️ <b>Target Spot:</b> ₹1106.3
⬇️ <b>Stop Spot:</b> ₹1117.5
💰 Live Premium: ₹42.1 (Lots: 0)

2026-01-28 14:52:55 | alerts | INFO | 
🟣 <b>🔔 REAL-TIME HIGH-CONVICTION SIGNAL - JIOFIN IRON CONDOR</b>

📊 Conf: 7.5/10 | R:R: 1:9.99

🎯 <b>Strike:</b> 26250 (ATM)
🎯 <b>Entry Spot:</b> ₹254.8
⬆️ <b>Target Spot:</b> ₹253.5
⬇️ <b>Stop Spot:</b> ₹256.0
💰 Live Premium: ₹12.3 (Lots: 0)

2026-01-28 14:53:02 | alerts | INFO | 
🟣 <b>🔔 REAL-TIME HIGH-CONVICTION SIGNAL - KEI IRON CONDOR</b>

📊 Conf: 7.5/10 | R:R: 1:9.99

🎯 <b>Strike:</b> 263850 (ATM)
🎯 <b>Entry Spot:</b> ₹3860.6
⬆️ <b>Target Spot:</b> ₹3841.3
⬇️ <b>Stop Spot:</b> ₹3879.9
💰 Live Premium: ₹145.8 (Lots: 0)

2026-01-28 14:53:06 | alerts | INFO | 
🟣 <b>🔔 REAL-TIME HIGH-CONVICTION SIGNAL - KOTAKBANK IRON CONDOR</b>

📊 Conf: 7.5/10 | R:R: 1:9.99

🎯 <b>Strike:</b> 26410 (ATM)
🎯 <b>Entry Spot:</b> ₹410.5
⬆️ <b>Target Spot:</b> ₹408.4
⬇️ <b>Stop Spot:</b> ₹412.6
💰 Live Premium: ₹11.3 (Lots: 0)

2026-01-28 14:53:10 | alerts | INFO | 
🟣 <b>🔔 REAL-TIME HIGH-CONVICTION SIGNAL - LTF IRON CONDOR</b>

📊 Conf: 7.5/10 | R:R: 1:9.99

🎯 <b>Strike:</b> 26290 (ATM)
🎯 <b>Entry Spot:</b> ₹287.9
⬆️ <b>Target Spot:</b> ₹286.4
⬇️ <b>Stop Spot:</b> ₹289.3
💰 Live Premium: ₹10.4 (Lots: 0)

2026-01-28 14:53:13 | alerts | INFO | 
🟣 <b>🔔 REAL-TIME HIGH-CONVICTION SIGNAL - M&M IRON CONDOR</b>

📊 Conf: 7.5/10 | R:R: 1:9.99

🎯 <b>Strike:</b> 263400 (ATM)
🎯 <b>Entry Spot:</b> ₹3416.9
⬆️ <b>Target Spot:</b> ₹3399.8
⬇️ <b>Stop Spot:</b> ₹3434.8
💰 Live Premium: ₹144.7 (Lots: 0)

2026-01-28 14:53:17 | alerts | INFO | 
🟣 <b>🔔 REAL-TIME HIGH-CONVICTION SIGNAL - MANAPPURAM IRON CONDOR</b>

📊 Conf: 7.5/10 | R:R: 1:9.99

🎯 <b>Strike:</b> 26290 (ATM)
🎯 <b>Entry Spot:</b> ₹291.0
⬆️ <b>Target Spot:</b> ₹289.5
⬇️ <b>Stop Spot:</b> ₹292.6
💰 Live Premium: ₹14.8 (Lots: 0)

2026-01-28 14:53:21 | alerts | INFO | 
🟣 <b>🔔 REAL-TIME HIGH-CONVICTION SIGNAL - MARUTI IRON CONDOR</b>

📊 Conf: 7.5/10 | R:R: 1:9.99

🎯 <b>Strike:</b> 2615000 (ATM)
🎯 <b>Entry Spot:</b> ₹14957.0
⬆️ <b>Target Spot:</b> ₹14882.2
⬇️ <b>Stop Spot:</b> ₹15312.0
💰 Live Premium: ₹465.9 (Lots: 0)

2026-01-28 14:53:28 | alerts | INFO | 
🟣 <b>🔔 REAL-TIME HIGH-CONVICTION SIGNAL - MAXHEALTH IRON CONDOR</b>

📊 Conf: 7.5/10 | R:R: 1:9.99

🎯 <b>Strike:</b> 26960 (ATM)
🎯 <b>Entry Spot:</b> ₹957.2
⬆️ <b>Target Spot:</b> ₹952.4
⬇️ <b>Stop Spot:</b> ₹962.0
💰 Live Premium: ₹36.0 (Lots: 0)

2026-01-28 14:53:32 | alerts | INFO | 
🟣 <b>🔔 REAL-TIME HIGH-CONVICTION SIGNAL - MCX IRON CONDOR</b>

📊 Conf: 7.5/10 | R:R: 1:9.99

🎯 <b>Strike:</b> 262600 (ATM)
🎯 <b>Entry Spot:</b> ₹2593.0
⬆️ <b>Target Spot:</b> ₹2580.0
⬇️ <b>Stop Spot:</b> ₹2608.7
💰 Live Premium: ₹112.0 (Lots: 0)

2026-01-28 14:53:36 | alerts | INFO | 
🟣 <b>🔔 REAL-TIME HIGH-CONVICTION SIGNAL - MFSL IRON CONDOR</b>

📊 Conf: 7.5/10 | R:R: 1:9.99

🎯 <b>Strike:</b> 261620 (ATM)
🎯 <b>Entry Spot:</b> ₹1620.2
⬆️ <b>Target Spot:</b> ₹1612.1
⬇️ <b>Stop Spot:</b> ₹1628.3
💰 Live Premium: ₹57.5 (Lots: 0)

2026-01-28 14:53:40 | alerts | INFO | 
🟣 <b>🔔 REAL-TIME HIGH-CONVICTION SIGNAL - MPHASIS IRON CONDOR</b>

📊 Conf: 7.5/10 | R:R: 1:9.99

🎯 <b>Strike:</b> 262800 (ATM)
🎯 <b>Entry Spot:</b> ₹2821.2
⬆️ <b>Target Spot:</b> ₹2807.1
⬇️ <b>Stop Spot:</b> ₹2835.3
💰 Live Premium: ₹107.0 (Lots: 0)

2026-01-28 14:53:43 | alerts | INFO | 
🟣 <b>🔔 REAL-TIME HIGH-CONVICTION SIGNAL - NESTLEIND IRON CONDOR</b>

📊 Conf: 7.5/10 | R:R: 1:9.99

🎯 <b>Strike:</b> 261280 (ATM)
🎯 <b>Entry Spot:</b> ₹1285.6
⬆️ <b>Target Spot:</b> ₹1279.2
⬇️ <b>Stop Spot:</b> ₹1292.0
💰 Live Premium: ₹40.0 (Lots: 0)

2026-01-28 14:53:47 | alerts | INFO | 
🟣 <b>🔔 REAL-TIME HIGH-CONVICTION SIGNAL - OFSS IRON CONDOR</b>

📊 Conf: 7.5/10 | R:R: 1:9.99

🎯 <b>Strike:</b> 268000 (ATM)
🎯 <b>Entry Spot:</b> ₹7971.5
⬆️ <b>Target Spot:</b> ₹7931.6
⬇️ <b>Stop Spot:</b> ₹8011.4
💰 Live Premium: ₹269.5 (Lots: 0)

2026-01-28 14:53:54 | alerts | INFO | 
🟣 <b>🔔 REAL-TIME HIGH-CONVICTION SIGNAL - PATANJALI IRON CONDOR</b>

📊 Conf: 7.5/10 | R:R: 1:9.99

🎯 <b>Strike:</b> 26500 (ATM)
🎯 <b>Entry Spot:</b> ₹497.4
⬆️ <b>Target Spot:</b> ₹495.0
⬇️ <b>Stop Spot:</b> ₹500.6
💰 Live Premium: ₹21.1 (Lots: 0)

2026-01-28 14:53:58 | alerts | INFO | 
🟣 <b>🔔 REAL-TIME HIGH-CONVICTION SIGNAL - PERSISTENT IRON CONDOR</b>

📊 Conf: 7.5/10 | R:R: 1:9.99

🎯 <b>Strike:</b> 266200 (ATM)
🎯 <b>Entry Spot:</b> ₹6193.0
⬆️ <b>Target Spot:</b> ₹6162.0
⬇️ <b>Stop Spot:</b> ₹6224.0
💰 Live Premium: ₹225.6 (Lots: 0)

2026-01-28 14:54:01 | alerts | INFO | 
🟣 <b>🔔 REAL-TIME HIGH-CONVICTION SIGNAL - PETRONET IRON CONDOR</b>

📊 Conf: 7.5/10 | R:R: 1:9.99

🎯 <b>Strike:</b> 26290 (ATM)
🎯 <b>Entry Spot:</b> ₹289.6
⬆️ <b>Target Spot:</b> ₹288.1
⬇️ <b>Stop Spot:</b> ₹291.0
💰 Live Premium: ₹10.5 (Lots: 0)

2026-01-28 14:54:08 | alerts | INFO | 
🟣 <b>🔔 REAL-TIME HIGH-CONVICTION SIGNAL - POWERGRID IRON CONDOR</b>

📊 Conf: 7.5/10 | R:R: 1:9.99

🎯 <b>Strike:</b> 26260 (ATM)
🎯 <b>Entry Spot:</b> ₹258.2
⬆️ <b>Target Spot:</b> ₹256.9
⬇️ <b>Stop Spot:</b> ₹259.5
💰 Live Premium: ₹6.4 (Lots: 0)

2026-01-28 14:54:12 | alerts | INFO | 
🟣 <b>🔔 REAL-TIME HIGH-CONVICTION SIGNAL - RBLBANK IRON CONDOR</b>

📊 Conf: 7.5/10 | R:R: 1:9.99

🎯 <b>Strike:</b> 26300 (ATM)
🎯 <b>Entry Spot:</b> ₹295.9
⬆️ <b>Target Spot:</b> ₹294.4
⬇️ <b>Stop Spot:</b> ₹297.4
💰 Live Premium: ₹6.7 (Lots: 0)

2026-01-28 14:54:15 | alerts | INFO | 
🟣 <b>🔔 REAL-TIME HIGH-CONVICTION SIGNAL - RELIANCE IRON CONDOR</b>

📊 Conf: 7.5/10 | R:R: 1:9.99

🎯 <b>Strike:</b> 261400 (ATM)
🎯 <b>Entry Spot:</b> ₹1392.5
⬆️ <b>Target Spot:</b> ₹1385.5
⬇️ <b>Stop Spot:</b> ₹1399.5
💰 Live Premium: ₹34.9 (Lots: 0)

2026-01-28 14:54:20 | alerts | INFO | 
🟣 <b>🔔 REAL-TIME HIGH-CONVICTION SIGNAL - RVNL IRON CONDOR</b>

📊 Conf: 7.5/10 | R:R: 1:9.99

🎯 <b>Strike:</b> 26340 (ATM)
🎯 <b>Entry Spot:</b> ₹340.1
⬆️ <b>Target Spot:</b> ₹338.4
⬇️ <b>Stop Spot:</b> ₹342.9
💰 Live Premium: ₹18.6 (Lots: 0)

2026-01-28 14:54:23 | alerts | INFO | 
🟣 <b>🔔 REAL-TIME HIGH-CONVICTION SIGNAL - SAIL IRON CONDOR</b>

📊 Conf: 7.5/10 | R:R: 1:9.99

🎯 <b>Strike:</b> 26160 (ATM)
🎯 <b>Entry Spot:</b> ₹155.7
⬆️ <b>Target Spot:</b> ₹154.9
⬇️ <b>Stop Spot:</b> ₹156.5
💰 Live Premium: ₹6.2 (Lots: 0)

2026-01-28 14:54:27 | alerts | INFO | 
🟣 <b>🔔 REAL-TIME HIGH-CONVICTION SIGNAL - SAMMAANCAP IRON CONDOR</b>

📊 Conf: 7.5/10 | R:R: 1:9.99

🎯 <b>Strike:</b> 26140 (ATM)
🎯 <b>Entry Spot:</b> ₹141.2
⬆️ <b>Target Spot:</b> ₹140.4
⬇️ <b>Stop Spot:</b> ₹141.9
💰 Live Premium: ₹6.7 (Lots: 0)

2026-01-28 14:54:34 | alerts | INFO | 
🟣 <b>🔔 REAL-TIME HIGH-CONVICTION SIGNAL - SBICARD IRON CONDOR</b>

📊 Conf: 7.5/10 | R:R: 1:9.99

🎯 <b>Strike:</b> 26780 (ATM)
🎯 <b>Entry Spot:</b> ₹777.5
⬆️ <b>Target Spot:</b> ₹773.6
⬇️ <b>Stop Spot:</b> ₹784.0
💰 Live Premium: ₹30.7 (Lots: 0)

2026-01-28 14:54:38 | alerts | INFO | 
🟣 <b>🔔 REAL-TIME HIGH-CONVICTION SIGNAL - SBIN IRON CONDOR</b>

📊 Conf: 7.5/10 | R:R: 1:9.99

🎯 <b>Strike:</b> 261060 (ATM)
🎯 <b>Entry Spot:</b> ₹1057.8
⬆️ <b>Target Spot:</b> ₹1052.6
⬇️ <b>Stop Spot:</b> ₹1063.1
💰 Live Premium: ₹30.9 (Lots: 0)

2026-01-28 14:54:41 | alerts | INFO | 
🟣 <b>🔔 REAL-TIME HIGH-CONVICTION SIGNAL - SHRIRAMFIN IRON CONDOR</b>

📊 Conf: 7.5/10 | R:R: 1:9.99

🎯 <b>Strike:</b> 261020 (ATM)
🎯 <b>Entry Spot:</b> ₹1013.7
⬆️ <b>Target Spot:</b> ₹1008.6
⬇️ <b>Stop Spot:</b> ₹1018.8
💰 Live Premium: ₹35.0 (Lots: 0)

2026-01-28 14:54:46 | alerts | INFO | 
🟣 <b>🔔 REAL-TIME HIGH-CONVICTION SIGNAL - SUNPHARMA IRON CONDOR</b>

📊 Conf: 7.5/10 | R:R: 1:9.99

🎯 <b>Strike:</b> 261600 (ATM)
🎯 <b>Entry Spot:</b> ₹1608.9
⬆️ <b>Target Spot:</b> ₹1600.9
⬇️ <b>Stop Spot:</b> ₹1616.9
💰 Live Premium: ₹48.6 (Lots: 0)

2026-01-28 14:54:50 | alerts | INFO | 
🟣 <b>🔔 REAL-TIME HIGH-CONVICTION SIGNAL - SYNGENE IRON CONDOR</b>

📊 Conf: 7.5/10 | R:R: 1:9.99

🎯 <b>Strike:</b> 26480 (ATM)
🎯 <b>Entry Spot:</b> ₹480.5
⬆️ <b>Target Spot:</b> ₹478.1
⬇️ <b>Stop Spot:</b> ₹482.9
💰 Live Premium: ₹20.9 (Lots: 0)

2026-01-28 14:54:54 | alerts | INFO | 
🟣 <b>🔔 REAL-TIME HIGH-CONVICTION SIGNAL - TATACONSUM IRON CONDOR</b>

📊 Conf: 7.5/10 | R:R: 1:9.99

🎯 <b>Strike:</b> 261120 (ATM)
🎯 <b>Entry Spot:</b> ₹1124.6
⬆️ <b>Target Spot:</b> ₹1119.0
⬇️ <b>Stop Spot:</b> ₹1130.2
💰 Live Premium: ₹40.4 (Lots: 0)

2026-01-28 14:55:00 | alerts | INFO | 
🟣 <b>🔔 REAL-TIME HIGH-CONVICTION SIGNAL - TATAELXSI IRON CONDOR</b>

📊 Conf: 7.5/10 | R:R: 1:9.99

🎯 <b>Strike:</b> 265400 (ATM)
🎯 <b>Entry Spot:</b> ₹5370.0
⬆️ <b>Target Spot:</b> ₹5343.1
⬇️ <b>Stop Spot:</b> ₹5396.8
💰 Live Premium: ₹186.0 (Lots: 0)

2026-01-28 14:55:04 | alerts | INFO | 
🟣 <b>🔔 REAL-TIME HIGH-CONVICTION SIGNAL - TITAN IRON CONDOR</b>

📊 Conf: 7.5/10 | R:R: 1:9.99

🎯 <b>Strike:</b> 263940 (ATM)
🎯 <b>Entry Spot:</b> ₹3974.5
⬆️ <b>Target Spot:</b> ₹3954.6
⬇️ <b>Stop Spot:</b> ₹3994.4
💰 Live Premium: ₹146.9 (Lots: 0)

2026-01-28 14:55:08 | alerts | INFO | 
🟣 <b>🔔 REAL-TIME HIGH-CONVICTION SIGNAL - TMPV IRON CONDOR</b>

📊 Conf: 7.5/10 | R:R: 1:9.99

🎯 <b>Strike:</b> 26340 (ATM)
🎯 <b>Entry Spot:</b> ₹338.2
⬆️ <b>Target Spot:</b> ₹336.6
⬇️ <b>Stop Spot:</b> ₹339.9
💰 Live Premium: ₹14.1 (Lots: 0)

2026-01-28 14:55:15 | alerts | INFO | 
🟣 <b>🔔 REAL-TIME HIGH-CONVICTION SIGNAL - UNOMINDA IRON CONDOR</b>

📊 Conf: 7.5/10 | R:R: 1:9.99

🎯 <b>Strike:</b> 261160 (ATM)
🎯 <b>Entry Spot:</b> ₹1150.0
⬆️ <b>Target Spot:</b> ₹1144.2
⬇️ <b>Stop Spot:</b> ₹1155.8
💰 Live Premium: ₹40.8 (Lots: 0)

2026-01-28 14:55:19 | alerts | INFO | 
🟣 <b>🔔 REAL-TIME HIGH-CONVICTION SIGNAL - VEDL IRON CONDOR</b>

📊 Conf: 7.5/10 | R:R: 1:9.99

🎯 <b>Strike:</b> 26730 (ATM)
🎯 <b>Entry Spot:</b> ₹734.4
⬆️ <b>Target Spot:</b> ₹730.7
⬇️ <b>Stop Spot:</b> ₹738.9
💰 Live Premium: ₹33.9 (Lots: 0)

2026-02-06 21:18:38 | alerts | INFO | 🤖 <b>CONTINUOUS PAPER TRADER STARTED</b>
2026-02-06 21:45:43 | alerts | INFO | 🤖 <b>CONTINUOUS PAPER TRADER STARTED</b>
2026-02-06 22:05:39 | alerts | INFO | 
🔴 <b>🔔 REAL-TIME HIGH-CONVICTION SIGNAL - NATGASMINI PUT</b>

📊 Conf: 8.6/10 | R:R: 1:3.11

🎯 <b>Strike:</b> 320 (ATM)
🎯 <b>Entry Spot:</b> ₹320.1
⬆️ <b>Target Spot:</b> ₹306.4
⬇️ <b>Stop Spot:</b> ₹324.5
💰 Live Premium: ₹320.0 (Lots: 0)

2026-02-06 22:05:56 | alerts | INFO | 
🔴 <b>🔔 REAL-TIME HIGH-CONVICTION SIGNAL - NATGASMINI PUT</b>

📊 Conf: 8.6/10 | R:R: 1:3.11

🎯 <b>Strike:</b> 0 (ATM)
🎯 <b>Entry Spot:</b> ₹320.1
⬆️ <b>Target Spot:</b> ₹306.4
⬇️ <b>Stop Spot:</b> ₹324.5
💰 Live Premium: ₹319.6 (Lots: 446)

2026-02-06 22:14:25 | alerts | INFO | 
🔴 <b>🔔 REAL-TIME HIGH-CONVICTION SIGNAL - NICKEL PUT</b>

📊 Conf: 8.1/10 | R:R: 1:8.09

🎯 <b>Strike:</b> 1535 (ATM)
🎯 <b>Entry Spot:</b> ₹1535.2
⬆️ <b>Target Spot:</b> ₹1472.9
⬇️ <b>Stop Spot:</b> ₹1542.9
💰 Live Premium: ₹1535.2 (Lots: 0)

2026-02-06 22:14:39 | alerts | INFO | 
🔴 <b>🔔 REAL-TIME HIGH-CONVICTION SIGNAL - NICKEL PUT</b>

📊 Conf: 8.1/10 | R:R: 1:8.09

🎯 <b>Strike:</b> 0 (ATM)
🎯 <b>Entry Spot:</b> ₹1535.2
⬆️ <b>Target Spot:</b> ₹1472.9
⬇️ <b>Stop Spot:</b> ₹1542.9
💰 Live Premium: ₹1535.2 (Lots: 4)

2026-02-06 22:19:53 | alerts | INFO | 🤖 <b>CONTINUOUS PAPER TRADER STARTED</b>
2026-02-06 22:22:15 | alerts | INFO | 🤖 <b>CONTINUOUS PAPER TRADER STARTED</b>
2026-02-06 22:23:34 | alerts | INFO | 🤖 <b>CONTINUOUS PAPER TRADER STARTED</b>
2026-02-06 22:32:33 | alerts | INFO | 
🟢 <b>🔔 REAL-TIME HIGH-CONVICTION SIGNAL - SILVER CALL</b>

📊 Conf: 8.1/10 | R:R: 1:3.31

🎯 <b>Strike:</b> 247817 (ATM)
🎯 <b>Entry Spot:</b> ₹247549.0
⬆️ <b>Target Spot:</b> ₹257543.8
⬇️ <b>Stop Spot:</b> ₹244527.0
💰 Live Premium: ₹247817.0 (Lots: 0)

2026-02-06 22:35:37 | alerts | INFO | 
🟢 <b>🔔 REAL-TIME HIGH-CONVICTION SIGNAL - SILVER CALL</b>

📊 Conf: 8.1/10 | R:R: 1:3.89

🎯 <b>Strike:</b> 247660 (ATM)
🎯 <b>Entry Spot:</b> ₹247417.0
⬆️ <b>Target Spot:</b> ₹257406.5
⬇️ <b>Stop Spot:</b> ₹244848.1
💰 Live Premium: ₹247660.0 (Lots: 0)

2026-02-06 22:36:04 | alerts | INFO | 
🟢 <b>🔔 REAL-TIME HIGH-CONVICTION SIGNAL - SILVERM CALL</b>

📊 Conf: 8.1/10 | R:R: 1:3.74

🎯 <b>Strike:</b> 255100 (ATM)
🎯 <b>Entry Spot:</b> ₹255491.0
⬆️ <b>Target Spot:</b> ₹265806.4
⬇️ <b>Stop Spot:</b> ₹252735.3
💰 Live Premium: ₹255100.0 (Lots: 0)

2026-02-06 22:36:30 | alerts | INFO | 
🟢 <b>🔔 REAL-TIME HIGH-CONVICTION SIGNAL - SILVERMIC CALL</b>

📊 Conf: 8.1/10 | R:R: 1:3.74

🎯 <b>Strike:</b> 254921 (ATM)
🎯 <b>Entry Spot:</b> ₹255400.0
⬆️ <b>Target Spot:</b> ₹265711.8
⬇️ <b>Stop Spot:</b> ₹252639.4
💰 Live Premium: ₹254921.0 (Lots: 0)

2026-02-06 22:45:33 | alerts | INFO | 🤖 <b>CONTINUOUS PAPER TRADER STARTED</b>
2026-02-06 22:51:40 | alerts | INFO | 
🟢 <b>🔔 REAL-TIME HIGH-CONVICTION SIGNAL - SILVER CALL</b>

📊 Conf: 8.1/10 | R:R: 1:4.58

🎯 <b>Strike:</b> 247455 (ATM)
🎯 <b>Entry Spot:</b> ₹247455.0
⬆️ <b>Target Spot:</b> ₹257446.0
⬇️ <b>Stop Spot:</b> ₹245272.7
💰 Live Premium: ₹247455.0 (Lots: 0)

2026-02-06 22:52:09 | alerts | INFO | 
🟢 <b>🔔 REAL-TIME HIGH-CONVICTION SIGNAL - SILVERMIC CALL</b>

📊 Conf: 8.1/10 | R:R: 1:3.75

🎯 <b>Strike:</b> 255033 (ATM)
🎯 <b>Entry Spot:</b> ₹255142.0
⬆️ <b>Target Spot:</b> ₹265443.4
⬇️ <b>Stop Spot:</b> ₹252398.3
💰 Live Premium: ₹255033.0 (Lots: 0)

2026-02-06 22:54:38 | alerts | INFO | 
🔴 <b>🔔 REAL-TIME HIGH-CONVICTION SIGNAL - ALUMINIUM PUT</b>

📊 Conf: 8.1/10 | R:R: 1:7.81

🎯 <b>Strike:</b> 312 (ATM)
🎯 <b>Entry Spot:</b> ₹310.7
⬆️ <b>Target Spot:</b> ₹298.2
⬇️ <b>Stop Spot:</b> ₹312.3
💰 Live Premium: ₹312.1 (Lots: 0)

2026-02-06 22:55:02 | alerts | INFO | 
🔴 <b>🔔 REAL-TIME HIGH-CONVICTION SIGNAL - ALUMINIUM PUT</b>

📊 Conf: 8.1/10 | R:R: 1:7.81

🎯 <b>Strike:</b> 0 (ATM)
🎯 <b>Entry Spot:</b> ₹310.7
⬆️ <b>Target Spot:</b> ₹298.2
⬇️ <b>Stop Spot:</b> ₹312.3
💰 Live Premium: ₹311.6 (Lots: 22)

2026-02-06 22:59:48 | alerts | INFO | 🤖 <b>CONTINUOUS PAPER TRADER STARTED</b>
2026-02-06 23:01:55 | alerts | INFO | 
🟢 <b>🔔 REAL-TIME HIGH-CONVICTION SIGNAL - SILVER CALL</b>

📊 Conf: 8.1/10 | R:R: 1:4.93

🎯 <b>Strike:</b> 248418 (ATM)
🎯 <b>Entry Spot:</b> ₹248398.0
⬆️ <b>Target Spot:</b> ₹258427.1
⬇️ <b>Stop Spot:</b> ₹246364.3
💰 Live Premium: ₹248418.0 (Lots: 0)

2026-02-06 23:04:54 | alerts | INFO | 
🟢 <b>🔔 REAL-TIME HIGH-CONVICTION SIGNAL - SILVERM CALL</b>

📊 Conf: 8.1/10 | R:R: 1:4.47

🎯 <b>Strike:</b> 255708 (ATM)
🎯 <b>Entry Spot:</b> ₹255703.0
⬆️ <b>Target Spot:</b> ₹266027.0
⬇️ <b>Stop Spot:</b> ₹253393.4
💰 Live Premium: ₹255708.0 (Lots: 0)

2026-02-06 23:05:21 | alerts | INFO | 
🟢 <b>🔔 REAL-TIME HIGH-CONVICTION SIGNAL - SILVERMIC CALL</b>

📊 Conf: 8.1/10 | R:R: 1:4.40

🎯 <b>Strike:</b> 255485 (ATM)
🎯 <b>Entry Spot:</b> ₹255769.0
⬆️ <b>Target Spot:</b> ₹266095.7
⬇️ <b>Stop Spot:</b> ₹253421.4
💰 Live Premium: ₹255485.0 (Lots: 0)

2026-02-06 23:08:10 | alerts | INFO | 
🔴 <b>🔔 REAL-TIME HIGH-CONVICTION SIGNAL - NICKEL PUT</b>

📊 Conf: 8.1/10 | R:R: 1:8.04

🎯 <b>Strike:</b> 1534 (ATM)
🎯 <b>Entry Spot:</b> ₹1534.0
⬆️ <b>Target Spot:</b> ₹1472.1
⬇️ <b>Stop Spot:</b> ₹1541.7
💰 Live Premium: ₹1534.0 (Lots: 0)

2026-02-06 23:18:18 | alerts | INFO | 🤖 <b>CONTINUOUS PAPER TRADER STARTED</b>
2026-02-06 23:20:34 | alerts | INFO | 
🟢 <b>🔔 REAL-TIME HIGH-CONVICTION SIGNAL - SILVER CALL</b>

📊 Conf: 8.1/10 | R:R: 1:4.92

🎯 <b>Strike:</b> 247950 (ATM)
🎯 <b>Entry Spot:</b> ₹248277.0
⬆️ <b>Target Spot:</b> ₹258301.2
⬇️ <b>Stop Spot:</b> ₹246239.0
💰 Live Premium: ₹247950.0 (Lots: 0)

2026-02-06 23:21:01 | alerts | INFO | 
🟢 <b>🔔 REAL-TIME HIGH-CONVICTION SIGNAL - SILVERM CALL</b>

📊 Conf: 8.1/10 | R:R: 1:4.79

🎯 <b>Strike:</b> 255812 (ATM)
🎯 <b>Entry Spot:</b> ₹255755.0
⬆️ <b>Target Spot:</b> ₹266081.1
⬇️ <b>Stop Spot:</b> ₹253600.4
💰 Live Premium: ₹255812.0 (Lots: 0)

2026-02-06 23:21:21 | alerts | INFO | 
🟢 <b>🔔 REAL-TIME HIGH-CONVICTION SIGNAL - SILVERMIC CALL</b>

📊 Conf: 8.1/10 | R:R: 1:4.67

🎯 <b>Strike:</b> 255501 (ATM)
🎯 <b>Entry Spot:</b> ₹255789.0
⬆️ <b>Target Spot:</b> ₹266116.5
⬇️ <b>Stop Spot:</b> ₹253577.3
💰 Live Premium: ₹255501.0 (Lots: 0)

2026-02-06 23:30:28 | alerts | INFO | 
🟢 <b>🔔 REAL-TIME HIGH-CONVICTION SIGNAL - SILVERMIC CALL</b>

📊 Conf: 8.1/10 | R:R: 1:4.62

🎯 <b>Strike:</b> 257771 (ATM)
🎯 <b>Entry Spot:</b> ₹257147.0
⬆️ <b>Target Spot:</b> ₹267529.3
⬇️ <b>Stop Spot:</b> ₹254901.9
💰 Live Premium: ₹257771.0 (Lots: 0)

2026-02-06 23:33:27 | alerts | INFO | 
🟢 <b>🔔 REAL-TIME HIGH-CONVICTION SIGNAL - SILVER CALL</b>

📊 Conf: 8.1/10 | R:R: 1:4.90

🎯 <b>Strike:</b> 249811 (ATM)
🎯 <b>Entry Spot:</b> ₹249733.0
⬆️ <b>Target Spot:</b> ₹259816.0
⬇️ <b>Stop Spot:</b> ₹247676.6
💰 Live Premium: ₹249811.0 (Lots: 0)

2026-02-06 23:38:35 | alerts | INFO | 🤖 <b>CONTINUOUS PAPER TRADER STARTED</b>
2026-02-06 23:38:37 | alerts | INFO | 🤖 <b>CONTINUOUS PAPER TRADER STARTED</b>
2026-02-06 23:43:22 | alerts | INFO | 
🔴 <b>🔔 REAL-TIME HIGH-CONVICTION SIGNAL - NICKEL PUT</b>

📊 Conf: 8.1/10 | R:R: 1:8.05

🎯 <b>Strike:</b> 1535 (ATM)
🎯 <b>Entry Spot:</b> ₹1535.2
⬆️ <b>Target Spot:</b> ₹1473.2
⬇️ <b>Stop Spot:</b> ₹1542.9
💰 Live Premium: ₹1535.2 (Lots: 0)

2026-02-06 23:43:26 | alerts | INFO | 
🔴 <b>🔔 REAL-TIME HIGH-CONVICTION SIGNAL - NICKEL PUT</b>

📊 Conf: 8.1/10 | R:R: 1:8.05

🎯 <b>Strike:</b> 1535 (ATM)
🎯 <b>Entry Spot:</b> ₹1535.2
⬆️ <b>Target Spot:</b> ₹1473.2
⬇️ <b>Stop Spot:</b> ₹1542.9
💰 Live Premium: ₹1535.2 (Lots: 0)

2026-02-06 23:45:52 | alerts | INFO | 🤖 <b>CONTINUOUS PAPER TRADER STARTED</b>
2026-02-06 23:46:09 | alerts | INFO | 
🔴 <b>🔔 REAL-TIME HIGH-CONVICTION SIGNAL - NATURALGAS PUT</b>

📊 Conf: 8.1/10 | R:R: 1:3.31

🎯 <b>Strike:</b> 320 (ATM)
🎯 <b>Entry Spot:</b> ₹319.2
⬆️ <b>Target Spot:</b> ₹306.3
⬇️ <b>Stop Spot:</b> ₹323.1
💰 Live Premium: ₹320.2 (Lots: 0)

2026-02-06 23:46:39 | alerts | INFO | 
🔴 <b>✅ TRADE EXECUTED (PAPER) - NATURALGAS PUT</b>

📊 Conf: 8.1/10 | R:R: 1:3.31

🎯 <b>Strike:</b> 26245 (ATM)
🎯 <b>Entry Spot:</b> ₹319.2
⬆️ <b>Target Spot:</b> ₹306.3
⬇️ <b>Stop Spot:</b> ₹323.1
📦 Lots: 1242 | Cost: ₹4,533

2026-02-06 23:50:32 | alerts | INFO | 
🔴 <b>🔔 REAL-TIME HIGH-CONVICTION SIGNAL - NATGASMINI PUT</b>

📊 Conf: 8.1/10 | R:R: 1:3.20

🎯 <b>Strike:</b> 317 (ATM)
🎯 <b>Entry Spot:</b> ₹316.9
⬆️ <b>Target Spot:</b> ₹304.1
⬇️ <b>Stop Spot:</b> ₹320.9
💰 Live Premium: ₹317.0 (Lots: 0)

2026-02-06 23:50:52 | alerts | INFO | 
🔴 <b>✅ TRADE EXECUTED (PAPER) - NATGASMINI PUT</b>

📊 Conf: 8.1/10 | R:R: 1:3.20

🎯 <b>Strike:</b> 26245 (ATM)
🎯 <b>Entry Spot:</b> ₹316.9
⬆️ <b>Target Spot:</b> ₹304.1
⬇️ <b>Stop Spot:</b> ₹320.9
📦 Lots: 1422 | Cost: ₹5,475

2026-02-06 23:53:19 | alerts | INFO | 
🔴 <b>🔔 REAL-TIME HIGH-CONVICTION SIGNAL - CRUDEOIL PUT</b>

📊 Conf: 8.1/10 | R:R: 1:8.06

🎯 <b>Strike:</b> 5814 (ATM)
🎯 <b>Entry Spot:</b> ₹5811.0
⬆️ <b>Target Spot:</b> ₹5576.4
⬇️ <b>Stop Spot:</b> ₹5840.1
💰 Live Premium: ₹5814.0 (Lots: 0)

2026-02-06 23:53:50 | alerts | INFO | 
🔴 <b>🔔 REAL-TIME HIGH-CONVICTION SIGNAL - CRUDEOILM PUT</b>

📊 Conf: 8.1/10 | R:R: 1:8.07

🎯 <b>Strike:</b> 5823 (ATM)
🎯 <b>Entry Spot:</b> ₹5815.0
⬆️ <b>Target Spot:</b> ₹5580.2
⬇️ <b>Stop Spot:</b> ₹5844.1
💰 Live Premium: ₹5823.0 (Lots: 0)

2026-02-06 23:53:58 | alerts | INFO | 🤖 <b>CONTINUOUS PAPER TRADER STARTED</b>
2026-02-06 23:54:07 | alerts | INFO | 
🔴 <b>✅ TRADE EXECUTED (PAPER) - CRUDEOILM PUT</b>

📊 Conf: 8.1/10 | R:R: 1:8.07

🎯 <b>Strike:</b> 265600 (ATM)
🎯 <b>Entry Spot:</b> ₹5815.0
⬆️ <b>Target Spot:</b> ₹5580.2
⬇️ <b>Stop Spot:</b> ₹5844.1
📦 Lots: 205 | Cost: ₹23,237

2026-02-07 00:52:31 | alerts | INFO | 🤖 <b>CONTINUOUS PAPER TRADER STARTED</b>
2026-02-07 01:28:13 | alerts | INFO | 🤖 <b>CONTINUOUS PAPER TRADER STARTED</b>
2026-02-07 01:33:49 | alerts | INFO | 🤖 <b>CONTINUOUS PAPER TRADER STARTED</b>
2026-02-07 01:50:15 | alerts | INFO | 🤖 <b>CONTINUOUS PAPER TRADER STARTED</b>
2026-02-07 17:50:11 | alerts | INFO | 🤖 <b>CONTINUOUS PAPER TRADER STARTED</b>
2026-02-07 17:57:09 | alerts | INFO | 🤖 <b>CONTINUOUS PAPER TRADER STARTED</b>
2026-02-07 18:06:35 | alerts | INFO | 🤖 <b>CONTINUOUS PAPER TRADER STARTED</b>
2026-02-07 18:38:27 | alerts | INFO | 🤖 <b>CONTINUOUS PAPER TRADER STARTED</b>
2026-02-07 18:39:24 | alerts | INFO | 🤖 <b>CONTINUOUS PAPER TRADER STARTED</b>
2026-02-07 22:26:49 | alerts | INFO | 🤖 <b>CONTINUOUS PAPER TRADER STARTED</b>
2026-02-07 22:35:22 | alerts | INFO | 🤖 <b>CONTINUOUS PAPER TRADER STARTED</b>
2026-02-07 22:41:05 | alerts | INFO | 🤖 <b>CONTINUOUS PAPER TRADER STARTED</b>
2026-02-07 22:45:10 | alerts | INFO | 🤖 <b>CONTINUOUS PAPER TRADER STARTED</b>
2026-02-07 22:46:12 | alerts | INFO | 🤖 <b>CONTINUOUS PAPER TRADER STARTED</b>
2026-02-07 22:49:41 | alerts | INFO | 🤖 <b>CONTINUOUS PAPER TRADER STARTED</b>
2026-02-07 22:54:58 | alerts | INFO | 🤖 <b>CONTINUOUS PAPER TRADER STARTED</b>
2026-02-07 23:02:57 | alerts | INFO | 🤖 <b>CONTINUOUS PAPER TRADER STARTED</b>
2026-02-07 23:06:05 | alerts | INFO | 🤖 <b>CONTINUOUS PAPER TRADER STARTED</b>
2026-02-07 23:09:25 | alerts | INFO | 🤖 <b>CONTINUOUS PAPER TRADER STARTED</b>
2026-02-07 23:35:58 | alerts | INFO | 🤖 <b>CONTINUOUS PAPER TRADER STARTED</b>
2026-02-07 23:36:58 | alerts | INFO | 🤖 <b>CONTINUOUS PAPER TRADER STARTED</b>
2026-02-08 00:17:01 | alerts | INFO | 🤖 <b>CONTINUOUS PAPER TRADER STARTED</b>
2026-02-08 00:18:30 | alerts | INFO | 🤖 <b>CONTINUOUS PAPER TRADER STARTED</b>
2026-02-08 00:38:22 | alerts | INFO | 🤖 <b>CONTINUOUS PAPER TRADER STARTED</b>
2026-02-08 00:47:13 | alerts | INFO | 🤖 <b>CONTINUOUS PAPER TRADER STARTED</b>
2026-02-08 00:56:51 | alerts | INFO | 🤖 <b>CONTINUOUS PAPER TRADER STARTED</b>
2026-02-08 01:03:21 | alerts | INFO | 🤖 <b>CONTINUOUS PAPER TRADER STARTED</b>
2026-02-08 01:06:17 | alerts | INFO | 🤖 <b>CONTINUOUS PAPER TRADER STARTED</b>
2026-02-08 01:33:44 | alerts | INFO | 🤖 <b>CONTINUOUS PAPER TRADER STARTED</b>
2026-02-08 01:35:13 | alerts | INFO | 🤖 <b>CONTINUOUS PAPER TRADER STARTED</b>
2026-02-08 01:51:31 | alerts | INFO | 🤖 <b>CONTINUOUS PAPER TRADER STARTED</b>
2026-02-08 01:56:12 | alerts | INFO | 🤖 <b>CONTINUOUS PAPER TRADER STARTED</b>
2026-02-08 02:10:53 | alerts | INFO | 🤖 <b>CONTINUOUS PAPER TRADER STARTED</b>
2026-02-08 02:16:24 | alerts | INFO | 🤖 <b>CONTINUOUS PAPER TRADER STARTED</b>
2026-02-09 09:29:02 | alerts | INFO | 🤖 <b>CONTINUOUS PAPER TRADER STARTED</b>
2026-02-09 09:30:59 | alerts | INFO | 🤖 <b>CONTINUOUS PAPER TRADER STARTED</b>
2026-02-09 09:37:44 | alerts | INFO | 🤖 <b>CONTINUOUS PAPER TRADER STARTED</b>
2026-02-09 09:42:33 | alerts | INFO | 🤖 <b>CONTINUOUS PAPER TRADER STARTED</b>
2026-02-09 09:51:37 | alerts | INFO | 🤖 <b>CONTINUOUS PAPER TRADER STARTED</b>
2026-02-09 10:18:22 | alerts | INFO | 🤖 <b>CONTINUOUS PAPER TRADER STARTED</b>
2026-02-09 10:35:12 | alerts | INFO | 🤖 <b>CONTINUOUS PAPER TRADER STARTED</b>
2026-02-09 10:43:13 | alerts | INFO | 🤖 <b>CONTINUOUS PAPER TRADER STARTED</b>
2026-02-09 10:49:29 | alerts | INFO | 🤖 <b>CONTINUOUS PAPER TRADER STARTED</b>
2026-02-09 10:51:15 | alerts | INFO | 🤖 <b>CONTINUOUS PAPER TRADER STARTED</b>
2026-02-09 11:00:32 | alerts | INFO | 🤖 <b>CONTINUOUS PAPER TRADER STARTED</b>
2026-02-09 11:06:03 | alerts | INFO | 🤖 <b>CONTINUOUS PAPER TRADER STARTED</b>
2026-02-09 11:45:53 | alerts | INFO | 🤖 <b>CONTINUOUS PAPER TRADER STARTED</b>
2026-02-09 11:53:17 | alerts | INFO | 🤖 <b>CONTINUOUS PAPER TRADER STARTED</b>
2026-02-09 15:08:42 | alerts | INFO | 🤖 <b>CONTINUOUS PAPER TRADER STARTED</b>
2026-02-09 15:15:19 | alerts | INFO | 🛑 <b>AUTOMATIC SCHEDULER STOPPED</b>
2026-02-09 15:15:34 | alerts | INFO | 🤖 <b>CONTINUOUS PAPER TRADER STARTED</b>
2026-02-09 15:20:00 | alerts | INFO | 📋 <b>DAILY AUDIT SUMMARY</b>
Win Rate: 40.0% | Profit Factor: 3518.87
Trades Today: 0 | Total Trades: 5
Open Positions: 0 | Exposure: ₹0
Portfolio: ₹250,000 (DD: 0.0%)
API Failures: 0 | Health: HEALTHY
2026-02-09 15:20:08 | alerts | INFO | 🛑 <b>AUTOMATIC SCHEDULER STOPPED</b>
2026-02-09 15:20:22 | alerts | INFO | 🤖 <b>CONTINUOUS PAPER TRADER STARTED</b>
2026-02-09 15:32:19 | alerts | INFO | 
🔴 <b>🔔 REAL-TIME HIGH-CONVICTION SIGNAL - SILVER PUT</b>

📊 Conf: 8.1/10 | R:R: 1:8.07

🎯 <b>Strike:</b> 259276 (ATM)
🎯 <b>Entry Spot:</b> ₹259433.0
⬆️ <b>Target Spot:</b> ₹248958.4
⬇️ <b>Stop Spot:</b> ₹260730.2
💰 Live Premium: ₹259276.0 (Lots: 0)

2026-02-09 15:32:21 | alerts | INFO | 
🔴 <b>🔔 REAL-TIME HIGH-CONVICTION SIGNAL - SILVERMIC PUT</b>

📊 Conf: 8.1/10 | R:R: 1:8.07

🎯 <b>Strike:</b> 267064 (ATM)
🎯 <b>Entry Spot:</b> ₹267399.0
⬆️ <b>Target Spot:</b> ₹256602.8
⬇️ <b>Stop Spot:</b> ₹268736.0
💰 Live Premium: ₹267064.0 (Lots: 0)

2026-02-09 15:33:47 | alerts | INFO | 
🔴 <b>🔔 REAL-TIME HIGH-CONVICTION SIGNAL - SILVER PUT</b>

📊 Conf: 8.1/10 | R:R: 1:8.08

🎯 <b>Strike:</b> 259800 (ATM)
🎯 <b>Entry Spot:</b> ₹259429.0
⬆️ <b>Target Spot:</b> ₹248954.6
⬇️ <b>Stop Spot:</b> ₹260726.1
💰 Live Premium: ₹259800.0 (Lots: 0)

2026-02-09 15:33:49 | alerts | INFO | 
🔴 <b>🔔 REAL-TIME HIGH-CONVICTION SIGNAL - SILVERM PUT</b>

📊 Conf: 8.1/10 | R:R: 1:8.08

🎯 <b>Strike:</b> 267329 (ATM)
🎯 <b>Entry Spot:</b> ₹267701.0
⬆️ <b>Target Spot:</b> ₹256892.6
⬇️ <b>Stop Spot:</b> ₹269039.5
💰 Live Premium: ₹267329.0 (Lots: 0)

2026-02-09 15:34:34 | alerts | INFO | 
🔴 <b>🔔 REAL-TIME HIGH-CONVICTION SIGNAL - SILVERM PUT</b>

📊 Conf: 8.1/10 | R:R: 1:8.08

🎯 <b>Strike:</b> 267699 (ATM)
🎯 <b>Entry Spot:</b> ₹267323.0
⬆️ <b>Target Spot:</b> ₹256529.8
⬇️ <b>Stop Spot:</b> ₹268659.6
💰 Live Premium: ₹267699.0 (Lots: 0)

2026-02-09 15:46:41 | alerts | INFO | 
🔴 <b>🔔 REAL-TIME HIGH-CONVICTION SIGNAL - SILVERM PUT</b>

📊 Conf: 8.1/10 | R:R: 1:8.07

🎯 <b>Strike:</b> 267537 (ATM)
🎯 <b>Entry Spot:</b> ₹267598.0
⬆️ <b>Target Spot:</b> ₹256793.7
⬇️ <b>Stop Spot:</b> ₹268936.0
💰 Live Premium: ₹267537.0 (Lots: 0)

2026-02-09 15:46:46 | alerts | INFO | 
🔴 <b>🔔 REAL-TIME HIGH-CONVICTION SIGNAL - SILVERMIC PUT</b>

📊 Conf: 8.1/10 | R:R: 1:8.08

🎯 <b>Strike:</b> 267552 (ATM)
🎯 <b>Entry Spot:</b> ₹267583.0
⬆️ <b>Target Spot:</b> ₹256779.3
⬇️ <b>Stop Spot:</b> ₹268920.9
💰 Live Premium: ₹267552.0 (Lots: 0)

2026-02-09 15:47:29 | alerts | INFO | 
🔴 <b>🔔 REAL-TIME HIGH-CONVICTION SIGNAL - SILVERM PUT</b>

📊 Conf: 8.1/10 | R:R: 1:7.58

🎯 <b>Strike:</b> 267520 (ATM)
🎯 <b>Entry Spot:</b> ₹267543.0
⬆️ <b>Target Spot:</b> ₹256741.0
⬇️ <b>Stop Spot:</b> ₹268967.9
💰 Live Premium: ₹267520.0 (Lots: 0)

2026-02-09 15:48:13 | alerts | INFO | 
🔴 <b>🔔 REAL-TIME HIGH-CONVICTION SIGNAL - SILVER PUT</b>

📊 Conf: 8.1/10 | R:R: 1:8.08

🎯 <b>Strike:</b> 259301 (ATM)
🎯 <b>Entry Spot:</b> ₹259301.0
⬆️ <b>Target Spot:</b> ₹248831.7
⬇️ <b>Stop Spot:</b> ₹260597.5
💰 Live Premium: ₹259301.0 (Lots: 0)

2026-02-09 15:48:15 | alerts | INFO | 
🔴 <b>🔔 REAL-TIME HIGH-CONVICTION SIGNAL - SILVERM PUT</b>

📊 Conf: 8.1/10 | R:R: 1:7.47

🎯 <b>Strike:</b> 267136 (ATM)
🎯 <b>Entry Spot:</b> ₹267500.0
⬆️ <b>Target Spot:</b> ₹256699.7
⬇️ <b>Stop Spot:</b> ₹268946.0
💰 Live Premium: ₹267136.0 (Lots: 0)

2026-02-09 15:48:17 | alerts | INFO | 
🔴 <b>🔔 REAL-TIME HIGH-CONVICTION SIGNAL - SILVERMIC PUT</b>

📊 Conf: 8.1/10 | R:R: 1:7.05

🎯 <b>Strike:</b> 267317 (ATM)
🎯 <b>Entry Spot:</b> ₹267352.0
⬆️ <b>Target Spot:</b> ₹256557.7
⬇️ <b>Stop Spot:</b> ₹268882.1
💰 Live Premium: ₹267317.0 (Lots: 0)

2026-02-09 15:49:02 | alerts | INFO | 
🔴 <b>🔔 REAL-TIME HIGH-CONVICTION SIGNAL - SILVERM PUT</b>

📊 Conf: 8.1/10 | R:R: 1:7.13

🎯 <b>Strike:</b> 266608 (ATM)
🎯 <b>Entry Spot:</b> ₹266847.0
⬆️ <b>Target Spot:</b> ₹256073.1
⬇️ <b>Stop Spot:</b> ₹268359.1
💰 Live Premium: ₹266608.0 (Lots: 0)

2026-02-09 15:49:04 | alerts | INFO | 
🔴 <b>🔔 REAL-TIME HIGH-CONVICTION SIGNAL - SILVERMIC PUT</b>

📊 Conf: 8.1/10 | R:R: 1:6.83

🎯 <b>Strike:</b> 266664 (ATM)
🎯 <b>Entry Spot:</b> ₹266952.0
⬆️ <b>Target Spot:</b> ₹256173.8
⬇️ <b>Stop Spot:</b> ₹268529.6
💰 Live Premium: ₹266664.0 (Lots: 0)

2026-02-09 15:49:48 | alerts | INFO | 
🔴 <b>🔔 REAL-TIME HIGH-CONVICTION SIGNAL - SILVER PUT</b>

📊 Conf: 8.1/10 | R:R: 1:8.07

🎯 <b>Strike:</b> 258997 (ATM)
🎯 <b>Entry Spot:</b> ₹258997.0
⬆️ <b>Target Spot:</b> ₹248540.0
⬇️ <b>Stop Spot:</b> ₹260292.0
💰 Live Premium: ₹258997.0 (Lots: 0)

2026-02-09 17:17:01 | alerts | INFO | 🛑 <b>AUTOMATIC SCHEDULER STOPPED</b>
2026-02-09 17:17:23 | alerts | INFO | 🤖 <b>CONTINUOUS PAPER TRADER STARTED</b>
2026-02-09 17:23:18 | alerts | INFO | 
🟢 <b>🔔 REAL-TIME HIGH-CONVICTION SIGNAL - SILVER CALL</b>

📊 Conf: 8.1/10 | R:R: 1:4.84

🎯 <b>Strike:</b> 256327 (ATM)
🎯 <b>Entry Spot:</b> ₹256331.0
⬆️ <b>Target Spot:</b> ₹266680.4
⬇️ <b>Stop Spot:</b> ₹254194.6
💰 Live Premium: ₹256327.0 (Lots: 0)

2026-02-09 17:23:22 | alerts | INFO | 
🟢 <b>🔔 REAL-TIME HIGH-CONVICTION SIGNAL - SILVERM CALL</b>

📊 Conf: 8.1/10 | R:R: 1:4.18

🎯 <b>Strike:</b> 264472 (ATM)
🎯 <b>Entry Spot:</b> ₹264373.0
⬆️ <b>Target Spot:</b> ₹275047.1
⬇️ <b>Stop Spot:</b> ₹261821.9
💰 Live Premium: ₹264472.0 (Lots: 0)

2026-02-09 17:23:25 | alerts | INFO | 
🟢 <b>🔔 REAL-TIME HIGH-CONVICTION SIGNAL - SILVERMIC CALL</b>

📊 Conf: 8.1/10 | R:R: 1:4.24

🎯 <b>Strike:</b> 264496 (ATM)
🎯 <b>Entry Spot:</b> ₹264511.0
⬆️ <b>Target Spot:</b> ₹275190.6
⬇️ <b>Stop Spot:</b> ₹261991.4
💰 Live Premium: ₹264496.0 (Lots: 0)

2026-02-09 17:24:51 | alerts | INFO | 
🟢 <b>🔔 REAL-TIME HIGH-CONVICTION SIGNAL - SILVERM CALL</b>

📊 Conf: 8.1/10 | R:R: 1:4.15

🎯 <b>Strike:</b> 264752 (ATM)
🎯 <b>Entry Spot:</b> ₹264715.0
⬆️ <b>Target Spot:</b> ₹275402.9
⬇️ <b>Stop Spot:</b> ₹262139.0
💰 Live Premium: ₹264752.0 (Lots: 0)

2026-02-09 17:24:53 | alerts | INFO | 
🟢 <b>🔔 REAL-TIME HIGH-CONVICTION SIGNAL - SILVERMIC CALL</b>

📊 Conf: 8.1/10 | R:R: 1:4.23

🎯 <b>Strike:</b> 264844 (ATM)
🎯 <b>Entry Spot:</b> ₹264845.0
⬆️ <b>Target Spot:</b> ₹275538.1
⬇️ <b>Stop Spot:</b> ₹262318.3
💰 Live Premium: ₹264844.0 (Lots: 0)

2026-02-09 17:31:25 | alerts | INFO | 
🟢 <b>🔔 REAL-TIME HIGH-CONVICTION SIGNAL - SILVER CALL</b>

📊 Conf: 8.1/10 | R:R: 1:5.26

🎯 <b>Strike:</b> 256994 (ATM)
🎯 <b>Entry Spot:</b> ₹256994.0
⬆️ <b>Target Spot:</b> ₹267370.1
⬇️ <b>Stop Spot:</b> ₹255023.0
💰 Live Premium: ₹256994.0 (Lots: 0)

2026-02-09 17:41:22 | alerts | INFO | 🤖 <b>CONTINUOUS PAPER TRADER STARTED</b>
2026-02-09 17:41:31 | alerts | INFO | 
🟢 <b>🔔 REAL-TIME HIGH-CONVICTION SIGNAL - SILVER CALL</b>

📊 Conf: 8.1/10 | R:R: 1:5.38

🎯 <b>Strike:</b> 257300 (ATM)
🎯 <b>Entry Spot:</b> ₹257166.0
⬆️ <b>Target Spot:</b> ₹267549.1
⬇️ <b>Stop Spot:</b> ₹255237.7
💰 Live Premium: ₹257300.0 (Lots: 0)

2026-02-09 17:41:36 | alerts | INFO | 
🟢 <b>✅ TRADE EXECUTED (PAPER) - SILVER CALL</b>

📊 Conf: 8.1/10 | R:R: 1:5.38

🎯 <b>Strike:</b> 26257750 (ATM)
🎯 <b>Entry Spot:</b> ₹257166.0
⬆️ <b>Target Spot:</b> ₹267549.1
⬇️ <b>Stop Spot:</b> ₹255237.7
📦 Lots: 3 | Cost: ₹70,959

2026-02-09 17:43:32 | alerts | INFO | 🤖 <b>CONTINUOUS PAPER TRADER STARTED</b>
2026-02-09 17:47:47 | alerts | INFO | 🛑 <b>AUTOMATIC SCHEDULER STOPPED</b>
2026-02-09 17:48:06 | alerts | INFO | 🤖 <b>CONTINUOUS PAPER TRADER STARTED</b>
2026-02-09 17:57:09 | alerts | INFO | 🛑 <b>AUTOMATIC SCHEDULER STOPPED</b>
2026-02-09 17:57:25 | alerts | INFO | 🤖 <b>CONTINUOUS PAPER TRADER STARTED</b>
2026-02-09 18:01:44 | alerts | INFO | 
🔴 <b>COMMODITY POSITION CLOSED</b>

<b>SILVER FUTURES</b>

💰 Entry: ₹23653.0
💰 Exit: ₹23653.0
📊 P&L: ₹0 (+0.0%)

🎯 Reason: TIME EXIT

2026-02-09 18:07:26 | alerts | INFO | 
🟢 <b>🔔 REAL-TIME HIGH-CONVICTION SIGNAL - SILVER CALL</b>

📊 Conf: 8.1/10 | R:R: 1:5.11

🎯 <b>Strike:</b> 256190 (ATM)
🎯 <b>Entry Spot:</b> ₹256190.0
⬆️ <b>Target Spot:</b> ₹266533.7
⬇️ <b>Stop Spot:</b> ₹254164.1
💰 Live Premium: ₹256190.0 (Lots: 0)

2026-02-09 18:07:34 | alerts | INFO | 
🟢 <b>🔔 REAL-TIME HIGH-CONVICTION SIGNAL - SILVERM CALL</b>

📊 Conf: 8.1/10 | R:R: 1:4.64

🎯 <b>Strike:</b> 263962 (ATM)
🎯 <b>Entry Spot:</b> ₹264018.0
⬆️ <b>Target Spot:</b> ₹274677.7
⬇️ <b>Stop Spot:</b> ₹261719.7
💰 Live Premium: ₹263962.0 (Lots: 0)

2026-02-09 18:07:37 | alerts | INFO | 
🟢 <b>🔔 REAL-TIME HIGH-CONVICTION SIGNAL - SILVERMIC CALL</b>

📊 Conf: 8.1/10 | R:R: 1:4.58

🎯 <b>Strike:</b> 264265 (ATM)
🎯 <b>Entry Spot:</b> ₹264294.0
⬆️ <b>Target Spot:</b> ₹274964.9
⬇️ <b>Stop Spot:</b> ₹261963.3
💰 Live Premium: ₹264265.0 (Lots: 0)

2026-02-09 18:08:00 | alerts | INFO | 
🟢 <b>🔔 REAL-TIME HIGH-CONVICTION SIGNAL - SILVER CALL</b>

📊 Conf: 8.1/10 | R:R: 1:5.07

🎯 <b>Strike:</b> 255982 (ATM)
🎯 <b>Entry Spot:</b> ₹255982.0
⬆️ <b>Target Spot:</b> ₹266317.3
⬇️ <b>Stop Spot:</b> ₹253944.9
💰 Live Premium: ₹255982.0 (Lots: 0)

2026-02-09 18:08:03 | alerts | INFO | 
🟢 <b>🔔 REAL-TIME HIGH-CONVICTION SIGNAL - SILVERM CALL</b>

📊 Conf: 8.1/10 | R:R: 1:4.45

🎯 <b>Strike:</b> 263912 (ATM)
🎯 <b>Entry Spot:</b> ₹263960.0
⬆️ <b>Target Spot:</b> ₹274617.4
⬇️ <b>Stop Spot:</b> ₹261565.4
💰 Live Premium: ₹263912.0 (Lots: 0)

2026-02-09 18:08:05 | alerts | INFO | 
🟢 <b>🔔 REAL-TIME HIGH-CONVICTION SIGNAL - SILVERMIC CALL</b>

📊 Conf: 8.1/10 | R:R: 1:4.42

🎯 <b>Strike:</b> 264143 (ATM)
🎯 <b>Entry Spot:</b> ₹264000.0
⬆️ <b>Target Spot:</b> ₹274659.0
⬇️ <b>Stop Spot:</b> ₹261588.4
💰 Live Premium: ₹264143.0 (Lots: 0)

2026-02-09 18:08:25 | alerts | INFO | 
🟢 <b>🔔 REAL-TIME HIGH-CONVICTION SIGNAL - SILVER CALL</b>

📊 Conf: 8.1/10 | R:R: 1:4.94

🎯 <b>Strike:</b> 255982 (ATM)
🎯 <b>Entry Spot:</b> ₹255982.0
⬆️ <b>Target Spot:</b> ₹266317.3
⬇️ <b>Stop Spot:</b> ₹253888.9
💰 Live Premium: ₹255982.0 (Lots: 0)

2026-02-09 18:08:27 | alerts | INFO | 
🟢 <b>🔔 REAL-TIME HIGH-CONVICTION SIGNAL - SILVERM CALL</b>

📊 Conf: 8.1/10 | R:R: 1:4.48

🎯 <b>Strike:</b> 264150 (ATM)
🎯 <b>Entry Spot:</b> ₹263927.0
⬆️ <b>Target Spot:</b> ₹274583.1
⬇️ <b>Stop Spot:</b> ₹261551.0
💰 Live Premium: ₹264150.0 (Lots: 0)

2026-02-09 18:08:29 | alerts | INFO | 
🟢 <b>🔔 REAL-TIME HIGH-CONVICTION SIGNAL - SILVERMIC CALL</b>

📊 Conf: 8.1/10 | R:R: 1:4.44

🎯 <b>Strike:</b> 264139 (ATM)
🎯 <b>Entry Spot:</b> ₹264279.0
⬆️ <b>Target Spot:</b> ₹274949.3
⬇️ <b>Stop Spot:</b> ₹261876.7
💰 Live Premium: ₹264139.0 (Lots: 0)

2026-02-09 18:09:13 | alerts | INFO | 
🟢 <b>🔔 REAL-TIME HIGH-CONVICTION SIGNAL - SILVER CALL</b>

📊 Conf: 8.1/10 | R:R: 1:5.05

🎯 <b>Strike:</b> 256322 (ATM)
🎯 <b>Entry Spot:</b> ₹256322.0
⬆️ <b>Target Spot:</b> ₹266671.0
⬇️ <b>Stop Spot:</b> ₹254272.6
💰 Live Premium: ₹256322.0 (Lots: 0)

2026-02-09 18:09:15 | alerts | INFO | 
🟢 <b>🔔 REAL-TIME HIGH-CONVICTION SIGNAL - SILVERMIC CALL</b>

📊 Conf: 8.1/10 | R:R: 1:4.57

🎯 <b>Strike:</b> 263988 (ATM)
🎯 <b>Entry Spot:</b> ₹264065.0
⬆️ <b>Target Spot:</b> ₹274726.6
⬇️ <b>Stop Spot:</b> ₹261734.3
💰 Live Premium: ₹263988.0 (Lots: 0)

2026-02-09 18:09:59 | alerts | INFO | 
🟢 <b>🔔 REAL-TIME HIGH-CONVICTION SIGNAL - SILVER CALL</b>

📊 Conf: 8.1/10 | R:R: 1:5.12

🎯 <b>Strike:</b> 255836 (ATM)
🎯 <b>Entry Spot:</b> ₹255836.0
⬆️ <b>Target Spot:</b> ₹266165.4
⬇️ <b>Stop Spot:</b> ₹253819.1
💰 Live Premium: ₹255836.0 (Lots: 0)

2026-02-09 18:24:32 | alerts | INFO | 🛑 <b>AUTOMATIC SCHEDULER STOPPED</b>
2026-02-09 18:24:48 | alerts | INFO | 🤖 <b>CONTINUOUS PAPER TRADER STARTED</b>
2026-02-09 18:25:09 | alerts | INFO | 
🟢 <b>🔔 REAL-TIME HIGH-CONVICTION SIGNAL - SILVER CALL</b>

📊 Conf: 8.1/10 | R:R: 1:5.17

🎯 <b>Strike:</b> 256610 (ATM)
🎯 <b>Entry Spot:</b> ₹256610.0
⬆️ <b>Target Spot:</b> ₹266970.6
⬇️ <b>Stop Spot:</b> ₹254607.4
💰 Live Premium: ₹256610.0 (Lots: 0)

2026-02-09 18:25:12 | alerts | INFO | 
🟢 <b>🔔 REAL-TIME HIGH-CONVICTION SIGNAL - SILVERM CALL</b>

📊 Conf: 8.1/10 | R:R: 1:4.65

🎯 <b>Strike:</b> 264542 (ATM)
🎯 <b>Entry Spot:</b> ₹264597.0
⬆️ <b>Target Spot:</b> ₹275280.1
⬇️ <b>Stop Spot:</b> ₹262300.1
💰 Live Premium: ₹264542.0 (Lots: 0)

2026-02-09 18:25:14 | alerts | INFO | 
🟢 <b>🔔 REAL-TIME HIGH-CONVICTION SIGNAL - SILVERMIC CALL</b>

📊 Conf: 8.1/10 | R:R: 1:4.55

🎯 <b>Strike:</b> 264556 (ATM)
🎯 <b>Entry Spot:</b> ₹264577.0
⬆️ <b>Target Spot:</b> ₹275259.3
⬇️ <b>Stop Spot:</b> ₹262230.9
💰 Live Premium: ₹264556.0 (Lots: 0)

2026-02-09 18:26:04 | alerts | INFO | 
🟢 <b>🔔 REAL-TIME HIGH-CONVICTION SIGNAL - SILVER CALL</b>

📊 Conf: 8.1/10 | R:R: 1:5.34

🎯 <b>Strike:</b> 256590 (ATM)
🎯 <b>Entry Spot:</b> ₹256590.0
⬆️ <b>Target Spot:</b> ₹266949.8
⬇️ <b>Stop Spot:</b> ₹254648.4
💰 Live Premium: ₹256590.0 (Lots: 0)

2026-02-09 18:26:06 | alerts | INFO | 
🟢 <b>🔔 REAL-TIME HIGH-CONVICTION SIGNAL - SILVERM CALL</b>

📊 Conf: 8.1/10 | R:R: 1:4.94

🎯 <b>Strike:</b> 264406 (ATM)
🎯 <b>Entry Spot:</b> ₹264455.0
⬆️ <b>Target Spot:</b> ₹275132.4
⬇️ <b>Stop Spot:</b> ₹262293.3
💰 Live Premium: ₹264406.0 (Lots: 0)

2026-02-09 18:26:08 | alerts | INFO | 
🟢 <b>🔔 REAL-TIME HIGH-CONVICTION SIGNAL - SILVERMIC CALL</b>

📊 Conf: 8.1/10 | R:R: 1:4.76

🎯 <b>Strike:</b> 264447 (ATM)
🎯 <b>Entry Spot:</b> ₹264665.0
⬆️ <b>Target Spot:</b> ₹275350.8
⬇️ <b>Stop Spot:</b> ₹262420.3
💰 Live Premium: ₹264447.0 (Lots: 0)

2026-02-09 18:26:53 | alerts | INFO | 
🟢 <b>🔔 REAL-TIME HIGH-CONVICTION SIGNAL - SILVER CALL</b>

📊 Conf: 8.1/10 | R:R: 1:5.49

🎯 <b>Strike:</b> 255681 (ATM)
🎯 <b>Entry Spot:</b> ₹256379.0
⬆️ <b>Target Spot:</b> ₹266730.3
⬇️ <b>Stop Spot:</b> ₹254495.1
💰 Live Premium: ₹255681.0 (Lots: 0)

2026-02-09 18:30:27 | alerts | INFO | 🤖 <b>CONTINUOUS PAPER TRADER STARTED</b>
2026-02-09 18:35:41 | alerts | INFO | 
🟢 <b>🔔 REAL-TIME HIGH-CONVICTION SIGNAL - SILVER CALL</b>

📊 Conf: 8.1/10 | R:R: 1:5.27

🎯 <b>Strike:</b> 256361 (ATM)
🎯 <b>Entry Spot:</b> ₹256361.0
⬆️ <b>Target Spot:</b> ₹266711.6
⬇️ <b>Stop Spot:</b> ₹254397.6
💰 Live Premium: ₹256361.0 (Lots: 0)

2026-02-09 18:37:13 | alerts | INFO | 
🟢 <b>🔔 REAL-TIME HIGH-CONVICTION SIGNAL - SILVER CALL</b>

📊 Conf: 8.1/10 | R:R: 1:5.42

🎯 <b>Strike:</b> 256700 (ATM)
🎯 <b>Entry Spot:</b> ₹256799.0
⬆️ <b>Target Spot:</b> ₹267167.3
⬇️ <b>Stop Spot:</b> ₹254886.0
💰 Live Premium: ₹256700.0 (Lots: 0)

2026-02-09 18:37:21 | alerts | INFO | 
🟢 <b>🔔 REAL-TIME HIGH-CONVICTION SIGNAL - SILVERM CALL</b>

📊 Conf: 8.1/10 | R:R: 1:4.81

🎯 <b>Strike:</b> 264352 (ATM)
🎯 <b>Entry Spot:</b> ₹264352.0
⬆️ <b>Target Spot:</b> ₹275025.2
⬇️ <b>Stop Spot:</b> ₹262133.9
💰 Live Premium: ₹264352.0 (Lots: 0)

2026-02-09 18:37:23 | alerts | INFO | 
🟢 <b>🔔 REAL-TIME HIGH-CONVICTION SIGNAL - SILVERMIC CALL</b>

📊 Conf: 8.1/10 | R:R: 1:4.48

🎯 <b>Strike:</b> 264430 (ATM)
🎯 <b>Entry Spot:</b> ₹264550.0
⬆️ <b>Target Spot:</b> ₹275231.2
⬇️ <b>Stop Spot:</b> ₹262168.4
💰 Live Premium: ₹264430.0 (Lots: 0)

2026-02-09 18:38:07 | alerts | INFO | 
🟢 <b>🔔 REAL-TIME HIGH-CONVICTION SIGNAL - SILVER CALL</b>

📊 Conf: 8.1/10 | R:R: 1:5.09

🎯 <b>Strike:</b> 256602 (ATM)
🎯 <b>Entry Spot:</b> ₹256602.0
⬆️ <b>Target Spot:</b> ₹266962.3
⬇️ <b>Stop Spot:</b> ₹254567.0
💰 Live Premium: ₹256602.0 (Lots: 0)

2026-02-09 18:38:09 | alerts | INFO | 
🟢 <b>🔔 REAL-TIME HIGH-CONVICTION SIGNAL - SILVERM CALL</b>

📊 Conf: 8.1/10 | R:R: 1:4.48

🎯 <b>Strike:</b> 264587 (ATM)
🎯 <b>Entry Spot:</b> ₹264549.0
⬆️ <b>Target Spot:</b> ₹275230.2
⬇️ <b>Stop Spot:</b> ₹262164.0
💰 Live Premium: ₹264587.0 (Lots: 0)

2026-02-09 18:38:12 | alerts | INFO | 
🟢 <b>🔔 REAL-TIME HIGH-CONVICTION SIGNAL - SILVERMIC CALL</b>

📊 Conf: 8.1/10 | R:R: 1:4.20

🎯 <b>Strike:</b> 264520 (ATM)
🎯 <b>Entry Spot:</b> ₹264593.0
⬆️ <b>Target Spot:</b> ₹275275.9
⬇️ <b>Stop Spot:</b> ₹262047.4
💰 Live Premium: ₹264520.0 (Lots: 0)

2026-02-09 18:38:56 | alerts | INFO | 
🟢 <b>🔔 REAL-TIME HIGH-CONVICTION SIGNAL - SILVER CALL</b>

📊 Conf: 8.1/10 | R:R: 1:4.98

🎯 <b>Strike:</b> 256859 (ATM)
🎯 <b>Entry Spot:</b> ₹256859.0
⬆️ <b>Target Spot:</b> ₹267229.7
⬇️ <b>Stop Spot:</b> ₹254777.7
💰 Live Premium: ₹256859.0 (Lots: 0)

2026-02-09 18:38:59 | alerts | INFO | 
🟢 <b>🔔 REAL-TIME HIGH-CONVICTION SIGNAL - SILVERM CALL</b>

📊 Conf: 8.1/10 | R:R: 1:4.80

🎯 <b>Strike:</b> 264683 (ATM)
🎯 <b>Entry Spot:</b> ₹264683.0
⬆️ <b>Target Spot:</b> ₹275369.6
⬇️ <b>Stop Spot:</b> ₹262457.1
💰 Live Premium: ₹264683.0 (Lots: 0)

2026-02-09 18:39:07 | alerts | INFO | 
🟢 <b>🔔 REAL-TIME HIGH-CONVICTION SIGNAL - SILVERMIC CALL</b>

📊 Conf: 8.1/10 | R:R: 1:4.49

🎯 <b>Strike:</b> 264700 (ATM)
🎯 <b>Entry Spot:</b> ₹264600.0
⬆️ <b>Target Spot:</b> ₹275283.2
⬇️ <b>Stop Spot:</b> ₹262220.6
💰 Live Premium: ₹264700.0 (Lots: 0)

2026-02-09 18:39:28 | alerts | INFO | 🤖 <b>CONTINUOUS PAPER TRADER STARTED</b>
2026-02-09 18:40:31 | alerts | INFO | 
🟢 <b>🔔 REAL-TIME HIGH-CONVICTION SIGNAL - SILVER CALL</b>

📊 Conf: 8.1/10 | R:R: 1:5.22

🎯 <b>Strike:</b> 257371 (ATM)
🎯 <b>Entry Spot:</b> ₹257600.0
⬆️ <b>Target Spot:</b> ₹268000.6
⬇️ <b>Stop Spot:</b> ₹255609.4
💰 Live Premium: ₹257371.0 (Lots: 0)

2026-02-09 18:40:37 | alerts | INFO | 
🟢 <b>✅ TRADE EXECUTED (PAPER) - SILVER CALL</b>

📊 Conf: 8.1/10 | R:R: 1:5.22

🎯 <b>Strike:</b> 26257750 (ATM)
🎯 <b>Entry Spot:</b> ₹257600.0
⬆️ <b>Target Spot:</b> ₹268000.6
⬇️ <b>Stop Spot:</b> ₹255609.4
📦 Lots: 3 | Cost: ₹70,959

2026-02-09 18:51:03 | alerts | INFO | 🤖 <b>CONTINUOUS PAPER TRADER STARTED</b>
2026-02-09 19:01:16 | alerts | INFO | 
🔴 <b>COMMODITY POSITION CLOSED</b>

<b>SILVER FUTURES</b>

💰 Entry: ₹23653.0
💰 Exit: ₹23653.0
📊 P&L: ₹0 (+0.0%)

🎯 Reason: TIME EXIT

2026-02-09 19:03:37 | alerts | INFO | 
🔴 <b>🔔 REAL-TIME HIGH-CONVICTION SIGNAL - SILVERM FUT</b>

📊 Conf: 8.1/10 | R:R: 1:4.63

📝 <b>Contract:</b> MCX Futures
🎯 <b>Entry Spot:</b> ₹262896.0
⬆️ <b>Target Spot:</b> ₹252281.6
⬇️ <b>Stop Spot:</b> ₹265189.4
💰 Live Price: ₹262800.0 (Lots: 0)

2026-02-09 19:04:22 | alerts | INFO | 
🔴 <b>🔔 REAL-TIME HIGH-CONVICTION SIGNAL - SILVER FUT</b>

📊 Conf: 8.1/10 | R:R: 1:5.20

📝 <b>Contract:</b> MCX Futures
🎯 <b>Entry Spot:</b> ₹254458.0
⬆️ <b>Target Spot:</b> ₹244184.3
⬇️ <b>Stop Spot:</b> ₹256435.0
💰 Live Price: ₹254253.0 (Lots: 0)

2026-02-09 19:04:24 | alerts | INFO | 
🔴 <b>🔔 REAL-TIME HIGH-CONVICTION SIGNAL - SILVERM FUT</b>

📊 Conf: 8.1/10 | R:R: 1:4.67

📝 <b>Contract:</b> MCX Futures
🎯 <b>Entry Spot:</b> ₹262271.0
⬆️ <b>Target Spot:</b> ₹251681.8
⬇️ <b>Stop Spot:</b> ₹264539.0
💰 Live Price: ₹262271.0 (Lots: 0)

2026-02-09 19:04:26 | alerts | INFO | 
🔴 <b>🔔 REAL-TIME HIGH-CONVICTION SIGNAL - SILVERMIC FUT</b>

📊 Conf: 8.1/10 | R:R: 1:4.35

📝 <b>Contract:</b> MCX Futures
🎯 <b>Entry Spot:</b> ₹262417.0
⬆️ <b>Target Spot:</b> ₹251821.9
⬇️ <b>Stop Spot:</b> ₹264853.6
💰 Live Price: ₹262384.0 (Lots: 0)

2026-02-09 19:06:34 | alerts | INFO | 🤖 <b>CONTINUOUS PAPER TRADER STARTED</b>
2026-02-09 19:06:44 | alerts | INFO | 
🔴 <b>🔔 REAL-TIME HIGH-CONVICTION SIGNAL - SILVER FUT</b>

📊 Conf: 8.1/10 | R:R: 1:4.84

📝 <b>Contract:</b> MCX Futures
🎯 <b>Entry Spot:</b> ₹255000.0
⬆️ <b>Target Spot:</b> ₹244704.4
⬇️ <b>Stop Spot:</b> ₹257128.7
💰 Live Price: ₹255000.0 (Lots: 0)

2026-02-09 19:06:49 | alerts | INFO | 
🔴 <b>✅ TRADE EXECUTED (PAPER) - SILVER FUT</b>

📊 Conf: 8.1/10 | R:R: 1:4.84

📝 <b>Contract:</b> MCX Futures
🎯 <b>Entry Spot:</b> ₹255000.0
⬆️ <b>Target Spot:</b> ₹244704.4
⬇️ <b>Stop Spot:</b> ₹257128.7
📦 Lots: 2 | Cost: ₹58,840

2026-02-09 19:14:58 | alerts | INFO | 🤖 <b>CONTINUOUS PAPER TRADER STARTED</b>
2026-02-09 19:26:59 | alerts | INFO | 
🔴 <b>COMMODITY POSITION CLOSED</b>

<b>SILVER FUTURES</b>

💰 Entry: ₹29420.0
💰 Exit: ₹29420.0
📊 P&L: ₹0 (+0.0%)

🎯 Reason: TIME EXIT

2026-02-09 19:44:01 | alerts | INFO | 
🔴 <b>🔔 REAL-TIME HIGH-CONVICTION SIGNAL - SILVER FUT</b>

📊 Conf: 8.1/10 | R:R: 1:4.50

📝 <b>Contract:</b> MCX Futures
🎯 <b>Entry Spot:</b> ₹254429.0
⬆️ <b>Target Spot:</b> ₹244156.4
⬇️ <b>Stop Spot:</b> ₹256713.4
💰 Live Price: ₹254315.0 (Lots: 0)

2026-02-09 19:44:04 | alerts | INFO | 
🔴 <b>🔔 REAL-TIME HIGH-CONVICTION SIGNAL - SILVERM FUT</b>

📊 Conf: 8.1/10 | R:R: 1:4.26

📝 <b>Contract:</b> MCX Futures
🎯 <b>Entry Spot:</b> ₹262001.0
⬆️ <b>Target Spot:</b> ₹251422.7
⬇️ <b>Stop Spot:</b> ₹264485.6
💰 Live Price: ₹261948.0 (Lots: 0)

2026-02-09 19:44:10 | alerts | INFO | 
🔴 <b>🔔 REAL-TIME HIGH-CONVICTION SIGNAL - SILVERMIC FUT</b>

📊 Conf: 8.1/10 | R:R: 1:4.15

📝 <b>Contract:</b> MCX Futures
🎯 <b>Entry Spot:</b> ₹262135.0
⬆️ <b>Target Spot:</b> ₹251551.3
⬇️ <b>Stop Spot:</b> ₹264686.3
💰 Live Price: ₹262155.0 (Lots: 0)

2026-02-09 19:44:56 | alerts | INFO | 
🔴 <b>🔔 REAL-TIME HIGH-CONVICTION SIGNAL - SILVER FUT</b>

📊 Conf: 8.1/10 | R:R: 1:4.63

📝 <b>Contract:</b> MCX Futures
🎯 <b>Entry Spot:</b> ₹254361.0
⬆️ <b>Target Spot:</b> ₹244091.2
⬇️ <b>Stop Spot:</b> ₹256578.4
💰 Live Price: ₹254659.0 (Lots: 0)

2026-02-09 19:56:38 | alerts | INFO | 
🟢 <b>🔔 REAL-TIME HIGH-CONVICTION SIGNAL - SILVERMIC FUT</b>

📊 Conf: 8.1/10 | R:R: 1:4.41

📝 <b>Contract:</b> MCX Futures
🎯 <b>Entry Spot:</b> ₹263733.0
⬆️ <b>Target Spot:</b> ₹274381.2
⬇️ <b>Stop Spot:</b> ₹261319.3
💰 Live Price: ₹263789.0 (Lots: 0)

2026-02-09 19:57:24 | alerts | INFO | 
🟢 <b>🔔 REAL-TIME HIGH-CONVICTION SIGNAL - SILVER FUT</b>

📊 Conf: 8.1/10 | R:R: 1:4.93

📝 <b>Contract:</b> MCX Futures
🎯 <b>Entry Spot:</b> ₹256156.0
⬆️ <b>Target Spot:</b> ₹266498.3
⬇️ <b>Stop Spot:</b> ₹254060.0
💰 Live Price: ₹256156.0 (Lots: 0)

2026-02-09 19:57:27 | alerts | INFO | 
🟢 <b>🔔 REAL-TIME HIGH-CONVICTION SIGNAL - SILVERM FUT</b>

📊 Conf: 8.1/10 | R:R: 1:4.32

📝 <b>Contract:</b> MCX Futures
🎯 <b>Entry Spot:</b> ₹264343.0
⬆️ <b>Target Spot:</b> ₹275015.8
⬇️ <b>Stop Spot:</b> ₹261873.0
💰 Live Price: ₹264138.0 (Lots: 0)

2026-02-09 19:57:30 | alerts | INFO | 
🟢 <b>🔔 REAL-TIME HIGH-CONVICTION SIGNAL - SILVERMIC FUT</b>

📊 Conf: 8.1/10 | R:R: 1:4.08

📝 <b>Contract:</b> MCX Futures
🎯 <b>Entry Spot:</b> ₹264380.0
⬆️ <b>Target Spot:</b> ₹275054.3
⬇️ <b>Stop Spot:</b> ₹261765.6
💰 Live Price: ₹264300.0 (Lots: 0)

2026-02-09 19:58:20 | alerts | INFO | 
🟢 <b>🔔 REAL-TIME HIGH-CONVICTION SIGNAL - SILVER FUT</b>

📊 Conf: 8.1/10 | R:R: 1:4.97

📝 <b>Contract:</b> MCX Futures
🎯 <b>Entry Spot:</b> ₹256465.0
⬆️ <b>Target Spot:</b> ₹266819.8
⬇️ <b>Stop Spot:</b> ₹254380.4
💰 Live Price: ₹256465.0 (Lots: 0)

2026-02-09 19:58:23 | alerts | INFO | 
🟢 <b>🔔 REAL-TIME HIGH-CONVICTION SIGNAL - SILVERM FUT</b>

📊 Conf: 8.1/10 | R:R: 1:4.33

📝 <b>Contract:</b> MCX Futures
🎯 <b>Entry Spot:</b> ₹264568.0
⬆️ <b>Target Spot:</b> ₹275249.9
⬇️ <b>Stop Spot:</b> ₹262099.0
💰 Live Price: ₹264502.0 (Lots: 0)

2026-02-09 19:58:26 | alerts | INFO | 
🟢 <b>🔔 REAL-TIME HIGH-CONVICTION SIGNAL - SILVERMIC FUT</b>

📊 Conf: 8.1/10 | R:R: 1:4.13

📝 <b>Contract:</b> MCX Futures
🎯 <b>Entry Spot:</b> ₹264569.0
⬆️ <b>Target Spot:</b> ₹275251.0
⬇️ <b>Stop Spot:</b> ₹261981.4
💰 Live Price: ₹264534.0 (Lots: 0)

2026-02-09 19:59:13 | alerts | INFO | 
🟢 <b>🔔 REAL-TIME HIGH-CONVICTION SIGNAL - SILVER FUT</b>

📊 Conf: 8.1/10 | R:R: 1:4.67

📝 <b>Contract:</b> MCX Futures
🎯 <b>Entry Spot:</b> ₹256200.0
⬆️ <b>Target Spot:</b> ₹266544.1
⬇️ <b>Stop Spot:</b> ₹253985.6
💰 Live Price: ₹256200.0 (Lots: 0)

2026-02-09 19:59:21 | alerts | INFO | 
🟢 <b>🔔 REAL-TIME HIGH-CONVICTION SIGNAL - SILVERMIC FUT</b>

📊 Conf: 8.1/10 | R:R: 1:3.98

📝 <b>Contract:</b> MCX Futures
🎯 <b>Entry Spot:</b> ₹264286.0
⬆️ <b>Target Spot:</b> ₹274956.5
⬇️ <b>Stop Spot:</b> ₹261607.4
💰 Live Price: ₹264202.0 (Lots: 0)

2026-02-09 20:00:08 | alerts | INFO | 
🟢 <b>🔔 REAL-TIME HIGH-CONVICTION SIGNAL - SILVER FUT</b>

📊 Conf: 8.1/10 | R:R: 1:4.98

📝 <b>Contract:</b> MCX Futures
🎯 <b>Entry Spot:</b> ₹256200.0
⬆️ <b>Target Spot:</b> ₹266544.1
⬇️ <b>Stop Spot:</b> ₹254121.6
💰 Live Price: ₹256190.0 (Lots: 0)

2026-02-09 20:00:59 | alerts | INFO | 
🟢 <b>🔔 REAL-TIME HIGH-CONVICTION SIGNAL - SILVER FUT</b>

📊 Conf: 8.1/10 | R:R: 1:4.93

📝 <b>Contract:</b> MCX Futures
🎯 <b>Entry Spot:</b> ₹256450.0
⬆️ <b>Target Spot:</b> ₹266804.2
⬇️ <b>Stop Spot:</b> ₹254350.9
💰 Live Price: ₹256450.0 (Lots: 0)

2026-02-09 20:01:03 | alerts | INFO | 
🟢 <b>🔔 REAL-TIME HIGH-CONVICTION SIGNAL - SILVERM FUT</b>

📊 Conf: 8.1/10 | R:R: 1:4.32

📝 <b>Contract:</b> MCX Futures
🎯 <b>Entry Spot:</b> ₹264338.0
⬆️ <b>Target Spot:</b> ₹275010.6
⬇️ <b>Stop Spot:</b> ₹261870.3
💰 Live Price: ₹263538.0 (Lots: 0)

2026-02-09 20:01:06 | alerts | INFO | 
🟢 <b>🔔 REAL-TIME HIGH-CONVICTION SIGNAL - SILVERMIC FUT</b>

📊 Conf: 8.1/10 | R:R: 1:4.14

📝 <b>Contract:</b> MCX Futures
🎯 <b>Entry Spot:</b> ₹264346.0
⬆️ <b>Target Spot:</b> ₹275019.0
⬇️ <b>Stop Spot:</b> ₹261770.0
💰 Live Price: ₹263983.0 (Lots: 0)

2026-02-09 20:01:52 | alerts | INFO | 
🟢 <b>🔔 REAL-TIME HIGH-CONVICTION SIGNAL - SILVER FUT</b>

📊 Conf: 8.1/10 | R:R: 1:5.30

📝 <b>Contract:</b> MCX Futures
🎯 <b>Entry Spot:</b> ₹256779.0
⬆️ <b>Target Spot:</b> ₹267146.5
⬇️ <b>Stop Spot:</b> ₹254822.9
💰 Live Price: ₹256996.0 (Lots: 0)

2026-02-09 20:01:56 | alerts | INFO | 
🟢 <b>🔔 REAL-TIME HIGH-CONVICTION SIGNAL - SILVERM FUT</b>

📊 Conf: 8.1/10 | R:R: 1:4.79

📝 <b>Contract:</b> MCX Futures
🎯 <b>Entry Spot:</b> ₹264562.0
⬆️ <b>Target Spot:</b> ₹275243.7
⬇️ <b>Stop Spot:</b> ₹262334.3
💰 Live Price: ₹265310.0 (Lots: 0)

2026-02-09 20:01:59 | alerts | INFO | 
🟢 <b>🔔 REAL-TIME HIGH-CONVICTION SIGNAL - SILVERMIC FUT</b>

📊 Conf: 8.1/10 | R:R: 1:4.40

📝 <b>Contract:</b> MCX Futures
🎯 <b>Entry Spot:</b> ₹264720.0
⬆️ <b>Target Spot:</b> ₹275408.1
⬇️ <b>Stop Spot:</b> ₹262293.0
💰 Live Price: ₹265494.0 (Lots: 0)

2026-02-09 20:02:46 | alerts | INFO | 
🟢 <b>🔔 REAL-TIME HIGH-CONVICTION SIGNAL - SILVER FUT</b>

📊 Conf: 8.1/10 | R:R: 1:5.02

📝 <b>Contract:</b> MCX Futures
🎯 <b>Entry Spot:</b> ₹257777.0
⬆️ <b>Target Spot:</b> ₹268184.7
⬇️ <b>Stop Spot:</b> ₹255701.9
💰 Live Price: ₹257792.0 (Lots: 0)

2026-02-09 20:02:50 | alerts | INFO | 
🟢 <b>🔔 REAL-TIME HIGH-CONVICTION SIGNAL - SILVERM FUT</b>

📊 Conf: 8.1/10 | R:R: 1:4.29

📝 <b>Contract:</b> MCX Futures
🎯 <b>Entry Spot:</b> ₹265501.0
⬆️ <b>Target Spot:</b> ₹276220.6
⬇️ <b>Stop Spot:</b> ₹263001.3
💰 Live Price: ₹265942.0 (Lots: 0)

2026-02-09 20:02:53 | alerts | INFO | 
🟢 <b>🔔 REAL-TIME HIGH-CONVICTION SIGNAL - SILVERMIC FUT</b>

📊 Conf: 8.1/10 | R:R: 1:4.02

📝 <b>Contract:</b> MCX Futures
🎯 <b>Entry Spot:</b> ₹265534.0
⬆️ <b>Target Spot:</b> ₹276254.9
⬇️ <b>Stop Spot:</b> ₹262870.1
💰 Live Price: ₹265986.0 (Lots: 0)

2026-02-09 20:03:38 | alerts | INFO | 
🟢 <b>🔔 REAL-TIME HIGH-CONVICTION SIGNAL - SILVER FUT</b>

📊 Conf: 8.1/10 | R:R: 1:4.48

📝 <b>Contract:</b> MCX Futures
🎯 <b>Entry Spot:</b> ₹258280.0
⬆️ <b>Target Spot:</b> ₹268708.1
⬇️ <b>Stop Spot:</b> ₹255953.7
💰 Live Price: ₹258278.0 (Lots: 0)

2026-02-09 20:03:41 | alerts | INFO | 
🟢 <b>🔔 REAL-TIME HIGH-CONVICTION SIGNAL - SILVERM FUT</b>

📊 Conf: 8.1/10 | R:R: 1:4.11

📝 <b>Contract:</b> MCX Futures
🎯 <b>Entry Spot:</b> ₹265770.0
⬆️ <b>Target Spot:</b> ₹276500.5
⬇️ <b>Stop Spot:</b> ₹263160.3
💰 Live Price: ₹265968.0 (Lots: 0)

2026-02-09 20:03:45 | alerts | INFO | 
🟢 <b>🔔 REAL-TIME HIGH-CONVICTION SIGNAL - SILVERMIC FUT</b>

📊 Conf: 8.1/10 | R:R: 1:3.79

📝 <b>Contract:</b> MCX Futures
🎯 <b>Entry Spot:</b> ₹265798.0
⬆️ <b>Target Spot:</b> ₹276529.6
⬇️ <b>Stop Spot:</b> ₹262965.3
💰 Live Price: ₹266287.0 (Lots: 0)

2026-02-09 20:04:33 | alerts | INFO | 
🟢 <b>🔔 REAL-TIME HIGH-CONVICTION SIGNAL - SILVER FUT</b>

📊 Conf: 8.1/10 | R:R: 1:4.50

📝 <b>Contract:</b> MCX Futures
🎯 <b>Entry Spot:</b> ₹257807.0
⬆️ <b>Target Spot:</b> ₹268216.0
⬇️ <b>Stop Spot:</b> ₹255495.3
💰 Live Price: ₹258298.0 (Lots: 0)

2026-02-09 20:05:18 | alerts | INFO | 
🟢 <b>🔔 REAL-TIME HIGH-CONVICTION SIGNAL - GOLDM FUT</b>

📊 Conf: 8.1/10 | R:R: 1:8.08

📝 <b>Contract:</b> MCX Futures
🎯 <b>Entry Spot:</b> ₹155861.0
⬆️ <b>Target Spot:</b> ₹162153.9
⬇️ <b>Stop Spot:</b> ₹155081.7
💰 Live Price: ₹155748.0 (Lots: 0)

2026-02-09 20:05:22 | alerts | INFO | 
🟢 <b>🔔 REAL-TIME HIGH-CONVICTION SIGNAL - GOLDMINI FUT</b>

📊 Conf: 8.1/10 | R:R: 1:8.08

📝 <b>Contract:</b> MCX Futures
🎯 <b>Entry Spot:</b> ₹155861.0
⬆️ <b>Target Spot:</b> ₹162153.9
⬇️ <b>Stop Spot:</b> ₹155081.7
💰 Live Price: ₹155861.0 (Lots: 0)

2026-02-09 20:05:26 | alerts | INFO | 
🟢 <b>🔔 REAL-TIME HIGH-CONVICTION SIGNAL - SILVER FUT</b>

📊 Conf: 8.1/10 | R:R: 1:4.44

📝 <b>Contract:</b> MCX Futures
🎯 <b>Entry Spot:</b> ₹258443.0
⬆️ <b>Target Spot:</b> ₹268877.6
⬇️ <b>Stop Spot:</b> ₹256091.1
💰 Live Price: ₹258036.0 (Lots: 0)

2026-02-09 20:05:29 | alerts | INFO | 
🟢 <b>🔔 REAL-TIME HIGH-CONVICTION SIGNAL - SILVERM FUT</b>

📊 Conf: 8.1/10 | R:R: 1:3.94

📝 <b>Contract:</b> MCX Futures
🎯 <b>Entry Spot:</b> ₹266065.0
⬆️ <b>Target Spot:</b> ₹276807.4
⬇️ <b>Stop Spot:</b> ₹263335.1
💰 Live Price: ₹266172.0 (Lots: 0)

2026-02-09 20:05:34 | alerts | INFO | 
🟢 <b>🔔 REAL-TIME HIGH-CONVICTION SIGNAL - SILVERMIC FUT</b>

📊 Conf: 8.1/10 | R:R: 1:3.71

📝 <b>Contract:</b> MCX Futures
🎯 <b>Entry Spot:</b> ₹266335.0
⬆️ <b>Target Spot:</b> ₹277088.3
⬇️ <b>Stop Spot:</b> ₹263439.6
💰 Live Price: ₹266100.0 (Lots: 0)

2026-02-09 20:06:17 | alerts | INFO | 
🟢 <b>🔔 REAL-TIME HIGH-CONVICTION SIGNAL - SILVER FUT</b>

📊 Conf: 8.1/10 | R:R: 1:4.74

📝 <b>Contract:</b> MCX Futures
🎯 <b>Entry Spot:</b> ₹258020.0
⬆️ <b>Target Spot:</b> ₹268437.6
⬇️ <b>Stop Spot:</b> ₹255823.7
💰 Live Price: ₹257556.0 (Lots: 0)

2026-02-09 20:06:26 | alerts | INFO | 
🟢 <b>🔔 REAL-TIME HIGH-CONVICTION SIGNAL - SILVERM FUT</b>

📊 Conf: 8.1/10 | R:R: 1:4.15

📝 <b>Contract:</b> MCX Futures
🎯 <b>Entry Spot:</b> ₹265709.0
⬆️ <b>Target Spot:</b> ₹276437.0
⬇️ <b>Stop Spot:</b> ₹263126.7
💰 Live Price: ₹265441.0 (Lots: 0)

2026-02-09 20:06:28 | alerts | INFO | 
🟢 <b>🔔 REAL-TIME HIGH-CONVICTION SIGNAL - SILVERMIC FUT</b>

📊 Conf: 8.1/10 | R:R: 1:3.94

📝 <b>Contract:</b> MCX Futures
🎯 <b>Entry Spot:</b> ₹265682.0
⬆️ <b>Target Spot:</b> ₹276408.9
⬇️ <b>Stop Spot:</b> ₹262958.6
💰 Live Price: ₹265624.0 (Lots: 0)

2026-02-09 20:06:49 | alerts | INFO | 
🟢 <b>🔔 REAL-TIME HIGH-CONVICTION SIGNAL - SILVERM FUT</b>

📊 Conf: 8.1/10 | R:R: 1:4.56

📝 <b>Contract:</b> MCX Futures
🎯 <b>Entry Spot:</b> ₹265495.0
⬆️ <b>Target Spot:</b> ₹276214.4
⬇️ <b>Stop Spot:</b> ₹263144.7
💰 Live Price: ₹264971.0 (Lots: 0)

2026-02-09 20:06:52 | alerts | INFO | 
🟢 <b>🔔 REAL-TIME HIGH-CONVICTION SIGNAL - SILVERMIC FUT</b>

📊 Conf: 8.1/10 | R:R: 1:4.20

📝 <b>Contract:</b> MCX Futures
🎯 <b>Entry Spot:</b> ₹265505.0
⬆️ <b>Target Spot:</b> ₹276224.8
⬇️ <b>Stop Spot:</b> ₹262954.0
💰 Live Price: ₹265509.0 (Lots: 0)

2026-02-09 20:07:38 | alerts | INFO | 
🟢 <b>🔔 REAL-TIME HIGH-CONVICTION SIGNAL - CRUDEOILM FUT</b>

📊 Conf: 8.1/10 | R:R: 1:8.08

📝 <b>Contract:</b> MCX Futures
🎯 <b>Entry Spot:</b> ₹5786.0
⬆️ <b>Target Spot:</b> ₹6019.6
⬇️ <b>Stop Spot:</b> ₹5757.1
💰 Live Price: ₹5787.0 (Lots: 0)

2026-02-09 20:07:40 | alerts | INFO | 
🟢 <b>🔔 REAL-TIME HIGH-CONVICTION SIGNAL - CRUDEOILMINI FUT</b>

📊 Conf: 8.1/10 | R:R: 1:8.08

📝 <b>Contract:</b> MCX Futures
🎯 <b>Entry Spot:</b> ₹5786.0
⬆️ <b>Target Spot:</b> ₹6019.6
⬇️ <b>Stop Spot:</b> ₹5757.1
💰 Live Price: ₹5786.0 (Lots: 0)

2026-02-09 20:26:00 | alerts | INFO | 🛑 <b>AUTOMATIC SCHEDULER STOPPED</b>
2026-02-09 20:26:18 | alerts | INFO | 🤖 <b>CONTINUOUS PAPER TRADER STARTED</b>
2026-02-09 21:04:08 | alerts | INFO | 
🟢 <b>🔔 REAL-TIME HIGH-CONVICTION SIGNAL - GOLDM FUT</b>

📊 Conf: 8.1/10 | R:R: 1:8.07

📝 <b>Contract:</b> MCX Futures
🎯 <b>Entry Spot:</b> ₹156239.0
⬆️ <b>Target Spot:</b> ₹162547.1
⬇️ <b>Stop Spot:</b> ₹155457.8
💰 Live Price: ₹156240.0 (Lots: 0)

2026-02-09 21:04:13 | alerts | INFO | 
🟢 <b>🔔 REAL-TIME HIGH-CONVICTION SIGNAL - GOLDMINI FUT</b>

📊 Conf: 8.1/10 | R:R: 1:8.07

📝 <b>Contract:</b> MCX Futures
🎯 <b>Entry Spot:</b> ₹156239.0
⬆️ <b>Target Spot:</b> ₹162547.1
⬇️ <b>Stop Spot:</b> ₹155457.8
💰 Live Price: ₹156239.0 (Lots: 0)

2026-02-09 22:39:42 | alerts | INFO | 
🔴 <b>🔔 REAL-TIME HIGH-CONVICTION SIGNAL - SILVER FUT</b>

📊 Conf: 8.1/10 | R:R: 1:4.64

📝 <b>Contract:</b> MCX Futures
🎯 <b>Entry Spot:</b> ₹263040.0
⬆️ <b>Target Spot:</b> ₹252419.8
⬇️ <b>Stop Spot:</b> ₹265327.6
💰 Live Price: ₹263118.0 (Lots: 0)

2026-02-09 22:39:45 | alerts | INFO | 
🔴 <b>🔔 REAL-TIME HIGH-CONVICTION SIGNAL - SILVERM FUT</b>

📊 Conf: 8.1/10 | R:R: 1:4.46

📝 <b>Contract:</b> MCX Futures
🎯 <b>Entry Spot:</b> ₹270546.0
⬆️ <b>Target Spot:</b> ₹259622.7
⬇️ <b>Stop Spot:</b> ₹272994.7
💰 Live Price: ₹270810.0 (Lots: 0)

2026-02-09 22:39:47 | alerts | INFO | 
🔴 <b>🔔 REAL-TIME HIGH-CONVICTION SIGNAL - SILVERMIC FUT</b>

📊 Conf: 8.1/10 | R:R: 1:4.37

📝 <b>Contract:</b> MCX Futures
🎯 <b>Entry Spot:</b> ₹270700.0
⬆️ <b>Target Spot:</b> ₹259770.5
⬇️ <b>Stop Spot:</b> ₹273199.0
💰 Live Price: ₹270818.0 (Lots: 0)

2026-02-09 22:40:07 | alerts | INFO | 🛑 <b>AUTOMATIC SCHEDULER STOPPED</b>
2026-02-09 22:40:27 | alerts | INFO | 🤖 <b>CONTINUOUS PAPER TRADER STARTED</b>
2026-02-09 22:40:36 | alerts | INFO | 
🔴 <b>🔔 REAL-TIME HIGH-CONVICTION SIGNAL - SILVER FUT</b>

📊 Conf: 8.1/10 | R:R: 1:4.93

📝 <b>Contract:</b> MCX Futures
🎯 <b>Entry Spot:</b> ₹263200.0
⬆️ <b>Target Spot:</b> ₹252573.3
⬇️ <b>Stop Spot:</b> ₹265356.1
💰 Live Price: ₹263108.0 (Lots: 0)

2026-02-09 22:40:42 | alerts | INFO | 
🔴 <b>✅ TRADE EXECUTED (PAPER) - SILVER FUT</b>

📊 Conf: 8.1/10 | R:R: 1:4.93

📝 <b>Contract:</b> MCX Futures
🎯 <b>Entry Spot:</b> ₹263200.0
⬆️ <b>Target Spot:</b> ₹252573.3
⬇️ <b>Stop Spot:</b> ₹265356.1
📦 Lots: 3 | Cost: ₹88,260

2026-02-09 22:50:26 | alerts | INFO | 🛑 <b>AUTOMATIC SCHEDULER STOPPED</b>
2026-02-09 23:28:23 | alerts | INFO | 🤖 <b>CONTINUOUS PAPER TRADER STARTED</b>
2026-02-09 23:28:41 | alerts | INFO | 
🔴 <b>COMMODITY POSITION CLOSED</b>

<b>SILVER FUTURES</b>

💰 Entry: ₹29420.0
💰 Exit: ₹29420.0
📊 P&L: ₹0 (+0.0%)

🎯 Reason: TIME EXIT

2026-02-09 23:29:38 | alerts | INFO | 
🔴 <b>🔔 REAL-TIME HIGH-CONVICTION SIGNAL - SILVER FUT</b>

📊 Conf: 8.1/10 | R:R: 1:4.74

📝 <b>Contract:</b> MCX Futures
🎯 <b>Entry Spot:</b> ₹262323.0
⬇️ <b>Target Spot:</b> ₹251731.7
⬆️ <b>Stop Spot:</b> ₹264557.7
💰 Live Price: ₹262165.0 (Lots: 0)

2026-02-09 23:29:44 | alerts | INFO | 
🔴 <b>✅ TRADE EXECUTED (PAPER) - SILVER FUT</b>

📊 Conf: 8.1/10 | R:R: 1:4.74

📝 <b>Contract:</b> MCX Futures
🎯 <b>Entry Spot:</b> ₹262323.0
⬇️ <b>Target Spot:</b> ₹251731.7
⬆️ <b>Stop Spot:</b> ₹264557.7
📦 Lots: 3 | Cost: ₹88,260

2026-02-09 23:49:42 | alerts | INFO | 
🔴 <b>COMMODITY POSITION CLOSED</b>

<b>SILVER FUTURES</b>

💰 Entry: ₹29420.0
💰 Exit: ₹29420.0
📊 P&L: ₹0 (+0.0%)

🎯 Reason: TIME EXIT

2026-02-10 00:06:24 | alerts | INFO | 🛑 <b>AUTOMATIC SCHEDULER STOPPED</b>
2026-02-10 00:06:33 | alerts | INFO | 🤖 <b>CONTINUOUS PAPER TRADER STARTED</b>
2026-02-10 00:09:01 | alerts | INFO | 🛑 <b>AUTOMATIC SCHEDULER STOPPED</b>
2026-02-10 00:09:24 | alerts | INFO | 🤖 <b>CONTINUOUS PAPER TRADER STARTED</b>
2026-02-10 10:23:29 | alerts | INFO | 
🔴 <b>🔔 REAL-TIME HIGH-CONVICTION SIGNAL - SILVER FUT</b>

📊 Conf: 8.1/10 | R:R: 1:2.57

📝 <b>Contract:</b> MCX Futures
🎯 <b>Entry Spot:</b> ₹80.9
⬇️ <b>Target Spot:</b> ₹77.7
⬆️ <b>Stop Spot:</b> ₹82.2
💰 Live Price: ₹80.9 (Lots: 0)

2026-02-10 10:23:43 | alerts | INFO | 
🔴 <b>🔔 REAL-TIME HIGH-CONVICTION SIGNAL - SILVER FUT</b>

📊 Conf: 8.1/10 | R:R: 1:2.53

📝 <b>Contract:</b> MCX Futures
🎯 <b>Entry Spot:</b> ₹80.9
⬇️ <b>Target Spot:</b> ₹77.7
⬆️ <b>Stop Spot:</b> ₹82.2
💰 Live Price: ₹80.9 (Lots: 0)

2026-02-10 10:23:51 | alerts | INFO | 
🔴 <b>🔔 REAL-TIME HIGH-CONVICTION SIGNAL - SILVER FUT</b>

📊 Conf: 8.1/10 | R:R: 1:2.53

📝 <b>Contract:</b> MCX Futures
🎯 <b>Entry Spot:</b> ₹80.9
⬇️ <b>Target Spot:</b> ₹77.7
⬆️ <b>Stop Spot:</b> ₹82.2
💰 Live Price: ₹80.9 (Lots: 0)

2026-02-10 10:24:14 | alerts | INFO | 🛑 <b>AUTOMATIC SCHEDULER STOPPED</b>
2026-02-10 10:24:31 | alerts | INFO | 🤖 <b>CONTINUOUS PAPER TRADER STARTED</b>
2026-02-10 13:57:28 | alerts | INFO | 
🟢 <b>🔔 REAL-TIME HIGH-CONVICTION SIGNAL - SILVER FUT</b>

📊 Conf: 8.1/10 | R:R: 1:3.24

📝 <b>Contract:</b> MCX Futures
🎯 <b>Entry Spot:</b> ₹81.2
⬆️ <b>Target Spot:</b> ₹84.5
⬇️ <b>Stop Spot:</b> ₹80.2
💰 Live Price: ₹257497.0 (Lots: 0)

2026-02-10 13:58:06 | alerts | INFO | 
🟢 <b>🔔 REAL-TIME HIGH-CONVICTION SIGNAL - SILVER FUT</b>

📊 Conf: 8.1/10 | R:R: 1:3.02

📝 <b>Contract:</b> MCX Futures
🎯 <b>Entry Spot:</b> ₹81.3
⬆️ <b>Target Spot:</b> ₹84.6
⬇️ <b>Stop Spot:</b> ₹80.2
💰 Live Price: ₹257497.0 (Lots: 0)

2026-02-10 13:58:43 | alerts | INFO | 
🟢 <b>🔔 REAL-TIME HIGH-CONVICTION SIGNAL - SILVER FUT</b>

📊 Conf: 8.1/10 | R:R: 1:3.22

📝 <b>Contract:</b> MCX Futures
🎯 <b>Entry Spot:</b> ₹81.2
⬆️ <b>Target Spot:</b> ₹84.5
⬇️ <b>Stop Spot:</b> ₹80.2
💰 Live Price: ₹257328.0 (Lots: 0)

2026-02-10 13:59:20 | alerts | INFO | 
🟢 <b>🔔 REAL-TIME HIGH-CONVICTION SIGNAL - SILVER FUT</b>

📊 Conf: 8.1/10 | R:R: 1:3.13

📝 <b>Contract:</b> MCX Futures
🎯 <b>Entry Spot:</b> ₹81.3
⬆️ <b>Target Spot:</b> ₹84.6
⬇️ <b>Stop Spot:</b> ₹80.3
💰 Live Price: ₹257335.0 (Lots: 0)

2026-02-10 13:59:57 | alerts | INFO | 
🟢 <b>🔔 REAL-TIME HIGH-CONVICTION SIGNAL - SILVER FUT</b>

📊 Conf: 8.1/10 | R:R: 1:3.08

📝 <b>Contract:</b> MCX Futures
🎯 <b>Entry Spot:</b> ₹81.4
⬆️ <b>Target Spot:</b> ₹84.6
⬇️ <b>Stop Spot:</b> ₹80.3
💰 Live Price: ₹257400.0 (Lots: 0)

2026-02-10 14:00:34 | alerts | INFO | 
🟢 <b>🔔 REAL-TIME HIGH-CONVICTION SIGNAL - SILVER FUT</b>

📊 Conf: 8.1/10 | R:R: 1:3.04

📝 <b>Contract:</b> MCX Futures
🎯 <b>Entry Spot:</b> ₹81.3
⬆️ <b>Target Spot:</b> ₹84.5
⬇️ <b>Stop Spot:</b> ₹80.2
💰 Live Price: ₹257450.0 (Lots: 0)

2026-02-10 14:01:12 | alerts | INFO | 
🟢 <b>🔔 REAL-TIME HIGH-CONVICTION SIGNAL - SILVER FUT</b>

📊 Conf: 8.1/10 | R:R: 1:3.08

📝 <b>Contract:</b> MCX Futures
🎯 <b>Entry Spot:</b> ₹81.4
⬆️ <b>Target Spot:</b> ₹84.6
⬇️ <b>Stop Spot:</b> ₹80.3
💰 Live Price: ₹257450.0 (Lots: 0)

2026-02-10 14:01:25 | alerts | INFO | 
🟢 <b>🔔 REAL-TIME HIGH-CONVICTION SIGNAL - SILVER FUT</b>

📊 Conf: 8.1/10 | R:R: 1:2.98

📝 <b>Contract:</b> MCX Futures
🎯 <b>Entry Spot:</b> ₹81.4
⬆️ <b>Target Spot:</b> ₹84.7
⬇️ <b>Stop Spot:</b> ₹80.3
💰 Live Price: ₹257500.0 (Lots: 0)

2026-02-10 14:01:33 | alerts | INFO | 
🟢 <b>🔔 REAL-TIME HIGH-CONVICTION SIGNAL - SILVER FUT</b>

📊 Conf: 8.1/10 | R:R: 1:3.10

📝 <b>Contract:</b> MCX Futures
🎯 <b>Entry Spot:</b> ₹81.4
⬆️ <b>Target Spot:</b> ₹84.7
⬇️ <b>Stop Spot:</b> ₹80.4
💰 Live Price: ₹257500.0 (Lots: 0)

2026-02-10 14:02:09 | alerts | INFO | 
🟢 <b>🔔 REAL-TIME HIGH-CONVICTION SIGNAL - SILVER FUT</b>

📊 Conf: 8.1/10 | R:R: 1:2.96

📝 <b>Contract:</b> MCX Futures
🎯 <b>Entry Spot:</b> ₹81.3
⬆️ <b>Target Spot:</b> ₹84.6
⬇️ <b>Stop Spot:</b> ₹80.2
💰 Live Price: ₹257743.0 (Lots: 0)

2026-02-10 14:02:49 | alerts | INFO | 
🟢 <b>🔔 REAL-TIME HIGH-CONVICTION SIGNAL - SILVER FUT</b>

📊 Conf: 8.1/10 | R:R: 1:2.93

📝 <b>Contract:</b> MCX Futures
🎯 <b>Entry Spot:</b> ₹81.3
⬆️ <b>Target Spot:</b> ₹84.6
⬇️ <b>Stop Spot:</b> ₹80.2
💰 Live Price: ₹257743.0 (Lots: 0)

2026-02-10 14:03:27 | alerts | INFO | 
🟢 <b>🔔 REAL-TIME HIGH-CONVICTION SIGNAL - SILVER FUT</b>

📊 Conf: 8.1/10 | R:R: 1:2.93

📝 <b>Contract:</b> MCX Futures
🎯 <b>Entry Spot:</b> ₹81.3
⬆️ <b>Target Spot:</b> ₹84.6
⬇️ <b>Stop Spot:</b> ₹80.2
💰 Live Price: ₹257714.0 (Lots: 0)

2026-02-10 14:04:04 | alerts | INFO | 
🟢 <b>🔔 REAL-TIME HIGH-CONVICTION SIGNAL - SILVER FUT</b>

📊 Conf: 8.1/10 | R:R: 1:3.11

📝 <b>Contract:</b> MCX Futures
🎯 <b>Entry Spot:</b> ₹81.3
⬆️ <b>Target Spot:</b> ₹84.6
⬇️ <b>Stop Spot:</b> ₹80.3
💰 Live Price: ₹257714.0 (Lots: 0)

2026-02-10 14:04:43 | alerts | INFO | 
🟢 <b>🔔 REAL-TIME HIGH-CONVICTION SIGNAL - SILVER FUT</b>

📊 Conf: 8.1/10 | R:R: 1:3.11

📝 <b>Contract:</b> MCX Futures
🎯 <b>Entry Spot:</b> ₹81.3
⬆️ <b>Target Spot:</b> ₹84.6
⬇️ <b>Stop Spot:</b> ₹80.3
💰 Live Price: ₹257714.0 (Lots: 0)

2026-02-10 14:05:20 | alerts | INFO | 
🟢 <b>🔔 REAL-TIME HIGH-CONVICTION SIGNAL - SILVER FUT</b>

📊 Conf: 8.1/10 | R:R: 1:3.15

📝 <b>Contract:</b> MCX Futures
🎯 <b>Entry Spot:</b> ₹81.3
⬆️ <b>Target Spot:</b> ₹84.6
⬇️ <b>Stop Spot:</b> ₹80.3
💰 Live Price: ₹257714.0 (Lots: 0)

2026-02-10 14:05:59 | alerts | INFO | 
🟢 <b>🔔 REAL-TIME HIGH-CONVICTION SIGNAL - SILVER FUT</b>

📊 Conf: 8.1/10 | R:R: 1:3.13

📝 <b>Contract:</b> MCX Futures
🎯 <b>Entry Spot:</b> ₹81.3
⬆️ <b>Target Spot:</b> ₹84.6
⬇️ <b>Stop Spot:</b> ₹80.3
💰 Live Price: ₹257714.0 (Lots: 0)

2026-02-10 14:06:42 | alerts | INFO | 
🟢 <b>🔔 REAL-TIME HIGH-CONVICTION SIGNAL - SILVER FUT</b>

📊 Conf: 8.1/10 | R:R: 1:2.91

📝 <b>Contract:</b> MCX Futures
🎯 <b>Entry Spot:</b> ₹81.3
⬆️ <b>Target Spot:</b> ₹84.6
⬇️ <b>Stop Spot:</b> ₹80.2
💰 Live Price: ₹257689.0 (Lots: 0)

2026-02-10 14:07:19 | alerts | INFO | 
🟢 <b>🔔 REAL-TIME HIGH-CONVICTION SIGNAL - SILVER FUT</b>

📊 Conf: 8.1/10 | R:R: 1:3.08

📝 <b>Contract:</b> MCX Futures
🎯 <b>Entry Spot:</b> ₹81.4
⬆️ <b>Target Spot:</b> ₹84.6
⬇️ <b>Stop Spot:</b> ₹80.3
💰 Live Price: ₹257689.0 (Lots: 0)

2026-02-10 14:07:56 | alerts | INFO | 
🟢 <b>🔔 REAL-TIME HIGH-CONVICTION SIGNAL - SILVER FUT</b>

📊 Conf: 8.1/10 | R:R: 1:2.89

📝 <b>Contract:</b> MCX Futures
🎯 <b>Entry Spot:</b> ₹81.3
⬆️ <b>Target Spot:</b> ₹84.6
⬇️ <b>Stop Spot:</b> ₹80.2
💰 Live Price: ₹257745.0 (Lots: 0)

2026-02-10 14:08:33 | alerts | INFO | 
🟢 <b>🔔 REAL-TIME HIGH-CONVICTION SIGNAL - SILVER FUT</b>

📊 Conf: 8.1/10 | R:R: 1:3.07

📝 <b>Contract:</b> MCX Futures
🎯 <b>Entry Spot:</b> ₹81.5
⬆️ <b>Target Spot:</b> ₹84.8
⬇️ <b>Stop Spot:</b> ₹80.4
💰 Live Price: ₹257800.0 (Lots: 0)

2026-02-10 14:09:09 | alerts | INFO | 
🟢 <b>🔔 REAL-TIME HIGH-CONVICTION SIGNAL - SILVER FUT</b>

📊 Conf: 8.1/10 | R:R: 1:2.93

📝 <b>Contract:</b> MCX Futures
🎯 <b>Entry Spot:</b> ₹81.3
⬆️ <b>Target Spot:</b> ₹84.6
⬇️ <b>Stop Spot:</b> ₹80.2
💰 Live Price: ₹258100.0 (Lots: 0)

2026-02-10 14:09:52 | alerts | INFO | 
🟢 <b>🔔 REAL-TIME HIGH-CONVICTION SIGNAL - SILVER FUT</b>

📊 Conf: 8.1/10 | R:R: 1:3.08

📝 <b>Contract:</b> MCX Futures
🎯 <b>Entry Spot:</b> ₹81.4
⬆️ <b>Target Spot:</b> ₹84.6
⬇️ <b>Stop Spot:</b> ₹80.3
💰 Live Price: ₹258100.0 (Lots: 0)

2026-02-10 14:19:08 | alerts | INFO | 
🟢 <b>🔔 REAL-TIME HIGH-CONVICTION SIGNAL - SILVER FUT</b>

📊 Conf: 8.1/10 | R:R: 1:2.88

📝 <b>Contract:</b> MCX Futures
🎯 <b>Entry Spot:</b> ₹81.7
⬆️ <b>Target Spot:</b> ₹85.0
⬇️ <b>Stop Spot:</b> ₹80.6
💰 Live Price: ₹259506.0 (Lots: 0)

2026-02-10 14:19:47 | alerts | INFO | 
🟢 <b>🔔 REAL-TIME HIGH-CONVICTION SIGNAL - SILVER FUT</b>

📊 Conf: 8.1/10 | R:R: 1:3.04

📝 <b>Contract:</b> MCX Futures
🎯 <b>Entry Spot:</b> ₹81.7
⬆️ <b>Target Spot:</b> ₹85.0
⬇️ <b>Stop Spot:</b> ₹80.6
💰 Live Price: ₹259450.0 (Lots: 0)

2026-02-10 14:20:23 | alerts | INFO | 
🟢 <b>🔔 REAL-TIME HIGH-CONVICTION SIGNAL - SILVER FUT</b>

📊 Conf: 8.1/10 | R:R: 1:3.17

📝 <b>Contract:</b> MCX Futures
🎯 <b>Entry Spot:</b> ₹81.7
⬆️ <b>Target Spot:</b> ₹85.0
⬇️ <b>Stop Spot:</b> ₹80.6
💰 Live Price: ₹259351.0 (Lots: 0)

2026-02-10 14:21:00 | alerts | INFO | 
🟢 <b>🔔 REAL-TIME HIGH-CONVICTION SIGNAL - SILVER FUT</b>

📊 Conf: 8.1/10 | R:R: 1:3.09

📝 <b>Contract:</b> MCX Futures
🎯 <b>Entry Spot:</b> ₹81.8
⬆️ <b>Target Spot:</b> ₹85.1
⬇️ <b>Stop Spot:</b> ₹80.7
💰 Live Price: ₹259476.0 (Lots: 0)

2026-02-10 14:21:38 | alerts | INFO | 
🟢 <b>🔔 REAL-TIME HIGH-CONVICTION SIGNAL - SILVER FUT</b>

📊 Conf: 8.1/10 | R:R: 1:3.13

📝 <b>Contract:</b> MCX Futures
🎯 <b>Entry Spot:</b> ₹81.8
⬆️ <b>Target Spot:</b> ₹85.1
⬇️ <b>Stop Spot:</b> ₹80.7
💰 Live Price: ₹259197.0 (Lots: 0)

2026-02-10 14:21:45 | alerts | INFO | 
🟢 <b>🔔 REAL-TIME HIGH-CONVICTION SIGNAL - SILVER FUT</b>

📊 Conf: 8.1/10 | R:R: 1:3.02

📝 <b>Contract:</b> MCX Futures
🎯 <b>Entry Spot:</b> ₹81.8
⬆️ <b>Target Spot:</b> ₹85.1
⬇️ <b>Stop Spot:</b> ₹80.7
💰 Live Price: ₹259197.0 (Lots: 0)

2026-02-10 14:22:22 | alerts | INFO | 
🟢 <b>🔔 REAL-TIME HIGH-CONVICTION SIGNAL - SILVER FUT</b>

📊 Conf: 8.1/10 | R:R: 1:3.13

📝 <b>Contract:</b> MCX Futures
🎯 <b>Entry Spot:</b> ₹81.8
⬆️ <b>Target Spot:</b> ₹85.1
⬇️ <b>Stop Spot:</b> ₹80.7
💰 Live Price: ₹259212.0 (Lots: 0)

2026-02-10 14:23:00 | alerts | INFO | 
🟢 <b>🔔 REAL-TIME HIGH-CONVICTION SIGNAL - SILVER FUT</b>

📊 Conf: 8.1/10 | R:R: 1:3.07

📝 <b>Contract:</b> MCX Futures
🎯 <b>Entry Spot:</b> ₹81.8
⬆️ <b>Target Spot:</b> ₹85.1
⬇️ <b>Stop Spot:</b> ₹80.7
💰 Live Price: ₹259411.0 (Lots: 0)

2026-02-10 14:23:37 | alerts | INFO | 
🟢 <b>🔔 REAL-TIME HIGH-CONVICTION SIGNAL - SILVER FUT</b>

📊 Conf: 8.1/10 | R:R: 1:3.06

📝 <b>Contract:</b> MCX Futures
🎯 <b>Entry Spot:</b> ₹81.8
⬆️ <b>Target Spot:</b> ₹85.1
⬇️ <b>Stop Spot:</b> ₹80.7
💰 Live Price: ₹259318.0 (Lots: 0)

2026-02-10 14:24:14 | alerts | INFO | 
🟢 <b>🔔 REAL-TIME HIGH-CONVICTION SIGNAL - SILVER FUT</b>

📊 Conf: 8.1/10 | R:R: 1:3.15

📝 <b>Contract:</b> MCX Futures
🎯 <b>Entry Spot:</b> ₹81.8
⬆️ <b>Target Spot:</b> ₹85.1
⬇️ <b>Stop Spot:</b> ₹80.7
💰 Live Price: ₹259279.0 (Lots: 0)

2026-02-10 14:24:51 | alerts | INFO | 
🟢 <b>🔔 REAL-TIME HIGH-CONVICTION SIGNAL - SILVER FUT</b>

📊 Conf: 8.1/10 | R:R: 1:2.91

📝 <b>Contract:</b> MCX Futures
🎯 <b>Entry Spot:</b> ₹81.8
⬆️ <b>Target Spot:</b> ₹85.1
⬇️ <b>Stop Spot:</b> ₹80.6
💰 Live Price: ₹259325.0 (Lots: 0)

2026-02-10 14:27:12 | alerts | INFO | 
🟢 <b>🔔 REAL-TIME HIGH-CONVICTION SIGNAL - SILVER FUT</b>

📊 Conf: 8.1/10 | R:R: 1:3.06

📝 <b>Contract:</b> MCX Futures
🎯 <b>Entry Spot:</b> ₹82.0
⬆️ <b>Target Spot:</b> ₹85.3
⬇️ <b>Stop Spot:</b> ₹80.9
💰 Live Price: ₹258911.0 (Lots: 0)

2026-02-10 14:27:49 | alerts | INFO | 
🟢 <b>🔔 REAL-TIME HIGH-CONVICTION SIGNAL - SILVER FUT</b>

📊 Conf: 8.1/10 | R:R: 1:3.20

📝 <b>Contract:</b> MCX Futures
🎯 <b>Entry Spot:</b> ₹82.0
⬆️ <b>Target Spot:</b> ₹85.3
⬇️ <b>Stop Spot:</b> ₹81.0
💰 Live Price: ₹258785.0 (Lots: 0)

2026-02-10 14:28:26 | alerts | INFO | 
🟢 <b>🔔 REAL-TIME HIGH-CONVICTION SIGNAL - SILVER FUT</b>

📊 Conf: 8.1/10 | R:R: 1:3.11

📝 <b>Contract:</b> MCX Futures
🎯 <b>Entry Spot:</b> ₹82.1
⬆️ <b>Target Spot:</b> ₹85.4
⬇️ <b>Stop Spot:</b> ₹81.0
💰 Live Price: ₹258785.0 (Lots: 0)

2026-02-10 14:29:09 | alerts | INFO | 
🟢 <b>🔔 REAL-TIME HIGH-CONVICTION SIGNAL - SILVER FUT</b>

📊 Conf: 8.1/10 | R:R: 1:3.04

📝 <b>Contract:</b> MCX Futures
🎯 <b>Entry Spot:</b> ₹82.1
⬆️ <b>Target Spot:</b> ₹85.4
⬇️ <b>Stop Spot:</b> ₹81.0
💰 Live Price: ₹259056.0 (Lots: 0)

2026-02-10 14:29:52 | alerts | INFO | 
🟢 <b>🔔 REAL-TIME HIGH-CONVICTION SIGNAL - SILVER FUT</b>

📊 Conf: 8.1/10 | R:R: 1:3.23

📝 <b>Contract:</b> MCX Futures
🎯 <b>Entry Spot:</b> ₹82.0
⬆️ <b>Target Spot:</b> ₹85.4
⬇️ <b>Stop Spot:</b> ₹81.0
💰 Live Price: ₹258586.0 (Lots: 0)

2026-02-10 14:30:32 | alerts | INFO | 
🟢 <b>🔔 REAL-TIME HIGH-CONVICTION SIGNAL - SILVER FUT</b>

📊 Conf: 8.1/10 | R:R: 1:3.23

📝 <b>Contract:</b> MCX Futures
🎯 <b>Entry Spot:</b> ₹82.0
⬆️ <b>Target Spot:</b> ₹85.4
⬇️ <b>Stop Spot:</b> ₹81.0
💰 Live Price: ₹258586.0 (Lots: 0)

2026-02-10 14:31:09 | alerts | INFO | 
🟢 <b>🔔 REAL-TIME HIGH-CONVICTION SIGNAL - SILVER FUT</b>

📊 Conf: 8.1/10 | R:R: 1:3.13

📝 <b>Contract:</b> MCX Futures
🎯 <b>Entry Spot:</b> ₹82.1
⬆️ <b>Target Spot:</b> ₹85.4
⬇️ <b>Stop Spot:</b> ₹81.0
💰 Live Price: ₹258586.0 (Lots: 0)

2026-02-10 14:31:46 | alerts | INFO | 
🟢 <b>🔔 REAL-TIME HIGH-CONVICTION SIGNAL - SILVER FUT</b>

📊 Conf: 8.1/10 | R:R: 1:3.00

📝 <b>Contract:</b> MCX Futures
🎯 <b>Entry Spot:</b> ₹82.0
⬆️ <b>Target Spot:</b> ₹85.3
⬇️ <b>Stop Spot:</b> ₹80.9
💰 Live Price: ₹259243.0 (Lots: 0)

2026-02-10 14:32:34 | alerts | INFO | 
🟢 <b>🔔 REAL-TIME HIGH-CONVICTION SIGNAL - SILVER FUT</b>

📊 Conf: 8.1/10 | R:R: 1:3.02

📝 <b>Contract:</b> MCX Futures
🎯 <b>Entry Spot:</b> ₹82.0
⬆️ <b>Target Spot:</b> ₹85.3
⬇️ <b>Stop Spot:</b> ₹80.9
💰 Live Price: ₹259101.0 (Lots: 0)

2026-02-10 14:33:13 | alerts | INFO | 
🟢 <b>🔔 REAL-TIME HIGH-CONVICTION SIGNAL - SILVER FUT</b>

📊 Conf: 8.1/10 | R:R: 1:3.13

📝 <b>Contract:</b> MCX Futures
🎯 <b>Entry Spot:</b> ₹82.1
⬆️ <b>Target Spot:</b> ₹85.4
⬇️ <b>Stop Spot:</b> ₹81.0
💰 Live Price: ₹259250.0 (Lots: 0)

2026-02-10 14:33:52 | alerts | INFO | 
🟢 <b>🔔 REAL-TIME HIGH-CONVICTION SIGNAL - SILVER FUT</b>

📊 Conf: 8.1/10 | R:R: 1:3.20

📝 <b>Contract:</b> MCX Futures
🎯 <b>Entry Spot:</b> ₹82.0
⬆️ <b>Target Spot:</b> ₹85.3
⬇️ <b>Stop Spot:</b> ₹81.0
💰 Live Price: ₹259425.0 (Lots: 0)

2026-02-10 14:34:28 | alerts | INFO | 
🟢 <b>🔔 REAL-TIME HIGH-CONVICTION SIGNAL - SILVER FUT</b>

📊 Conf: 8.1/10 | R:R: 1:3.15

📝 <b>Contract:</b> MCX Futures
🎯 <b>Entry Spot:</b> ₹82.1
⬆️ <b>Target Spot:</b> ₹85.4
⬇️ <b>Stop Spot:</b> ₹81.0
💰 Live Price: ₹259499.0 (Lots: 0)

2026-02-10 14:43:07 | alerts | INFO | 
🟢 <b>🔔 REAL-TIME HIGH-CONVICTION SIGNAL - SILVER FUT</b>

📊 Conf: 8.1/10 | R:R: 1:3.24

📝 <b>Contract:</b> MCX Futures
🎯 <b>Entry Spot:</b> ₹82.2
⬆️ <b>Target Spot:</b> ₹85.5
⬇️ <b>Stop Spot:</b> ₹81.2
💰 Live Price: ₹259848.0 (Lots: 0)

2026-02-10 14:44:22 | alerts | INFO | 
🟢 <b>🔔 REAL-TIME HIGH-CONVICTION SIGNAL - SILVER FUT</b>

📊 Conf: 8.1/10 | R:R: 1:3.34

📝 <b>Contract:</b> MCX Futures
🎯 <b>Entry Spot:</b> ₹82.2
⬆️ <b>Target Spot:</b> ₹85.5
⬇️ <b>Stop Spot:</b> ₹81.2
💰 Live Price: ₹259652.0 (Lots: 0)

2026-02-10 14:45:34 | alerts | INFO | 
🟢 <b>🔔 REAL-TIME HIGH-CONVICTION SIGNAL - SILVER FUT</b>

📊 Conf: 8.1/10 | R:R: 1:3.30

📝 <b>Contract:</b> MCX Futures
🎯 <b>Entry Spot:</b> ₹82.3
⬆️ <b>Target Spot:</b> ₹85.6
⬇️ <b>Stop Spot:</b> ₹81.3
💰 Live Price: ₹259998.0 (Lots: 0)

2026-02-10 14:46:12 | alerts | INFO | 
🟢 <b>🔔 REAL-TIME HIGH-CONVICTION SIGNAL - SILVER FUT</b>

📊 Conf: 8.1/10 | R:R: 1:3.48

📝 <b>Contract:</b> MCX Futures
🎯 <b>Entry Spot:</b> ₹82.3
⬆️ <b>Target Spot:</b> ₹85.6
⬇️ <b>Stop Spot:</b> ₹81.3
💰 Live Price: ₹259999.0 (Lots: 0)

2026-02-10 14:46:49 | alerts | INFO | 
🟢 <b>🔔 REAL-TIME HIGH-CONVICTION SIGNAL - SILVER FUT</b>

📊 Conf: 8.1/10 | R:R: 1:3.43

📝 <b>Contract:</b> MCX Futures
🎯 <b>Entry Spot:</b> ₹82.3
⬆️ <b>Target Spot:</b> ₹85.6
⬇️ <b>Stop Spot:</b> ₹81.3
💰 Live Price: ₹259999.0 (Lots: 0)

2026-02-10 14:47:26 | alerts | INFO | 
🟢 <b>🔔 REAL-TIME HIGH-CONVICTION SIGNAL - SILVER FUT</b>

📊 Conf: 8.1/10 | R:R: 1:3.25

📝 <b>Contract:</b> MCX Futures
🎯 <b>Entry Spot:</b> ₹82.3
⬆️ <b>Target Spot:</b> ₹85.7
⬇️ <b>Stop Spot:</b> ₹81.3
💰 Live Price: ₹259999.0 (Lots: 0)

2026-02-10 14:48:03 | alerts | INFO | 
🟢 <b>🔔 REAL-TIME HIGH-CONVICTION SIGNAL - SILVER FUT</b>

📊 Conf: 8.1/10 | R:R: 1:3.20

📝 <b>Contract:</b> MCX Futures
🎯 <b>Entry Spot:</b> ₹82.3
⬆️ <b>Target Spot:</b> ₹85.6
⬇️ <b>Stop Spot:</b> ₹81.3
💰 Live Price: ₹259900.0 (Lots: 0)

2026-02-10 14:48:40 | alerts | INFO | 
🟢 <b>🔔 REAL-TIME HIGH-CONVICTION SIGNAL - SILVER FUT</b>

📊 Conf: 8.1/10 | R:R: 1:3.32

📝 <b>Contract:</b> MCX Futures
🎯 <b>Entry Spot:</b> ₹82.3
⬆️ <b>Target Spot:</b> ₹85.6
⬇️ <b>Stop Spot:</b> ₹81.3
💰 Live Price: ₹259930.0 (Lots: 0)

2026-02-10 14:49:17 | alerts | INFO | 
🟢 <b>🔔 REAL-TIME HIGH-CONVICTION SIGNAL - SILVER FUT</b>

📊 Conf: 8.1/10 | R:R: 1:3.23

📝 <b>Contract:</b> MCX Futures
🎯 <b>Entry Spot:</b> ₹82.4
⬆️ <b>Target Spot:</b> ₹85.8
⬇️ <b>Stop Spot:</b> ₹81.4
💰 Live Price: ₹260348.0 (Lots: 0)

2026-02-10 14:49:54 | alerts | INFO | 
🟢 <b>🔔 REAL-TIME HIGH-CONVICTION SIGNAL - SILVER FUT</b>

📊 Conf: 8.1/10 | R:R: 1:3.25

📝 <b>Contract:</b> MCX Futures
🎯 <b>Entry Spot:</b> ₹82.4
⬆️ <b>Target Spot:</b> ₹85.8
⬇️ <b>Stop Spot:</b> ₹81.4
💰 Live Price: ₹260200.0 (Lots: 0)

2026-02-10 14:50:31 | alerts | INFO | 
🟢 <b>🔔 REAL-TIME HIGH-CONVICTION SIGNAL - SILVER FUT</b>

📊 Conf: 8.1/10 | R:R: 1:3.41

📝 <b>Contract:</b> MCX Futures
🎯 <b>Entry Spot:</b> ₹82.3
⬆️ <b>Target Spot:</b> ₹85.6
⬇️ <b>Stop Spot:</b> ₹81.3
💰 Live Price: ₹260200.0 (Lots: 0)

2026-02-10 14:51:08 | alerts | INFO | 
🟢 <b>🔔 REAL-TIME HIGH-CONVICTION SIGNAL - SILVER FUT</b>

📊 Conf: 8.1/10 | R:R: 1:3.28

📝 <b>Contract:</b> MCX Futures
🎯 <b>Entry Spot:</b> ₹82.3
⬆️ <b>Target Spot:</b> ₹85.6
⬇️ <b>Stop Spot:</b> ₹81.3
💰 Live Price: ₹260000.0 (Lots: 0)

2026-02-10 14:51:44 | alerts | INFO | 
🟢 <b>🔔 REAL-TIME HIGH-CONVICTION SIGNAL - SILVER FUT</b>

📊 Conf: 8.1/10 | R:R: 1:3.15

📝 <b>Contract:</b> MCX Futures
🎯 <b>Entry Spot:</b> ₹82.3
⬆️ <b>Target Spot:</b> ₹85.6
⬇️ <b>Stop Spot:</b> ₹81.2
💰 Live Price: ₹260146.0 (Lots: 0)

2026-02-10 14:51:59 | alerts | INFO | 
🟢 <b>🔔 REAL-TIME HIGH-CONVICTION SIGNAL - SILVER FUT</b>

📊 Conf: 8.1/10 | R:R: 1:3.15

📝 <b>Contract:</b> MCX Futures
🎯 <b>Entry Spot:</b> ₹82.3
⬆️ <b>Target Spot:</b> ₹85.6
⬇️ <b>Stop Spot:</b> ₹81.2
💰 Live Price: ₹260317.0 (Lots: 0)

2026-02-10 14:52:07 | alerts | INFO | 
🟢 <b>🔔 REAL-TIME HIGH-CONVICTION SIGNAL - SILVER FUT</b>

📊 Conf: 8.1/10 | R:R: 1:3.15

📝 <b>Contract:</b> MCX Futures
🎯 <b>Entry Spot:</b> ₹82.3
⬆️ <b>Target Spot:</b> ₹85.6
⬇️ <b>Stop Spot:</b> ₹81.2
💰 Live Price: ₹260474.0 (Lots: 0)

2026-02-10 14:52:44 | alerts | INFO | 
🟢 <b>🔔 REAL-TIME HIGH-CONVICTION SIGNAL - SILVER FUT</b>

📊 Conf: 8.1/10 | R:R: 1:3.17

📝 <b>Contract:</b> MCX Futures
🎯 <b>Entry Spot:</b> ₹82.3
⬆️ <b>Target Spot:</b> ₹85.6
⬇️ <b>Stop Spot:</b> ₹81.2
💰 Live Price: ₹260872.0 (Lots: 0)

2026-02-10 14:54:30 | alerts | INFO | 
🟢 <b>🔔 REAL-TIME HIGH-CONVICTION SIGNAL - SILVER FUT</b>

📊 Conf: 8.1/10 | R:R: 1:3.28

📝 <b>Contract:</b> MCX Futures
🎯 <b>Entry Spot:</b> ₹82.2
⬆️ <b>Target Spot:</b> ₹85.5
⬇️ <b>Stop Spot:</b> ₹81.2
💰 Live Price: ₹260593.0 (Lots: 0)

2026-02-10 14:55:07 | alerts | INFO | 
🟢 <b>🔔 REAL-TIME HIGH-CONVICTION SIGNAL - SILVER FUT</b>

📊 Conf: 8.1/10 | R:R: 1:3.32

📝 <b>Contract:</b> MCX Futures
🎯 <b>Entry Spot:</b> ₹82.2
⬆️ <b>Target Spot:</b> ₹85.5
⬇️ <b>Stop Spot:</b> ₹81.2
💰 Live Price: ₹261120.0 (Lots: 0)

2026-02-10 14:59:26 | alerts | INFO | 🛑 <b>AUTOMATIC SCHEDULER STOPPED</b>
2026-02-10 15:00:00 | alerts | INFO | 🤖 <b>CONTINUOUS PAPER TRADER STARTED</b>
2026-02-10 15:47:14 | alerts | INFO | 🤖 <b>CONTINUOUS PAPER TRADER STARTED</b>
2026-02-10 16:36:46 | alerts | INFO | 
🟢 <b>🔔 REAL-TIME HIGH-CONVICTION SIGNAL - CRUDEOILM FUT</b>

📊 Conf: 8.1/10 | R:R: 1:8.06

📝 <b>Contract:</b> MCX Futures
🎯 <b>Entry Spot:</b> ₹5852.0
⬆️ <b>Target Spot:</b> ₹6088.3
⬇️ <b>Stop Spot:</b> ₹5822.7
💰 Live Price: ₹5852.0
🧩 Instrument: — | Lot Size: 1

2026-02-10 16:37:18 | alerts | INFO | 
🟢 <b>🔔 REAL-TIME HIGH-CONVICTION SIGNAL - CRUDEOILMINI FUT</b>

📊 Conf: 8.1/10 | R:R: 1:8.06

📝 <b>Contract:</b> MCX Futures
🎯 <b>Entry Spot:</b> ₹5852.0
⬆️ <b>Target Spot:</b> ₹6088.3
⬇️ <b>Stop Spot:</b> ₹5822.7
💰 Live Price: ₹5852.0
🧩 Instrument: — | Lot Size: 1

2026-02-10 16:48:11 | alerts | INFO | 
🔴 <b>🔔 REAL-TIME HIGH-CONVICTION SIGNAL - SILVERM FUT</b>

📊 Conf: 8.1/10 | R:R: 1:7.92

📝 <b>Contract:</b> MCX Futures
🎯 <b>Entry Spot:</b> ₹267637.0
⬇️ <b>Target Spot:</b> ₹256831.2
⬆️ <b>Stop Spot:</b> ₹269001.3
💰 Live Price: ₹267722.0
🧩 Instrument: — | Lot Size: 1

2026-02-10 16:48:24 | alerts | INFO | 
🔴 <b>🔔 REAL-TIME HIGH-CONVICTION SIGNAL - SILVERMIC FUT</b>

📊 Conf: 8.1/10 | R:R: 1:7.97

📝 <b>Contract:</b> MCX Futures
🎯 <b>Entry Spot:</b> ₹267578.0
⬇️ <b>Target Spot:</b> ₹256774.5
⬆️ <b>Stop Spot:</b> ₹268933.1
💰 Live Price: ₹267680.0
🧩 Instrument: — | Lot Size: 1

2026-02-10 16:49:01 | alerts | INFO | 
🔴 <b>🔔 REAL-TIME HIGH-CONVICTION SIGNAL - SILVERM FUT</b>

📊 Conf: 8.1/10 | R:R: 1:8.08

📝 <b>Contract:</b> MCX Futures
🎯 <b>Entry Spot:</b> ₹267468.0
⬇️ <b>Target Spot:</b> ₹256669.0
⬆️ <b>Stop Spot:</b> ₹268805.3
💰 Live Price: ₹267555.0
🧩 Instrument: — | Lot Size: 1

2026-02-10 16:49:14 | alerts | INFO | 
🔴 <b>🔔 REAL-TIME HIGH-CONVICTION SIGNAL - SILVERMIC FUT</b>

📊 Conf: 8.1/10 | R:R: 1:7.64

📝 <b>Contract:</b> MCX Futures
🎯 <b>Entry Spot:</b> ₹267406.0
⬇️ <b>Target Spot:</b> ₹256609.5
⬆️ <b>Stop Spot:</b> ₹268818.3
💰 Live Price: ₹267562.0
🧩 Instrument: — | Lot Size: 1

2026-02-10 17:20:43 | alerts | INFO | 🤖 <b>CONTINUOUS PAPER TRADER STARTED</b>
2026-02-10 17:44:22 | alerts | INFO | 🤖 <b>CONTINUOUS PAPER TRADER STARTED</b>
2026-02-10 18:17:48 | alerts | INFO | 🤖 <b>CONTINUOUS PAPER TRADER STARTED</b>
2026-02-10 18:18:30 | alerts | INFO | 
🔴 <b>🔔 REAL-TIME HIGH-CONVICTION SIGNAL - SILVER FUT</b>

📊 Conf: 9.0/10 | R:R: 1:9.02

📝 <b>Contract:</b> MCX Futures
🎯 <b>Entry Spot:</b> ₹258638.0
⬇️ <b>Target Spot:</b> ₹246967.0
⬆️ <b>Stop Spot:</b> ₹259931.2
💰 Live Price: ₹258690.0
🧩 Instrument: — | Lot Size: 1

2026-02-10 18:30:01 | alerts | INFO | 
🔴 <b>🔔 REAL-TIME HIGH-CONVICTION SIGNAL - NATGASMINI FUT</b>

📊 Conf: 8.1/10 | R:R: 1:4.60

📝 <b>Contract:</b> MCX Futures
🎯 <b>Entry Spot:</b> ₹282.5
⬇️ <b>Target Spot:</b> ₹271.0
⬆️ <b>Stop Spot:</b> ₹285.0
💰 Live Price: ₹283.2
🧩 Instrument: — | Lot Size: 1

2026-02-10 18:30:11 | alerts | INFO | 
🔴 <b>🔔 REAL-TIME HIGH-CONVICTION SIGNAL - NATGASMINI FUT</b>

📊 Conf: 8.1/10 | R:R: 1:4.60

📝 <b>Contract:</b> MCX Futures
🎯 <b>Entry Spot:</b> ₹282.5
⬇️ <b>Target Spot:</b> ₹271.0
⬆️ <b>Stop Spot:</b> ₹285.0
💰 Live Price: ₹282.9 (Lots: 841)
🧩 Instrument: NATGASMINI26FEBFUT | Lot Size: 1

2026-02-10 18:39:31 | alerts | INFO | 🛑 <b>AUTOMATIC SCHEDULER STOPPED</b>
2026-02-10 18:49:39 | alerts | INFO | 🤖 <b>CONTINUOUS PAPER TRADER STARTED</b>
2026-02-10 18:55:34 | alerts | INFO | 
🔴 <b>🔔 REAL-TIME HIGH-CONVICTION SIGNAL - SILVERM FUT</b>

📊 Conf: 8.1/10 | R:R: 1:6.38

📝 <b>Contract:</b> MCX Futures
🎯 <b>Entry Spot:</b> ₹266555.0
⬇️ <b>Target Spot:</b> ₹255792.8
⬆️ <b>Stop Spot:</b> ₹268241.3
💰 Live Price: ₹266311.0
🧩 Instrument: — | Lot Size: 1

2026-02-10 18:55:41 | alerts | INFO | 
🔴 <b>✅ TRADE EXECUTED (PAPER) - SILVERM FUT</b>

📊 Conf: 8.1/10 | R:R: 1:6.38

📝 <b>Contract:</b> MCX Futures
🎯 <b>Entry Spot:</b> ₹266555.0
⬇️ <b>Target Spot:</b> ₹255792.8
⬆️ <b>Stop Spot:</b> ₹268241.3
📦 Lots: 5 | Cost: ₹558
🧩 Instrument: SILVERM26FEB100000PE | Lot Size: 1

2026-02-10 19:02:39 | alerts | INFO | 🛑 <b>AUTOMATIC SCHEDULER STOPPED</b>
2026-02-10 19:03:00 | alerts | INFO | 🤖 <b>CONTINUOUS PAPER TRADER STARTED</b>
2026-02-10 19:15:58 | alerts | INFO | 
🔴 <b>COMMODITY POSITION CLOSED</b>

<b>SILVERM FUTURES</b>

💰 Entry: ₹111.5
💰 Exit: ₹111.5
📊 P&L: ₹0 (+0.0%)

🎯 Reason: TIME EXIT

2026-02-10 19:16:44 | alerts | INFO | 
🟢 <b>🔔 REAL-TIME HIGH-CONVICTION SIGNAL - SILVERMIC OPT</b>

📊 Conf: 8.1/10 | R:R: 1:5.26

🎯 <b>Strike:</b> 268135 (ATM)
🎯 <b>Entry Spot:</b> ₹268138.0
⬆️ <b>Target Spot:</b> ₹278964.1
⬇️ <b>Stop Spot:</b> ₹266078.0
💰 Live Premium: ₹268135.0 (Lots: 0)
🧩 Instrument: — | Lot Size: 1

2026-02-10 19:17:34 | alerts | INFO | 
🟢 <b>🔔 REAL-TIME HIGH-CONVICTION SIGNAL - SILVER OPT</b>

📊 Conf: 8.1/10 | R:R: 1:6.24

🎯 <b>Strike:</b> 260388 (ATM)
🎯 <b>Entry Spot:</b> ₹260388.0
⬆️ <b>Target Spot:</b> ₹270901.2
⬇️ <b>Stop Spot:</b> ₹258703.7
💰 Live Premium: ₹260388.0 (Lots: 0)
🧩 Instrument: — | Lot Size: 1

2026-02-10 19:18:21 | alerts | INFO | 
🟢 <b>🔔 REAL-TIME HIGH-CONVICTION SIGNAL - SILVER OPT</b>

📊 Conf: 8.1/10 | R:R: 1:6.58

🎯 <b>Strike:</b> 260388 (ATM)
🎯 <b>Entry Spot:</b> ₹260388.0
⬆️ <b>Target Spot:</b> ₹270901.2
⬇️ <b>Stop Spot:</b> ₹258789.6
💰 Live Premium: ₹260388.0 (Lots: 0)
🧩 Instrument: — | Lot Size: 1

2026-02-10 19:19:12 | alerts | INFO | 
🟢 <b>🔔 REAL-TIME HIGH-CONVICTION SIGNAL - SILVER OPT</b>

📊 Conf: 8.1/10 | R:R: 1:6.41

🎯 <b>Strike:</b> 260388 (ATM)
🎯 <b>Entry Spot:</b> ₹260388.0
⬆️ <b>Target Spot:</b> ₹270901.2
⬇️ <b>Stop Spot:</b> ₹258748.0
💰 Live Premium: ₹260388.0 (Lots: 0)
🧩 Instrument: — | Lot Size: 1

2026-02-10 19:40:09 | alerts | INFO | 
🟢 <b>🔔 REAL-TIME HIGH-CONVICTION SIGNAL - SILVERM OPT</b>

📊 Conf: 8.1/10 | R:R: 1:6.12

🎯 <b>Strike:</b> 268521 (ATM)
🎯 <b>Entry Spot:</b> ₹268005.0
⬆️ <b>Target Spot:</b> ₹278825.7
⬇️ <b>Stop Spot:</b> ₹266236.6
💰 Live Premium: ₹268521.0 (Lots: 0)
🧩 Instrument: — | Lot Size: 1

2026-02-10 19:40:12 | alerts | INFO | 
🟢 <b>🔔 REAL-TIME HIGH-CONVICTION SIGNAL - SILVERMIC OPT</b>

📊 Conf: 8.1/10 | R:R: 1:5.86

🎯 <b>Strike:</b> 268381 (ATM)
🎯 <b>Entry Spot:</b> ₹268176.0
⬆️ <b>Target Spot:</b> ₹279003.6
⬇️ <b>Stop Spot:</b> ₹266328.4
💰 Live Premium: ₹268381.0 (Lots: 0)
🧩 Instrument: — | Lot Size: 1

2026-02-10 19:40:57 | alerts | INFO | 
🟢 <b>🔔 REAL-TIME HIGH-CONVICTION SIGNAL - SILVER OPT</b>

📊 Conf: 8.1/10 | R:R: 1:7.58

🎯 <b>Strike:</b> 260124 (ATM)
🎯 <b>Entry Spot:</b> ₹260712.0
⬆️ <b>Target Spot:</b> ₹271238.2
⬇️ <b>Stop Spot:</b> ₹259322.6
💰 Live Premium: ₹260124.0 (Lots: 0)
🧩 Instrument: — | Lot Size: 1

2026-02-10 19:41:01 | alerts | INFO | 
🟢 <b>🔔 REAL-TIME HIGH-CONVICTION SIGNAL - SILVERM OPT</b>

📊 Conf: 8.1/10 | R:R: 1:6.23

🎯 <b>Strike:</b> 267770 (ATM)
🎯 <b>Entry Spot:</b> ₹268182.0
⬆️ <b>Target Spot:</b> ₹279009.8
⬇️ <b>Stop Spot:</b> ₹266445.1
💰 Live Premium: ₹267770.0 (Lots: 0)
🧩 Instrument: — | Lot Size: 1

2026-02-10 19:41:03 | alerts | INFO | 
🟢 <b>🔔 REAL-TIME HIGH-CONVICTION SIGNAL - SILVERMIC OPT</b>

📊 Conf: 8.1/10 | R:R: 1:5.76

🎯 <b>Strike:</b> 267866 (ATM)
🎯 <b>Entry Spot:</b> ₹268073.0
⬆️ <b>Target Spot:</b> ₹278896.4
⬇️ <b>Stop Spot:</b> ₹266193.4
💰 Live Premium: ₹267866.0 (Lots: 0)
🧩 Instrument: — | Lot Size: 1

2026-02-10 19:46:52 | alerts | INFO | 
🟢 <b>🔔 REAL-TIME HIGH-CONVICTION SIGNAL - SILVER OPT</b>

📊 Conf: 8.1/10 | R:R: 1:7.68

🎯 <b>Strike:</b> 260758 (ATM)
🎯 <b>Entry Spot:</b> ₹260799.0
⬆️ <b>Target Spot:</b> ₹271328.8
⬇️ <b>Stop Spot:</b> ₹259428.1
💰 Live Premium: ₹260758.0 (Lots: 0)
🧩 Instrument: — | Lot Size: 1

2026-02-10 19:46:55 | alerts | INFO | 
🟢 <b>🔔 REAL-TIME HIGH-CONVICTION SIGNAL - SILVERMIC OPT</b>

📊 Conf: 8.1/10 | R:R: 1:6.15

🎯 <b>Strike:</b> 268478 (ATM)
🎯 <b>Entry Spot:</b> ₹268630.0
⬆️ <b>Target Spot:</b> ₹279475.9
⬇️ <b>Stop Spot:</b> ₹266866.7
💰 Live Premium: ₹268478.0 (Lots: 0)
🧩 Instrument: — | Lot Size: 1

2026-02-10 19:47:40 | alerts | INFO | 
🟢 <b>🔔 REAL-TIME HIGH-CONVICTION SIGNAL - SILVER OPT</b>

📊 Conf: 8.1/10 | R:R: 1:7.84

🎯 <b>Strike:</b> 260999 (ATM)
🎯 <b>Entry Spot:</b> ₹260999.0
⬆️ <b>Target Spot:</b> ₹271536.8
⬇️ <b>Stop Spot:</b> ₹259655.1
💰 Live Premium: ₹260999.0 (Lots: 0)
🧩 Instrument: — | Lot Size: 1

2026-02-10 19:47:43 | alerts | INFO | 
🟢 <b>🔔 REAL-TIME HIGH-CONVICTION SIGNAL - SILVERM OPT</b>

📊 Conf: 8.1/10 | R:R: 1:6.31

🎯 <b>Strike:</b> 269022 (ATM)
🎯 <b>Entry Spot:</b> ₹268969.0
⬆️ <b>Target Spot:</b> ₹279828.6
⬇️ <b>Stop Spot:</b> ₹267247.4
💰 Live Premium: ₹269022.0 (Lots: 0)
🧩 Instrument: — | Lot Size: 1

2026-02-10 19:47:49 | alerts | INFO | 
🟢 <b>🔔 REAL-TIME HIGH-CONVICTION SIGNAL - SILVERMIC OPT</b>

📊 Conf: 8.1/10 | R:R: 1:5.85

🎯 <b>Strike:</b> 269181 (ATM)
🎯 <b>Entry Spot:</b> ₹268975.0
⬆️ <b>Target Spot:</b> ₹279834.9
⬇️ <b>Stop Spot:</b> ₹267119.9
💰 Live Premium: ₹269181.0 (Lots: 0)
🧩 Instrument: — | Lot Size: 1

2026-02-10 19:48:39 | alerts | INFO | 
🟢 <b>🔔 REAL-TIME HIGH-CONVICTION SIGNAL - SILVER OPT</b>

📊 Conf: 8.1/10 | R:R: 1:8.08

🎯 <b>Strike:</b> 261300 (ATM)
🎯 <b>Entry Spot:</b> ₹261300.0
⬆️ <b>Target Spot:</b> ₹271850.0
⬇️ <b>Stop Spot:</b> ₹259993.5
💰 Live Premium: ₹261300.0 (Lots: 0)
🧩 Instrument: — | Lot Size: 1

2026-02-10 19:48:43 | alerts | INFO | 
🟢 <b>🔔 REAL-TIME HIGH-CONVICTION SIGNAL - SILVERM OPT</b>

📊 Conf: 8.1/10 | R:R: 1:5.87

🎯 <b>Strike:</b> 269022 (ATM)
🎯 <b>Entry Spot:</b> ₹268904.0
⬆️ <b>Target Spot:</b> ₹279761.0
⬇️ <b>Stop Spot:</b> ₹267054.4
💰 Live Premium: ₹269022.0 (Lots: 0)
🧩 Instrument: — | Lot Size: 1

2026-02-10 19:48:47 | alerts | INFO | 
🟢 <b>🔔 REAL-TIME HIGH-CONVICTION SIGNAL - SILVERMIC OPT</b>

📊 Conf: 8.1/10 | R:R: 1:5.61

🎯 <b>Strike:</b> 269080 (ATM)
🎯 <b>Entry Spot:</b> ₹268975.0
⬆️ <b>Target Spot:</b> ₹279834.9
⬇️ <b>Stop Spot:</b> ₹267039.0
💰 Live Premium: ₹269080.0 (Lots: 0)
🧩 Instrument: — | Lot Size: 1

2026-02-10 19:49:31 | alerts | INFO | 
🟢 <b>🔔 REAL-TIME HIGH-CONVICTION SIGNAL - SILVER OPT</b>

📊 Conf: 8.1/10 | R:R: 1:8.07

🎯 <b>Strike:</b> 261350 (ATM)
🎯 <b>Entry Spot:</b> ₹261600.0
⬆️ <b>Target Spot:</b> ₹272162.1
⬇️ <b>Stop Spot:</b> ₹260292.0
💰 Live Premium: ₹261350.0 (Lots: 0)
🧩 Instrument: — | Lot Size: 1

2026-02-10 19:50:16 | alerts | INFO | 
🟢 <b>🔔 REAL-TIME HIGH-CONVICTION SIGNAL - SILVER OPT</b>

📊 Conf: 8.1/10 | R:R: 1:7.74

🎯 <b>Strike:</b> 261400 (ATM)
🎯 <b>Entry Spot:</b> ₹261400.0
⬆️ <b>Target Spot:</b> ₹271954.0
⬇️ <b>Stop Spot:</b> ₹260036.3
💰 Live Premium: ₹261400.0 (Lots: 0)
🧩 Instrument: — | Lot Size: 1

2026-02-10 19:50:24 | alerts | INFO | 
🟢 <b>🔔 REAL-TIME HIGH-CONVICTION SIGNAL - SILVERM OPT</b>

📊 Conf: 8.1/10 | R:R: 1:5.92

🎯 <b>Strike:</b> 269216 (ATM)
🎯 <b>Entry Spot:</b> ₹269049.0
⬆️ <b>Target Spot:</b> ₹279911.9
⬇️ <b>Stop Spot:</b> ₹267213.1
💰 Live Premium: ₹269216.0 (Lots: 0)
🧩 Instrument: — | Lot Size: 1

2026-02-10 19:50:32 | alerts | INFO | 
🟢 <b>🔔 REAL-TIME HIGH-CONVICTION SIGNAL - SILVERMIC OPT</b>

📊 Conf: 8.1/10 | R:R: 1:5.61

🎯 <b>Strike:</b> 269388 (ATM)
🎯 <b>Entry Spot:</b> ₹269200.0
⬆️ <b>Target Spot:</b> ₹280069.0
⬇️ <b>Stop Spot:</b> ₹267262.4
💰 Live Premium: ₹269388.0 (Lots: 0)
🧩 Instrument: — | Lot Size: 1

2026-02-10 19:51:17 | alerts | INFO | 
🟢 <b>🔔 REAL-TIME HIGH-CONVICTION SIGNAL - SILVER OPT</b>

📊 Conf: 8.1/10 | R:R: 1:7.86

🎯 <b>Strike:</b> 261261 (ATM)
🎯 <b>Entry Spot:</b> ₹261365.0
⬆️ <b>Target Spot:</b> ₹271917.6
⬇️ <b>Stop Spot:</b> ₹260022.9
💰 Live Premium: ₹261261.0 (Lots: 0)
🧩 Instrument: — | Lot Size: 1

2026-02-10 19:51:26 | alerts | INFO | 
🟢 <b>🔔 REAL-TIME HIGH-CONVICTION SIGNAL - SILVERM OPT</b>

📊 Conf: 8.1/10 | R:R: 1:6.37

🎯 <b>Strike:</b> 269000 (ATM)
🎯 <b>Entry Spot:</b> ₹269256.0
⬆️ <b>Target Spot:</b> ₹280127.2
⬇️ <b>Stop Spot:</b> ₹267549.7
💰 Live Premium: ₹269000.0 (Lots: 0)
🧩 Instrument: — | Lot Size: 1

2026-02-10 19:51:29 | alerts | INFO | 
🟢 <b>🔔 REAL-TIME HIGH-CONVICTION SIGNAL - SILVERMIC OPT</b>

📊 Conf: 8.1/10 | R:R: 1:6.09

🎯 <b>Strike:</b> 269081 (ATM)
🎯 <b>Entry Spot:</b> ₹269353.0
⬆️ <b>Target Spot:</b> ₹280228.1
⬇️ <b>Stop Spot:</b> ₹267567.6
💰 Live Premium: ₹269081.0 (Lots: 0)
🧩 Instrument: — | Lot Size: 1

2026-02-10 20:18:13 | alerts | INFO | 
🔴 <b>🔔 REAL-TIME HIGH-CONVICTION SIGNAL - GOLDM OPT</b>

📊 Conf: 8.1/10 | R:R: 1:8.08

🎯 <b>Strike:</b> 155990 (ATM)
🎯 <b>Entry Spot:</b> ₹156029.0
⬇️ <b>Target Spot:</b> ₹149729.3
⬆️ <b>Stop Spot:</b> ₹156809.1
💰 Live Premium: ₹155990.0 (Lots: 0)
🧩 Instrument: — | Lot Size: 1

2026-02-10 20:18:16 | alerts | INFO | 
🔴 <b>🔔 REAL-TIME HIGH-CONVICTION SIGNAL - GOLDMINI OPT</b>

📊 Conf: 8.1/10 | R:R: 1:8.08

🎯 <b>Strike:</b> 155983 (ATM)
🎯 <b>Entry Spot:</b> ₹156029.0
⬇️ <b>Target Spot:</b> ₹149729.3
⬆️ <b>Stop Spot:</b> ₹156809.1
💰 Live Premium: ₹155983.0 (Lots: 0)
🧩 Instrument: — | Lot Size: 1

2026-02-10 20:18:59 | alerts | INFO | 
🔴 <b>🔔 REAL-TIME HIGH-CONVICTION SIGNAL - GOLDM OPT</b>

📊 Conf: 8.1/10 | R:R: 1:8.08

🎯 <b>Strike:</b> 155837 (ATM)
🎯 <b>Entry Spot:</b> ₹155825.0
⬇️ <b>Target Spot:</b> ₹149533.6
⬆️ <b>Stop Spot:</b> ₹156604.1
💰 Live Premium: ₹155837.0 (Lots: 0)
🧩 Instrument: — | Lot Size: 1

2026-02-10 20:19:03 | alerts | INFO | 
🔴 <b>🔔 REAL-TIME HIGH-CONVICTION SIGNAL - GOLDMINI OPT</b>

📊 Conf: 8.1/10 | R:R: 1:8.08

🎯 <b>Strike:</b> 155800 (ATM)
🎯 <b>Entry Spot:</b> ₹155825.0
⬇️ <b>Target Spot:</b> ₹149533.6
⬆️ <b>Stop Spot:</b> ₹156604.1
💰 Live Premium: ₹155800.0 (Lots: 0)
🧩 Instrument: — | Lot Size: 1

2026-02-10 20:19:49 | alerts | INFO | 
🔴 <b>🔔 REAL-TIME HIGH-CONVICTION SIGNAL - GOLDM OPT</b>

📊 Conf: 8.1/10 | R:R: 1:8.08

🎯 <b>Strike:</b> 155967 (ATM)
🎯 <b>Entry Spot:</b> ₹155887.0
⬇️ <b>Target Spot:</b> ₹149593.1
⬆️ <b>Stop Spot:</b> ₹156666.4
💰 Live Premium: ₹155967.0 (Lots: 0)
🧩 Instrument: — | Lot Size: 1

2026-02-10 20:19:52 | alerts | INFO | 
🔴 <b>🔔 REAL-TIME HIGH-CONVICTION SIGNAL - GOLDMINI OPT</b>

📊 Conf: 8.1/10 | R:R: 1:8.08

🎯 <b>Strike:</b> 155883 (ATM)
🎯 <b>Entry Spot:</b> ₹155887.0
⬇️ <b>Target Spot:</b> ₹149593.1
⬆️ <b>Stop Spot:</b> ₹156666.4
💰 Live Premium: ₹155883.0 (Lots: 0)
🧩 Instrument: — | Lot Size: 1

2026-02-10 20:20:38 | alerts | INFO | 
🔴 <b>🔔 REAL-TIME HIGH-CONVICTION SIGNAL - SILVER OPT</b>

📊 Conf: 8.1/10 | R:R: 1:5.28

🎯 <b>Strike:</b> 259399 (ATM)
🎯 <b>Entry Spot:</b> ₹259111.0
⬇️ <b>Target Spot:</b> ₹248649.4
⬆️ <b>Stop Spot:</b> ₹261090.7
💰 Live Premium: ₹259399.0 (Lots: 0)
🧩 Instrument: — | Lot Size: 1

2026-02-10 20:26:21 | alerts | INFO | 
🟢 <b>🔔 REAL-TIME HIGH-CONVICTION SIGNAL - SILVER OPT</b>

📊 Conf: 8.1/10 | R:R: 1:5.04

🎯 <b>Strike:</b> 260859 (ATM)
🎯 <b>Entry Spot:</b> ₹260900.0
⬆️ <b>Target Spot:</b> ₹271433.8
⬇️ <b>Stop Spot:</b> ₹258808.1
💰 Live Premium: ₹260859.0 (Lots: 0)
🧩 Instrument: — | Lot Size: 1

2026-02-10 20:26:25 | alerts | INFO | 
🟢 <b>🔔 REAL-TIME HIGH-CONVICTION SIGNAL - SILVERM OPT</b>

📊 Conf: 8.1/10 | R:R: 1:5.01

🎯 <b>Strike:</b> 268527 (ATM)
🎯 <b>Entry Spot:</b> ₹268619.0
⬆️ <b>Target Spot:</b> ₹279464.5
⬇️ <b>Stop Spot:</b> ₹266453.7
💰 Live Premium: ₹268527.0 (Lots: 0)
🧩 Instrument: — | Lot Size: 1

2026-02-10 20:26:29 | alerts | INFO | 
🟢 <b>🔔 REAL-TIME HIGH-CONVICTION SIGNAL - SILVERMIC OPT</b>

📊 Conf: 8.1/10 | R:R: 1:4.74

🎯 <b>Strike:</b> 268292 (ATM)
🎯 <b>Entry Spot:</b> ₹268490.0
⬆️ <b>Target Spot:</b> ₹279330.3
⬇️ <b>Stop Spot:</b> ₹266201.0
💰 Live Premium: ₹268292.0 (Lots: 0)
🧩 Instrument: — | Lot Size: 1

2026-02-10 20:27:12 | alerts | INFO | 🛑 <b>AUTOMATIC SCHEDULER STOPPED</b>
2026-02-10 20:27:18 | alerts | INFO | 
🟢 <b>🔔 REAL-TIME HIGH-CONVICTION SIGNAL - SILVER OPT</b>

📊 Conf: 8.1/10 | R:R: 1:4.82

🎯 <b>Strike:</b> 260563 (ATM)
🎯 <b>Entry Spot:</b> ₹260752.0
⬆️ <b>Target Spot:</b> ₹271279.9
⬇️ <b>Stop Spot:</b> ₹258565.9
💰 Live Premium: ₹260563.0 (Lots: 0)
🧩 Instrument: — | Lot Size: 1

2026-02-10 20:27:35 | alerts | INFO | 🤖 <b>CONTINUOUS PAPER TRADER STARTED</b>
2026-02-10 20:31:26 | alerts | INFO | 
🔴 <b>🔔 REAL-TIME HIGH-CONVICTION SIGNAL - SILVER OPT</b>

📊 Conf: 8.1/10 | R:R: 1:4.62

🎯 <b>Strike:</b> 259459 (ATM)
🎯 <b>Entry Spot:</b> ₹259580.0
⬇️ <b>Target Spot:</b> ₹249099.5
⬆️ <b>Stop Spot:</b> ₹261849.6
💰 Live Premium: ₹259459.0 (Lots: 0)
🧩 Instrument: — | Lot Size: 1

2026-02-10 20:31:32 | alerts | INFO | 
🔴 <b>✅ TRADE EXECUTED (PAPER) - SILVER OPT</b>

📊 Conf: 8.1/10 | R:R: 1:4.62

🎯 <b>Strike:</b> 26100000 (ATM)
🎯 <b>Entry Spot:</b> ₹259580.0
⬇️ <b>Target Spot:</b> ₹249099.5
⬆️ <b>Stop Spot:</b> ₹261849.6
📦 Lots: 3 | Cost: ₹330
🧩 Instrument: SILVERM26FEB100000PE | Lot Size: 1

2026-02-10 20:42:59 | alerts | INFO | 🛑 <b>AUTOMATIC SCHEDULER STOPPED</b>
2026-02-10 20:43:43 | alerts | INFO | 🤖 <b>CONTINUOUS PAPER TRADER STARTED</b>
2026-02-10 20:51:00 | alerts | INFO | 
🟢 <b>🔔 REAL-TIME HIGH-CONVICTION SIGNAL - CRUDEOILM OPT</b>

📊 Conf: 8.1/10 | R:R: 1:8.08

🎯 <b>Strike:</b> 5600 (ATM)
🎯 <b>Entry Spot:</b> ₹5863.0
⬆️ <b>Target Spot:</b> ₹6099.7
⬇️ <b>Stop Spot:</b> ₹5833.7
💰 Live Premium: ₹327.9 (Lots: 0)
🧩 Instrument: CRUDEOILM26FEB5600CE | Lot Size: 1

2026-02-10 20:51:06 | alerts | INFO | 
🟢 <b>✅ TRADE EXECUTED (PAPER) - CRUDEOILM OPT</b>

📊 Conf: 8.1/10 | R:R: 1:8.08

🎯 <b>Strike:</b> 5600 (ATM)
🎯 <b>Entry Spot:</b> ₹5863.0
⬆️ <b>Target Spot:</b> ₹6099.7
⬇️ <b>Stop Spot:</b> ₹5833.7
📦 Lots: 293 | Cost: ₹96,089
🧩 Instrument: CRUDEOILM26FEB5600CE | Lot Size: 1

2026-02-10 20:52:05 | alerts | INFO | 
🔴 <b>COMMODITY POSITION CLOSED</b>

<b>SILVER FUTURES</b>

💰 Entry: ₹110.0
💰 Exit: ₹108.0
📊 P&L: ₹-6 (-1.8%)

🎯 Reason: TIME EXIT

2026-02-10 21:00:33 | alerts | INFO | 
🔴 <b>🔔 REAL-TIME HIGH-CONVICTION SIGNAL - SILVER OPT</b>

📊 Conf: 8.1/10 | R:R: 1:4.11

🎯 <b>Strike:</b> 100000 (ATM)
🎯 <b>Entry Spot:</b> ₹258964.0
⬇️ <b>Target Spot:</b> ₹248508.3
⬆️ <b>Stop Spot:</b> ₹261510.1
💰 Live Premium: ₹108.0 (Lots: 0)
🧩 Instrument: SILVERM26FEB100000PE | Lot Size: 1

2026-02-10 21:00:40 | alerts | INFO | 
🔴 <b>✅ TRADE EXECUTED (PAPER) - SILVER OPT</b>

📊 Conf: 8.1/10 | R:R: 1:4.11

🎯 <b>Strike:</b> 100000 (ATM)
🎯 <b>Entry Spot:</b> ₹258964.0
⬇️ <b>Target Spot:</b> ₹248508.3
⬆️ <b>Stop Spot:</b> ₹261510.1
📦 Lots: 3 | Cost: ₹324
🧩 Instrument: SILVERM26FEB100000PE | Lot Size: 1

2026-02-10 21:11:14 | alerts | INFO | 
🔴 <b>COMMODITY POSITION CLOSED</b>

<b>CRUDEOILM FUTURES</b>

💰 Entry: ₹327.9
💰 Exit: ₹318.4
📊 P&L: ₹-2,784 (-2.9%)

🎯 Reason: TIME EXIT

2026-02-10 21:23:22 | alerts | INFO | 
🔴 <b>🔔 REAL-TIME HIGH-CONVICTION SIGNAL - CRUDEOILM OPT</b>

📊 Conf: 8.1/10 | R:R: 1:8.07

🎯 <b>Strike:</b> 5600 (ATM)
🎯 <b>Entry Spot:</b> ₹5834.0
⬇️ <b>Target Spot:</b> ₹5598.5
⬆️ <b>Stop Spot:</b> ₹5863.2
💰 Live Premium: ₹76.2 (Lots: 0)
🧩 Instrument: CRUDEOILM26FEB5600PE | Lot Size: 1

2026-02-10 21:23:30 | alerts | INFO | 
🔴 <b>✅ TRADE EXECUTED (PAPER) - CRUDEOILM OPT</b>

📊 Conf: 8.1/10 | R:R: 1:8.07

🎯 <b>Strike:</b> 5600 (ATM)
🎯 <b>Entry Spot:</b> ₹5834.0
⬇️ <b>Target Spot:</b> ₹5598.5
⬆️ <b>Stop Spot:</b> ₹5863.2
📦 Lots: 339 | Cost: ₹26,272
🧩 Instrument: CRUDEOILM26FEB5600PE | Lot Size: 1

2026-02-10 21:40:37 | alerts | INFO | 
🟢 <b>COMMODITY POSITION CLOSED</b>

<b>SILVER FUTURES</b>

💰 Entry: ₹108.0
💰 Exit: ₹122.0
📊 P&L: ₹42 (+13.0%)

🎯 Reason: QUICK MAX PROFIT (12.0%)

2026-02-10 21:40:44 | alerts | INFO | 
🟢 <b>COMMODITY POSITION CLOSED</b>

<b>CRUDEOILM FUTURES</b>

💰 Entry: ₹77.5
💰 Exit: ₹86.8
📊 P&L: ₹3,153 (+12.0%)

🎯 Reason: QUICK MAX PROFIT (12.0%)

2026-02-10 22:05:42 | alerts | INFO | 🛑 <b>AUTOMATIC SCHEDULER STOPPED</b>
2026-02-10 22:06:06 | alerts | INFO | 🤖 <b>CONTINUOUS PAPER TRADER STARTED</b>
2026-02-10 22:12:27 | alerts | INFO | 🛑 <b>AUTOMATIC SCHEDULER STOPPED</b>
2026-02-10 22:12:53 | alerts | INFO | 🤖 <b>CONTINUOUS PAPER TRADER STARTED</b>
2026-02-10 22:47:55 | alerts | INFO | 
🟢 <b>🔔 REAL-TIME HIGH-CONVICTION SIGNAL - SILVERM FUT</b>

📊 Conf: 8.1/10 | R:R: 1:3.55

📝 <b>Contract:</b> MCX Futures
🎯 <b>Entry Spot:</b> ₹261695.0
⬆️ <b>Target Spot:</b> ₹272260.9
⬇️ <b>Stop Spot:</b> ₹258716.0
💰 Live Price: ₹261779.0
🧩 Instrument: — | Lot Size: 1

2026-02-10 22:48:44 | alerts | INFO | 
🟢 <b>🔔 REAL-TIME HIGH-CONVICTION SIGNAL - SILVER FUT</b>

📊 Conf: 8.1/10 | R:R: 1:3.80

📝 <b>Contract:</b> MCX Futures
🎯 <b>Entry Spot:</b> ₹254800.0
⬆️ <b>Target Spot:</b> ₹265087.5
⬇️ <b>Stop Spot:</b> ₹252092.7
💰 Live Price: ₹254356.0
🧩 Instrument: — | Lot Size: 1

2026-02-10 22:50:17 | alerts | INFO | 
🟢 <b>🔔 REAL-TIME HIGH-CONVICTION SIGNAL - SILVER FUT</b>

📊 Conf: 8.1/10 | R:R: 1:4.02

📝 <b>Contract:</b> MCX Futures
🎯 <b>Entry Spot:</b> ₹254431.0
⬆️ <b>Target Spot:</b> ₹264703.7
⬇️ <b>Stop Spot:</b> ₹251873.4
💰 Live Price: ₹254500.0
🧩 Instrument: — | Lot Size: 1

2026-02-10 22:50:21 | alerts | INFO | 
🟢 <b>🔔 REAL-TIME HIGH-CONVICTION SIGNAL - SILVERM FUT</b>

📊 Conf: 8.1/10 | R:R: 1:3.82

📝 <b>Contract:</b> MCX Futures
🎯 <b>Entry Spot:</b> ₹262047.0
⬆️ <b>Target Spot:</b> ₹272627.1
⬇️ <b>Stop Spot:</b> ₹259274.1
💰 Live Price: ₹262200.0
🧩 Instrument: — | Lot Size: 1

2026-02-10 22:50:24 | alerts | INFO | 
🟢 <b>🔔 REAL-TIME HIGH-CONVICTION SIGNAL - SILVERMIC FUT</b>

📊 Conf: 8.1/10 | R:R: 1:3.13

📝 <b>Contract:</b> MCX Futures
🎯 <b>Entry Spot:</b> ₹262200.0
⬆️ <b>Target Spot:</b> ₹272786.3
⬇️ <b>Stop Spot:</b> ₹258819.4
💰 Live Price: ₹262278.0
🧩 Instrument: — | Lot Size: 1

2026-02-10 22:51:12 | alerts | INFO | 
🟢 <b>🔔 REAL-TIME HIGH-CONVICTION SIGNAL - SILVER FUT</b>

📊 Conf: 8.1/10 | R:R: 1:3.90

📝 <b>Contract:</b> MCX Futures
🎯 <b>Entry Spot:</b> ₹254100.0
⬆️ <b>Target Spot:</b> ₹264359.3
⬇️ <b>Stop Spot:</b> ₹251469.1
💰 Live Price: ₹254052.0
🧩 Instrument: — | Lot Size: 1

2026-02-10 22:51:15 | alerts | INFO | 
🟢 <b>🔔 REAL-TIME HIGH-CONVICTION SIGNAL - SILVERMIC FUT</b>

📊 Conf: 8.1/10 | R:R: 1:3.01

📝 <b>Contract:</b> MCX Futures
🎯 <b>Entry Spot:</b> ₹261924.0
⬆️ <b>Target Spot:</b> ₹272499.2
⬇️ <b>Stop Spot:</b> ₹258408.9
💰 Live Price: ₹262150.0
🧩 Instrument: — | Lot Size: 1

2026-02-10 22:52:03 | alerts | INFO | 
🟢 <b>🔔 REAL-TIME HIGH-CONVICTION SIGNAL - SILVER FUT</b>

📊 Conf: 8.1/10 | R:R: 1:4.08

📝 <b>Contract:</b> MCX Futures
🎯 <b>Entry Spot:</b> ₹254268.0
⬆️ <b>Target Spot:</b> ₹264534.1
⬇️ <b>Stop Spot:</b> ₹251749.7
💰 Live Price: ₹254268.0
🧩 Instrument: — | Lot Size: 1

2026-02-10 22:52:06 | alerts | INFO | 
🟢 <b>🔔 REAL-TIME HIGH-CONVICTION SIGNAL - SILVERM FUT</b>

📊 Conf: 8.1/10 | R:R: 1:3.81

📝 <b>Contract:</b> MCX Futures
🎯 <b>Entry Spot:</b> ₹261999.0
⬆️ <b>Target Spot:</b> ₹272577.2
⬇️ <b>Stop Spot:</b> ₹259223.4
💰 Live Price: ₹261999.0
🧩 Instrument: — | Lot Size: 1

2026-02-10 22:52:09 | alerts | INFO | 
🟢 <b>🔔 REAL-TIME HIGH-CONVICTION SIGNAL - SILVERMIC FUT</b>

📊 Conf: 8.1/10 | R:R: 1:3.09

📝 <b>Contract:</b> MCX Futures
🎯 <b>Entry Spot:</b> ₹261960.0
⬆️ <b>Target Spot:</b> ₹272536.6
⬇️ <b>Stop Spot:</b> ₹258542.4
💰 Live Price: ₹261900.0
🧩 Instrument: — | Lot Size: 1

2026-02-10 22:58:09 | alerts | INFO | 
🟢 <b>🔔 REAL-TIME HIGH-CONVICTION SIGNAL - SILVER FUT</b>

📊 Conf: 8.1/10 | R:R: 1:4.00

📝 <b>Contract:</b> MCX Futures
🎯 <b>Entry Spot:</b> ₹255136.0
⬆️ <b>Target Spot:</b> ₹265437.1
⬇️ <b>Stop Spot:</b> ₹252558.4
💰 Live Price: ₹255265.0
🧩 Instrument: — | Lot Size: 1

2026-02-10 22:58:58 | alerts | INFO | 
🟢 <b>🔔 REAL-TIME HIGH-CONVICTION SIGNAL - SILVER FUT</b>

📊 Conf: 8.1/10 | R:R: 1:4.01

📝 <b>Contract:</b> MCX Futures
🎯 <b>Entry Spot:</b> ₹255375.0
⬆️ <b>Target Spot:</b> ₹265685.8
⬇️ <b>Stop Spot:</b> ₹252802.0
💰 Live Price: ₹255356.0
🧩 Instrument: — | Lot Size: 1

2026-02-10 22:59:01 | alerts | INFO | 
🟢 <b>🔔 REAL-TIME HIGH-CONVICTION SIGNAL - SILVERM FUT</b>

📊 Conf: 8.1/10 | R:R: 1:3.70

📝 <b>Contract:</b> MCX Futures
🎯 <b>Entry Spot:</b> ₹263012.0
⬆️ <b>Target Spot:</b> ₹273631.1
⬇️ <b>Stop Spot:</b> ₹260138.6
💰 Live Price: ₹263257.0
🧩 Instrument: — | Lot Size: 1

2026-02-10 22:59:04 | alerts | INFO | 
🟢 <b>🔔 REAL-TIME HIGH-CONVICTION SIGNAL - SILVERMIC FUT</b>

📊 Conf: 8.1/10 | R:R: 1:3.06

📝 <b>Contract:</b> MCX Futures
🎯 <b>Entry Spot:</b> ₹262990.0
⬆️ <b>Target Spot:</b> ₹273608.2
⬇️ <b>Stop Spot:</b> ₹259518.1
💰 Live Price: ₹263177.0
🧩 Instrument: — | Lot Size: 1

2026-02-10 22:59:52 | alerts | INFO | 
🟢 <b>🔔 REAL-TIME HIGH-CONVICTION SIGNAL - SILVER FUT</b>

📊 Conf: 8.1/10 | R:R: 1:4.07

📝 <b>Contract:</b> MCX Futures
🎯 <b>Entry Spot:</b> ₹255000.0
⬆️ <b>Target Spot:</b> ₹265295.6
⬇️ <b>Stop Spot:</b> ₹252472.4
💰 Live Price: ₹255000.0
🧩 Instrument: — | Lot Size: 1

2026-02-10 23:00:39 | alerts | INFO | 
🟢 <b>🔔 REAL-TIME HIGH-CONVICTION SIGNAL - SILVER FUT</b>

📊 Conf: 8.1/10 | R:R: 1:4.09

📝 <b>Contract:</b> MCX Futures
🎯 <b>Entry Spot:</b> ₹254999.0
⬆️ <b>Target Spot:</b> ₹265294.6
⬇️ <b>Stop Spot:</b> ₹252481.6
💰 Live Price: ₹255505.0
🧩 Instrument: — | Lot Size: 1

2026-02-10 23:07:05 | alerts | INFO | 🛑 <b>AUTOMATIC SCHEDULER STOPPED</b>
2026-02-10 23:07:11 | alerts | INFO | 🤖 <b>CONTINUOUS PAPER TRADER STARTED</b>
2026-02-10 23:15:26 | alerts | INFO | 
🟢 <b>🔔 REAL-TIME HIGH-CONVICTION SIGNAL - SILVERM FUT</b>

📊 Conf: 8.1/10 | R:R: 1:4.69

📝 <b>Contract:</b> MCX Futures
🎯 <b>Entry Spot:</b> ₹262969.0
⬆️ <b>Target Spot:</b> ₹273586.4
⬇️ <b>Stop Spot:</b> ₹260705.0
💰 Live Price: ₹262745.0
🧩 Instrument: — | Lot Size: 1

2026-02-10 23:15:31 | alerts | INFO | 
🟢 <b>🔔 REAL-TIME HIGH-CONVICTION SIGNAL - SILVERM FUT</b>

📊 Conf: 8.1/10 | R:R: 1:4.70

📝 <b>Contract:</b> MCX Futures
🎯 <b>Entry Spot:</b> ₹262884.0
⬆️ <b>Target Spot:</b> ₹273497.9
⬇️ <b>Stop Spot:</b> ₹260624.7
💰 Live Price: ₹262735.0
🧩 Instrument: — | Lot Size: 1

2026-02-10 23:16:27 | alerts | INFO | 🛑 <b>AUTOMATIC SCHEDULER STOPPED</b>
2026-02-10 23:16:49 | alerts | INFO | 🤖 <b>CONTINUOUS PAPER TRADER STARTED</b>
2026-02-10 23:33:51 | alerts | INFO | 🛑 <b>AUTOMATIC SCHEDULER STOPPED</b>
2026-02-10 23:34:12 | alerts | INFO | 🤖 <b>CONTINUOUS PAPER TRADER STARTED</b>
2026-02-10 23:44:47 | alerts | INFO | 
🔴 <b>🔔 REAL-TIME HIGH-CONVICTION SIGNAL - SILVER FUT</b>

📊 Conf: 8.1/10 | R:R: 1:5.22

📝 <b>Contract:</b> MCX Futures
🎯 <b>Entry Spot:</b> ₹252000.0
⬇️ <b>Target Spot:</b> ₹241825.5
⬆️ <b>Stop Spot:</b> ₹253947.9
💰 Live Price: ₹252000.0
🧩 Instrument: — | Lot Size: 1

2026-02-10 23:50:53 | alerts | INFO | 
🔴 <b>🔔 REAL-TIME HIGH-CONVICTION SIGNAL - SILVER FUT</b>

📊 Conf: 8.1/10 | R:R: 1:4.82

📝 <b>Contract:</b> MCX Futures
🎯 <b>Entry Spot:</b> ₹251400.0
⬇️ <b>Target Spot:</b> ₹241249.7
⬆️ <b>Stop Spot:</b> ₹253505.0
💰 Live Price: ₹251220.0
🧩 Instrument: — | Lot Size: 1

2026-02-10 23:57:35 | alerts | INFO | 🛑 <b>AUTOMATIC SCHEDULER STOPPED</b>
2026-02-11 00:29:11 | alerts | INFO | 🤖 <b>CONTINUOUS PAPER TRADER STARTED</b>
2026-02-11 10:46:59 | alerts | INFO | 🛑 <b>AUTOMATIC SCHEDULER STOPPED</b>
2026-02-11 10:48:15 | alerts | INFO | 🤖 <b>CONTINUOUS PAPER TRADER STARTED</b>
2026-02-11 11:49:12 | alerts | INFO | 🛑 <b>AUTOMATIC SCHEDULER STOPPED</b>
2026-02-11 12:45:10 | alerts | INFO | 🤖 <b>CONTINUOUS PAPER TRADER STARTED</b>
2026-02-11 13:07:37 | alerts | INFO | 
🟢 <b>🔔 REAL-TIME HIGH-CONVICTION SIGNAL - SILVER FUT</b>

📊 Conf: 7.1/10 | R:R: 1:3.39

📝 <b>Contract:</b> MCX Futures
🎯 <b>Entry Spot:</b> ₹83.2
⬆️ <b>Target Spot:</b> ₹86.1
⬇️ <b>Stop Spot:</b> ₹82.3
💰 Live Price: ₹83.2

2026-02-11 13:08:14 | alerts | INFO | 
🟢 <b>🔔 REAL-TIME HIGH-CONVICTION SIGNAL - SILVER FUT</b>

📊 Conf: 7.1/10 | R:R: 1:3.58

📝 <b>Contract:</b> MCX Futures
🎯 <b>Entry Spot:</b> ₹83.1
⬆️ <b>Target Spot:</b> ₹86.1
⬇️ <b>Stop Spot:</b> ₹82.3
💰 Live Price: ₹83.1

2026-02-11 13:09:20 | alerts | INFO | 
🟢 <b>🔔 REAL-TIME HIGH-CONVICTION SIGNAL - SILVER FUT</b>

📊 Conf: 7.1/10 | R:R: 1:3.50

📝 <b>Contract:</b> MCX Futures
🎯 <b>Entry Spot:</b> ₹83.1
⬆️ <b>Target Spot:</b> ₹86.1
⬇️ <b>Stop Spot:</b> ₹82.3
💰 Live Price: ₹83.1

2026-02-11 13:13:03 | alerts | INFO | 
🟢 <b>🔔 REAL-TIME HIGH-CONVICTION SIGNAL - SILVER FUT</b>

📊 Conf: 7.1/10 | R:R: 1:3.58

📝 <b>Contract:</b> MCX Futures
🎯 <b>Entry Spot:</b> ₹83.1
⬆️ <b>Target Spot:</b> ₹86.1
⬇️ <b>Stop Spot:</b> ₹82.3
💰 Live Price: ₹83.1

2026-02-11 13:13:38 | alerts | INFO | 
🟢 <b>🔔 REAL-TIME HIGH-CONVICTION SIGNAL - SILVER FUT</b>

📊 Conf: 7.1/10 | R:R: 1:3.44

📝 <b>Contract:</b> MCX Futures
🎯 <b>Entry Spot:</b> ₹83.2
⬆️ <b>Target Spot:</b> ₹86.1
⬇️ <b>Stop Spot:</b> ₹82.3
💰 Live Price: ₹83.2

2026-02-11 13:14:12 | alerts | INFO | 
🟢 <b>🔔 REAL-TIME HIGH-CONVICTION SIGNAL - SILVER FUT</b>

📊 Conf: 7.1/10 | R:R: 1:3.75

📝 <b>Contract:</b> MCX Futures
🎯 <b>Entry Spot:</b> ₹83.1
⬆️ <b>Target Spot:</b> ₹86.1
⬇️ <b>Stop Spot:</b> ₹82.3
💰 Live Price: ₹83.1

2026-02-11 13:15:17 | alerts | INFO | 
🟢 <b>🔔 REAL-TIME HIGH-CONVICTION SIGNAL - SILVER FUT</b>

📊 Conf: 7.1/10 | R:R: 1:3.61

📝 <b>Contract:</b> MCX Futures
🎯 <b>Entry Spot:</b> ₹83.1
⬆️ <b>Target Spot:</b> ₹86.1
⬇️ <b>Stop Spot:</b> ₹82.3
💰 Live Price: ₹83.1

2026-02-11 13:15:22 | alerts | INFO | 
🟢 <b>🔔 REAL-TIME HIGH-CONVICTION SIGNAL - SILVER FUT</b>

📊 Conf: 7.1/10 | R:R: 1:3.61

📝 <b>Contract:</b> MCX Futures
🎯 <b>Entry Spot:</b> ₹83.1
⬆️ <b>Target Spot:</b> ₹86.1
⬇️ <b>Stop Spot:</b> ₹82.3
💰 Live Price: ₹83.1

2026-02-11 13:15:26 | alerts | INFO | 
🟢 <b>🔔 REAL-TIME HIGH-CONVICTION SIGNAL - SILVER FUT</b>

📊 Conf: 7.1/10 | R:R: 1:3.61

📝 <b>Contract:</b> MCX Futures
🎯 <b>Entry Spot:</b> ₹83.1
⬆️ <b>Target Spot:</b> ₹86.1
⬇️ <b>Stop Spot:</b> ₹82.3
💰 Live Price: ₹83.1

2026-02-11 13:35:38 | alerts | INFO | 🤖 <b>CONTINUOUS PAPER TRADER STARTED</b>
2026-02-11 13:55:32 | alerts | INFO | 
🟢 <b>🔔 REAL-TIME HIGH-CONVICTION SIGNAL - SILVER FUT</b>

📊 Conf: 7.1/10 | R:R: 1:3.06

📝 <b>Contract:</b> MCX Futures
🎯 <b>Entry Spot:</b> ₹83.4
⬆️ <b>Target Spot:</b> ₹86.3
⬇️ <b>Stop Spot:</b> ₹82.4
💰 Live Price: ₹83.4

2026-02-11 13:55:36 | alerts | INFO | 
🟢 <b>🔔 REAL-TIME HIGH-CONVICTION SIGNAL - SILVER FUT</b>

📊 Conf: 7.1/10 | R:R: 1:3.19

📝 <b>Contract:</b> MCX Futures
🎯 <b>Entry Spot:</b> ₹83.3
⬆️ <b>Target Spot:</b> ₹86.3
⬇️ <b>Stop Spot:</b> ₹82.4
💰 Live Price: ₹83.3

2026-02-11 13:56:10 | alerts | INFO | 
🟢 <b>🔔 REAL-TIME HIGH-CONVICTION SIGNAL - SILVER FUT</b>

📊 Conf: 7.1/10 | R:R: 1:3.32

📝 <b>Contract:</b> MCX Futures
🎯 <b>Entry Spot:</b> ₹83.3
⬆️ <b>Target Spot:</b> ₹86.2
⬇️ <b>Stop Spot:</b> ₹82.4
💰 Live Price: ₹83.3

2026-02-11 13:56:44 | alerts | INFO | 
🟢 <b>🔔 REAL-TIME HIGH-CONVICTION SIGNAL - SILVER FUT</b>

📊 Conf: 7.1/10 | R:R: 1:3.29

📝 <b>Contract:</b> MCX Futures
🎯 <b>Entry Spot:</b> ₹83.3
⬆️ <b>Target Spot:</b> ₹86.3
⬇️ <b>Stop Spot:</b> ₹82.4
💰 Live Price: ₹83.3

2026-02-11 13:57:18 | alerts | INFO | 
🟢 <b>🔔 REAL-TIME HIGH-CONVICTION SIGNAL - SILVER FUT</b>

📊 Conf: 7.1/10 | R:R: 1:3.17

📝 <b>Contract:</b> MCX Futures
🎯 <b>Entry Spot:</b> ₹83.3
⬆️ <b>Target Spot:</b> ₹86.3
⬇️ <b>Stop Spot:</b> ₹82.4
💰 Live Price: ₹83.3

2026-02-11 13:57:52 | alerts | INFO | 
🟢 <b>🔔 REAL-TIME HIGH-CONVICTION SIGNAL - SILVER FUT</b>

📊 Conf: 7.1/10 | R:R: 1:3.38

📝 <b>Contract:</b> MCX Futures
🎯 <b>Entry Spot:</b> ₹83.4
⬆️ <b>Target Spot:</b> ₹86.4
⬇️ <b>Stop Spot:</b> ₹82.5
💰 Live Price: ₹83.4

2026-02-11 13:58:26 | alerts | INFO | 
🟢 <b>🔔 REAL-TIME HIGH-CONVICTION SIGNAL - SILVER FUT</b>

📊 Conf: 7.1/10 | R:R: 1:3.34

📝 <b>Contract:</b> MCX Futures
🎯 <b>Entry Spot:</b> ₹83.4
⬆️ <b>Target Spot:</b> ₹86.3
⬇️ <b>Stop Spot:</b> ₹82.5
💰 Live Price: ₹83.4

2026-02-11 13:59:00 | alerts | INFO | 
🟢 <b>🔔 REAL-TIME HIGH-CONVICTION SIGNAL - SILVER FUT</b>

📊 Conf: 7.1/10 | R:R: 1:3.17

📝 <b>Contract:</b> MCX Futures
🎯 <b>Entry Spot:</b> ₹83.3
⬆️ <b>Target Spot:</b> ₹86.3
⬇️ <b>Stop Spot:</b> ₹82.4
💰 Live Price: ₹83.3

2026-02-11 13:59:34 | alerts | INFO | 
🟢 <b>🔔 REAL-TIME HIGH-CONVICTION SIGNAL - SILVER FUT</b>

📊 Conf: 7.1/10 | R:R: 1:3.33

📝 <b>Contract:</b> MCX Futures
🎯 <b>Entry Spot:</b> ₹83.3
⬆️ <b>Target Spot:</b> ₹86.3
⬇️ <b>Stop Spot:</b> ₹82.4
💰 Live Price: ₹83.3

2026-02-11 14:00:08 | alerts | INFO | 
🟢 <b>🔔 REAL-TIME HIGH-CONVICTION SIGNAL - SILVER FUT</b>

📊 Conf: 7.1/10 | R:R: 1:3.33

📝 <b>Contract:</b> MCX Futures
🎯 <b>Entry Spot:</b> ₹83.3
⬆️ <b>Target Spot:</b> ₹86.3
⬇️ <b>Stop Spot:</b> ₹82.4
💰 Live Price: ₹83.3

2026-02-11 14:01:13 | alerts | INFO | 
🟢 <b>🔔 REAL-TIME HIGH-CONVICTION SIGNAL - SILVER FUT</b>

📊 Conf: 7.1/10 | R:R: 1:3.13

📝 <b>Contract:</b> MCX Futures
🎯 <b>Entry Spot:</b> ₹83.3
⬆️ <b>Target Spot:</b> ₹86.3
⬇️ <b>Stop Spot:</b> ₹82.4
💰 Live Price: ₹83.3

2026-02-11 14:01:47 | alerts | INFO | 
🟢 <b>🔔 REAL-TIME HIGH-CONVICTION SIGNAL - SILVER FUT</b>

📊 Conf: 7.1/10 | R:R: 1:3.13

📝 <b>Contract:</b> MCX Futures
🎯 <b>Entry Spot:</b> ₹83.3
⬆️ <b>Target Spot:</b> ₹86.3
⬇️ <b>Stop Spot:</b> ₹82.4
💰 Live Price: ₹83.3

2026-02-11 14:02:21 | alerts | INFO | 
🟢 <b>🔔 REAL-TIME HIGH-CONVICTION SIGNAL - SILVER FUT</b>

📊 Conf: 7.1/10 | R:R: 1:3.13

📝 <b>Contract:</b> MCX Futures
🎯 <b>Entry Spot:</b> ₹83.3
⬆️ <b>Target Spot:</b> ₹86.3
⬇️ <b>Stop Spot:</b> ₹82.4
💰 Live Price: ₹83.3

2026-02-11 14:04:29 | alerts | INFO | 
🟢 <b>🔔 REAL-TIME HIGH-CONVICTION SIGNAL - SILVER FUT</b>

📊 Conf: 7.1/10 | R:R: 1:3.34

📝 <b>Contract:</b> MCX Futures
🎯 <b>Entry Spot:</b> ₹83.4
⬆️ <b>Target Spot:</b> ₹86.3
⬇️ <b>Stop Spot:</b> ₹82.5
💰 Live Price: ₹83.4

2026-02-11 14:05:04 | alerts | INFO | 
🟢 <b>🔔 REAL-TIME HIGH-CONVICTION SIGNAL - SILVER FUT</b>

📊 Conf: 7.1/10 | R:R: 1:3.34

📝 <b>Contract:</b> MCX Futures
🎯 <b>Entry Spot:</b> ₹83.4
⬆️ <b>Target Spot:</b> ₹86.3
⬇️ <b>Stop Spot:</b> ₹82.5
💰 Live Price: ₹83.4

2026-02-11 14:05:37 | alerts | INFO | 
🟢 <b>🔔 REAL-TIME HIGH-CONVICTION SIGNAL - SILVER FUT</b>

📊 Conf: 7.1/10 | R:R: 1:3.19

📝 <b>Contract:</b> MCX Futures
🎯 <b>Entry Spot:</b> ₹83.3
⬆️ <b>Target Spot:</b> ₹86.3
⬇️ <b>Stop Spot:</b> ₹82.4
💰 Live Price: ₹83.3

2026-02-11 14:05:42 | alerts | INFO | 
🟢 <b>🔔 REAL-TIME HIGH-CONVICTION SIGNAL - SILVER FUT</b>

📊 Conf: 7.1/10 | R:R: 1:3.19

📝 <b>Contract:</b> MCX Futures
🎯 <b>Entry Spot:</b> ₹83.3
⬆️ <b>Target Spot:</b> ₹86.3
⬇️ <b>Stop Spot:</b> ₹82.4
💰 Live Price: ₹83.3

2026-02-11 14:06:16 | alerts | INFO | 
🟢 <b>🔔 REAL-TIME HIGH-CONVICTION SIGNAL - SILVER FUT</b>

📊 Conf: 7.1/10 | R:R: 1:3.04

📝 <b>Contract:</b> MCX Futures
🎯 <b>Entry Spot:</b> ₹83.3
⬆️ <b>Target Spot:</b> ₹86.2
⬇️ <b>Stop Spot:</b> ₹82.3
💰 Live Price: ₹83.3

2026-02-11 14:06:50 | alerts | INFO | 
🟢 <b>🔔 REAL-TIME HIGH-CONVICTION SIGNAL - SILVER FUT</b>

📊 Conf: 7.1/10 | R:R: 1:3.32

📝 <b>Contract:</b> MCX Futures
🎯 <b>Entry Spot:</b> ₹83.3
⬆️ <b>Target Spot:</b> ₹86.2
⬇️ <b>Stop Spot:</b> ₹82.4
💰 Live Price: ₹83.3

2026-02-11 14:07:23 | alerts | INFO | 
🟢 <b>🔔 REAL-TIME HIGH-CONVICTION SIGNAL - SILVER FUT</b>

📊 Conf: 7.1/10 | R:R: 1:3.31

📝 <b>Contract:</b> MCX Futures
🎯 <b>Entry Spot:</b> ₹83.3
⬆️ <b>Target Spot:</b> ₹86.3
⬇️ <b>Stop Spot:</b> ₹82.4
💰 Live Price: ₹83.3

2026-02-11 14:07:58 | alerts | INFO | 
🟢 <b>🔔 REAL-TIME HIGH-CONVICTION SIGNAL - SILVER FUT</b>

📊 Conf: 7.1/10 | R:R: 1:3.13

📝 <b>Contract:</b> MCX Futures
🎯 <b>Entry Spot:</b> ₹83.2
⬆️ <b>Target Spot:</b> ₹86.2
⬇️ <b>Stop Spot:</b> ₹82.3
💰 Live Price: ₹83.2

2026-02-11 14:08:31 | alerts | INFO | 
🟢 <b>🔔 REAL-TIME HIGH-CONVICTION SIGNAL - SILVER FUT</b>

📊 Conf: 7.1/10 | R:R: 1:3.33

📝 <b>Contract:</b> MCX Futures
🎯 <b>Entry Spot:</b> ₹83.2
⬆️ <b>Target Spot:</b> ₹86.2
⬇️ <b>Stop Spot:</b> ₹82.3
💰 Live Price: ₹83.2

2026-02-11 14:09:06 | alerts | INFO | 
🟢 <b>🔔 REAL-TIME HIGH-CONVICTION SIGNAL - SILVER FUT</b>

📊 Conf: 7.1/10 | R:R: 1:3.04

📝 <b>Contract:</b> MCX Futures
🎯 <b>Entry Spot:</b> ₹83.3
⬆️ <b>Target Spot:</b> ₹86.2
⬇️ <b>Stop Spot:</b> ₹82.3
💰 Live Price: ₹83.3

2026-02-11 14:09:39 | alerts | INFO | 
🟢 <b>🔔 REAL-TIME HIGH-CONVICTION SIGNAL - SILVER FUT</b>

📊 Conf: 7.1/10 | R:R: 1:3.24

📝 <b>Contract:</b> MCX Futures
🎯 <b>Entry Spot:</b> ₹83.2
⬆️ <b>Target Spot:</b> ₹86.2
⬇️ <b>Stop Spot:</b> ₹82.3
💰 Live Price: ₹83.2

2026-02-11 14:10:13 | alerts | INFO | 
🟢 <b>🔔 REAL-TIME HIGH-CONVICTION SIGNAL - SILVER FUT</b>

📊 Conf: 7.1/10 | R:R: 1:3.26

📝 <b>Contract:</b> MCX Futures
🎯 <b>Entry Spot:</b> ₹83.2
⬆️ <b>Target Spot:</b> ₹86.2
⬇️ <b>Stop Spot:</b> ₹82.3
💰 Live Price: ₹83.2

2026-02-11 14:10:47 | alerts | INFO | 
🟢 <b>🔔 REAL-TIME HIGH-CONVICTION SIGNAL - SILVER FUT</b>

📊 Conf: 7.1/10 | R:R: 1:3.17

📝 <b>Contract:</b> MCX Futures
🎯 <b>Entry Spot:</b> ₹83.2
⬆️ <b>Target Spot:</b> ₹86.2
⬇️ <b>Stop Spot:</b> ₹82.3
💰 Live Price: ₹83.2

2026-02-11 14:11:21 | alerts | INFO | 
🟢 <b>🔔 REAL-TIME HIGH-CONVICTION SIGNAL - SILVER FUT</b>

📊 Conf: 7.1/10 | R:R: 1:3.29

📝 <b>Contract:</b> MCX Futures
🎯 <b>Entry Spot:</b> ₹83.2
⬆️ <b>Target Spot:</b> ₹86.2
⬇️ <b>Stop Spot:</b> ₹82.3
💰 Live Price: ₹83.2

2026-02-11 14:11:55 | alerts | INFO | 
🟢 <b>🔔 REAL-TIME HIGH-CONVICTION SIGNAL - SILVER FUT</b>

📊 Conf: 7.1/10 | R:R: 1:3.00

📝 <b>Contract:</b> MCX Futures
🎯 <b>Entry Spot:</b> ₹83.3
⬆️ <b>Target Spot:</b> ₹86.2
⬇️ <b>Stop Spot:</b> ₹82.3
💰 Live Price: ₹83.3

2026-02-11 14:12:29 | alerts | INFO | 
🟢 <b>🔔 REAL-TIME HIGH-CONVICTION SIGNAL - SILVER FUT</b>

📊 Conf: 7.1/10 | R:R: 1:3.29

📝 <b>Contract:</b> MCX Futures
🎯 <b>Entry Spot:</b> ₹83.3
⬆️ <b>Target Spot:</b> ₹86.3
⬇️ <b>Stop Spot:</b> ₹82.4
💰 Live Price: ₹83.3

2026-02-11 14:13:03 | alerts | INFO | 
🟢 <b>🔔 REAL-TIME HIGH-CONVICTION SIGNAL - SILVER FUT</b>

📊 Conf: 7.1/10 | R:R: 1:3.02

📝 <b>Contract:</b> MCX Futures
🎯 <b>Entry Spot:</b> ₹83.3
⬆️ <b>Target Spot:</b> ₹86.2
⬇️ <b>Stop Spot:</b> ₹82.3
💰 Live Price: ₹83.3

2026-02-11 14:13:36 | alerts | INFO | 
🟢 <b>🔔 REAL-TIME HIGH-CONVICTION SIGNAL - SILVER FUT</b>

📊 Conf: 7.1/10 | R:R: 1:3.02

📝 <b>Contract:</b> MCX Futures
🎯 <b>Entry Spot:</b> ₹83.3
⬆️ <b>Target Spot:</b> ₹86.2
⬇️ <b>Stop Spot:</b> ₹82.3
💰 Live Price: ₹83.3

2026-02-11 14:14:10 | alerts | INFO | 
🟢 <b>🔔 REAL-TIME HIGH-CONVICTION SIGNAL - SILVER FUT</b>

📊 Conf: 7.1/10 | R:R: 1:3.00

📝 <b>Contract:</b> MCX Futures
🎯 <b>Entry Spot:</b> ₹83.3
⬆️ <b>Target Spot:</b> ₹86.2
⬇️ <b>Stop Spot:</b> ₹82.3
💰 Live Price: ₹83.3

2026-02-11 14:14:44 | alerts | INFO | 
🟢 <b>🔔 REAL-TIME HIGH-CONVICTION SIGNAL - SILVER FUT</b>

📊 Conf: 7.1/10 | R:R: 1:3.08

📝 <b>Contract:</b> MCX Futures
🎯 <b>Entry Spot:</b> ₹83.4
⬆️ <b>Target Spot:</b> ₹86.4
⬇️ <b>Stop Spot:</b> ₹82.4
💰 Live Price: ₹83.4

2026-02-11 14:15:18 | alerts | INFO | 
🟢 <b>🔔 REAL-TIME HIGH-CONVICTION SIGNAL - SILVER FUT</b>

📊 Conf: 7.1/10 | R:R: 1:3.00

📝 <b>Contract:</b> MCX Futures
🎯 <b>Entry Spot:</b> ₹83.4
⬆️ <b>Target Spot:</b> ₹86.4
⬇️ <b>Stop Spot:</b> ₹82.4
💰 Live Price: ₹83.4

2026-02-11 14:15:42 | alerts | INFO | 
🟢 <b>🔔 REAL-TIME HIGH-CONVICTION SIGNAL - SILVER FUT</b>

📊 Conf: 7.1/10 | R:R: 1:3.17

📝 <b>Contract:</b> MCX Futures
🎯 <b>Entry Spot:</b> ₹83.4
⬆️ <b>Target Spot:</b> ₹86.4
⬇️ <b>Stop Spot:</b> ₹82.5
💰 Live Price: ₹83.4

2026-02-11 14:15:46 | alerts | INFO | 
🟢 <b>🔔 REAL-TIME HIGH-CONVICTION SIGNAL - SILVER FUT</b>

📊 Conf: 7.1/10 | R:R: 1:3.06

📝 <b>Contract:</b> MCX Futures
🎯 <b>Entry Spot:</b> ₹83.5
⬆️ <b>Target Spot:</b> ₹86.4
⬇️ <b>Stop Spot:</b> ₹82.5
💰 Live Price: ₹83.5

2026-02-11 14:16:20 | alerts | INFO | 
🟢 <b>🔔 REAL-TIME HIGH-CONVICTION SIGNAL - SILVER FUT</b>

📊 Conf: 8.1/10 | R:R: 1:3.49

📝 <b>Contract:</b> MCX Futures
🎯 <b>Entry Spot:</b> ₹83.5
⬆️ <b>Target Spot:</b> ₹86.9
⬇️ <b>Stop Spot:</b> ₹82.5
💰 Live Price: ₹83.5

2026-02-11 14:16:54 | alerts | INFO | 
🟢 <b>🔔 REAL-TIME HIGH-CONVICTION SIGNAL - SILVER FUT</b>

📊 Conf: 8.1/10 | R:R: 1:3.47

📝 <b>Contract:</b> MCX Futures
🎯 <b>Entry Spot:</b> ₹83.5
⬆️ <b>Target Spot:</b> ₹86.9
⬇️ <b>Stop Spot:</b> ₹82.5
💰 Live Price: ₹83.5

2026-02-11 14:17:27 | alerts | INFO | 
🟢 <b>🔔 REAL-TIME HIGH-CONVICTION SIGNAL - SILVER FUT</b>

📊 Conf: 8.1/10 | R:R: 1:3.47

📝 <b>Contract:</b> MCX Futures
🎯 <b>Entry Spot:</b> ₹83.5
⬆️ <b>Target Spot:</b> ₹86.9
⬇️ <b>Stop Spot:</b> ₹82.5
💰 Live Price: ₹83.5

2026-02-11 14:18:01 | alerts | INFO | 
🟢 <b>🔔 REAL-TIME HIGH-CONVICTION SIGNAL - SILVER FUT</b>

📊 Conf: 8.1/10 | R:R: 1:3.40

📝 <b>Contract:</b> MCX Futures
🎯 <b>Entry Spot:</b> ₹83.5
⬆️ <b>Target Spot:</b> ₹86.9
⬇️ <b>Stop Spot:</b> ₹82.5
💰 Live Price: ₹83.5

2026-02-11 14:19:06 | alerts | INFO | 
🟢 <b>🔔 REAL-TIME HIGH-CONVICTION SIGNAL - SILVER FUT</b>

📊 Conf: 7.1/10 | R:R: 1:3.11

📝 <b>Contract:</b> MCX Futures
🎯 <b>Entry Spot:</b> ₹83.3
⬆️ <b>Target Spot:</b> ₹86.3
⬇️ <b>Stop Spot:</b> ₹82.4
💰 Live Price: ₹83.3

2026-02-11 14:19:40 | alerts | INFO | 
🟢 <b>🔔 REAL-TIME HIGH-CONVICTION SIGNAL - SILVER FUT</b>

📊 Conf: 8.1/10 | R:R: 1:3.46

📝 <b>Contract:</b> MCX Futures
🎯 <b>Entry Spot:</b> ₹83.5
⬆️ <b>Target Spot:</b> ₹86.8
⬇️ <b>Stop Spot:</b> ₹82.5
💰 Live Price: ₹83.5

2026-02-11 14:20:14 | alerts | INFO | 
🟢 <b>🔔 REAL-TIME HIGH-CONVICTION SIGNAL - SILVER FUT</b>

📊 Conf: 8.1/10 | R:R: 1:3.47

📝 <b>Contract:</b> MCX Futures
🎯 <b>Entry Spot:</b> ₹83.5
⬆️ <b>Target Spot:</b> ₹86.9
⬇️ <b>Stop Spot:</b> ₹82.5
💰 Live Price: ₹83.5

2026-02-11 14:20:48 | alerts | INFO | 
🟢 <b>🔔 REAL-TIME HIGH-CONVICTION SIGNAL - SILVER FUT</b>

📊 Conf: 7.1/10 | R:R: 1:3.08

📝 <b>Contract:</b> MCX Futures
🎯 <b>Entry Spot:</b> ₹83.5
⬆️ <b>Target Spot:</b> ₹86.4
⬇️ <b>Stop Spot:</b> ₹82.5
💰 Live Price: ₹83.5

2026-02-11 14:21:22 | alerts | INFO | 
🟢 <b>🔔 REAL-TIME HIGH-CONVICTION SIGNAL - SILVER FUT</b>

📊 Conf: 7.1/10 | R:R: 1:3.04

📝 <b>Contract:</b> MCX Futures
🎯 <b>Entry Spot:</b> ₹83.4
⬆️ <b>Target Spot:</b> ₹86.4
⬇️ <b>Stop Spot:</b> ₹82.4
💰 Live Price: ₹83.4

2026-02-11 14:21:56 | alerts | INFO | 
🟢 <b>🔔 REAL-TIME HIGH-CONVICTION SIGNAL - SILVER FUT</b>

📊 Conf: 7.1/10 | R:R: 1:3.08

📝 <b>Contract:</b> MCX Futures
🎯 <b>Entry Spot:</b> ₹83.4
⬆️ <b>Target Spot:</b> ₹86.4
⬇️ <b>Stop Spot:</b> ₹82.4
💰 Live Price: ₹83.4

2026-02-11 14:22:30 | alerts | INFO | 
🟢 <b>🔔 REAL-TIME HIGH-CONVICTION SIGNAL - SILVER FUT</b>

📊 Conf: 7.1/10 | R:R: 1:3.11

📝 <b>Contract:</b> MCX Futures
🎯 <b>Entry Spot:</b> ₹83.4
⬆️ <b>Target Spot:</b> ₹86.4
⬇️ <b>Stop Spot:</b> ₹82.5
💰 Live Price: ₹83.4

2026-02-11 14:23:04 | alerts | INFO | 
🟢 <b>🔔 REAL-TIME HIGH-CONVICTION SIGNAL - SILVER FUT</b>

📊 Conf: 7.1/10 | R:R: 1:2.96

📝 <b>Contract:</b> MCX Futures
🎯 <b>Entry Spot:</b> ₹83.4
⬆️ <b>Target Spot:</b> ₹86.4
⬇️ <b>Stop Spot:</b> ₹82.4
💰 Live Price: ₹83.4

2026-02-11 14:23:38 | alerts | INFO | 
🟢 <b>🔔 REAL-TIME HIGH-CONVICTION SIGNAL - SILVER FUT</b>

📊 Conf: 7.1/10 | R:R: 1:3.19

📝 <b>Contract:</b> MCX Futures
🎯 <b>Entry Spot:</b> ₹83.4
⬆️ <b>Target Spot:</b> ₹86.4
⬇️ <b>Stop Spot:</b> ₹82.5
💰 Live Price: ₹83.4

2026-02-11 14:25:15 | alerts | INFO | 
🟢 <b>🔔 REAL-TIME HIGH-CONVICTION SIGNAL - SILVER FUT</b>

📊 Conf: 7.1/10 | R:R: 1:3.33

📝 <b>Contract:</b> MCX Futures
🎯 <b>Entry Spot:</b> ₹83.5
⬆️ <b>Target Spot:</b> ₹86.5
⬇️ <b>Stop Spot:</b> ₹82.6
💰 Live Price: ₹83.5

2026-02-11 14:25:47 | alerts | INFO | 
🟢 <b>🔔 REAL-TIME HIGH-CONVICTION SIGNAL - SILVER FUT</b>

📊 Conf: 7.1/10 | R:R: 1:3.36

📝 <b>Contract:</b> MCX Futures
🎯 <b>Entry Spot:</b> ₹83.5
⬆️ <b>Target Spot:</b> ₹86.5
⬇️ <b>Stop Spot:</b> ₹82.6
💰 Live Price: ₹83.5

2026-02-11 14:30:02 | alerts | INFO | 
🟢 <b>🔔 REAL-TIME HIGH-CONVICTION SIGNAL - SILVER FUT</b>

📊 Conf: 7.1/10 | R:R: 1:3.26

📝 <b>Contract:</b> MCX Futures
🎯 <b>Entry Spot:</b> ₹83.5
⬆️ <b>Target Spot:</b> ₹86.5
⬇️ <b>Stop Spot:</b> ₹82.6
💰 Live Price: ₹83.5

2026-02-11 14:30:37 | alerts | INFO | 
🟢 <b>🔔 REAL-TIME HIGH-CONVICTION SIGNAL - SILVER FUT</b>

📊 Conf: 7.1/10 | R:R: 1:3.02

📝 <b>Contract:</b> MCX Futures
🎯 <b>Entry Spot:</b> ₹83.5
⬆️ <b>Target Spot:</b> ₹86.5
⬇️ <b>Stop Spot:</b> ₹82.5
💰 Live Price: ₹83.5

2026-02-11 14:31:11 | alerts | INFO | 
🟢 <b>🔔 REAL-TIME HIGH-CONVICTION SIGNAL - SILVER FUT</b>

📊 Conf: 7.1/10 | R:R: 1:3.26

📝 <b>Contract:</b> MCX Futures
🎯 <b>Entry Spot:</b> ₹83.5
⬆️ <b>Target Spot:</b> ₹86.5
⬇️ <b>Stop Spot:</b> ₹82.6
💰 Live Price: ₹83.5

2026-02-11 14:31:45 | alerts | INFO | 
🟢 <b>🔔 REAL-TIME HIGH-CONVICTION SIGNAL - SILVER FUT</b>

📊 Conf: 7.1/10 | R:R: 1:3.22

📝 <b>Contract:</b> MCX Futures
🎯 <b>Entry Spot:</b> ₹83.4
⬆️ <b>Target Spot:</b> ₹86.4
⬇️ <b>Stop Spot:</b> ₹82.5
💰 Live Price: ₹83.4

2026-02-11 14:32:19 | alerts | INFO | 
🟢 <b>🔔 REAL-TIME HIGH-CONVICTION SIGNAL - SILVER FUT</b>

📊 Conf: 7.1/10 | R:R: 1:2.98

📝 <b>Contract:</b> MCX Futures
🎯 <b>Entry Spot:</b> ₹83.4
⬆️ <b>Target Spot:</b> ₹86.4
⬇️ <b>Stop Spot:</b> ₹82.4
💰 Live Price: ₹83.4

2026-02-11 14:32:55 | alerts | INFO | 
🟢 <b>🔔 REAL-TIME HIGH-CONVICTION SIGNAL - SILVER FUT</b>

📊 Conf: 7.1/10 | R:R: 1:3.00

📝 <b>Contract:</b> MCX Futures
🎯 <b>Entry Spot:</b> ₹83.5
⬆️ <b>Target Spot:</b> ₹86.5
⬇️ <b>Stop Spot:</b> ₹82.5
💰 Live Price: ₹83.5

2026-02-11 14:33:28 | alerts | INFO | 
🟢 <b>🔔 REAL-TIME HIGH-CONVICTION SIGNAL - SILVER FUT</b>

📊 Conf: 7.1/10 | R:R: 1:3.00

📝 <b>Contract:</b> MCX Futures
🎯 <b>Entry Spot:</b> ₹83.5
⬆️ <b>Target Spot:</b> ₹86.4
⬇️ <b>Stop Spot:</b> ₹82.5
💰 Live Price: ₹83.5

2026-02-11 14:34:02 | alerts | INFO | 
🟢 <b>🔔 REAL-TIME HIGH-CONVICTION SIGNAL - SILVER FUT</b>

📊 Conf: 7.1/10 | R:R: 1:3.02

📝 <b>Contract:</b> MCX Futures
🎯 <b>Entry Spot:</b> ₹83.5
⬆️ <b>Target Spot:</b> ₹86.5
⬇️ <b>Stop Spot:</b> ₹82.5
💰 Live Price: ₹83.5

2026-02-11 14:34:36 | alerts | INFO | 
🟢 <b>🔔 REAL-TIME HIGH-CONVICTION SIGNAL - SILVER FUT</b>

📊 Conf: 7.1/10 | R:R: 1:3.04

📝 <b>Contract:</b> MCX Futures
🎯 <b>Entry Spot:</b> ₹83.5
⬆️ <b>Target Spot:</b> ₹86.5
⬇️ <b>Stop Spot:</b> ₹82.5
💰 Live Price: ₹83.5

2026-02-11 14:37:28 | alerts | INFO | 
🔴 <b>🔔 REAL-TIME HIGH-CONVICTION SIGNAL - SILVER FUT</b>

📊 Conf: 8.1/10 | R:R: 1:8.07

📝 <b>Contract:</b> MCX Futures
🎯 <b>Entry Spot:</b> ₹261555.0
⬇️ <b>Target Spot:</b> ₹250994.7
⬆️ <b>Stop Spot:</b> ₹262862.8
💰 Live Price: ₹261555.0
🧩 Instrument: — | Lot Size: 1

2026-02-11 14:37:53 | alerts | INFO | 
🔴 <b>🔔 REAL-TIME HIGH-CONVICTION SIGNAL - SILVER FUT</b>

📊 Conf: 8.1/10 | R:R: 1:8.07

📝 <b>Contract:</b> MCX Futures
🎯 <b>Entry Spot:</b> ₹261555.0
⬇️ <b>Target Spot:</b> ₹250994.7
⬆️ <b>Stop Spot:</b> ₹262862.8
💰 Live Price: ₹261775.0
🧩 Instrument: — | Lot Size: 1

2026-02-11 14:44:52 | alerts | INFO | 
🟢 <b>🔔 REAL-TIME HIGH-CONVICTION SIGNAL - NATGASMINI FUT</b>

📊 Conf: 8.1/10 | R:R: 1:8.21

📝 <b>Contract:</b> MCX Futures
🎯 <b>Entry Spot:</b> ₹285.7
⬆️ <b>Target Spot:</b> ₹297.2
⬇️ <b>Stop Spot:</b> ₹284.3
💰 Live Price: ₹285.6
🧩 Instrument: — | Lot Size: 1

2026-02-11 14:44:56 | alerts | INFO | 
🟢 <b>🔔 REAL-TIME HIGH-CONVICTION SIGNAL - NATURALGAS FUT</b>

📊 Conf: 8.1/10 | R:R: 1:8.21

📝 <b>Contract:</b> MCX Futures
🎯 <b>Entry Spot:</b> ₹285.5
⬆️ <b>Target Spot:</b> ₹297.0
⬇️ <b>Stop Spot:</b> ₹284.1
💰 Live Price: ₹285.5
🧩 Instrument: — | Lot Size: 1

2026-02-11 14:45:49 | alerts | INFO | 
🟢 <b>🔔 REAL-TIME HIGH-CONVICTION SIGNAL - SILVER FUT</b>

📊 Conf: 7.1/10 | R:R: 1:3.11

📝 <b>Contract:</b> MCX Futures
🎯 <b>Entry Spot:</b> ₹83.4
⬆️ <b>Target Spot:</b> ₹86.4
⬇️ <b>Stop Spot:</b> ₹82.5
💰 Live Price: ₹83.4

2026-02-11 14:45:54 | alerts | INFO | 
🟢 <b>🔔 REAL-TIME HIGH-CONVICTION SIGNAL - SILVER FUT</b>

📊 Conf: 7.1/10 | R:R: 1:3.11

📝 <b>Contract:</b> MCX Futures
🎯 <b>Entry Spot:</b> ₹83.4
⬆️ <b>Target Spot:</b> ₹86.4
⬇️ <b>Stop Spot:</b> ₹82.5
💰 Live Price: ₹83.4

2026-02-11 14:45:59 | alerts | INFO | 
🟢 <b>🔔 REAL-TIME HIGH-CONVICTION SIGNAL - SILVER FUT</b>

📊 Conf: 7.1/10 | R:R: 1:3.11

📝 <b>Contract:</b> MCX Futures
🎯 <b>Entry Spot:</b> ₹83.4
⬆️ <b>Target Spot:</b> ₹86.4
⬇️ <b>Stop Spot:</b> ₹82.5
💰 Live Price: ₹83.4

2026-02-11 14:46:32 | alerts | INFO | 
🟢 <b>🔔 REAL-TIME HIGH-CONVICTION SIGNAL - SILVER FUT</b>

📊 Conf: 7.1/10 | R:R: 1:3.04

📝 <b>Contract:</b> MCX Futures
🎯 <b>Entry Spot:</b> ₹83.3
⬆️ <b>Target Spot:</b> ₹86.2
⬇️ <b>Stop Spot:</b> ₹82.3
💰 Live Price: ₹83.3

2026-02-11 14:47:06 | alerts | INFO | 
🟢 <b>🔔 REAL-TIME HIGH-CONVICTION SIGNAL - SILVER FUT</b>

📊 Conf: 7.1/10 | R:R: 1:3.02

📝 <b>Contract:</b> MCX Futures
🎯 <b>Entry Spot:</b> ₹83.3
⬆️ <b>Target Spot:</b> ₹86.2
⬇️ <b>Stop Spot:</b> ₹82.3
💰 Live Price: ₹83.3

2026-02-11 14:47:40 | alerts | INFO | 
🟢 <b>🔔 REAL-TIME HIGH-CONVICTION SIGNAL - SILVER FUT</b>

📊 Conf: 7.1/10 | R:R: 1:3.02

📝 <b>Contract:</b> MCX Futures
🎯 <b>Entry Spot:</b> ₹83.3
⬆️ <b>Target Spot:</b> ₹86.2
⬇️ <b>Stop Spot:</b> ₹82.3
💰 Live Price: ₹83.3

2026-02-11 14:48:14 | alerts | INFO | 
🟢 <b>🔔 REAL-TIME HIGH-CONVICTION SIGNAL - SILVER FUT</b>

📊 Conf: 7.1/10 | R:R: 1:2.96

📝 <b>Contract:</b> MCX Futures
🎯 <b>Entry Spot:</b> ₹83.3
⬆️ <b>Target Spot:</b> ₹86.3
⬇️ <b>Stop Spot:</b> ₹82.3
💰 Live Price: ₹83.3

2026-02-11 14:48:48 | alerts | INFO | 
🟢 <b>🔔 REAL-TIME HIGH-CONVICTION SIGNAL - SILVER FUT</b>

📊 Conf: 7.1/10 | R:R: 1:2.92

📝 <b>Contract:</b> MCX Futures
🎯 <b>Entry Spot:</b> ₹83.3
⬆️ <b>Target Spot:</b> ₹86.3
⬇️ <b>Stop Spot:</b> ₹82.3
💰 Live Price: ₹83.3

2026-02-11 14:49:22 | alerts | INFO | 
🟢 <b>🔔 REAL-TIME HIGH-CONVICTION SIGNAL - SILVER FUT</b>

📊 Conf: 7.1/10 | R:R: 1:2.98

📝 <b>Contract:</b> MCX Futures
🎯 <b>Entry Spot:</b> ₹83.3
⬆️ <b>Target Spot:</b> ₹86.2
⬇️ <b>Stop Spot:</b> ₹82.3
💰 Live Price: ₹83.3

2026-02-11 14:49:56 | alerts | INFO | 
🟢 <b>🔔 REAL-TIME HIGH-CONVICTION SIGNAL - SILVER FUT</b>

📊 Conf: 7.1/10 | R:R: 1:2.96

📝 <b>Contract:</b> MCX Futures
🎯 <b>Entry Spot:</b> ₹83.3
⬆️ <b>Target Spot:</b> ₹86.3
⬇️ <b>Stop Spot:</b> ₹82.3
💰 Live Price: ₹83.3

2026-02-11 14:50:29 | alerts | INFO | 
🟢 <b>🔔 REAL-TIME HIGH-CONVICTION SIGNAL - SILVER FUT</b>

📊 Conf: 7.1/10 | R:R: 1:3.00

📝 <b>Contract:</b> MCX Futures
🎯 <b>Entry Spot:</b> ₹83.4
⬆️ <b>Target Spot:</b> ₹86.3
⬇️ <b>Stop Spot:</b> ₹82.4
💰 Live Price: ₹83.4

2026-02-11 14:51:03 | alerts | INFO | 
🟢 <b>🔔 REAL-TIME HIGH-CONVICTION SIGNAL - SILVER FUT</b>

📊 Conf: 7.1/10 | R:R: 1:3.11

📝 <b>Contract:</b> MCX Futures
🎯 <b>Entry Spot:</b> ₹83.4
⬆️ <b>Target Spot:</b> ₹86.4
⬇️ <b>Stop Spot:</b> ₹82.5
💰 Live Price: ₹83.4

2026-02-11 14:51:37 | alerts | INFO | 
🟢 <b>🔔 REAL-TIME HIGH-CONVICTION SIGNAL - SILVER FUT</b>

📊 Conf: 7.1/10 | R:R: 1:3.00

📝 <b>Contract:</b> MCX Futures
🎯 <b>Entry Spot:</b> ₹83.4
⬆️ <b>Target Spot:</b> ₹86.4
⬇️ <b>Stop Spot:</b> ₹82.4
💰 Live Price: ₹83.4

2026-02-11 14:52:10 | alerts | INFO | 
🟢 <b>🔔 REAL-TIME HIGH-CONVICTION SIGNAL - SILVER FUT</b>

📊 Conf: 7.1/10 | R:R: 1:3.00

📝 <b>Contract:</b> MCX Futures
🎯 <b>Entry Spot:</b> ₹83.4
⬆️ <b>Target Spot:</b> ₹86.4
⬇️ <b>Stop Spot:</b> ₹82.4
💰 Live Price: ₹83.4

2026-02-11 14:52:44 | alerts | INFO | 
🟢 <b>🔔 REAL-TIME HIGH-CONVICTION SIGNAL - SILVER FUT</b>

📊 Conf: 7.1/10 | R:R: 1:2.96

📝 <b>Contract:</b> MCX Futures
🎯 <b>Entry Spot:</b> ₹83.4
⬆️ <b>Target Spot:</b> ₹86.4
⬇️ <b>Stop Spot:</b> ₹82.4
💰 Live Price: ₹83.4

2026-02-11 14:53:18 | alerts | INFO | 
🟢 <b>🔔 REAL-TIME HIGH-CONVICTION SIGNAL - SILVER FUT</b>

📊 Conf: 7.1/10 | R:R: 1:3.04

📝 <b>Contract:</b> MCX Futures
🎯 <b>Entry Spot:</b> ₹83.4
⬆️ <b>Target Spot:</b> ₹86.3
⬇️ <b>Stop Spot:</b> ₹82.4
💰 Live Price: ₹83.4

2026-02-11 14:53:52 | alerts | INFO | 
🟢 <b>🔔 REAL-TIME HIGH-CONVICTION SIGNAL - SILVER FUT</b>

📊 Conf: 7.1/10 | R:R: 1:2.94

📝 <b>Contract:</b> MCX Futures
🎯 <b>Entry Spot:</b> ₹83.4
⬆️ <b>Target Spot:</b> ₹86.4
⬇️ <b>Stop Spot:</b> ₹82.4
💰 Live Price: ₹83.4

2026-02-11 14:54:26 | alerts | INFO | 
🟢 <b>🔔 REAL-TIME HIGH-CONVICTION SIGNAL - SILVER FUT</b>

📊 Conf: 7.1/10 | R:R: 1:2.88

📝 <b>Contract:</b> MCX Futures
🎯 <b>Entry Spot:</b> ₹83.4
⬆️ <b>Target Spot:</b> ₹86.4
⬇️ <b>Stop Spot:</b> ₹82.4
💰 Live Price: ₹83.4

2026-02-11 14:55:00 | alerts | INFO | 
🟢 <b>🔔 REAL-TIME HIGH-CONVICTION SIGNAL - SILVER FUT</b>

📊 Conf: 7.1/10 | R:R: 1:2.88

📝 <b>Contract:</b> MCX Futures
🎯 <b>Entry Spot:</b> ₹83.4
⬆️ <b>Target Spot:</b> ₹86.4
⬇️ <b>Stop Spot:</b> ₹82.4
💰 Live Price: ₹83.4

2026-02-11 14:55:34 | alerts | INFO | 
🟢 <b>🔔 REAL-TIME HIGH-CONVICTION SIGNAL - SILVER FUT</b>

📊 Conf: 7.1/10 | R:R: 1:3.04

📝 <b>Contract:</b> MCX Futures
🎯 <b>Entry Spot:</b> ₹83.4
⬆️ <b>Target Spot:</b> ₹86.3
⬇️ <b>Stop Spot:</b> ₹82.4
💰 Live Price: ₹83.4

2026-02-11 14:55:59 | alerts | INFO | 
🟢 <b>🔔 REAL-TIME HIGH-CONVICTION SIGNAL - SILVER FUT</b>

📊 Conf: 7.1/10 | R:R: 1:3.04

📝 <b>Contract:</b> MCX Futures
🎯 <b>Entry Spot:</b> ₹83.4
⬆️ <b>Target Spot:</b> ₹86.3
⬇️ <b>Stop Spot:</b> ₹82.4
💰 Live Price: ₹83.4

2026-02-11 14:56:04 | alerts | INFO | 
🟢 <b>🔔 REAL-TIME HIGH-CONVICTION SIGNAL - SILVER FUT</b>

📊 Conf: 7.1/10 | R:R: 1:3.41

📝 <b>Contract:</b> MCX Futures
🎯 <b>Entry Spot:</b> ₹83.4
⬆️ <b>Target Spot:</b> ₹86.4
⬇️ <b>Stop Spot:</b> ₹82.5
💰 Live Price: ₹83.4

2026-02-11 14:56:38 | alerts | INFO | 
🟢 <b>🔔 REAL-TIME HIGH-CONVICTION SIGNAL - SILVER FUT</b>

📊 Conf: 7.1/10 | R:R: 1:3.15

📝 <b>Contract:</b> MCX Futures
🎯 <b>Entry Spot:</b> ₹83.3
⬆️ <b>Target Spot:</b> ₹86.3
⬇️ <b>Stop Spot:</b> ₹82.4
💰 Live Price: ₹83.3

2026-02-11 14:57:12 | alerts | INFO | 
🟢 <b>🔔 REAL-TIME HIGH-CONVICTION SIGNAL - SILVER FUT</b>

📊 Conf: 7.1/10 | R:R: 1:3.15

📝 <b>Contract:</b> MCX Futures
🎯 <b>Entry Spot:</b> ₹83.3
⬆️ <b>Target Spot:</b> ₹86.3
⬇️ <b>Stop Spot:</b> ₹82.4
💰 Live Price: ₹83.3

2026-02-11 14:57:45 | alerts | INFO | 
🟢 <b>🔔 REAL-TIME HIGH-CONVICTION SIGNAL - SILVER FUT</b>

📊 Conf: 7.1/10 | R:R: 1:3.06

📝 <b>Contract:</b> MCX Futures
🎯 <b>Entry Spot:</b> ₹83.5
⬆️ <b>Target Spot:</b> ₹86.4
⬇️ <b>Stop Spot:</b> ₹82.5
💰 Live Price: ₹83.5

2026-02-11 14:58:19 | alerts | INFO | 
🟢 <b>🔔 REAL-TIME HIGH-CONVICTION SIGNAL - SILVER FUT</b>

📊 Conf: 7.1/10 | R:R: 1:3.00

📝 <b>Contract:</b> MCX Futures
🎯 <b>Entry Spot:</b> ₹83.5
⬆️ <b>Target Spot:</b> ₹86.4
⬇️ <b>Stop Spot:</b> ₹82.5
💰 Live Price: ₹83.5

2026-02-11 14:58:53 | alerts | INFO | 
🟢 <b>🔔 REAL-TIME HIGH-CONVICTION SIGNAL - SILVER FUT</b>

📊 Conf: 7.1/10 | R:R: 1:3.26

📝 <b>Contract:</b> MCX Futures
🎯 <b>Entry Spot:</b> ₹83.5
⬆️ <b>Target Spot:</b> ₹86.5
⬇️ <b>Stop Spot:</b> ₹82.6
💰 Live Price: ₹83.5

2026-02-11 14:59:27 | alerts | INFO | 
🟢 <b>🔔 REAL-TIME HIGH-CONVICTION SIGNAL - SILVER FUT</b>

📊 Conf: 7.1/10 | R:R: 1:3.08

📝 <b>Contract:</b> MCX Futures
🎯 <b>Entry Spot:</b> ₹83.6
⬆️ <b>Target Spot:</b> ₹86.6
⬇️ <b>Stop Spot:</b> ₹82.6
💰 Live Price: ₹83.6

2026-02-11 15:00:01 | alerts | INFO | 
🟢 <b>🔔 REAL-TIME HIGH-CONVICTION SIGNAL - SILVER FUT</b>

📊 Conf: 7.1/10 | R:R: 1:3.02

📝 <b>Contract:</b> MCX Futures
🎯 <b>Entry Spot:</b> ₹83.6
⬆️ <b>Target Spot:</b> ₹86.6
⬇️ <b>Stop Spot:</b> ₹82.6
💰 Live Price: ₹83.6

2026-02-11 15:00:35 | alerts | INFO | 
🟢 <b>🔔 REAL-TIME HIGH-CONVICTION SIGNAL - SILVER FUT</b>

📊 Conf: 7.1/10 | R:R: 1:3.04

📝 <b>Contract:</b> MCX Futures
🎯 <b>Entry Spot:</b> ₹83.6
⬆️ <b>Target Spot:</b> ₹86.6
⬇️ <b>Stop Spot:</b> ₹82.6
💰 Live Price: ₹83.6

2026-02-11 15:01:40 | alerts | INFO | 
🟢 <b>🔔 REAL-TIME HIGH-CONVICTION SIGNAL - SILVER FUT</b>

📊 Conf: 7.1/10 | R:R: 1:3.00

📝 <b>Contract:</b> MCX Futures
🎯 <b>Entry Spot:</b> ₹83.6
⬆️ <b>Target Spot:</b> ₹86.6
⬇️ <b>Stop Spot:</b> ₹82.6
💰 Live Price: ₹83.6

2026-02-11 15:02:39 | alerts | INFO | 
🔴 <b>🔔 REAL-TIME HIGH-CONVICTION SIGNAL - NATURALGAS FUT</b>

📊 Conf: 8.1/10 | R:R: 1:8.21

📝 <b>Contract:</b> MCX Futures
🎯 <b>Entry Spot:</b> ₹284.0
⬇️ <b>Target Spot:</b> ₹272.5
⬆️ <b>Stop Spot:</b> ₹285.4
💰 Live Price: ₹284.0
🧩 Instrument: — | Lot Size: 1

2026-02-11 15:02:46 | alerts | INFO | 
🟢 <b>🔔 REAL-TIME HIGH-CONVICTION SIGNAL - SILVER FUT</b>

📊 Conf: 7.1/10 | R:R: 1:3.04

📝 <b>Contract:</b> MCX Futures
🎯 <b>Entry Spot:</b> ₹83.6
⬆️ <b>Target Spot:</b> ₹86.6
⬇️ <b>Stop Spot:</b> ₹82.6
💰 Live Price: ₹83.6

2026-02-11 15:03:20 | alerts | INFO | 
🟢 <b>🔔 REAL-TIME HIGH-CONVICTION SIGNAL - SILVER FUT</b>

📊 Conf: 7.1/10 | R:R: 1:2.98

📝 <b>Contract:</b> MCX Futures
🎯 <b>Entry Spot:</b> ₹83.6
⬆️ <b>Target Spot:</b> ₹86.6
⬇️ <b>Stop Spot:</b> ₹82.6
💰 Live Price: ₹83.6

2026-02-11 15:03:31 | alerts | INFO | 
🔴 <b>🔔 REAL-TIME HIGH-CONVICTION SIGNAL - NATGASMINI FUT</b>

📊 Conf: 8.1/10 | R:R: 1:8.21

📝 <b>Contract:</b> MCX Futures
🎯 <b>Entry Spot:</b> ₹284.2
⬇️ <b>Target Spot:</b> ₹272.7
⬆️ <b>Stop Spot:</b> ₹285.6
💰 Live Price: ₹284.3
🧩 Instrument: — | Lot Size: 1

2026-02-11 15:04:26 | alerts | INFO | 
🟢 <b>🔔 REAL-TIME HIGH-CONVICTION SIGNAL - SILVER FUT</b>

📊 Conf: 7.1/10 | R:R: 1:3.00

📝 <b>Contract:</b> MCX Futures
🎯 <b>Entry Spot:</b> ₹83.6
⬆️ <b>Target Spot:</b> ₹86.6
⬇️ <b>Stop Spot:</b> ₹82.6
💰 Live Price: ₹83.6

