2026-02-10 19:02:50,061 - INFO - 💰 Mode: PAPER. Capital: ₹249,442
2026-02-10 19:02:50,062 - INFO - 🎯 Strategy: GOLDMINI_PINE (Conf=7.8, R:R=1.7, Lots=2x)
2026-02-10 19:02:54,452 - INFO - Dynamic Telegram Chat ID detected: 8431274192
2026-02-10 19:02:54,460 - INFO - 🤖 Telegram alerts ENABLED. Chat ID: 8431274192
2026-02-10 19:02:56,929 - WARNING - [33m❌ Ignoring switch to GOLDMINI_PINE for COMMODITY instance. Staying on GOLDMINI_PINE.[0m
2026-02-10 19:02:56,929 - INFO - [36m--- MANUAL START: Strategy forced to GOLDMINI_PINE ---[0m
2026-02-10 19:02:56,929 - INFO - [32mEmitting initial dashboard data on startup...[0m
2026-02-10 19:03:00,310 - INFO - ✅ Automatic utility schedule setup complete.
2026-02-10 19:03:00,311 - INFO - 📋 Scheduled daily audit summary at 15:20.
2026-02-10 19:03:00,311 - INFO - 🔄 Scheduled hourly broker reconciliation.
2026-02-10 19:03:00,311 - INFO - [32m🚀 Starting continuous scanner and utility threads.[0m
2026-02-10 19:03:00,312 - WARNING - [33m❌ Ignoring switch to GOLDMINI_PINE for COMMODITY instance. Staying on GOLDMINI_PINE.[0m
2026-02-10 19:03:00,313 - INFO - ⚙️ Commodity scan list prepared: 7 symbols (tokens available for 7)
2026-02-10 19:03:00,314 - WARNING - Nifty data missing for regime assessment. Defaulting to HIGH_CONVICTION.
2026-02-10 19:03:02,561 - INFO - 🌐 Starting Dashboard at http://0.0.0.0:5024/
2026-02-10 19:03:02,563 - INFO - [32mSystem running continuously. Access dashboard at http://0.0.0.0:5024/. Press Ctrl+C to stop.[0m
2026-02-10 19:03:08,096 - INFO - Indicators GOLDM: price 156316.00, vol 5.00, atr% 0.15, rc 0.98
2026-02-10 19:03:08,100 - INFO - Indicators GOLDMINI: price 156316.00, vol 5.00, atr% 0.15, rc 0.98
2026-02-10 19:03:08,104 - INFO - Indicators SILVER: price 259998.00, vol 5.00, atr% 0.28, rc 0.97
2026-02-10 19:03:08,108 - INFO - Indicators SILVERM: price 267219.00, vol 5.00, atr% 0.35, rc 0.77
2026-02-10 19:03:08,113 - INFO - Indicators SILVERMIC: price 267449.00, vol 5.00, atr% 0.36, rc 0.84
2026-02-10 19:03:08,115 - INFO - Indicators CRUDEOILM: price 5849.00, vol 5.00, atr% 0.19, rc 0.86
2026-02-10 19:03:08,121 - INFO - Indicators CRUDEOILMINI: price 5849.00, vol 5.00, atr% 0.19, rc 0.86
2026-02-10 19:03:16,055 - WARNING - [33m❌ Ignoring switch to GOLDMINI_PINE for COMMODITY instance. Staying on GOLDMINI_PINE.[0m
2026-02-10 19:03:16,742 - WARNING - [33m❌ Ignoring switch to GOLDMINI_PINE for COMMODITY instance. Staying on GOLDMINI_PINE.[0m
2026-02-10 19:03:16,743 - INFO - ⚙️ Commodity scan list prepared: 7 symbols (tokens available for 7)
2026-02-10 19:03:16,743 - WARNING - Nifty data missing for regime assessment. Defaulting to HIGH_CONVICTION.
2026-02-10 19:03:23,963 - INFO - Indicators GOLDM: price 156392.00, vol 5.00, atr% 0.16, rc 1.00
2026-02-10 19:03:23,964 - INFO - Indicators GOLDMINI: price 156392.00, vol 5.00, atr% 0.16, rc 1.00
2026-02-10 19:03:23,966 - INFO - Indicators SILVER: price 259799.00, vol 5.00, atr% 0.28, rc 0.89
2026-02-10 19:03:23,968 - INFO - Indicators SILVERM: price 267500.00, vol 5.00, atr% 0.36, rc 0.87
2026-02-10 19:03:23,970 - INFO - Indicators SILVERMIC: price 267650.00, vol 5.00, atr% 0.37, rc 0.90
2026-02-10 19:03:23,972 - INFO - Indicators CRUDEOILM: price 5847.00, vol 5.00, atr% 0.19, rc 0.85
2026-02-10 19:03:23,973 - INFO - Indicators CRUDEOILMINI: price 5847.00, vol 5.00, atr% 0.19, rc 0.85
2026-02-10 19:03:50,691 - WARNING - [33m❌ Ignoring switch to GOLDMINI_PINE for COMMODITY instance. Staying on GOLDMINI_PINE.[0m
2026-02-10 19:04:01,713 - WARNING - [33m❌ Ignoring switch to GOLDMINI_PINE for COMMODITY instance. Staying on GOLDMINI_PINE.[0m
2026-02-10 19:04:01,713 - INFO - ⚙️ Commodity scan list prepared: 7 symbols (tokens available for 7)
2026-02-10 19:04:01,713 - WARNING - Nifty data missing for regime assessment. Defaulting to HIGH_CONVICTION.
2026-02-10 19:04:09,456 - INFO - Indicators GOLDM: price 156480.00, vol 5.00, atr% 0.16, rc 1.00
2026-02-10 19:04:11,772 - INFO - Indicators GOLDMINI: price 156480.00, vol 5.00, atr% 0.16, rc 1.00
2026-02-10 19:04:13,985 - INFO - Indicators SILVER: price 259799.00, vol 5.00, atr% 0.30, rc 0.87
2026-02-10 19:04:13,988 - INFO - Indicators SILVERM: price 267768.00, vol 5.00, atr% 0.36, rc 0.94
2026-02-10 19:04:13,997 - INFO - Indicators SILVERMIC: price 267798.00, vol 5.00, atr% 0.37, rc 0.94
2026-02-10 19:04:14,003 - INFO - Indicators CRUDEOILM: price 5852.00, vol 5.00, atr% 0.19, rc 0.71
2026-02-10 19:04:14,006 - INFO - Indicators CRUDEOILMINI: price 5852.00, vol 5.00, atr% 0.19, rc 0.71
2026-02-10 19:04:15,118 - INFO - Strategy Validation - Win Rate: 20.0%, Profit Factor: 3518.87
2026-02-10 19:04:17,337 - INFO - Skipping GOLDM: Correlated exposure detected (>= 0.70)
2026-02-10 19:04:17,344 - ERROR - CRITICAL: No future expiry dates found in MCX cache for GOLDMINI. Defaulting to +30 days.
2026-02-10 19:04:18,464 - INFO - Strategy Validation - Win Rate: 20.0%, Profit Factor: 3518.87
2026-02-10 19:04:20,688 - INFO - Skipping GOLDMINI: Correlated exposure detected (>= 0.70)
2026-02-10 19:04:58,479 - WARNING - [33m❌ Ignoring switch to GOLDMINI_PINE for COMMODITY instance. Staying on GOLDMINI_PINE.[0m
2026-02-10 19:04:58,480 - INFO - ⚙️ Commodity scan list prepared: 7 symbols (tokens available for 7)
2026-02-10 19:04:58,480 - WARNING - Nifty data missing for regime assessment. Defaulting to HIGH_CONVICTION.
2026-02-10 19:05:05,632 - INFO - Indicators GOLDM: price 156307.00, vol 5.00, atr% 0.16, rc 0.99
2026-02-10 19:05:05,640 - INFO - Indicators GOLDMINI: price 156307.00, vol 5.00, atr% 0.16, rc 0.99
2026-02-10 19:05:05,661 - INFO - Indicators SILVER: price 259813.00, vol 5.00, atr% 0.29, rc 0.88
2026-02-10 19:05:07,858 - INFO - Indicators SILVERM: price 267357.00, vol 5.00, atr% 0.35, rc 0.86
2026-02-10 19:05:07,863 - INFO - Indicators SILVERMIC: price 267400.00, vol 5.00, atr% 0.36, rc 0.78
2026-02-10 19:05:07,866 - INFO - Indicators CRUDEOILM: price 5854.00, vol 5.00, atr% 0.17, rc 0.52
2026-02-10 19:05:07,869 - INFO - Indicators CRUDEOILMINI: price 5854.00, vol 5.00, atr% 0.17, rc 0.52
2026-02-10 19:05:08,953 - INFO - Strategy Validation - Win Rate: 20.0%, Profit Factor: 3518.87
2026-02-10 19:05:11,151 - INFO - Skipping SILVER: Correlated exposure detected (>= 0.70)
2026-02-10 19:05:49,037 - WARNING - [33m❌ Ignoring switch to GOLDMINI_PINE for COMMODITY instance. Staying on GOLDMINI_PINE.[0m
2026-02-10 19:05:49,038 - INFO - ⚙️ Commodity scan list prepared: 7 symbols (tokens available for 7)
2026-02-10 19:05:49,038 - WARNING - Nifty data missing for regime assessment. Defaulting to HIGH_CONVICTION.
2026-02-10 19:05:55,986 - INFO - Indicators GOLDM: price 156353.00, vol 5.00, atr% 0.16, rc 0.74
2026-02-10 19:05:55,989 - INFO - Indicators GOLDMINI: price 156353.00, vol 5.00, atr% 0.16, rc 0.74
2026-02-10 19:05:55,991 - INFO - Indicators SILVER: price 259700.00, vol 5.00, atr% 0.31, rc 0.77
2026-02-10 19:05:55,994 - INFO - Indicators SILVERM: price 267526.00, vol 5.00, atr% 0.36, rc 0.66
2026-02-10 19:05:55,996 - INFO - Indicators SILVERMIC: price 267416.00, vol 5.00, atr% 0.38, rc 0.63
2026-02-10 19:05:55,998 - INFO - Indicators CRUDEOILM: price 5848.00, vol 5.00, atr% 0.17, rc 0.58
2026-02-10 19:05:56,000 - INFO - Indicators CRUDEOILMINI: price 5848.00, vol 5.00, atr% 0.17, rc 0.58
2026-02-10 19:06:33,689 - WARNING - [33m❌ Ignoring switch to GOLDMINI_PINE for COMMODITY instance. Staying on GOLDMINI_PINE.[0m
2026-02-10 19:06:33,690 - INFO - ⚙️ Commodity scan list prepared: 7 symbols (tokens available for 7)
2026-02-10 19:06:33,691 - WARNING - Nifty data missing for regime assessment. Defaulting to HIGH_CONVICTION.
2026-02-10 19:06:40,699 - INFO - Indicators GOLDM: price 156361.00, vol 5.00, atr% 0.15, rc 0.70
2026-02-10 19:06:40,704 - INFO - Indicators GOLDMINI: price 156361.00, vol 5.00, atr% 0.15, rc 0.70
2026-02-10 19:06:40,710 - INFO - Indicators SILVER: price 259429.00, vol 5.00, atr% 0.32, rc 0.52
2026-02-10 19:06:40,725 - INFO - Indicators SILVERM: price 267296.00, vol 5.00, atr% 0.35, rc 0.50
2026-02-10 19:06:40,732 - INFO - Indicators SILVERMIC: price 267209.00, vol 5.00, atr% 0.37, rc 0.53
2026-02-10 19:06:40,737 - INFO - Indicators CRUDEOILM: price 5851.00, vol 5.00, atr% 0.19, rc 0.71
2026-02-10 19:06:40,742 - INFO - Indicators CRUDEOILMINI: price 5851.00, vol 5.00, atr% 0.19, rc 0.71
2026-02-10 19:07:18,435 - WARNING - [33m❌ Ignoring switch to GOLDMINI_PINE for COMMODITY instance. Staying on GOLDMINI_PINE.[0m
2026-02-10 19:07:18,435 - INFO - ⚙️ Commodity scan list prepared: 7 symbols (tokens available for 7)
2026-02-10 19:07:18,436 - WARNING - Nifty data missing for regime assessment. Defaulting to HIGH_CONVICTION.
2026-02-10 19:07:25,411 - INFO - Indicators GOLDM: price 156300.00, vol 5.00, atr% 0.15, rc 0.55
2026-02-10 19:07:25,413 - INFO - Indicators GOLDMINI: price 156300.00, vol 5.00, atr% 0.15, rc 0.55
2026-02-10 19:07:25,415 - INFO - Indicators SILVER: price 259600.00, vol 5.00, atr% 0.32, rc 0.63
2026-02-10 19:07:25,416 - INFO - Indicators SILVERM: price 267000.00, vol 5.00, atr% 0.37, rc 0.72
2026-02-10 19:07:25,418 - INFO - Indicators SILVERMIC: price 267365.00, vol 5.00, atr% 0.37, rc 0.65
2026-02-10 19:07:25,419 - INFO - Indicators CRUDEOILM: price 5852.00, vol 5.00, atr% 0.19, rc 0.60
2026-02-10 19:07:25,421 - INFO - Indicators CRUDEOILMINI: price 5852.00, vol 5.00, atr% 0.19, rc 0.60
2026-02-10 19:08:03,213 - WARNING - [33m❌ Ignoring switch to GOLDMINI_PINE for COMMODITY instance. Staying on GOLDMINI_PINE.[0m
2026-02-10 19:08:03,215 - INFO - ⚙️ Commodity scan list prepared: 7 symbols (tokens available for 7)
2026-02-10 19:08:03,215 - WARNING - Nifty data missing for regime assessment. Defaulting to HIGH_CONVICTION.
2026-02-10 19:08:10,234 - INFO - Indicators GOLDM: price 156306.00, vol 5.00, atr% 0.16, rc 0.55
2026-02-10 19:08:10,239 - INFO - Indicators GOLDMINI: price 156306.00, vol 5.00, atr% 0.16, rc 0.55
2026-02-10 19:08:10,243 - INFO - Indicators SILVER: price 259600.00, vol 5.00, atr% 0.30, rc 0.57
2026-02-10 19:08:10,248 - INFO - Indicators SILVERM: price 267167.00, vol 5.00, atr% 0.36, rc 0.51
2026-02-10 19:08:10,253 - INFO - Indicators SILVERMIC: price 267049.00, vol 5.00, atr% 0.38, rc 0.63
2026-02-10 19:08:10,256 - INFO - Indicators CRUDEOILM: price 5853.00, vol 5.00, atr% 0.19, rc 0.61
2026-02-10 19:08:10,259 - INFO - Indicators CRUDEOILMINI: price 5853.00, vol 5.00, atr% 0.19, rc 0.61
2026-02-10 19:08:48,162 - WARNING - [33m❌ Ignoring switch to GOLDMINI_PINE for COMMODITY instance. Staying on GOLDMINI_PINE.[0m
2026-02-10 19:08:48,163 - INFO - ⚙️ Commodity scan list prepared: 7 symbols (tokens available for 7)
2026-02-10 19:08:48,163 - WARNING - Nifty data missing for regime assessment. Defaulting to HIGH_CONVICTION.
2026-02-10 19:08:55,122 - INFO - Indicators GOLDM: price 156240.00, vol 5.00, atr% 0.17, rc 0.70
2026-02-10 19:08:55,127 - INFO - Indicators GOLDMINI: price 156240.00, vol 5.00, atr% 0.17, rc 0.70
2026-02-10 19:08:55,132 - INFO - Indicators SILVER: price 259600.00, vol 5.00, atr% 0.31, rc 0.57
2026-02-10 19:08:55,137 - INFO - Indicators SILVERM: price 267025.00, vol 5.00, atr% 0.39, rc 0.69
2026-02-10 19:08:55,142 - INFO - Indicators SILVERMIC: price 267092.00, vol 5.00, atr% 0.40, rc 0.67
2026-02-10 19:08:55,148 - INFO - Indicators CRUDEOILM: price 5850.00, vol 5.00, atr% 0.18, rc 0.52
2026-02-10 19:08:55,153 - INFO - Indicators CRUDEOILMINI: price 5850.00, vol 5.00, atr% 0.18, rc 0.52
2026-02-10 19:09:32,987 - WARNING - [33m❌ Ignoring switch to GOLDMINI_PINE for COMMODITY instance. Staying on GOLDMINI_PINE.[0m
2026-02-10 19:09:32,989 - INFO - ⚙️ Commodity scan list prepared: 7 symbols (tokens available for 7)
2026-02-10 19:09:32,990 - WARNING - Nifty data missing for regime assessment. Defaulting to HIGH_CONVICTION.
2026-02-10 19:09:40,002 - INFO - Indicators GOLDM: price 156300.00, vol 5.00, atr% 0.15, rc 0.63
2026-02-10 19:09:40,007 - INFO - Indicators GOLDMINI: price 156300.00, vol 5.00, atr% 0.15, rc 0.63
2026-02-10 19:09:40,011 - INFO - Indicators SILVER: price 259600.00, vol 5.00, atr% 0.30, rc 0.58
2026-02-10 19:09:40,014 - INFO - Indicators SILVERM: price 267032.00, vol 5.00, atr% 0.35, rc 0.67
2026-02-10 19:09:40,015 - INFO - Indicators SILVERMIC: price 267047.00, vol 5.00, atr% 0.37, rc 0.66
2026-02-10 19:09:40,019 - INFO - Indicators CRUDEOILM: price 5851.00, vol 5.00, atr% 0.17, rc 0.55
2026-02-10 19:09:40,024 - INFO - Indicators CRUDEOILMINI: price 5851.00, vol 5.00, atr% 0.17, rc 0.55
2026-02-10 19:10:17,916 - WARNING - [33m❌ Ignoring switch to GOLDMINI_PINE for COMMODITY instance. Staying on GOLDMINI_PINE.[0m
2026-02-10 19:10:17,918 - INFO - ⚙️ Commodity scan list prepared: 7 symbols (tokens available for 7)
2026-02-10 19:10:17,918 - WARNING - Nifty data missing for regime assessment. Defaulting to HIGH_CONVICTION.
2026-02-10 19:10:24,786 - INFO - Indicators GOLDM: price 156258.00, vol 5.00, atr% 0.15, rc 0.58
2026-02-10 19:10:24,792 - INFO - Indicators GOLDMINI: price 156258.00, vol 5.00, atr% 0.15, rc 0.58
2026-02-10 19:10:24,804 - INFO - Indicators SILVER: price 259600.00, vol 5.00, atr% 0.28, rc 0.58
2026-02-10 19:10:24,809 - INFO - Indicators SILVERM: price 266963.00, vol 5.00, atr% 0.37, rc 0.65
2026-02-10 19:10:24,819 - INFO - Indicators SILVERMIC: price 267089.00, vol 5.00, atr% 0.38, rc 0.65
2026-02-10 19:10:24,844 - INFO - Indicators CRUDEOILM: price 5850.00, vol 5.00, atr% 0.17, rc 0.53
2026-02-10 19:10:24,856 - INFO - Indicators CRUDEOILMINI: price 5850.00, vol 5.00, atr% 0.17, rc 0.53
2026-02-10 19:11:02,686 - WARNING - [33m❌ Ignoring switch to GOLDMINI_PINE for COMMODITY instance. Staying on GOLDMINI_PINE.[0m
2026-02-10 19:11:02,687 - INFO - ⚙️ Commodity scan list prepared: 7 symbols (tokens available for 7)
2026-02-10 19:11:02,688 - WARNING - Nifty data missing for regime assessment. Defaulting to HIGH_CONVICTION.
2026-02-10 19:11:09,802 - INFO - Indicators GOLDM: price 156252.00, vol 5.00, atr% 0.16, rc 0.67
2026-02-10 19:11:09,804 - INFO - Indicators GOLDMINI: price 156252.00, vol 5.00, atr% 0.16, rc 0.67
2026-02-10 19:11:09,807 - INFO - Indicators SILVER: price 259600.00, vol 5.00, atr% 0.31, rc 0.50
2026-02-10 19:11:09,809 - INFO - Indicators SILVERM: price 267205.00, vol 5.00, atr% 0.36, rc 0.55
2026-02-10 19:11:09,811 - INFO - Indicators SILVERMIC: price 267267.00, vol 5.00, atr% 0.37, rc 0.57
2026-02-10 19:11:09,816 - INFO - Indicators CRUDEOILM: price 5852.00, vol 5.00, atr% 0.17, rc 0.62
2026-02-10 19:11:09,819 - INFO - Indicators CRUDEOILMINI: price 5852.00, vol 5.00, atr% 0.17, rc 0.62
2026-02-10 19:11:47,516 - WARNING - [33m❌ Ignoring switch to GOLDMINI_PINE for COMMODITY instance. Staying on GOLDMINI_PINE.[0m
2026-02-10 19:11:47,518 - INFO - ⚙️ Commodity scan list prepared: 7 symbols (tokens available for 7)
2026-02-10 19:11:47,519 - WARNING - Nifty data missing for regime assessment. Defaulting to HIGH_CONVICTION.
2026-02-10 19:11:54,226 - INFO - Indicators GOLDM: price 156286.00, vol 5.00, atr% 0.15, rc 0.61
2026-02-10 19:11:54,228 - INFO - Indicators GOLDMINI: price 156286.00, vol 5.00, atr% 0.15, rc 0.61
2026-02-10 19:11:54,230 - INFO - Indicators SILVER: price 259600.00, vol 5.00, atr% 0.32, rc 0.56
2026-02-10 19:11:54,236 - INFO - Indicators SILVERM: price 267312.00, vol 5.00, atr% 0.36, rc 0.50
2026-02-10 19:11:54,238 - INFO - Indicators SILVERMIC: price 267299.00, vol 5.00, atr% 0.37, rc 0.50
2026-02-10 19:11:54,245 - INFO - Indicators CRUDEOILM: price 5852.00, vol 5.00, atr% 0.18, rc 0.52
2026-02-10 19:11:54,247 - INFO - Indicators CRUDEOILMINI: price 5852.00, vol 5.00, atr% 0.18, rc 0.52
2026-02-10 19:12:32,024 - WARNING - [33m❌ Ignoring switch to GOLDMINI_PINE for COMMODITY instance. Staying on GOLDMINI_PINE.[0m
2026-02-10 19:12:32,026 - INFO - ⚙️ Commodity scan list prepared: 7 symbols (tokens available for 7)
2026-02-10 19:12:32,026 - WARNING - Nifty data missing for regime assessment. Defaulting to HIGH_CONVICTION.
2026-02-10 19:12:39,399 - INFO - Indicators GOLDM: price 156325.00, vol 5.00, atr% 0.16, rc 0.56
2026-02-10 19:12:39,403 - INFO - Indicators GOLDMINI: price 156325.00, vol 5.00, atr% 0.16, rc 0.56
2026-02-10 19:12:39,406 - INFO - Indicators SILVER: price 259600.00, vol 5.00, atr% 0.31, rc 0.49
2026-02-10 19:12:39,410 - INFO - Indicators SILVERM: price 267331.00, vol 5.00, atr% 0.37, rc 0.57
2026-02-10 19:12:39,415 - INFO - Indicators SILVERMIC: price 267248.00, vol 5.00, atr% 0.38, rc 0.55
2026-02-10 19:12:39,418 - INFO - Indicators CRUDEOILM: price 5855.00, vol 5.00, atr% 0.19, rc 0.58
2026-02-10 19:12:39,422 - INFO - Indicators CRUDEOILMINI: price 5855.00, vol 5.00, atr% 0.19, rc 0.58
2026-02-10 19:13:16,474 - WARNING - [33m❌ Ignoring switch to GOLDMINI_PINE for COMMODITY instance. Staying on GOLDMINI_PINE.[0m
2026-02-10 19:13:16,476 - INFO - ⚙️ Commodity scan list prepared: 7 symbols (tokens available for 7)
2026-02-10 19:13:16,477 - WARNING - Nifty data missing for regime assessment. Defaulting to HIGH_CONVICTION.
2026-02-10 19:13:24,082 - INFO - Indicators GOLDM: price 156342.00, vol 5.00, atr% 0.16, rc 0.59
2026-02-10 19:13:24,092 - INFO - Indicators GOLDMINI: price 156342.00, vol 5.00, atr% 0.16, rc 0.59
2026-02-10 19:13:24,098 - INFO - Indicators SILVER: price 259600.00, vol 5.00, atr% 0.29, rc 0.49
2026-02-10 19:13:24,104 - INFO - Indicators SILVERM: price 267534.00, vol 5.00, atr% 0.38, rc 0.65
2026-02-10 19:13:24,112 - INFO - Indicators SILVERMIC: price 267400.00, vol 5.00, atr% 0.39, rc 0.61
2026-02-10 19:13:24,116 - INFO - Indicators CRUDEOILM: price 5859.00, vol 5.00, atr% 0.18, rc 0.66
2026-02-10 19:13:24,120 - INFO - Indicators CRUDEOILMINI: price 5859.00, vol 5.00, atr% 0.18, rc 0.66
2026-02-10 19:13:32,799 - WARNING - [33m❌ Ignoring switch to GOLDMINI_PINE for COMMODITY instance. Staying on GOLDMINI_PINE.[0m
2026-02-10 19:13:32,800 - INFO - ⚙️ Commodity scan list prepared: 7 symbols (tokens available for 7)
2026-02-10 19:13:32,801 - WARNING - Nifty data missing for regime assessment. Defaulting to HIGH_CONVICTION.
2026-02-10 19:13:39,796 - INFO - Indicators GOLDM: price 156312.00, vol 5.00, atr% 0.16, rc 0.53
2026-02-10 19:13:39,799 - INFO - Indicators GOLDMINI: price 156312.00, vol 5.00, atr% 0.16, rc 0.53
2026-02-10 19:13:39,801 - INFO - Indicators SILVER: price 259600.00, vol 5.00, atr% 0.30, rc 0.49
2026-02-10 19:13:39,805 - INFO - Indicators SILVERM: price 267534.00, vol 5.00, atr% 0.40, rc 0.64
2026-02-10 19:13:39,811 - INFO - Indicators SILVERMIC: price 267512.00, vol 5.00, atr% 0.41, rc 0.60
2026-02-10 19:13:39,815 - INFO - Indicators CRUDEOILM: price 5855.00, vol 5.00, atr% 0.18, rc 0.61
2026-02-10 19:13:39,817 - INFO - Indicators CRUDEOILMINI: price 5855.00, vol 5.00, atr% 0.18, rc 0.61
2026-02-10 19:14:17,525 - WARNING - [33m❌ Ignoring switch to GOLDMINI_PINE for COMMODITY instance. Staying on GOLDMINI_PINE.[0m
2026-02-10 19:14:17,527 - INFO - ⚙️ Commodity scan list prepared: 7 symbols (tokens available for 7)
2026-02-10 19:14:17,527 - WARNING - Nifty data missing for regime assessment. Defaulting to HIGH_CONVICTION.
2026-02-10 19:14:24,586 - INFO - Indicators GOLDM: price 156332.00, vol 5.00, atr% 0.16, rc 0.57
2026-02-10 19:14:24,589 - INFO - Indicators GOLDMINI: price 156332.00, vol 5.00, atr% 0.16, rc 0.57
2026-02-10 19:14:24,591 - INFO - Indicators SILVER: price 259600.00, vol 5.00, atr% 0.30, rc 0.49
2026-02-10 19:14:24,595 - INFO - Indicators SILVERM: price 267433.00, vol 5.00, atr% 0.37, rc 0.59
2026-02-10 19:14:24,600 - INFO - Indicators SILVERMIC: price 267506.00, vol 5.00, atr% 0.38, rc 0.61
2026-02-10 19:14:24,603 - INFO - Indicators CRUDEOILM: price 5851.00, vol 5.00, atr% 0.17, rc 0.49
2026-02-10 19:14:24,608 - INFO - Indicators CRUDEOILMINI: price 5851.00, vol 5.00, atr% 0.17, rc 0.49
2026-02-10 19:15:02,281 - WARNING - [33m❌ Ignoring switch to GOLDMINI_PINE for COMMODITY instance. Staying on GOLDMINI_PINE.[0m
2026-02-10 19:15:02,284 - INFO - ⚙️ Commodity scan list prepared: 7 symbols (tokens available for 7)
2026-02-10 19:15:02,284 - WARNING - Nifty data missing for regime assessment. Defaulting to HIGH_CONVICTION.
2026-02-10 19:15:09,227 - INFO - Indicators GOLDM: price 156367.00, vol 5.00, atr% 0.15, rc 0.63
2026-02-10 19:15:09,238 - INFO - Indicators GOLDMINI: price 156367.00, vol 5.00, atr% 0.15, rc 0.63
2026-02-10 19:15:09,247 - INFO - Indicators SILVER: price 259600.00, vol 5.00, atr% 0.29, rc 0.49
2026-02-10 19:15:09,254 - INFO - Indicators SILVERM: price 267548.00, vol 5.00, atr% 0.36, rc 0.64
2026-02-10 19:15:09,256 - INFO - Indicators SILVERMIC: price 267602.00, vol 5.00, atr% 0.38, rc 0.62
2026-02-10 19:15:09,258 - INFO - Indicators CRUDEOILM: price 5857.00, vol 5.00, atr% 0.17, rc 0.71
2026-02-10 19:15:09,261 - INFO - Indicators CRUDEOILMINI: price 5857.00, vol 5.00, atr% 0.17, rc 0.71
2026-02-10 19:15:47,071 - WARNING - [33m❌ Ignoring switch to GOLDMINI_PINE for COMMODITY instance. Staying on GOLDMINI_PINE.[0m
2026-02-10 19:15:47,072 - INFO - ⚙️ Commodity scan list prepared: 7 symbols (tokens available for 7)
2026-02-10 19:15:47,073 - WARNING - Nifty data missing for regime assessment. Defaulting to HIGH_CONVICTION.
2026-02-10 19:15:54,445 - INFO - Indicators GOLDM: price 156319.00, vol 5.00, atr% 0.16, rc 0.53
2026-02-10 19:15:54,450 - INFO - Indicators GOLDMINI: price 156319.00, vol 5.00, atr% 0.16, rc 0.53
2026-02-10 19:15:54,454 - INFO - Indicators SILVER: price 259551.00, vol 5.00, atr% 0.31, rc 0.51
2026-02-10 19:15:54,458 - INFO - Indicators SILVERM: price 267425.00, vol 5.00, atr% 0.37, rc 0.56
2026-02-10 19:15:54,460 - INFO - Indicators SILVERMIC: price 267446.00, vol 5.00, atr% 0.38, rc 0.52
2026-02-10 19:15:54,464 - INFO - Indicators CRUDEOILM: price 5855.00, vol 5.00, atr% 0.16, rc 0.65
2026-02-10 19:15:54,468 - INFO - Indicators CRUDEOILMINI: price 5855.00, vol 5.00, atr% 0.16, rc 0.65
2026-02-10 19:15:58,973 - INFO - 🔴 COMMODITY CLOSED: SILVERM FUT | P&L: ₹0 (+0.0%) (TIME EXIT)
2026-02-10 19:16:35,943 - WARNING - [33m❌ Ignoring switch to GOLDMINI_PINE for COMMODITY instance. Staying on GOLDMINI_PINE.[0m
2026-02-10 19:16:35,943 - INFO - ⚙️ Commodity scan list prepared: 7 symbols (tokens available for 7)
2026-02-10 19:16:35,944 - WARNING - Nifty data missing for regime assessment. Defaulting to HIGH_CONVICTION.
2026-02-10 19:16:43,522 - INFO - Indicators GOLDM: price 156369.00, vol 5.00, atr% 0.16, rc 0.59
2026-02-10 19:16:43,536 - INFO - Indicators GOLDMINI: price 156369.00, vol 5.00, atr% 0.16, rc 0.59
2026-02-10 19:16:43,540 - INFO - Indicators SILVER: price 260100.00, vol 5.00, atr% 0.33, rc 0.67
2026-02-10 19:16:43,544 - INFO - Indicators SILVERM: price 268000.00, vol 5.00, atr% 0.37, rc 0.71
2026-02-10 19:16:43,546 - INFO - Indicators SILVERMIC: price 268138.00, vol 5.00, atr% 0.38, rc 0.76
2026-02-10 19:16:43,549 - INFO - Indicators CRUDEOILM: price 5851.00, vol 5.00, atr% 0.18, rc 0.52
2026-02-10 19:16:43,552 - INFO - Indicators CRUDEOILMINI: price 5851.00, vol 5.00, atr% 0.18, rc 0.52
2026-02-10 19:16:44,618 - INFO - Strategy Validation - Win Rate: 18.2%, Profit Factor: 3518.87
2026-02-10 19:16:51,769 - INFO - ALERT SENT: SILVERMIC NEW SIGNAL
2026-02-10 19:16:51,771 - INFO - [35mExecution Triggered for SILVERMIC. Conf >= 7.8 and Position is Closed.[0m
2026-02-10 19:16:51,771 - ERROR - [31mFailed to execute commodity BULLISH strategy for SILVERMIC[0m
2026-02-10 19:17:25,851 - WARNING - [33m❌ Ignoring switch to GOLDMINI_PINE for COMMODITY instance. Staying on GOLDMINI_PINE.[0m
2026-02-10 19:17:25,854 - INFO - ⚙️ Commodity scan list prepared: 7 symbols (tokens available for 7)
2026-02-10 19:17:25,854 - WARNING - Nifty data missing for regime assessment. Defaulting to HIGH_CONVICTION.
2026-02-10 19:17:33,138 - INFO - Indicators GOLDM: price 156400.00, vol 5.00, atr% 0.16, rc 0.59
2026-02-10 19:17:33,141 - INFO - Indicators GOLDMINI: price 156400.00, vol 5.00, atr% 0.16, rc 0.59
2026-02-10 19:17:33,144 - INFO - Indicators SILVER: price 260388.00, vol 5.00, atr% 0.32, rc 0.78
2026-02-10 19:17:33,146 - INFO - Indicators SILVERM: price 268007.00, vol 5.00, atr% 0.39, rc 0.69
2026-02-10 19:17:33,148 - INFO - Indicators SILVERMIC: price 268010.00, vol 5.00, atr% 0.39, rc 0.71
2026-02-10 19:17:33,152 - INFO - Indicators CRUDEOILM: price 5851.00, vol 5.00, atr% 0.18, rc 0.52
2026-02-10 19:17:33,155 - INFO - Indicators CRUDEOILMINI: price 5851.00, vol 5.00, atr% 0.18, rc 0.52
2026-02-10 19:17:34,290 - INFO - Strategy Validation - Win Rate: 18.2%, Profit Factor: 3518.87
2026-02-10 19:17:38,717 - INFO - ALERT SENT: SILVER NEW SIGNAL
2026-02-10 19:17:38,718 - INFO - [35mExecution Triggered for SILVER. Conf >= 7.8 and Position is Closed.[0m
2026-02-10 19:17:38,719 - ERROR - [31mFailed to execute commodity BULLISH strategy for SILVER[0m
2026-02-10 19:18:13,246 - WARNING - [33m❌ Ignoring switch to GOLDMINI_PINE for COMMODITY instance. Staying on GOLDMINI_PINE.[0m
2026-02-10 19:18:13,248 - INFO - ⚙️ Commodity scan list prepared: 7 symbols (tokens available for 7)
2026-02-10 19:18:13,249 - WARNING - Nifty data missing for regime assessment. Defaulting to HIGH_CONVICTION.
2026-02-10 19:18:20,452 - INFO - Indicators GOLDM: price 156447.00, vol 5.00, atr% 0.17, rc 0.62
2026-02-10 19:18:20,466 - INFO - Indicators GOLDMINI: price 156447.00, vol 5.00, atr% 0.17, rc 0.62
2026-02-10 19:18:20,470 - INFO - Indicators SILVER: price 260388.00, vol 5.00, atr% 0.31, rc 0.79
2026-02-10 19:18:20,473 - INFO - Indicators SILVERM: price 267900.00, vol 5.00, atr% 0.39, rc 0.60
2026-02-10 19:18:20,476 - INFO - Indicators SILVERMIC: price 267751.00, vol 5.00, atr% 0.40, rc 0.59
2026-02-10 19:18:20,482 - INFO - Indicators CRUDEOILM: price 5855.00, vol 5.00, atr% 0.18, rc 0.55
2026-02-10 19:18:20,485 - INFO - Indicators CRUDEOILMINI: price 5855.00, vol 5.00, atr% 0.18, rc 0.55
2026-02-10 19:18:21,556 - INFO - Strategy Validation - Win Rate: 18.2%, Profit Factor: 3518.87
2026-02-10 19:18:30,182 - INFO - ALERT SENT: SILVER NEW SIGNAL
2026-02-10 19:18:30,183 - INFO - [35mExecution Triggered for SILVER. Conf >= 7.8 and Position is Closed.[0m
2026-02-10 19:18:30,184 - ERROR - [31mFailed to execute commodity BULLISH strategy for SILVER[0m
2026-02-10 19:19:03,951 - WARNING - [33m❌ Ignoring switch to GOLDMINI_PINE for COMMODITY instance. Staying on GOLDMINI_PINE.[0m
2026-02-10 19:19:03,952 - INFO - ⚙️ Commodity scan list prepared: 7 symbols (tokens available for 7)
2026-02-10 19:19:03,952 - WARNING - Nifty data missing for regime assessment. Defaulting to HIGH_CONVICTION.
2026-02-10 19:19:11,279 - INFO - Indicators GOLDM: price 156381.00, vol 5.00, atr% 0.17, rc 0.53
2026-02-10 19:19:11,282 - INFO - Indicators GOLDMINI: price 156381.00, vol 5.00, atr% 0.17, rc 0.53
2026-02-10 19:19:11,283 - INFO - Indicators SILVER: price 260388.00, vol 5.00, atr% 0.31, rc 0.78
2026-02-10 19:19:11,285 - INFO - Indicators SILVERM: price 267943.00, vol 5.00, atr% 0.40, rc 0.64
2026-02-10 19:19:11,287 - INFO - Indicators SILVERMIC: price 267845.00, vol 5.00, atr% 0.41, rc 0.59
2026-02-10 19:19:11,289 - INFO - Indicators CRUDEOILM: price 5859.00, vol 5.00, atr% 0.18, rc 0.64
2026-02-10 19:19:11,292 - INFO - Indicators CRUDEOILMINI: price 5859.00, vol 5.00, atr% 0.18, rc 0.64
2026-02-10 19:19:12,440 - INFO - Strategy Validation - Win Rate: 18.2%, Profit Factor: 3518.87
2026-02-10 19:19:15,901 - INFO - ALERT SENT: SILVER NEW SIGNAL
2026-02-10 19:19:15,902 - INFO - [35mExecution Triggered for SILVER. Conf >= 7.8 and Position is Closed.[0m
2026-02-10 19:19:15,902 - ERROR - [31mFailed to execute commodity BULLISH strategy for SILVER[0m
2026-02-10 19:19:50,191 - WARNING - [33m❌ Ignoring switch to GOLDMINI_PINE for COMMODITY instance. Staying on GOLDMINI_PINE.[0m
2026-02-10 19:19:50,193 - INFO - ⚙️ Commodity scan list prepared: 7 symbols (tokens available for 7)
2026-02-10 19:19:50,194 - WARNING - Nifty data missing for regime assessment. Defaulting to HIGH_CONVICTION.
2026-02-10 19:19:57,457 - INFO - Indicators GOLDM: price 156375.00, vol 5.00, atr% 0.16, rc 0.52
2026-02-10 19:19:57,460 - INFO - Indicators GOLDMINI: price 156375.00, vol 5.00, atr% 0.16, rc 0.52
2026-02-10 19:19:57,464 - INFO - Indicators SILVER: price 260333.00, vol 5.00, atr% 0.31, rc 0.77
2026-02-10 19:19:57,468 - INFO - Indicators SILVERM: price 268009.00, vol 5.00, atr% 0.38, rc 0.59
2026-02-10 19:19:57,474 - INFO - Indicators SILVERMIC: price 267978.00, vol 5.00, atr% 0.40, rc 0.58
2026-02-10 19:19:57,480 - INFO - Indicators CRUDEOILM: price 5857.00, vol 5.00, atr% 0.17, rc 0.56
2026-02-10 19:19:57,484 - INFO - Indicators CRUDEOILMINI: price 5857.00, vol 5.00, atr% 0.17, rc 0.56
2026-02-10 19:20:31,913 - WARNING - [33m❌ Ignoring switch to GOLDMINI_PINE for COMMODITY instance. Staying on GOLDMINI_PINE.[0m
2026-02-10 19:20:31,914 - INFO - ⚙️ Commodity scan list prepared: 7 symbols (tokens available for 7)
2026-02-10 19:20:31,914 - WARNING - Nifty data missing for regime assessment. Defaulting to HIGH_CONVICTION.
2026-02-10 19:20:39,409 - INFO - Indicators GOLDM: price 156351.00, vol 5.00, atr% 0.16, rc 0.61
2026-02-10 19:20:39,412 - INFO - Indicators GOLDMINI: price 156351.00, vol 5.00, atr% 0.16, rc 0.61
2026-02-10 19:20:39,415 - INFO - Indicators SILVER: price 260092.00, vol 5.00, atr% 0.30, rc 0.70
2026-02-10 19:20:39,418 - INFO - Indicators SILVERM: price 267748.00, vol 5.00, atr% 0.39, rc 0.65
2026-02-10 19:20:39,421 - INFO - Indicators SILVERMIC: price 267828.00, vol 5.00, atr% 0.40, rc 0.64
2026-02-10 19:20:39,423 - INFO - Indicators CRUDEOILM: price 5855.00, vol 5.00, atr% 0.16, rc 0.53
2026-02-10 19:20:39,426 - INFO - Indicators CRUDEOILMINI: price 5855.00, vol 5.00, atr% 0.16, rc 0.53
2026-02-10 19:21:14,009 - WARNING - [33m❌ Ignoring switch to GOLDMINI_PINE for COMMODITY instance. Staying on GOLDMINI_PINE.[0m
2026-02-10 19:21:14,011 - INFO - ⚙️ Commodity scan list prepared: 7 symbols (tokens available for 7)
2026-02-10 19:21:14,012 - WARNING - Nifty data missing for regime assessment. Defaulting to HIGH_CONVICTION.
2026-02-10 19:21:21,018 - INFO - Indicators GOLDM: price 156376.00, vol 5.00, atr% 0.16, rc 0.50
2026-02-10 19:21:21,023 - INFO - Indicators GOLDMINI: price 156376.00, vol 5.00, atr% 0.16, rc 0.50
2026-02-10 19:21:21,026 - INFO - Indicators SILVER: price 260092.00, vol 5.00, atr% 0.34, rc 0.55
2026-02-10 19:21:21,029 - INFO - Indicators SILVERM: price 267851.00, vol 5.00, atr% 0.37, rc 0.51
2026-02-10 19:21:21,033 - INFO - Indicators SILVERMIC: price 267843.00, vol 5.00, atr% 0.38, rc 0.50
2026-02-10 19:21:21,037 - INFO - Indicators CRUDEOILM: price 5855.00, vol 5.00, atr% 0.17, rc 0.56
2026-02-10 19:21:21,043 - INFO - Indicators CRUDEOILMINI: price 5855.00, vol 5.00, atr% 0.17, rc 0.56
2026-02-10 19:21:55,467 - WARNING - [33m❌ Ignoring switch to GOLDMINI_PINE for COMMODITY instance. Staying on GOLDMINI_PINE.[0m
2026-02-10 19:21:55,469 - INFO - ⚙️ Commodity scan list prepared: 7 symbols (tokens available for 7)
2026-02-10 19:21:55,475 - WARNING - Nifty data missing for regime assessment. Defaulting to HIGH_CONVICTION.
2026-02-10 19:22:02,848 - INFO - Indicators GOLDM: price 156383.00, vol 5.00, atr% 0.15, rc 0.51
2026-02-10 19:22:02,850 - INFO - Indicators GOLDMINI: price 156383.00, vol 5.00, atr% 0.15, rc 0.51
2026-02-10 19:22:02,852 - INFO - Indicators SILVER: price 260092.00, vol 5.00, atr% 0.34, rc 0.59
2026-02-10 19:22:02,855 - INFO - Indicators SILVERM: price 267882.00, vol 5.00, atr% 0.37, rc 0.55
2026-02-10 19:22:02,857 - INFO - Indicators SILVERMIC: price 267560.00, vol 5.00, atr% 0.39, rc 0.66
2026-02-10 19:22:02,858 - INFO - Indicators CRUDEOILM: price 5852.00, vol 5.00, atr% 0.16, rc 0.53
2026-02-10 19:22:02,861 - INFO - Indicators CRUDEOILMINI: price 5852.00, vol 5.00, atr% 0.16, rc 0.53
2026-02-10 19:22:37,403 - WARNING - [33m❌ Ignoring switch to GOLDMINI_PINE for COMMODITY instance. Staying on GOLDMINI_PINE.[0m
2026-02-10 19:22:37,406 - INFO - ⚙️ Commodity scan list prepared: 7 symbols (tokens available for 7)
2026-02-10 19:22:37,407 - WARNING - Nifty data missing for regime assessment. Defaulting to HIGH_CONVICTION.
2026-02-10 19:22:44,902 - INFO - Indicators GOLDM: price 156360.00, vol 5.00, atr% 0.16, rc 0.54
2026-02-10 19:22:44,906 - INFO - Indicators GOLDMINI: price 156360.00, vol 5.00, atr% 0.16, rc 0.54
2026-02-10 19:22:44,908 - INFO - Indicators SILVER: price 260092.00, vol 5.00, atr% 0.33, rc 0.60
2026-02-10 19:22:44,914 - INFO - Indicators SILVERM: price 267789.00, vol 5.00, atr% 0.37, rc 0.56
2026-02-10 19:22:44,919 - INFO - Indicators SILVERMIC: price 267761.00, vol 5.00, atr% 0.39, rc 0.55
2026-02-10 19:22:44,929 - INFO - Indicators CRUDEOILM: price 5852.00, vol 5.00, atr% 0.18, rc 0.52
2026-02-10 19:22:44,936 - INFO - Indicators CRUDEOILMINI: price 5852.00, vol 5.00, atr% 0.18, rc 0.52
2026-02-10 19:23:19,345 - WARNING - [33m❌ Ignoring switch to GOLDMINI_PINE for COMMODITY instance. Staying on GOLDMINI_PINE.[0m
2026-02-10 19:23:19,349 - INFO - ⚙️ Commodity scan list prepared: 7 symbols (tokens available for 7)
2026-02-10 19:23:19,350 - WARNING - Nifty data missing for regime assessment. Defaulting to HIGH_CONVICTION.
2026-02-10 19:23:26,574 - INFO - Indicators GOLDM: price 156330.00, vol 5.00, atr% 0.16, rc 0.55
2026-02-10 19:23:26,578 - INFO - Indicators GOLDMINI: price 156330.00, vol 5.00, atr% 0.16, rc 0.55
2026-02-10 19:23:26,581 - INFO - Indicators SILVER: price 260092.00, vol 5.00, atr% 0.30, rc 0.61
2026-02-10 19:23:26,583 - INFO - Indicators SILVERM: price 267625.00, vol 5.00, atr% 0.37, rc 0.59
2026-02-10 19:23:26,585 - INFO - Indicators SILVERMIC: price 267842.00, vol 5.00, atr% 0.39, rc 0.52
2026-02-10 19:23:26,587 - INFO - Indicators CRUDEOILM: price 5852.00, vol 5.00, atr% 0.17, rc 0.59
2026-02-10 19:23:26,590 - INFO - Indicators CRUDEOILMINI: price 5852.00, vol 5.00, atr% 0.17, rc 0.59
2026-02-10 19:23:32,279 - WARNING - [33m❌ Ignoring switch to GOLDMINI_PINE for COMMODITY instance. Staying on GOLDMINI_PINE.[0m
2026-02-10 19:23:32,281 - INFO - ⚙️ Commodity scan list prepared: 7 symbols (tokens available for 7)
2026-02-10 19:23:32,281 - WARNING - Nifty data missing for regime assessment. Defaulting to HIGH_CONVICTION.
2026-02-10 19:23:39,157 - INFO - Indicators GOLDM: price 156330.00, vol 5.00, atr% 0.16, rc 0.61
2026-02-10 19:23:39,159 - INFO - Indicators GOLDMINI: price 156330.00, vol 5.00, atr% 0.16, rc 0.61
2026-02-10 19:23:39,161 - INFO - Indicators SILVER: price 260092.00, vol 5.00, atr% 0.30, rc 0.61
2026-02-10 19:23:39,164 - INFO - Indicators SILVERM: price 267625.00, vol 5.00, atr% 0.38, rc 0.59
2026-02-10 19:23:39,183 - INFO - Indicators SILVERMIC: price 267713.00, vol 5.00, atr% 0.40, rc 0.54
2026-02-10 19:23:39,190 - INFO - Indicators CRUDEOILM: price 5852.00, vol 5.00, atr% 0.17, rc 0.71
2026-02-10 19:23:39,199 - INFO - Indicators CRUDEOILMINI: price 5852.00, vol 5.00, atr% 0.17, rc 0.71
2026-02-10 19:24:13,531 - WARNING - [33m❌ Ignoring switch to GOLDMINI_PINE for COMMODITY instance. Staying on GOLDMINI_PINE.[0m
2026-02-10 19:24:13,533 - INFO - ⚙️ Commodity scan list prepared: 7 symbols (tokens available for 7)
2026-02-10 19:24:13,533 - WARNING - Nifty data missing for regime assessment. Defaulting to HIGH_CONVICTION.
2026-02-10 19:24:20,588 - INFO - Indicators GOLDM: price 156330.00, vol 5.00, atr% 0.16, rc 0.58
2026-02-10 19:24:20,592 - INFO - Indicators GOLDMINI: price 156330.00, vol 5.00, atr% 0.16, rc 0.58
2026-02-10 19:24:20,614 - INFO - Indicators SILVER: price 260092.00, vol 5.00, atr% 0.30, rc 0.61
2026-02-10 19:24:20,617 - INFO - Indicators SILVERM: price 267625.00, vol 5.00, atr% 0.36, rc 0.59
2026-02-10 19:24:20,619 - INFO - Indicators SILVERMIC: price 267598.00, vol 5.00, atr% 0.38, rc 0.59
2026-02-10 19:24:20,622 - INFO - Indicators CRUDEOILM: price 5852.00, vol 5.00, atr% 0.17, rc 0.71
2026-02-10 19:24:20,625 - INFO - Indicators CRUDEOILMINI: price 5852.00, vol 5.00, atr% 0.17, rc 0.71
2026-02-10 19:24:55,090 - WARNING - [33m❌ Ignoring switch to GOLDMINI_PINE for COMMODITY instance. Staying on GOLDMINI_PINE.[0m
2026-02-10 19:24:55,094 - INFO - ⚙️ Commodity scan list prepared: 7 symbols (tokens available for 7)
2026-02-10 19:24:55,094 - WARNING - Nifty data missing for regime assessment. Defaulting to HIGH_CONVICTION.
2026-02-10 19:25:02,244 - INFO - Indicators GOLDM: price 156290.00, vol 5.00, atr% 0.14, rc 0.59
2026-02-10 19:25:02,280 - INFO - Indicators GOLDMINI: price 156290.00, vol 5.00, atr% 0.14, rc 0.59
2026-02-10 19:25:02,286 - INFO - Indicators SILVER: price 260092.00, vol 5.00, atr% 0.27, rc 0.60
2026-02-10 19:25:02,289 - INFO - Indicators SILVERM: price 267445.00, vol 5.00, atr% 0.34, rc 0.68
2026-02-10 19:25:02,291 - INFO - Indicators SILVERMIC: price 267450.00, vol 5.00, atr% 0.36, rc 0.66
2026-02-10 19:25:02,293 - INFO - Indicators CRUDEOILM: price 5855.00, vol 5.00, atr% 0.16, rc 0.56
2026-02-10 19:25:02,296 - INFO - Indicators CRUDEOILMINI: price 5855.00, vol 5.00, atr% 0.16, rc 0.56
2026-02-10 19:25:36,696 - WARNING - [33m❌ Ignoring switch to GOLDMINI_PINE for COMMODITY instance. Staying on GOLDMINI_PINE.[0m
2026-02-10 19:25:36,697 - INFO - ⚙️ Commodity scan list prepared: 7 symbols (tokens available for 7)
2026-02-10 19:25:36,697 - WARNING - Nifty data missing for regime assessment. Defaulting to HIGH_CONVICTION.
2026-02-10 19:25:44,113 - INFO - Indicators GOLDM: price 156350.00, vol 5.00, atr% 0.14, rc 0.51
2026-02-10 19:25:44,117 - INFO - Indicators GOLDMINI: price 156350.00, vol 5.00, atr% 0.14, rc 0.51
2026-02-10 19:25:44,119 - INFO - Indicators SILVER: price 259845.00, vol 5.00, atr% 0.27, rc 0.60
2026-02-10 19:25:44,123 - INFO - Indicators SILVERM: price 267528.00, vol 5.00, atr% 0.35, rc 0.55
2026-02-10 19:25:44,126 - INFO - Indicators SILVERMIC: price 267470.00, vol 5.00, atr% 0.36, rc 0.61
2026-02-10 19:25:44,134 - INFO - Indicators CRUDEOILM: price 5852.00, vol 5.00, atr% 0.15, rc 0.59
2026-02-10 19:25:44,140 - INFO - Indicators CRUDEOILMINI: price 5852.00, vol 5.00, atr% 0.15, rc 0.59
2026-02-10 19:26:18,592 - WARNING - [33m❌ Ignoring switch to GOLDMINI_PINE for COMMODITY instance. Staying on GOLDMINI_PINE.[0m
2026-02-10 19:26:18,593 - INFO - ⚙️ Commodity scan list prepared: 7 symbols (tokens available for 7)
2026-02-10 19:26:18,593 - WARNING - Nifty data missing for regime assessment. Defaulting to HIGH_CONVICTION.
2026-02-10 19:26:25,857 - INFO - Indicators GOLDM: price 156350.00, vol 5.00, atr% 0.14, rc 0.53
2026-02-10 19:26:25,865 - INFO - Indicators GOLDMINI: price 156350.00, vol 5.00, atr% 0.14, rc 0.53
2026-02-10 19:26:25,870 - INFO - Indicators SILVER: price 259845.00, vol 5.00, atr% 0.29, rc 0.59
2026-02-10 19:26:25,881 - INFO - Indicators SILVERM: price 267443.00, vol 5.00, atr% 0.33, rc 0.60
2026-02-10 19:26:25,893 - INFO - Indicators SILVERMIC: price 267585.00, vol 5.00, atr% 0.34, rc 0.58
2026-02-10 19:26:25,905 - INFO - Indicators CRUDEOILM: price 5852.00, vol 5.00, atr% 0.16, rc 0.59
2026-02-10 19:26:25,911 - INFO - Indicators CRUDEOILMINI: price 5852.00, vol 5.00, atr% 0.16, rc 0.59
2026-02-10 19:27:00,236 - WARNING - [33m❌ Ignoring switch to GOLDMINI_PINE for COMMODITY instance. Staying on GOLDMINI_PINE.[0m
2026-02-10 19:27:00,236 - INFO - ⚙️ Commodity scan list prepared: 7 symbols (tokens available for 7)
2026-02-10 19:27:00,236 - WARNING - Nifty data missing for regime assessment. Defaulting to HIGH_CONVICTION.
2026-02-10 19:27:07,432 - INFO - Indicators GOLDM: price 156291.00, vol 5.00, atr% 0.14, rc 0.61
2026-02-10 19:27:07,436 - INFO - Indicators GOLDMINI: price 156291.00, vol 5.00, atr% 0.14, rc 0.61
2026-02-10 19:27:07,438 - INFO - Indicators SILVER: price 259845.00, vol 5.00, atr% 0.30, rc 0.59
2026-02-10 19:27:07,444 - INFO - Indicators SILVERM: price 267625.00, vol 5.00, atr% 0.33, rc 0.58
2026-02-10 19:27:07,446 - INFO - Indicators SILVERMIC: price 267625.00, vol 5.00, atr% 0.35, rc 0.56
2026-02-10 19:27:07,447 - INFO - Indicators CRUDEOILM: price 5852.00, vol 5.00, atr% 0.15, rc 0.53
2026-02-10 19:27:07,449 - INFO - Indicators CRUDEOILMINI: price 5852.00, vol 5.00, atr% 0.15, rc 0.53
2026-02-10 19:27:42,020 - WARNING - [33m❌ Ignoring switch to GOLDMINI_PINE for COMMODITY instance. Staying on GOLDMINI_PINE.[0m
2026-02-10 19:27:42,020 - INFO - ⚙️ Commodity scan list prepared: 7 symbols (tokens available for 7)
2026-02-10 19:27:42,020 - WARNING - Nifty data missing for regime assessment. Defaulting to HIGH_CONVICTION.
2026-02-10 19:27:49,095 - INFO - Indicators GOLDM: price 156289.00, vol 5.00, atr% 0.15, rc 0.58
2026-02-10 19:27:49,099 - INFO - Indicators GOLDMINI: price 156289.00, vol 5.00, atr% 0.15, rc 0.58
2026-02-10 19:27:49,101 - INFO - Indicators SILVER: price 259845.00, vol 5.00, atr% 0.28, rc 0.60
2026-02-10 19:27:49,106 - INFO - Indicators SILVERM: price 267429.00, vol 5.00, atr% 0.34, rc 0.61
2026-02-10 19:27:49,111 - INFO - Indicators SILVERMIC: price 267508.00, vol 5.00, atr% 0.36, rc 0.55
2026-02-10 19:27:49,117 - INFO - Indicators CRUDEOILM: price 5854.00, vol 5.00, atr% 0.16, rc 0.53
2026-02-10 19:27:49,120 - INFO - Indicators CRUDEOILMINI: price 5854.00, vol 5.00, atr% 0.16, rc 0.53
2026-02-10 19:28:23,600 - WARNING - [33m❌ Ignoring switch to GOLDMINI_PINE for COMMODITY instance. Staying on GOLDMINI_PINE.[0m
2026-02-10 19:28:23,601 - INFO - ⚙️ Commodity scan list prepared: 7 symbols (tokens available for 7)
2026-02-10 19:28:23,601 - WARNING - Nifty data missing for regime assessment. Defaulting to HIGH_CONVICTION.
2026-02-10 19:28:30,561 - INFO - Indicators GOLDM: price 156321.00, vol 5.00, atr% 0.15, rc 0.51
2026-02-10 19:28:30,565 - INFO - Indicators GOLDMINI: price 156321.00, vol 5.00, atr% 0.15, rc 0.51
2026-02-10 19:28:30,572 - INFO - Indicators SILVER: price 259920.00, vol 5.00, atr% 0.27, rc 0.57
2026-02-10 19:28:30,607 - INFO - Indicators SILVERM: price 267539.00, vol 5.00, atr% 0.35, rc 0.52
2026-02-10 19:28:30,618 - INFO - Indicators SILVERMIC: price 267443.00, vol 5.00, atr% 0.37, rc 0.58
2026-02-10 19:28:30,659 - INFO - Indicators CRUDEOILM: price 5848.00, vol 5.00, atr% 0.16, rc 0.59
2026-02-10 19:28:30,677 - INFO - Indicators CRUDEOILMINI: price 5848.00, vol 5.00, atr% 0.16, rc 0.59
2026-02-10 19:29:05,035 - WARNING - [33m❌ Ignoring switch to GOLDMINI_PINE for COMMODITY instance. Staying on GOLDMINI_PINE.[0m
2026-02-10 19:29:05,036 - INFO - ⚙️ Commodity scan list prepared: 7 symbols (tokens available for 7)
2026-02-10 19:29:05,036 - WARNING - Nifty data missing for regime assessment. Defaulting to HIGH_CONVICTION.
2026-02-10 19:29:12,025 - INFO - Indicators GOLDM: price 156270.00, vol 5.00, atr% 0.15, rc 0.57
2026-02-10 19:29:12,028 - INFO - Indicators GOLDMINI: price 156270.00, vol 5.00, atr% 0.15, rc 0.57
2026-02-10 19:29:12,029 - INFO - Indicators SILVER: price 259920.00, vol 5.00, atr% 0.27, rc 0.57
2026-02-10 19:29:12,031 - INFO - Indicators SILVERM: price 267487.00, vol 5.00, atr% 0.35, rc 0.54
2026-02-10 19:29:12,032 - INFO - Indicators SILVERMIC: price 267400.00, vol 5.00, atr% 0.36, rc 0.59
2026-02-10 19:29:12,034 - INFO - Indicators CRUDEOILM: price 5849.00, vol 5.00, atr% 0.16, rc 0.53
2026-02-10 19:29:12,035 - INFO - Indicators CRUDEOILMINI: price 5849.00, vol 5.00, atr% 0.16, rc 0.53
2026-02-10 19:29:46,428 - WARNING - [33m❌ Ignoring switch to GOLDMINI_PINE for COMMODITY instance. Staying on GOLDMINI_PINE.[0m
2026-02-10 19:29:46,429 - INFO - ⚙️ Commodity scan list prepared: 7 symbols (tokens available for 7)
2026-02-10 19:29:46,429 - WARNING - Nifty data missing for regime assessment. Defaulting to HIGH_CONVICTION.
2026-02-10 19:29:53,845 - INFO - Indicators GOLDM: price 156255.00, vol 5.00, atr% 0.14, rc 0.55
2026-02-10 19:29:53,847 - INFO - Indicators GOLDMINI: price 156255.00, vol 5.00, atr% 0.14, rc 0.55
2026-02-10 19:29:53,850 - INFO - Indicators SILVER: price 259920.00, vol 5.00, atr% 0.26, rc 0.57
2026-02-10 19:29:53,852 - INFO - Indicators SILVERM: price 267598.00, vol 5.00, atr% 0.33, rc 0.55
2026-02-10 19:29:53,856 - INFO - Indicators SILVERMIC: price 267455.00, vol 5.00, atr% 0.34, rc 0.51
2026-02-10 19:29:53,859 - INFO - Indicators CRUDEOILM: price 5850.00, vol 5.00, atr% 0.16, rc 0.56
2026-02-10 19:29:53,871 - INFO - Indicators CRUDEOILMINI: price 5850.00, vol 5.00, atr% 0.16, rc 0.56
2026-02-10 19:30:28,295 - WARNING - [33m❌ Ignoring switch to GOLDMINI_PINE for COMMODITY instance. Staying on GOLDMINI_PINE.[0m
2026-02-10 19:30:28,297 - INFO - ⚙️ Commodity scan list prepared: 7 symbols (tokens available for 7)
2026-02-10 19:30:28,298 - WARNING - Nifty data missing for regime assessment. Defaulting to HIGH_CONVICTION.
2026-02-10 19:30:35,602 - INFO - Indicators GOLDM: price 156240.00, vol 5.00, atr% 0.14, rc 0.64
2026-02-10 19:30:35,605 - INFO - Indicators GOLDMINI: price 156240.00, vol 5.00, atr% 0.14, rc 0.64
2026-02-10 19:30:35,608 - INFO - Indicators SILVER: price 259920.00, vol 5.00, atr% 0.24, rc 0.53
2026-02-10 19:30:35,611 - INFO - Indicators SILVERM: price 267416.00, vol 5.00, atr% 0.33, rc 0.53
2026-02-10 19:30:35,614 - INFO - Indicators SILVERMIC: price 267498.00, vol 5.00, atr% 0.35, rc 0.50
2026-02-10 19:30:35,618 - INFO - Indicators CRUDEOILM: price 5841.00, vol 5.00, atr% 0.17, rc 0.83
2026-02-10 19:30:35,620 - INFO - Indicators CRUDEOILMINI: price 5841.00, vol 5.00, atr% 0.17, rc 0.83
2026-02-10 19:31:10,182 - WARNING - [33m❌ Ignoring switch to GOLDMINI_PINE for COMMODITY instance. Staying on GOLDMINI_PINE.[0m
2026-02-10 19:31:10,183 - INFO - ⚙️ Commodity scan list prepared: 7 symbols (tokens available for 7)
2026-02-10 19:31:10,183 - WARNING - Nifty data missing for regime assessment. Defaulting to HIGH_CONVICTION.
2026-02-10 19:31:17,783 - INFO - Indicators GOLDM: price 156363.00, vol 5.00, atr% 0.14, rc 0.51
2026-02-10 19:31:17,795 - INFO - Indicators GOLDMINI: price 156363.00, vol 5.00, atr% 0.14, rc 0.51
2026-02-10 19:31:17,805 - INFO - Indicators SILVER: price 260092.00, vol 5.00, atr% 0.27, rc 0.60
2026-02-10 19:31:17,807 - INFO - Indicators SILVERM: price 267634.00, vol 5.00, atr% 0.33, rc 0.56
2026-02-10 19:31:17,821 - INFO - Indicators SILVERMIC: price 267723.00, vol 5.00, atr% 0.34, rc 0.54
2026-02-10 19:31:17,823 - INFO - Indicators CRUDEOILM: price 5846.00, vol 5.00, atr% 0.17, rc 0.68
2026-02-10 19:31:17,825 - INFO - Indicators CRUDEOILMINI: price 5846.00, vol 5.00, atr% 0.17, rc 0.68
2026-02-10 19:31:52,216 - WARNING - [33m❌ Ignoring switch to GOLDMINI_PINE for COMMODITY instance. Staying on GOLDMINI_PINE.[0m
2026-02-10 19:31:52,217 - INFO - ⚙️ Commodity scan list prepared: 7 symbols (tokens available for 7)
2026-02-10 19:31:52,217 - WARNING - Nifty data missing for regime assessment. Defaulting to HIGH_CONVICTION.
2026-02-10 19:31:59,392 - INFO - Indicators GOLDM: price 156300.00, vol 5.00, atr% 0.13, rc 0.51
2026-02-10 19:31:59,398 - INFO - Indicators GOLDMINI: price 156300.00, vol 5.00, atr% 0.13, rc 0.51
2026-02-10 19:31:59,402 - INFO - Indicators SILVER: price 259916.00, vol 5.00, atr% 0.28, rc 0.52
2026-02-10 19:31:59,407 - INFO - Indicators SILVERM: price 267379.00, vol 5.00, atr% 0.33, rc 0.58
2026-02-10 19:31:59,411 - INFO - Indicators SILVERMIC: price 267425.00, vol 5.00, atr% 0.34, rc 0.56
2026-02-10 19:31:59,414 - INFO - Indicators CRUDEOILM: price 5845.00, vol 5.00, atr% 0.17, rc 0.71
2026-02-10 19:31:59,417 - INFO - Indicators CRUDEOILMINI: price 5845.00, vol 5.00, atr% 0.17, rc 0.71
2026-02-10 19:32:33,859 - WARNING - [33m❌ Ignoring switch to GOLDMINI_PINE for COMMODITY instance. Staying on GOLDMINI_PINE.[0m
2026-02-10 19:32:33,860 - INFO - ⚙️ Commodity scan list prepared: 7 symbols (tokens available for 7)
2026-02-10 19:32:33,860 - WARNING - Nifty data missing for regime assessment. Defaulting to HIGH_CONVICTION.
2026-02-10 19:32:41,631 - INFO - Indicators GOLDM: price 156255.00, vol 5.00, atr% 0.14, rc 0.54
2026-02-10 19:32:41,633 - INFO - Indicators GOLDMINI: price 156255.00, vol 5.00, atr% 0.14, rc 0.54
2026-02-10 19:32:41,634 - INFO - Indicators SILVER: price 259916.00, vol 5.00, atr% 0.27, rc 0.53
2026-02-10 19:32:41,636 - INFO - Indicators SILVERM: price 267340.00, vol 5.00, atr% 0.34, rc 0.52
2026-02-10 19:32:41,637 - INFO - Indicators SILVERMIC: price 267389.00, vol 5.00, atr% 0.36, rc 0.53
2026-02-10 19:32:41,638 - INFO - Indicators CRUDEOILM: price 5848.00, vol 5.00, atr% 0.18, rc 0.67
2026-02-10 19:32:41,640 - INFO - Indicators CRUDEOILMINI: price 5848.00, vol 5.00, atr% 0.18, rc 0.67
2026-02-10 19:33:16,042 - WARNING - [33m❌ Ignoring switch to GOLDMINI_PINE for COMMODITY instance. Staying on GOLDMINI_PINE.[0m
2026-02-10 19:33:16,045 - INFO - ⚙️ Commodity scan list prepared: 7 symbols (tokens available for 7)
2026-02-10 19:33:16,045 - WARNING - Nifty data missing for regime assessment. Defaulting to HIGH_CONVICTION.
2026-02-10 19:33:23,509 - INFO - Indicators GOLDM: price 156247.00, vol 5.00, atr% 0.15, rc 0.59
2026-02-10 19:33:23,525 - INFO - Indicators GOLDMINI: price 156247.00, vol 5.00, atr% 0.15, rc 0.59
2026-02-10 19:33:23,550 - INFO - Indicators SILVER: price 259480.00, vol 5.00, atr% 0.26, rc 0.69
2026-02-10 19:33:23,553 - INFO - Indicators SILVERM: price 267209.00, vol 5.00, atr% 0.34, rc 0.65
2026-02-10 19:33:23,556 - INFO - Indicators SILVERMIC: price 267100.00, vol 5.00, atr% 0.36, rc 0.64
2026-02-10 19:33:23,558 - INFO - Indicators CRUDEOILM: price 5848.00, vol 5.00, atr% 0.17, rc 0.49
2026-02-10 19:33:23,561 - INFO - Indicators CRUDEOILMINI: price 5848.00, vol 5.00, atr% 0.17, rc 0.49
2026-02-10 19:33:32,352 - WARNING - [33m❌ Ignoring switch to GOLDMINI_PINE for COMMODITY instance. Staying on GOLDMINI_PINE.[0m
2026-02-10 19:33:32,355 - INFO - ⚙️ Commodity scan list prepared: 7 symbols (tokens available for 7)
2026-02-10 19:33:32,355 - WARNING - Nifty data missing for regime assessment. Defaulting to HIGH_CONVICTION.
2026-02-10 19:33:39,242 - INFO - Indicators GOLDM: price 156231.00, vol 5.00, atr% 0.14, rc 0.61
2026-02-10 19:33:39,247 - INFO - Indicators GOLDMINI: price 156231.00, vol 5.00, atr% 0.14, rc 0.61
2026-02-10 19:33:39,252 - INFO - Indicators SILVER: price 259480.00, vol 5.00, atr% 0.26, rc 0.69
2026-02-10 19:33:39,255 - INFO - Indicators SILVERM: price 267057.00, vol 5.00, atr% 0.34, rc 0.64
2026-02-10 19:33:39,273 - INFO - Indicators SILVERMIC: price 267071.00, vol 5.00, atr% 0.36, rc 0.65
2026-02-10 19:33:39,275 - INFO - Indicators CRUDEOILM: price 5848.00, vol 5.00, atr% 0.17, rc 0.56
2026-02-10 19:33:39,277 - INFO - Indicators CRUDEOILMINI: price 5848.00, vol 5.00, atr% 0.17, rc 0.56
2026-02-10 19:33:44,736 - WARNING - [33m❌ Ignoring switch to GOLDMINI_PINE for COMMODITY instance. Staying on GOLDMINI_PINE.[0m
2026-02-10 19:33:44,737 - INFO - ⚙️ Commodity scan list prepared: 7 symbols (tokens available for 7)
2026-02-10 19:33:44,738 - WARNING - Nifty data missing for regime assessment. Defaulting to HIGH_CONVICTION.
2026-02-10 19:33:51,570 - INFO - Indicators GOLDM: price 156234.00, vol 5.00, atr% 0.15, rc 0.54
2026-02-10 19:33:51,575 - INFO - Indicators GOLDMINI: price 156234.00, vol 5.00, atr% 0.15, rc 0.54
2026-02-10 19:33:51,581 - INFO - Indicators SILVER: price 259480.00, vol 5.00, atr% 0.26, rc 0.69
2026-02-10 19:33:51,585 - INFO - Indicators SILVERM: price 267159.00, vol 5.00, atr% 0.34, rc 0.58
2026-02-10 19:33:51,599 - INFO - Indicators SILVERMIC: price 267283.00, vol 5.00, atr% 0.36, rc 0.53
2026-02-10 19:33:51,610 - INFO - Indicators CRUDEOILM: price 5848.00, vol 5.00, atr% 0.17, rc 0.56
2026-02-10 19:33:51,631 - INFO - Indicators CRUDEOILMINI: price 5848.00, vol 5.00, atr% 0.17, rc 0.56
2026-02-10 19:34:26,047 - WARNING - [33m❌ Ignoring switch to GOLDMINI_PINE for COMMODITY instance. Staying on GOLDMINI_PINE.[0m
2026-02-10 19:34:26,048 - INFO - ⚙️ Commodity scan list prepared: 7 symbols (tokens available for 7)
2026-02-10 19:34:26,049 - WARNING - Nifty data missing for regime assessment. Defaulting to HIGH_CONVICTION.
2026-02-10 19:34:33,400 - INFO - Indicators GOLDM: price 156275.00, vol 5.00, atr% 0.14, rc 0.54
2026-02-10 19:34:33,406 - INFO - Indicators GOLDMINI: price 156275.00, vol 5.00, atr% 0.14, rc 0.54
2026-02-10 19:34:33,410 - INFO - Indicators SILVER: price 259480.00, vol 5.00, atr% 0.25, rc 0.70
2026-02-10 19:34:33,413 - INFO - Indicators SILVERM: price 267341.00, vol 5.00, atr% 0.32, rc 0.53
2026-02-10 19:34:33,415 - INFO - Indicators SILVERMIC: price 267216.00, vol 5.00, atr% 0.33, rc 0.56
2026-02-10 19:34:33,419 - INFO - Indicators CRUDEOILM: price 5849.00, vol 5.00, atr% 0.17, rc 0.58
2026-02-10 19:34:33,422 - INFO - Indicators CRUDEOILMINI: price 5849.00, vol 5.00, atr% 0.17, rc 0.58
2026-02-10 19:35:07,958 - WARNING - [33m❌ Ignoring switch to GOLDMINI_PINE for COMMODITY instance. Staying on GOLDMINI_PINE.[0m
2026-02-10 19:35:07,959 - INFO - ⚙️ Commodity scan list prepared: 7 symbols (tokens available for 7)
2026-02-10 19:35:07,960 - WARNING - Nifty data missing for regime assessment. Defaulting to HIGH_CONVICTION.
2026-02-10 19:35:15,286 - INFO - Indicators GOLDM: price 156243.00, vol 5.00, atr% 0.13, rc 0.52
2026-02-10 19:35:15,288 - INFO - Indicators GOLDMINI: price 156243.00, vol 5.00, atr% 0.13, rc 0.52
2026-02-10 19:35:15,290 - INFO - Indicators SILVER: price 259480.00, vol 5.00, atr% 0.23, rc 0.72
2026-02-10 19:35:15,291 - INFO - Indicators SILVERM: price 267211.00, vol 5.00, atr% 0.32, rc 0.66
2026-02-10 19:35:15,293 - INFO - Indicators SILVERMIC: price 267144.00, vol 5.00, atr% 0.33, rc 0.66
2026-02-10 19:35:15,295 - INFO - Indicators CRUDEOILM: price 5843.00, vol 5.00, atr% 0.17, rc 0.55
2026-02-10 19:35:15,297 - INFO - Indicators CRUDEOILMINI: price 5843.00, vol 5.00, atr% 0.17, rc 0.55
2026-02-10 19:35:49,709 - WARNING - [33m❌ Ignoring switch to GOLDMINI_PINE for COMMODITY instance. Staying on GOLDMINI_PINE.[0m
2026-02-10 19:35:49,711 - INFO - ⚙️ Commodity scan list prepared: 7 symbols (tokens available for 7)
2026-02-10 19:35:49,711 - WARNING - Nifty data missing for regime assessment. Defaulting to HIGH_CONVICTION.
2026-02-10 19:35:56,677 - INFO - Indicators GOLDM: price 156244.00, vol 5.00, atr% 0.13, rc 0.63
2026-02-10 19:35:56,680 - INFO - Indicators GOLDMINI: price 156244.00, vol 5.00, atr% 0.13, rc 0.63
2026-02-10 19:35:56,683 - INFO - Indicators SILVER: price 259480.00, vol 5.00, atr% 0.25, rc 0.78
2026-02-10 19:35:56,685 - INFO - Indicators SILVERM: price 267101.00, vol 5.00, atr% 0.31, rc 0.71
2026-02-10 19:35:56,687 - INFO - Indicators SILVERMIC: price 266945.00, vol 5.00, atr% 0.33, rc 0.79
2026-02-10 19:35:56,690 - INFO - Indicators CRUDEOILM: price 5843.00, vol 5.00, atr% 0.17, rc 0.53
2026-02-10 19:35:56,693 - INFO - Indicators CRUDEOILMINI: price 5843.00, vol 5.00, atr% 0.17, rc 0.53
2026-02-10 19:36:31,172 - WARNING - [33m❌ Ignoring switch to GOLDMINI_PINE for COMMODITY instance. Staying on GOLDMINI_PINE.[0m
2026-02-10 19:36:31,174 - INFO - ⚙️ Commodity scan list prepared: 7 symbols (tokens available for 7)
2026-02-10 19:36:31,174 - WARNING - Nifty data missing for regime assessment. Defaulting to HIGH_CONVICTION.
2026-02-10 19:36:38,321 - INFO - Indicators GOLDM: price 156233.00, vol 5.00, atr% 0.13, rc 0.64
2026-02-10 19:36:38,326 - INFO - Indicators GOLDMINI: price 156233.00, vol 5.00, atr% 0.13, rc 0.64
2026-02-10 19:36:38,330 - INFO - Indicators SILVER: price 259480.00, vol 5.00, atr% 0.25, rc 0.69
2026-02-10 19:36:38,332 - INFO - Indicators SILVERM: price 267224.00, vol 5.00, atr% 0.31, rc 0.65
2026-02-10 19:36:38,339 - INFO - Indicators SILVERMIC: price 267169.00, vol 5.00, atr% 0.32, rc 0.61
2026-02-10 19:36:38,341 - INFO - Indicators CRUDEOILM: price 5843.00, vol 5.00, atr% 0.18, rc 0.52
2026-02-10 19:36:38,345 - INFO - Indicators CRUDEOILMINI: price 5843.00, vol 5.00, atr% 0.18, rc 0.52
2026-02-10 19:37:12,746 - WARNING - [33m❌ Ignoring switch to GOLDMINI_PINE for COMMODITY instance. Staying on GOLDMINI_PINE.[0m
2026-02-10 19:37:12,747 - INFO - ⚙️ Commodity scan list prepared: 7 symbols (tokens available for 7)
2026-02-10 19:37:12,747 - WARNING - Nifty data missing for regime assessment. Defaulting to HIGH_CONVICTION.
2026-02-10 19:37:19,744 - INFO - Indicators GOLDM: price 156281.00, vol 5.00, atr% 0.12, rc 0.51
2026-02-10 19:37:19,747 - INFO - Indicators GOLDMINI: price 156281.00, vol 5.00, atr% 0.12, rc 0.51
2026-02-10 19:37:19,752 - INFO - Indicators SILVER: price 259480.00, vol 5.00, atr% 0.26, rc 0.69
2026-02-10 19:37:19,755 - INFO - Indicators SILVERM: price 267300.00, vol 5.00, atr% 0.30, rc 0.51
2026-02-10 19:37:19,757 - INFO - Indicators SILVERMIC: price 267259.00, vol 5.00, atr% 0.33, rc 0.53
2026-02-10 19:37:19,760 - INFO - Indicators CRUDEOILM: price 5842.00, vol 5.00, atr% 0.17, rc 0.62
2026-02-10 19:37:19,762 - INFO - Indicators CRUDEOILMINI: price 5842.00, vol 5.00, atr% 0.17, rc 0.62
2026-02-10 19:37:54,180 - WARNING - [33m❌ Ignoring switch to GOLDMINI_PINE for COMMODITY instance. Staying on GOLDMINI_PINE.[0m
2026-02-10 19:37:54,182 - INFO - ⚙️ Commodity scan list prepared: 7 symbols (tokens available for 7)
2026-02-10 19:37:54,182 - WARNING - Nifty data missing for regime assessment. Defaulting to HIGH_CONVICTION.
2026-02-10 19:38:01,314 - INFO - Indicators GOLDM: price 156371.00, vol 5.00, atr% 0.14, rc 0.71
2026-02-10 19:38:01,349 - INFO - Indicators GOLDMINI: price 156371.00, vol 5.00, atr% 0.14, rc 0.71
2026-02-10 19:38:01,358 - INFO - Indicators SILVER: price 259480.00, vol 5.00, atr% 0.24, rc 0.49
2026-02-10 19:38:01,366 - INFO - Indicators SILVERM: price 267684.00, vol 5.00, atr% 0.33, rc 0.67
2026-02-10 19:38:01,368 - INFO - Indicators SILVERMIC: price 267711.00, vol 5.00, atr% 0.34, rc 0.63
2026-02-10 19:38:01,370 - INFO - Indicators CRUDEOILM: price 5843.00, vol 5.00, atr% 0.18, rc 0.61
2026-02-10 19:38:01,372 - INFO - Indicators CRUDEOILMINI: price 5843.00, vol 5.00, atr% 0.18, rc 0.61
2026-02-10 19:38:35,849 - WARNING - [33m❌ Ignoring switch to GOLDMINI_PINE for COMMODITY instance. Staying on GOLDMINI_PINE.[0m
2026-02-10 19:38:35,851 - INFO - ⚙️ Commodity scan list prepared: 7 symbols (tokens available for 7)
2026-02-10 19:38:35,851 - WARNING - Nifty data missing for regime assessment. Defaulting to HIGH_CONVICTION.
2026-02-10 19:38:43,137 - INFO - Indicators GOLDM: price 156358.00, vol 5.00, atr% 0.14, rc 0.67
2026-02-10 19:38:43,140 - INFO - Indicators GOLDMINI: price 156358.00, vol 5.00, atr% 0.14, rc 0.67
2026-02-10 19:38:43,142 - INFO - Indicators SILVER: price 259480.00, vol 5.00, atr% 0.23, rc 0.49
2026-02-10 19:38:43,143 - INFO - Indicators SILVERM: price 267560.00, vol 5.00, atr% 0.33, rc 0.66
2026-02-10 19:38:43,145 - INFO - Indicators SILVERMIC: price 267468.00, vol 5.00, atr% 0.35, rc 0.66
2026-02-10 19:38:43,147 - INFO - Indicators CRUDEOILM: price 5844.00, vol 5.00, atr% 0.17, rc 0.61
2026-02-10 19:38:43,149 - INFO - Indicators CRUDEOILMINI: price 5844.00, vol 5.00, atr% 0.17, rc 0.61
2026-02-10 19:39:17,684 - WARNING - [33m❌ Ignoring switch to GOLDMINI_PINE for COMMODITY instance. Staying on GOLDMINI_PINE.[0m
2026-02-10 19:39:17,685 - INFO - ⚙️ Commodity scan list prepared: 7 symbols (tokens available for 7)
2026-02-10 19:39:17,686 - WARNING - Nifty data missing for regime assessment. Defaulting to HIGH_CONVICTION.
2026-02-10 19:39:24,764 - INFO - Indicators GOLDM: price 156402.00, vol 5.00, atr% 0.14, rc 0.69
2026-02-10 19:39:24,766 - INFO - Indicators GOLDMINI: price 156402.00, vol 5.00, atr% 0.14, rc 0.69
2026-02-10 19:39:24,768 - INFO - Indicators SILVER: price 260001.00, vol 5.00, atr% 0.25, rc 0.74
2026-02-10 19:39:24,771 - INFO - Indicators SILVERM: price 267800.00, vol 5.00, atr% 0.32, rc 0.66
2026-02-10 19:39:24,773 - INFO - Indicators SILVERMIC: price 267801.00, vol 5.00, atr% 0.34, rc 0.68
2026-02-10 19:39:24,775 - INFO - Indicators CRUDEOILM: price 5846.00, vol 5.00, atr% 0.17, rc 0.64
2026-02-10 19:39:24,777 - INFO - Indicators CRUDEOILMINI: price 5846.00, vol 5.00, atr% 0.17, rc 0.64
2026-02-10 19:39:59,222 - WARNING - [33m❌ Ignoring switch to GOLDMINI_PINE for COMMODITY instance. Staying on GOLDMINI_PINE.[0m
2026-02-10 19:39:59,223 - INFO - ⚙️ Commodity scan list prepared: 7 symbols (tokens available for 7)
2026-02-10 19:39:59,223 - WARNING - Nifty data missing for regime assessment. Defaulting to HIGH_CONVICTION.
2026-02-10 19:40:06,971 - INFO - Indicators GOLDM: price 156400.00, vol 5.00, atr% 0.14, rc 0.73
2026-02-10 19:40:06,985 - INFO - Indicators GOLDMINI: price 156400.00, vol 5.00, atr% 0.14, rc 0.73
2026-02-10 19:40:06,987 - INFO - Indicators SILVER: price 260001.00, vol 5.00, atr% 0.23, rc 0.75
2026-02-10 19:40:06,990 - INFO - Indicators SILVERM: price 268005.00, vol 5.00, atr% 0.33, rc 0.78
2026-02-10 19:40:06,992 - INFO - Indicators SILVERMIC: price 268176.00, vol 5.00, atr% 0.34, rc 0.86
2026-02-10 19:40:06,994 - INFO - Indicators CRUDEOILM: price 5845.00, vol 5.00, atr% 0.17, rc 0.64
2026-02-10 19:40:06,996 - INFO - Indicators CRUDEOILMINI: price 5845.00, vol 5.00, atr% 0.17, rc 0.64
2026-02-10 19:40:08,311 - INFO - MCX cache refreshed: 37947 instruments
2026-02-10 19:40:09,246 - INFO - Strategy Validation - Win Rate: 18.2%, Profit Factor: 3518.87
2026-02-10 19:40:11,716 - INFO - ALERT SENT: SILVERM NEW SIGNAL
2026-02-10 19:40:11,716 - INFO - [35mExecution Triggered for SILVERM. Conf >= 7.8 and Position is Closed.[0m
2026-02-10 19:40:11,716 - ERROR - [31mFailed to execute commodity BULLISH strategy for SILVERM[0m
2026-02-10 19:40:12,645 - INFO - Strategy Validation - Win Rate: 18.2%, Profit Factor: 3518.87
2026-02-10 19:40:14,915 - INFO - ALERT SENT: SILVERMIC NEW SIGNAL
2026-02-10 19:40:14,916 - INFO - [35mExecution Triggered for SILVERMIC. Conf >= 7.8 and Position is Closed.[0m
2026-02-10 19:40:14,916 - ERROR - [31mFailed to execute commodity BULLISH strategy for SILVERMIC[0m
2026-02-10 19:40:49,299 - WARNING - [33m❌ Ignoring switch to GOLDMINI_PINE for COMMODITY instance. Staying on GOLDMINI_PINE.[0m
2026-02-10 19:40:49,300 - INFO - ⚙️ Commodity scan list prepared: 7 symbols (tokens available for 7)
2026-02-10 19:40:49,301 - WARNING - Nifty data missing for regime assessment. Defaulting to HIGH_CONVICTION.
2026-02-10 19:40:56,825 - INFO - Indicators GOLDM: price 156439.00, vol 5.00, atr% 0.13, rc 0.80
2026-02-10 19:40:56,828 - INFO - Indicators GOLDMINI: price 156439.00, vol 5.00, atr% 0.13, rc 0.80
2026-02-10 19:40:56,835 - INFO - Indicators SILVER: price 260712.00, vol 5.00, atr% 0.27, rc 1.00
2026-02-10 19:40:56,837 - INFO - Indicators SILVERM: price 268182.00, vol 5.00, atr% 0.32, rc 0.87
2026-02-10 19:40:56,846 - INFO - Indicators SILVERMIC: price 268073.00, vol 5.00, atr% 0.35, rc 0.86
2026-02-10 19:40:56,854 - INFO - Indicators CRUDEOILM: price 5843.00, vol 5.00, atr% 0.17, rc 0.49
2026-02-10 19:40:56,856 - INFO - Indicators CRUDEOILMINI: price 5843.00, vol 5.00, atr% 0.17, rc 0.49
2026-02-10 19:40:57,999 - INFO - Strategy Validation - Win Rate: 18.2%, Profit Factor: 3518.87
2026-02-10 19:41:00,416 - INFO - ALERT SENT: SILVER NEW SIGNAL
2026-02-10 19:41:00,417 - INFO - [35mExecution Triggered for SILVER. Conf >= 7.8 and Position is Closed.[0m
2026-02-10 19:41:00,417 - ERROR - [31mFailed to execute commodity BULLISH strategy for SILVER[0m
2026-02-10 19:41:01,363 - INFO - Strategy Validation - Win Rate: 18.2%, Profit Factor: 3518.87
2026-02-10 19:41:03,343 - INFO - ALERT SENT: SILVERM NEW SIGNAL
2026-02-10 19:41:03,344 - INFO - [35mExecution Triggered for SILVERM. Conf >= 7.8 and Position is Closed.[0m
2026-02-10 19:41:03,344 - ERROR - [31mFailed to execute commodity BULLISH strategy for SILVERM[0m
2026-02-10 19:41:03,579 - INFO - Strategy Validation - Win Rate: 18.2%, Profit Factor: 3518.87
2026-02-10 19:41:05,852 - INFO - ALERT SENT: SILVERMIC NEW SIGNAL
2026-02-10 19:41:05,852 - INFO - [35mExecution Triggered for SILVERMIC. Conf >= 7.8 and Position is Closed.[0m
2026-02-10 19:41:05,852 - ERROR - [31mFailed to execute commodity BULLISH strategy for SILVERMIC[0m
2026-02-10 19:41:40,233 - WARNING - [33m❌ Ignoring switch to GOLDMINI_PINE for COMMODITY instance. Staying on GOLDMINI_PINE.[0m
2026-02-10 19:41:40,233 - INFO - ⚙️ Commodity scan list prepared: 7 symbols (tokens available for 7)
2026-02-10 19:41:40,233 - WARNING - Nifty data missing for regime assessment. Defaulting to HIGH_CONVICTION.
2026-02-10 19:41:47,658 - INFO - Indicators GOLDM: price 156402.00, vol 5.00, atr% 0.12, rc 0.75
2026-02-10 19:41:47,661 - INFO - Indicators GOLDMINI: price 156402.00, vol 5.00, atr% 0.12, rc 0.75
2026-02-10 19:41:47,663 - INFO - Indicators SILVER: price 259989.00, vol 5.00, atr% 0.27, rc 0.71
2026-02-10 19:41:47,667 - INFO - Indicators SILVERM: price 267950.00, vol 5.00, atr% 0.31, rc 0.74
2026-02-10 19:41:47,669 - INFO - Indicators SILVERMIC: price 267803.00, vol 5.00, atr% 0.32, rc 0.68
2026-02-10 19:41:47,671 - INFO - Indicators CRUDEOILM: price 5842.00, vol 5.00, atr% 0.17, rc 0.59
2026-02-10 19:41:47,675 - INFO - Indicators CRUDEOILMINI: price 5842.00, vol 5.00, atr% 0.17, rc 0.59
2026-02-10 19:42:22,072 - WARNING - [33m❌ Ignoring switch to GOLDMINI_PINE for COMMODITY instance. Staying on GOLDMINI_PINE.[0m
2026-02-10 19:42:22,075 - INFO - ⚙️ Commodity scan list prepared: 7 symbols (tokens available for 7)
2026-02-10 19:42:22,076 - WARNING - Nifty data missing for regime assessment. Defaulting to HIGH_CONVICTION.
2026-02-10 19:42:29,193 - INFO - Indicators GOLDM: price 156402.00, vol 5.00, atr% 0.12, rc 0.69
2026-02-10 19:42:29,200 - INFO - Indicators GOLDMINI: price 156402.00, vol 5.00, atr% 0.12, rc 0.69
2026-02-10 19:42:29,202 - INFO - Indicators SILVER: price 259989.00, vol 5.00, atr% 0.26, rc 0.72
2026-02-10 19:42:29,204 - INFO - Indicators SILVERM: price 267846.00, vol 5.00, atr% 0.31, rc 0.66
2026-02-10 19:42:29,208 - INFO - Indicators SILVERMIC: price 267891.00, vol 5.00, atr% 0.33, rc 0.70
2026-02-10 19:42:29,211 - INFO - Indicators CRUDEOILM: price 5840.00, vol 5.00, atr% 0.17, rc 0.55
2026-02-10 19:42:29,213 - INFO - Indicators CRUDEOILMINI: price 5840.00, vol 5.00, atr% 0.17, rc 0.55
2026-02-10 19:43:03,666 - WARNING - [33m❌ Ignoring switch to GOLDMINI_PINE for COMMODITY instance. Staying on GOLDMINI_PINE.[0m
2026-02-10 19:43:03,667 - INFO - ⚙️ Commodity scan list prepared: 7 symbols (tokens available for 7)
2026-02-10 19:43:03,667 - WARNING - Nifty data missing for regime assessment. Defaulting to HIGH_CONVICTION.
2026-02-10 19:43:10,679 - INFO - Indicators GOLDM: price 156385.00, vol 5.00, atr% 0.13, rc 0.49
2026-02-10 19:43:10,682 - INFO - Indicators GOLDMINI: price 156385.00, vol 5.00, atr% 0.13, rc 0.49
2026-02-10 19:43:10,685 - INFO - Indicators SILVER: price 260148.00, vol 5.00, atr% 0.24, rc 0.82
2026-02-10 19:43:10,687 - INFO - Indicators SILVERM: price 267790.00, vol 5.00, atr% 0.33, rc 0.53
2026-02-10 19:43:10,691 - INFO - Indicators SILVERMIC: price 267780.00, vol 5.00, atr% 0.34, rc 0.53
2026-02-10 19:43:10,694 - INFO - Indicators CRUDEOILM: price 5851.00, vol 5.00, atr% 0.17, rc 0.74
2026-02-10 19:43:10,695 - INFO - Indicators CRUDEOILMINI: price 5851.00, vol 5.00, atr% 0.17, rc 0.74
2026-02-10 19:43:44,813 - WARNING - [33m❌ Ignoring switch to GOLDMINI_PINE for COMMODITY instance. Staying on GOLDMINI_PINE.[0m
2026-02-10 19:43:44,814 - INFO - ⚙️ Commodity scan list prepared: 7 symbols (tokens available for 7)
2026-02-10 19:43:44,815 - WARNING - Nifty data missing for regime assessment. Defaulting to HIGH_CONVICTION.
2026-02-10 19:43:52,464 - INFO - Indicators GOLDM: price 156393.00, vol 5.00, atr% 0.13, rc 0.50
2026-02-10 19:43:52,472 - INFO - Indicators GOLDMINI: price 156393.00, vol 5.00, atr% 0.13, rc 0.50
2026-02-10 19:43:52,479 - INFO - Indicators SILVER: price 260148.00, vol 5.00, atr% 0.24, rc 0.82
2026-02-10 19:43:52,481 - INFO - Indicators SILVERM: price 267875.00, vol 5.00, atr% 0.33, rc 0.61
2026-02-10 19:43:52,500 - INFO - Indicators SILVERMIC: price 267891.00, vol 5.00, atr% 0.34, rc 0.59
2026-02-10 19:43:52,502 - INFO - Indicators CRUDEOILM: price 5855.00, vol 5.00, atr% 0.18, rc 0.79
2026-02-10 19:43:52,504 - INFO - Indicators CRUDEOILMINI: price 5855.00, vol 5.00, atr% 0.18, rc 0.79
2026-02-10 19:43:57,986 - WARNING - [33m❌ Ignoring switch to GOLDMINI_PINE for COMMODITY instance. Staying on GOLDMINI_PINE.[0m
2026-02-10 19:43:57,987 - INFO - ⚙️ Commodity scan list prepared: 7 symbols (tokens available for 7)
2026-02-10 19:43:57,987 - WARNING - Nifty data missing for regime assessment. Defaulting to HIGH_CONVICTION.
2026-02-10 19:44:04,773 - INFO - Indicators GOLDM: price 156393.00, vol 5.00, atr% 0.13, rc 0.51
2026-02-10 19:44:04,778 - INFO - Indicators GOLDMINI: price 156393.00, vol 5.00, atr% 0.13, rc 0.51
2026-02-10 19:44:04,785 - INFO - Indicators SILVER: price 260148.00, vol 5.00, atr% 0.24, rc 0.82
2026-02-10 19:44:04,791 - INFO - Indicators SILVERM: price 267875.00, vol 5.00, atr% 0.32, rc 0.54
2026-02-10 19:44:04,794 - INFO - Indicators SILVERMIC: price 267847.00, vol 5.00, atr% 0.34, rc 0.54
2026-02-10 19:44:04,798 - INFO - Indicators CRUDEOILM: price 5860.00, vol 5.00, atr% 0.18, rc 0.92
2026-02-10 19:44:04,803 - INFO - Indicators CRUDEOILMINI: price 5860.00, vol 5.00, atr% 0.18, rc 0.92
2026-02-10 19:44:39,227 - WARNING - [33m❌ Ignoring switch to GOLDMINI_PINE for COMMODITY instance. Staying on GOLDMINI_PINE.[0m
2026-02-10 19:44:39,227 - INFO - ⚙️ Commodity scan list prepared: 7 symbols (tokens available for 7)
2026-02-10 19:44:39,227 - WARNING - Nifty data missing for regime assessment. Defaulting to HIGH_CONVICTION.
2026-02-10 19:44:46,099 - INFO - Indicators GOLDM: price 156392.00, vol 5.00, atr% 0.13, rc 0.53
2026-02-10 19:44:46,102 - INFO - Indicators GOLDMINI: price 156392.00, vol 5.00, atr% 0.13, rc 0.53
2026-02-10 19:44:46,106 - INFO - Indicators SILVER: price 260139.00, vol 5.00, atr% 0.24, rc 0.56
2026-02-10 19:44:46,114 - INFO - Indicators SILVERM: price 267875.00, vol 5.00, atr% 0.31, rc 0.49
2026-02-10 19:44:46,131 - INFO - Indicators SILVERMIC: price 267827.00, vol 5.00, atr% 0.33, rc 0.50
2026-02-10 19:44:46,134 - INFO - Indicators CRUDEOILM: price 5859.00, vol 5.00, atr% 0.18, rc 0.84
2026-02-10 19:44:46,139 - INFO - Indicators CRUDEOILMINI: price 5859.00, vol 5.00, atr% 0.18, rc 0.84
2026-02-10 19:45:20,613 - WARNING - [33m❌ Ignoring switch to GOLDMINI_PINE for COMMODITY instance. Staying on GOLDMINI_PINE.[0m
2026-02-10 19:45:20,614 - INFO - ⚙️ Commodity scan list prepared: 7 symbols (tokens available for 7)
2026-02-10 19:45:20,614 - WARNING - Nifty data missing for regime assessment. Defaulting to HIGH_CONVICTION.
2026-02-10 19:45:27,870 - INFO - Indicators GOLDM: price 156451.00, vol 5.00, atr% 0.13, rc 0.53
2026-02-10 19:45:27,875 - INFO - Indicators GOLDMINI: price 156451.00, vol 5.00, atr% 0.13, rc 0.53
2026-02-10 19:45:27,879 - INFO - Indicators SILVER: price 260139.00, vol 5.00, atr% 0.24, rc 0.77
2026-02-10 19:45:27,884 - INFO - Indicators SILVERM: price 268135.00, vol 5.00, atr% 0.31, rc 0.58
2026-02-10 19:45:27,888 - INFO - Indicators SILVERMIC: price 267998.00, vol 5.00, atr% 0.33, rc 0.56
2026-02-10 19:45:27,895 - INFO - Indicators CRUDEOILM: price 5857.00, vol 5.00, atr% 0.19, rc 0.91
2026-02-10 19:45:27,906 - INFO - Indicators CRUDEOILMINI: price 5857.00, vol 5.00, atr% 0.19, rc 0.91
2026-02-10 19:46:02,304 - WARNING - [33m❌ Ignoring switch to GOLDMINI_PINE for COMMODITY instance. Staying on GOLDMINI_PINE.[0m
2026-02-10 19:46:02,305 - INFO - ⚙️ Commodity scan list prepared: 7 symbols (tokens available for 7)
2026-02-10 19:46:02,306 - WARNING - Nifty data missing for regime assessment. Defaulting to HIGH_CONVICTION.
2026-02-10 19:46:09,461 - INFO - Indicators GOLDM: price 156530.00, vol 5.00, atr% 0.13, rc 0.63
2026-02-10 19:46:09,471 - INFO - Indicators GOLDMINI: price 156530.00, vol 5.00, atr% 0.13, rc 0.63
2026-02-10 19:46:09,474 - INFO - Indicators SILVER: price 260323.00, vol 5.00, atr% 0.24, rc 0.65
2026-02-10 19:46:09,477 - INFO - Indicators SILVERM: price 268110.00, vol 5.00, atr% 0.30, rc 0.59
2026-02-10 19:46:09,479 - INFO - Indicators SILVERMIC: price 268120.00, vol 5.00, atr% 0.32, rc 0.58
2026-02-10 19:46:09,487 - INFO - Indicators CRUDEOILM: price 5857.00, vol 5.00, atr% 0.18, rc 0.94
2026-02-10 19:46:09,490 - INFO - Indicators CRUDEOILMINI: price 5857.00, vol 5.00, atr% 0.18, rc 0.94
2026-02-10 19:46:43,878 - WARNING - [33m❌ Ignoring switch to GOLDMINI_PINE for COMMODITY instance. Staying on GOLDMINI_PINE.[0m
2026-02-10 19:46:43,880 - INFO - ⚙️ Commodity scan list prepared: 7 symbols (tokens available for 7)
2026-02-10 19:46:43,880 - WARNING - Nifty data missing for regime assessment. Defaulting to HIGH_CONVICTION.
2026-02-10 19:46:51,001 - INFO - Indicators GOLDM: price 156619.00, vol 5.00, atr% 0.12, rc 0.83
2026-02-10 19:46:51,005 - INFO - Indicators GOLDMINI: price 156619.00, vol 5.00, atr% 0.12, rc 0.83
2026-02-10 19:46:51,007 - INFO - Indicators SILVER: price 260799.00, vol 5.00, atr% 0.26, rc 0.85
2026-02-10 19:46:51,013 - INFO - Indicators SILVERM: price 268622.00, vol 5.00, atr% 0.30, rc 0.74
2026-02-10 19:46:51,016 - INFO - Indicators SILVERMIC: price 268630.00, vol 5.00, atr% 0.33, rc 0.78
2026-02-10 19:46:51,018 - INFO - Indicators CRUDEOILM: price 5853.00, vol 5.00, atr% 0.18, rc 0.80
2026-02-10 19:46:51,025 - INFO - Indicators CRUDEOILMINI: price 5853.00, vol 5.00, atr% 0.18, rc 0.80
2026-02-10 19:46:52,078 - INFO - Strategy Validation - Win Rate: 18.2%, Profit Factor: 3518.87
2026-02-10 19:46:54,434 - INFO - ALERT SENT: SILVER NEW SIGNAL
2026-02-10 19:46:54,434 - INFO - [35mExecution Triggered for SILVER. Conf >= 7.8 and Position is Closed.[0m
2026-02-10 19:46:54,434 - ERROR - [31mFailed to execute commodity BULLISH strategy for SILVER[0m
2026-02-10 19:46:55,424 - INFO - Strategy Validation - Win Rate: 18.2%, Profit Factor: 3518.87
2026-02-10 19:46:57,754 - INFO - ALERT SENT: SILVERMIC NEW SIGNAL
2026-02-10 19:46:57,755 - INFO - [35mExecution Triggered for SILVERMIC. Conf >= 7.8 and Position is Closed.[0m
2026-02-10 19:46:57,755 - ERROR - [31mFailed to execute commodity BULLISH strategy for SILVERMIC[0m
2026-02-10 19:47:32,120 - WARNING - [33m❌ Ignoring switch to GOLDMINI_PINE for COMMODITY instance. Staying on GOLDMINI_PINE.[0m
2026-02-10 19:47:32,123 - INFO - ⚙️ Commodity scan list prepared: 7 symbols (tokens available for 7)
2026-02-10 19:47:32,123 - WARNING - Nifty data missing for regime assessment. Defaulting to HIGH_CONVICTION.
2026-02-10 19:47:39,429 - INFO - Indicators GOLDM: price 156757.00, vol 5.00, atr% 0.13, rc 1.00
2026-02-10 19:47:39,441 - INFO - Indicators GOLDMINI: price 156757.00, vol 5.00, atr% 0.13, rc 1.00
2026-02-10 19:47:39,458 - INFO - Indicators SILVER: price 260999.00, vol 5.00, atr% 0.26, rc 0.95
2026-02-10 19:47:39,469 - INFO - Indicators SILVERM: price 268969.00, vol 5.00, atr% 0.32, rc 0.90
2026-02-10 19:47:39,472 - INFO - Indicators SILVERMIC: price 268975.00, vol 5.00, atr% 0.34, rc 0.87
2026-02-10 19:47:39,474 - INFO - Indicators CRUDEOILM: price 5857.00, vol 5.00, atr% 0.18, rc 0.72
2026-02-10 19:47:39,476 - INFO - Indicators CRUDEOILMINI: price 5857.00, vol 5.00, atr% 0.18, rc 0.72
2026-02-10 19:47:40,525 - INFO - Strategy Validation - Win Rate: 18.2%, Profit Factor: 3518.87
2026-02-10 19:47:42,763 - INFO - ALERT SENT: SILVER NEW SIGNAL
2026-02-10 19:47:42,764 - INFO - [35mExecution Triggered for SILVER. Conf >= 7.8 and Position is Closed.[0m
2026-02-10 19:47:42,764 - ERROR - [31mFailed to execute commodity BULLISH strategy for SILVER[0m
2026-02-10 19:47:43,806 - INFO - Strategy Validation - Win Rate: 18.2%, Profit Factor: 3518.87
2026-02-10 19:47:48,241 - INFO - ALERT SENT: SILVERM NEW SIGNAL
2026-02-10 19:47:48,242 - INFO - [35mExecution Triggered for SILVERM. Conf >= 7.8 and Position is Closed.[0m
2026-02-10 19:47:48,242 - ERROR - [31mFailed to execute commodity BULLISH strategy for SILVERM[0m
2026-02-10 19:47:49,317 - INFO - Strategy Validation - Win Rate: 18.2%, Profit Factor: 3518.87
2026-02-10 19:47:56,504 - INFO - ALERT SENT: SILVERMIC NEW SIGNAL
2026-02-10 19:47:56,509 - INFO - [35mExecution Triggered for SILVERMIC. Conf >= 7.8 and Position is Closed.[0m
2026-02-10 19:47:56,515 - ERROR - [31mFailed to execute commodity BULLISH strategy for SILVERMIC[0m
2026-02-10 19:48:30,560 - WARNING - [33m❌ Ignoring switch to GOLDMINI_PINE for COMMODITY instance. Staying on GOLDMINI_PINE.[0m
2026-02-10 19:48:30,564 - INFO - ⚙️ Commodity scan list prepared: 7 symbols (tokens available for 7)
2026-02-10 19:48:30,565 - WARNING - Nifty data missing for regime assessment. Defaulting to HIGH_CONVICTION.
2026-02-10 19:48:38,038 - INFO - Indicators GOLDM: price 156761.00, vol 5.00, atr% 0.14, rc 0.96
2026-02-10 19:48:38,041 - INFO - Indicators GOLDMINI: price 156761.00, vol 5.00, atr% 0.14, rc 0.96
2026-02-10 19:48:38,043 - INFO - Indicators SILVER: price 261300.00, vol 5.00, atr% 0.24, rc 1.00
2026-02-10 19:48:38,045 - INFO - Indicators SILVERM: price 268904.00, vol 5.00, atr% 0.34, rc 0.83
2026-02-10 19:48:38,048 - INFO - Indicators SILVERMIC: price 268975.00, vol 5.00, atr% 0.36, rc 0.84
2026-02-10 19:48:38,050 - INFO - Indicators CRUDEOILM: price 5861.00, vol 5.00, atr% 0.17, rc 0.70
2026-02-10 19:48:38,054 - INFO - Indicators CRUDEOILMINI: price 5861.00, vol 5.00, atr% 0.17, rc 0.70
2026-02-10 19:48:39,139 - INFO - Strategy Validation - Win Rate: 18.2%, Profit Factor: 3518.87
2026-02-10 19:48:43,514 - INFO - ALERT SENT: SILVER NEW SIGNAL
2026-02-10 19:48:43,515 - INFO - [35mExecution Triggered for SILVER. Conf >= 7.8 and Position is Closed.[0m
2026-02-10 19:48:43,515 - ERROR - [31mFailed to execute commodity BULLISH strategy for SILVER[0m
2026-02-10 19:48:43,875 - INFO - Strategy Validation - Win Rate: 18.2%, Profit Factor: 3518.87
2026-02-10 19:48:46,055 - INFO - ALERT SENT: SILVERM NEW SIGNAL
2026-02-10 19:48:46,056 - INFO - [35mExecution Triggered for SILVERM. Conf >= 7.8 and Position is Closed.[0m
2026-02-10 19:48:46,056 - ERROR - [31mFailed to execute commodity BULLISH strategy for SILVERM[0m
2026-02-10 19:48:47,126 - INFO - Strategy Validation - Win Rate: 18.2%, Profit Factor: 3518.87
2026-02-10 19:48:49,477 - INFO - ALERT SENT: SILVERMIC NEW SIGNAL
2026-02-10 19:48:49,478 - INFO - [35mExecution Triggered for SILVERMIC. Conf >= 7.8 and Position is Closed.[0m
2026-02-10 19:48:49,478 - ERROR - [31mFailed to execute commodity BULLISH strategy for SILVERMIC[0m
2026-02-10 19:49:23,787 - WARNING - [33m❌ Ignoring switch to GOLDMINI_PINE for COMMODITY instance. Staying on GOLDMINI_PINE.[0m
2026-02-10 19:49:23,787 - INFO - ⚙️ Commodity scan list prepared: 7 symbols (tokens available for 7)
2026-02-10 19:49:23,788 - WARNING - Nifty data missing for regime assessment. Defaulting to HIGH_CONVICTION.
2026-02-10 19:49:30,799 - INFO - Indicators GOLDM: price 156765.00, vol 5.00, atr% 0.13, rc 1.00
2026-02-10 19:49:30,804 - INFO - Indicators GOLDMINI: price 156765.00, vol 5.00, atr% 0.13, rc 1.00
2026-02-10 19:49:30,813 - INFO - Indicators SILVER: price 261600.00, vol 5.00, atr% 0.25, rc 1.00
2026-02-10 19:49:30,820 - INFO - Indicators SILVERM: price 269399.00, vol 5.00, atr% 0.33, rc 1.00
2026-02-10 19:49:30,829 - INFO - Indicators SILVERMIC: price 269366.00, vol 5.00, atr% 0.35, rc 0.97
2026-02-10 19:49:30,832 - INFO - Indicators CRUDEOILM: price 5858.00, vol 5.00, atr% 0.18, rc 0.55
2026-02-10 19:49:30,838 - INFO - Indicators CRUDEOILMINI: price 5858.00, vol 5.00, atr% 0.18, rc 0.55
2026-02-10 19:49:31,919 - INFO - Strategy Validation - Win Rate: 18.2%, Profit Factor: 3518.87
2026-02-10 19:49:34,245 - INFO - ALERT SENT: SILVER NEW SIGNAL
2026-02-10 19:49:34,246 - INFO - [35mExecution Triggered for SILVER. Conf >= 7.8 and Position is Closed.[0m
2026-02-10 19:49:34,246 - ERROR - [31mFailed to execute commodity BULLISH strategy for SILVER[0m
2026-02-10 19:50:08,618 - WARNING - [33m❌ Ignoring switch to GOLDMINI_PINE for COMMODITY instance. Staying on GOLDMINI_PINE.[0m
2026-02-10 19:50:08,622 - INFO - ⚙️ Commodity scan list prepared: 7 symbols (tokens available for 7)
2026-02-10 19:50:08,623 - WARNING - Nifty data missing for regime assessment. Defaulting to HIGH_CONVICTION.
2026-02-10 19:50:15,792 - INFO - Indicators GOLDM: price 156790.00, vol 5.00, atr% 0.13, rc 0.96
2026-02-10 19:50:15,795 - INFO - Indicators GOLDMINI: price 156790.00, vol 5.00, atr% 0.13, rc 0.96
2026-02-10 19:50:15,797 - INFO - Indicators SILVER: price 261400.00, vol 5.00, atr% 0.26, rc 1.00
2026-02-10 19:50:15,800 - INFO - Indicators SILVERM: price 269049.00, vol 5.00, atr% 0.34, rc 0.87
2026-02-10 19:50:15,802 - INFO - Indicators SILVERMIC: price 269200.00, vol 5.00, atr% 0.36, rc 0.88
2026-02-10 19:50:15,805 - INFO - Indicators CRUDEOILM: price 5864.00, vol 5.00, atr% 0.18, rc 0.67
2026-02-10 19:50:15,807 - INFO - Indicators CRUDEOILMINI: price 5864.00, vol 5.00, atr% 0.18, rc 0.67
2026-02-10 19:50:16,879 - INFO - Strategy Validation - Win Rate: 18.2%, Profit Factor: 3518.87
2026-02-10 19:50:24,186 - INFO - ALERT SENT: SILVER NEW SIGNAL
2026-02-10 19:50:24,187 - INFO - [35mExecution Triggered for SILVER. Conf >= 7.8 and Position is Closed.[0m
2026-02-10 19:50:24,187 - ERROR - [31mFailed to execute commodity BULLISH strategy for SILVER[0m
2026-02-10 19:50:24,780 - INFO - Strategy Validation - Win Rate: 18.2%, Profit Factor: 3518.87
2026-02-10 19:50:32,094 - ERROR - Telegram send failed: HTTPSConnectionPool(host='api.telegram.org', port=443): Read timed out. (read timeout=5)
2026-02-10 19:50:32,095 - INFO - ALERT SENT: SILVERM NEW SIGNAL
2026-02-10 19:50:32,095 - INFO - [35mExecution Triggered for SILVERM. Conf >= 7.8 and Position is Closed.[0m
2026-02-10 19:50:32,095 - ERROR - [31mFailed to execute commodity BULLISH strategy for SILVERM[0m
2026-02-10 19:50:32,666 - INFO - Strategy Validation - Win Rate: 18.2%, Profit Factor: 3518.87
2026-02-10 19:50:35,155 - INFO - ALERT SENT: SILVERMIC NEW SIGNAL
2026-02-10 19:50:35,156 - INFO - [35mExecution Triggered for SILVERMIC. Conf >= 7.8 and Position is Closed.[0m
2026-02-10 19:50:35,156 - ERROR - [31mFailed to execute commodity BULLISH strategy for SILVERMIC[0m
2026-02-10 19:51:09,652 - WARNING - [33m❌ Ignoring switch to GOLDMINI_PINE for COMMODITY instance. Staying on GOLDMINI_PINE.[0m
2026-02-10 19:51:09,654 - INFO - ⚙️ Commodity scan list prepared: 7 symbols (tokens available for 7)
2026-02-10 19:51:09,654 - WARNING - Nifty data missing for regime assessment. Defaulting to HIGH_CONVICTION.
2026-02-10 19:51:16,739 - INFO - Indicators GOLDM: price 156808.00, vol 5.00, atr% 0.13, rc 0.93
2026-02-10 19:51:16,741 - INFO - Indicators GOLDMINI: price 156808.00, vol 5.00, atr% 0.13, rc 0.93
2026-02-10 19:51:16,743 - INFO - Indicators SILVER: price 261365.00, vol 5.00, atr% 0.26, rc 0.96
2026-02-10 19:51:16,744 - INFO - Indicators SILVERM: price 269256.00, vol 5.00, atr% 0.32, rc 0.90
2026-02-10 19:51:16,747 - INFO - Indicators SILVERMIC: price 269353.00, vol 5.00, atr% 0.33, rc 0.91
2026-02-10 19:51:16,748 - INFO - Indicators CRUDEOILM: price 5858.00, vol 5.00, atr% 0.19, rc 0.58
2026-02-10 19:51:16,762 - INFO - Indicators CRUDEOILMINI: price 5858.00, vol 5.00, atr% 0.19, rc 0.58
2026-02-10 19:51:17,888 - INFO - Strategy Validation - Win Rate: 18.2%, Profit Factor: 3518.87
2026-02-10 19:51:26,034 - INFO - ALERT SENT: SILVER NEW SIGNAL
2026-02-10 19:51:26,035 - INFO - [35mExecution Triggered for SILVER. Conf >= 7.8 and Position is Closed.[0m
2026-02-10 19:51:26,035 - ERROR - [31mFailed to execute commodity BULLISH strategy for SILVER[0m
2026-02-10 19:51:26,868 - INFO - Strategy Validation - Win Rate: 18.2%, Profit Factor: 3518.87
2026-02-10 19:51:29,012 - INFO - ALERT SENT: SILVERM NEW SIGNAL
2026-02-10 19:51:29,013 - INFO - [35mExecution Triggered for SILVERM. Conf >= 7.8 and Position is Closed.[0m
2026-02-10 19:51:29,013 - ERROR - [31mFailed to execute commodity BULLISH strategy for SILVERM[0m
2026-02-10 19:51:29,128 - INFO - Strategy Validation - Win Rate: 18.2%, Profit Factor: 3518.87
2026-02-10 19:51:31,310 - INFO - ALERT SENT: SILVERMIC NEW SIGNAL
2026-02-10 19:51:31,312 - INFO - [35mExecution Triggered for SILVERMIC. Conf >= 7.8 and Position is Closed.[0m
2026-02-10 19:51:31,312 - ERROR - [31mFailed to execute commodity BULLISH strategy for SILVERMIC[0m
2026-02-10 19:52:05,771 - WARNING - [33m❌ Ignoring switch to GOLDMINI_PINE for COMMODITY instance. Staying on GOLDMINI_PINE.[0m
2026-02-10 19:52:05,773 - INFO - ⚙️ Commodity scan list prepared: 7 symbols (tokens available for 7)
2026-02-10 19:52:05,773 - WARNING - Nifty data missing for regime assessment. Defaulting to HIGH_CONVICTION.
2026-02-10 19:52:12,724 - INFO - Indicators GOLDM: price 156755.00, vol 5.00, atr% 0.13, rc 0.70
2026-02-10 19:52:12,733 - INFO - Indicators GOLDMINI: price 156755.00, vol 5.00, atr% 0.13, rc 0.70
2026-02-10 19:52:12,742 - INFO - Indicators SILVER: price 261294.00, vol 5.00, atr% 0.26, rc 0.73
2026-02-10 19:52:12,745 - INFO - Indicators SILVERM: price 268912.00, vol 5.00, atr% 0.32, rc 0.68
2026-02-10 19:52:12,747 - INFO - Indicators SILVERMIC: price 268873.00, vol 5.00, atr% 0.35, rc 0.65
2026-02-10 19:52:12,749 - INFO - Indicators CRUDEOILM: price 5857.00, vol 5.00, atr% 0.18, rc 0.55
2026-02-10 19:52:12,753 - INFO - Indicators CRUDEOILMINI: price 5857.00, vol 5.00, atr% 0.18, rc 0.55
2026-02-10 19:52:47,328 - WARNING - [33m❌ Ignoring switch to GOLDMINI_PINE for COMMODITY instance. Staying on GOLDMINI_PINE.[0m
2026-02-10 19:52:47,330 - INFO - ⚙️ Commodity scan list prepared: 7 symbols (tokens available for 7)
2026-02-10 19:52:47,331 - WARNING - Nifty data missing for regime assessment. Defaulting to HIGH_CONVICTION.
2026-02-10 19:52:54,595 - INFO - Indicators GOLDM: price 156792.00, vol 5.00, atr% 0.14, rc 0.59
2026-02-10 19:52:54,605 - INFO - Indicators GOLDMINI: price 156792.00, vol 5.00, atr% 0.14, rc 0.59
2026-02-10 19:52:54,607 - INFO - Indicators SILVER: price 261038.00, vol 5.00, atr% 0.25, rc 0.57
2026-02-10 19:52:54,610 - INFO - Indicators SILVERM: price 268705.00, vol 5.00, atr% 0.33, rc 0.63
2026-02-10 19:52:54,613 - INFO - Indicators SILVERMIC: price 268835.00, vol 5.00, atr% 0.35, rc 0.58
2026-02-10 19:52:54,616 - INFO - Indicators CRUDEOILM: price 5858.00, vol 5.00, atr% 0.18, rc 0.58
2026-02-10 19:52:54,618 - INFO - Indicators CRUDEOILMINI: price 5858.00, vol 5.00, atr% 0.18, rc 0.58
2026-02-10 19:53:29,085 - WARNING - [33m❌ Ignoring switch to GOLDMINI_PINE for COMMODITY instance. Staying on GOLDMINI_PINE.[0m
2026-02-10 19:53:29,086 - INFO - ⚙️ Commodity scan list prepared: 7 symbols (tokens available for 7)
2026-02-10 19:53:29,086 - WARNING - Nifty data missing for regime assessment. Defaulting to HIGH_CONVICTION.
2026-02-10 19:53:36,738 - INFO - Indicators GOLDM: price 156807.00, vol 5.00, atr% 0.14, rc 0.57
2026-02-10 19:53:36,742 - INFO - Indicators GOLDMINI: price 156807.00, vol 5.00, atr% 0.14, rc 0.57
2026-02-10 19:53:36,745 - INFO - Indicators SILVER: price 261250.00, vol 5.00, atr% 0.24, rc 0.52
2026-02-10 19:53:36,747 - INFO - Indicators SILVERM: price 268899.00, vol 5.00, atr% 0.34, rc 0.50
2026-02-10 19:53:36,749 - INFO - Indicators SILVERMIC: price 268950.00, vol 5.00, atr% 0.36, rc 0.50
2026-02-10 19:53:36,751 - INFO - Indicators CRUDEOILM: price 5859.00, vol 5.00, atr% 0.18, rc 0.55
2026-02-10 19:53:36,753 - INFO - Indicators CRUDEOILMINI: price 5859.00, vol 5.00, atr% 0.18, rc 0.55
2026-02-10 19:53:57,909 - WARNING - [33m❌ Ignoring switch to GOLDMINI_PINE for COMMODITY instance. Staying on GOLDMINI_PINE.[0m
2026-02-10 19:53:57,910 - INFO - ⚙️ Commodity scan list prepared: 7 symbols (tokens available for 7)
2026-02-10 19:53:57,910 - WARNING - Nifty data missing for regime assessment. Defaulting to HIGH_CONVICTION.
2026-02-10 19:54:04,993 - INFO - Indicators GOLDM: price 156781.00, vol 5.00, atr% 0.14, rc 0.59
2026-02-10 19:54:05,000 - INFO - Indicators GOLDMINI: price 156781.00, vol 5.00, atr% 0.14, rc 0.59
2026-02-10 19:54:05,006 - INFO - Indicators SILVER: price 261135.00, vol 5.00, atr% 0.24, rc 0.60
2026-02-10 19:54:05,009 - INFO - Indicators SILVERM: price 268948.00, vol 5.00, atr% 0.33, rc 0.55
2026-02-10 19:54:05,016 - INFO - Indicators SILVERMIC: price 268985.00, vol 5.00, atr% 0.35, rc 0.53
2026-02-10 19:54:05,019 - INFO - Indicators CRUDEOILM: price 5859.00, vol 5.00, atr% 0.19, rc 0.55
2026-02-10 19:54:05,021 - INFO - Indicators CRUDEOILMINI: price 5859.00, vol 5.00, atr% 0.19, rc 0.55
2026-02-10 19:54:10,529 - WARNING - [33m❌ Ignoring switch to GOLDMINI_PINE for COMMODITY instance. Staying on GOLDMINI_PINE.[0m
2026-02-10 19:54:10,530 - INFO - ⚙️ Commodity scan list prepared: 7 symbols (tokens available for 7)
2026-02-10 19:54:10,530 - WARNING - Nifty data missing for regime assessment. Defaulting to HIGH_CONVICTION.
2026-02-10 19:54:17,266 - INFO - Indicators GOLDM: price 156769.00, vol 5.00, atr% 0.14, rc 0.50
2026-02-10 19:54:17,283 - INFO - Indicators GOLDMINI: price 156769.00, vol 5.00, atr% 0.14, rc 0.50
2026-02-10 19:54:17,288 - INFO - Indicators SILVER: price 261135.00, vol 5.00, atr% 0.25, rc 0.69
2026-02-10 19:54:17,294 - INFO - Indicators SILVERM: price 268887.00, vol 5.00, atr% 0.33, rc 0.61
2026-02-10 19:54:17,297 - INFO - Indicators SILVERMIC: price 268872.00, vol 5.00, atr% 0.35, rc 0.63
2026-02-10 19:54:17,300 - INFO - Indicators CRUDEOILM: price 5857.00, vol 5.00, atr% 0.19, rc 0.55
2026-02-10 19:54:17,302 - INFO - Indicators CRUDEOILMINI: price 5857.00, vol 5.00, atr% 0.19, rc 0.55
2026-02-10 19:54:51,681 - WARNING - [33m❌ Ignoring switch to GOLDMINI_PINE for COMMODITY instance. Staying on GOLDMINI_PINE.[0m
2026-02-10 19:54:51,683 - INFO - ⚙️ Commodity scan list prepared: 7 symbols (tokens available for 7)
2026-02-10 19:54:51,683 - WARNING - Nifty data missing for regime assessment. Defaulting to HIGH_CONVICTION.
2026-02-10 19:54:59,045 - INFO - Indicators GOLDM: price 156700.00, vol 5.00, atr% 0.13, rc 0.54
2026-02-10 19:54:59,050 - INFO - Indicators GOLDMINI: price 156700.00, vol 5.00, atr% 0.13, rc 0.54
2026-02-10 19:54:59,054 - INFO - Indicators SILVER: price 261250.00, vol 5.00, atr% 0.24, rc 0.57
2026-02-10 19:54:59,057 - INFO - Indicators SILVERM: price 268830.00, vol 5.00, atr% 0.34, rc 0.62
2026-02-10 19:54:59,060 - INFO - Indicators SILVERMIC: price 268874.00, vol 5.00, atr% 0.36, rc 0.61
2026-02-10 19:54:59,063 - INFO - Indicators CRUDEOILM: price 5858.00, vol 5.00, atr% 0.18, rc 0.61
2026-02-10 19:54:59,066 - INFO - Indicators CRUDEOILMINI: price 5858.00, vol 5.00, atr% 0.18, rc 0.61
2026-02-10 19:55:33,570 - WARNING - [33m❌ Ignoring switch to GOLDMINI_PINE for COMMODITY instance. Staying on GOLDMINI_PINE.[0m
2026-02-10 19:55:33,573 - INFO - ⚙️ Commodity scan list prepared: 7 symbols (tokens available for 7)
2026-02-10 19:55:33,573 - WARNING - Nifty data missing for regime assessment. Defaulting to HIGH_CONVICTION.
2026-02-10 19:55:40,801 - INFO - Indicators GOLDM: price 156711.00, vol 5.00, atr% 0.14, rc 0.62
2026-02-10 19:55:40,803 - INFO - Indicators GOLDMINI: price 156711.00, vol 5.00, atr% 0.14, rc 0.62
2026-02-10 19:55:40,806 - INFO - Indicators SILVER: price 261250.00, vol 5.00, atr% 0.26, rc 0.63
2026-02-10 19:55:40,809 - INFO - Indicators SILVERM: price 268946.00, vol 5.00, atr% 0.34, rc 0.63
2026-02-10 19:55:40,812 - INFO - Indicators SILVERMIC: price 268874.00, vol 5.00, atr% 0.35, rc 0.63
2026-02-10 19:55:40,815 - INFO - Indicators CRUDEOILM: price 5855.00, vol 5.00, atr% 0.18, rc 0.72
2026-02-10 19:55:40,818 - INFO - Indicators CRUDEOILMINI: price 5855.00, vol 5.00, atr% 0.18, rc 0.72
2026-02-10 19:56:15,196 - WARNING - [33m❌ Ignoring switch to GOLDMINI_PINE for COMMODITY instance. Staying on GOLDMINI_PINE.[0m
2026-02-10 19:56:15,197 - INFO - ⚙️ Commodity scan list prepared: 7 symbols (tokens available for 7)
2026-02-10 19:56:15,197 - WARNING - Nifty data missing for regime assessment. Defaulting to HIGH_CONVICTION.
2026-02-10 19:56:22,628 - INFO - Indicators GOLDM: price 156725.00, vol 5.00, atr% 0.14, rc 0.58
2026-02-10 19:56:22,633 - INFO - Indicators GOLDMINI: price 156725.00, vol 5.00, atr% 0.14, rc 0.58
2026-02-10 19:56:22,637 - INFO - Indicators SILVER: price 261382.00, vol 5.00, atr% 0.25, rc 0.55
2026-02-10 19:56:22,640 - INFO - Indicators SILVERM: price 269089.00, vol 5.00, atr% 0.31, rc 0.51
2026-02-10 19:56:22,643 - INFO - Indicators SILVERMIC: price 269050.00, vol 5.00, atr% 0.33, rc 0.51
2026-02-10 19:56:22,646 - INFO - Indicators CRUDEOILM: price 5855.00, vol 5.00, atr% 0.18, rc 0.58
2026-02-10 19:56:22,649 - INFO - Indicators CRUDEOILMINI: price 5855.00, vol 5.00, atr% 0.18, rc 0.58
2026-02-10 19:56:57,068 - WARNING - [33m❌ Ignoring switch to GOLDMINI_PINE for COMMODITY instance. Staying on GOLDMINI_PINE.[0m
2026-02-10 19:56:57,069 - INFO - ⚙️ Commodity scan list prepared: 7 symbols (tokens available for 7)
2026-02-10 19:56:57,069 - WARNING - Nifty data missing for regime assessment. Defaulting to HIGH_CONVICTION.
2026-02-10 19:57:04,290 - INFO - Indicators GOLDM: price 156719.00, vol 5.00, atr% 0.13, rc 0.58
2026-02-10 19:57:04,293 - INFO - Indicators GOLDMINI: price 156719.00, vol 5.00, atr% 0.13, rc 0.58
2026-02-10 19:57:04,295 - INFO - Indicators SILVER: price 261400.00, vol 5.00, atr% 0.27, rc 0.54
2026-02-10 19:57:04,297 - INFO - Indicators SILVERM: price 269055.00, vol 5.00, atr% 0.32, rc 0.55
2026-02-10 19:57:04,299 - INFO - Indicators SILVERMIC: price 269198.00, vol 5.00, atr% 0.34, rc 0.57
2026-02-10 19:57:04,301 - INFO - Indicators CRUDEOILM: price 5854.00, vol 5.00, atr% 0.18, rc 0.55
2026-02-10 19:57:04,303 - INFO - Indicators CRUDEOILMINI: price 5854.00, vol 5.00, atr% 0.18, rc 0.55
2026-02-10 19:57:38,796 - WARNING - [33m❌ Ignoring switch to GOLDMINI_PINE for COMMODITY instance. Staying on GOLDMINI_PINE.[0m
2026-02-10 19:57:38,796 - INFO - ⚙️ Commodity scan list prepared: 7 symbols (tokens available for 7)
2026-02-10 19:57:38,797 - WARNING - Nifty data missing for regime assessment. Defaulting to HIGH_CONVICTION.
2026-02-10 19:57:45,780 - INFO - Indicators GOLDM: price 156665.00, vol 5.00, atr% 0.14, rc 0.67
2026-02-10 19:57:45,783 - INFO - Indicators GOLDMINI: price 156665.00, vol 5.00, atr% 0.14, rc 0.67
2026-02-10 19:57:45,784 - INFO - Indicators SILVER: price 261450.00, vol 5.00, atr% 0.26, rc 0.68
2026-02-10 19:57:45,789 - INFO - Indicators SILVERM: price 269000.00, vol 5.00, atr% 0.33, rc 0.56
2026-02-10 19:57:45,791 - INFO - Indicators SILVERMIC: price 269085.00, vol 5.00, atr% 0.35, rc 0.57
2026-02-10 19:57:45,796 - INFO - Indicators CRUDEOILM: price 5849.00, vol 5.00, atr% 0.18, rc 0.81
2026-02-10 19:57:45,800 - INFO - Indicators CRUDEOILMINI: price 5849.00, vol 5.00, atr% 0.18, rc 0.81
2026-02-10 19:58:20,311 - WARNING - [33m❌ Ignoring switch to GOLDMINI_PINE for COMMODITY instance. Staying on GOLDMINI_PINE.[0m
2026-02-10 19:58:20,315 - INFO - ⚙️ Commodity scan list prepared: 7 symbols (tokens available for 7)
2026-02-10 19:58:20,318 - WARNING - Nifty data missing for regime assessment. Defaulting to HIGH_CONVICTION.
2026-02-10 19:58:27,190 - INFO - Indicators GOLDM: price 156727.00, vol 5.00, atr% 0.14, rc 0.58
2026-02-10 19:58:27,197 - INFO - Indicators GOLDMINI: price 156727.00, vol 5.00, atr% 0.14, rc 0.58
2026-02-10 19:58:27,203 - INFO - Indicators SILVER: price 261092.00, vol 5.00, atr% 0.24, rc 0.57
2026-02-10 19:58:27,208 - INFO - Indicators SILVERM: price 269001.00, vol 5.00, atr% 0.34, rc 0.51
2026-02-10 19:58:27,211 - INFO - Indicators SILVERMIC: price 268915.00, vol 5.00, atr% 0.35, rc 0.52
2026-02-10 19:58:27,214 - INFO - Indicators CRUDEOILM: price 5851.00, vol 5.00, atr% 0.17, rc 0.67
2026-02-10 19:58:27,219 - INFO - Indicators CRUDEOILMINI: price 5851.00, vol 5.00, atr% 0.17, rc 0.67
2026-02-10 19:59:01,711 - WARNING - [33m❌ Ignoring switch to GOLDMINI_PINE for COMMODITY instance. Staying on GOLDMINI_PINE.[0m
2026-02-10 19:59:01,714 - INFO - ⚙️ Commodity scan list prepared: 7 symbols (tokens available for 7)
2026-02-10 19:59:01,714 - WARNING - Nifty data missing for regime assessment. Defaulting to HIGH_CONVICTION.
2026-02-10 19:59:08,985 - INFO - Indicators GOLDM: price 156705.00, vol 5.00, atr% 0.14, rc 0.59
2026-02-10 19:59:08,988 - INFO - Indicators GOLDMINI: price 156705.00, vol 5.00, atr% 0.14, rc 0.59
2026-02-10 19:59:08,993 - INFO - Indicators SILVER: price 261067.00, vol 5.00, atr% 0.25, rc 0.53
2026-02-10 19:59:08,997 - INFO - Indicators SILVERM: price 269000.00, vol 5.00, atr% 0.33, rc 0.50
2026-02-10 19:59:09,003 - INFO - Indicators SILVERMIC: price 268924.00, vol 5.00, atr% 0.35, rc 0.51
2026-02-10 19:59:09,019 - INFO - Indicators CRUDEOILM: price 5850.00, vol 5.00, atr% 0.18, rc 0.75
2026-02-10 19:59:09,026 - INFO - Indicators CRUDEOILMINI: price 5850.00, vol 5.00, atr% 0.18, rc 0.75
2026-02-10 19:59:43,568 - WARNING - [33m❌ Ignoring switch to GOLDMINI_PINE for COMMODITY instance. Staying on GOLDMINI_PINE.[0m
2026-02-10 19:59:43,571 - INFO - ⚙️ Commodity scan list prepared: 7 symbols (tokens available for 7)
2026-02-10 19:59:43,572 - WARNING - Nifty data missing for regime assessment. Defaulting to HIGH_CONVICTION.
2026-02-10 19:59:50,613 - INFO - Indicators GOLDM: price 156700.00, vol 5.00, atr% 0.13, rc 0.49
2026-02-10 19:59:50,627 - INFO - Indicators GOLDMINI: price 156700.00, vol 5.00, atr% 0.13, rc 0.49
2026-02-10 19:59:50,645 - INFO - Indicators SILVER: price 261380.00, vol 5.00, atr% 0.25, rc 0.56
2026-02-10 19:59:50,655 - INFO - Indicators SILVERM: price 269200.00, vol 5.00, atr% 0.34, rc 0.60
2026-02-10 19:59:50,657 - INFO - Indicators SILVERMIC: price 269179.00, vol 5.00, atr% 0.35, rc 0.59
2026-02-10 19:59:50,659 - INFO - Indicators CRUDEOILM: price 5853.00, vol 5.00, atr% 0.18, rc 0.61
2026-02-10 19:59:50,661 - INFO - Indicators CRUDEOILMINI: price 5853.00, vol 5.00, atr% 0.18, rc 0.61
2026-02-10 20:00:25,280 - WARNING - [33m❌ Ignoring switch to GOLDMINI_PINE for COMMODITY instance. Staying on GOLDMINI_PINE.[0m
2026-02-10 20:00:25,281 - INFO - ⚙️ Commodity scan list prepared: 7 symbols (tokens available for 7)
2026-02-10 20:00:25,281 - WARNING - Nifty data missing for regime assessment. Defaulting to HIGH_CONVICTION.
2026-02-10 20:00:32,952 - INFO - Indicators GOLDM: price 156838.00, vol 5.00, atr% 0.14, rc 0.67
2026-02-10 20:00:32,956 - INFO - Indicators GOLDMINI: price 156838.00, vol 5.00, atr% 0.14, rc 0.67
2026-02-10 20:00:32,959 - INFO - Indicators SILVER: price 261487.00, vol 5.00, atr% 0.26, rc 0.71
2026-02-10 20:00:32,962 - INFO - Indicators SILVERM: price 269292.00, vol 5.00, atr% 0.33, rc 0.66
2026-02-10 20:00:32,964 - INFO - Indicators SILVERMIC: price 269428.00, vol 5.00, atr% 0.35, rc 0.66
2026-02-10 20:00:32,966 - INFO - Indicators CRUDEOILM: price 5850.00, vol 5.00, atr% 0.18, rc 0.66
2026-02-10 20:00:32,968 - INFO - Indicators CRUDEOILMINI: price 5850.00, vol 5.00, atr% 0.18, rc 0.66
2026-02-10 20:01:07,442 - WARNING - [33m❌ Ignoring switch to GOLDMINI_PINE for COMMODITY instance. Staying on GOLDMINI_PINE.[0m
2026-02-10 20:01:07,445 - INFO - ⚙️ Commodity scan list prepared: 7 symbols (tokens available for 7)
2026-02-10 20:01:07,445 - WARNING - Nifty data missing for regime assessment. Defaulting to HIGH_CONVICTION.
2026-02-10 20:01:14,577 - INFO - Indicators GOLDM: price 156851.00, vol 5.00, atr% 0.14, rc 0.67
2026-02-10 20:01:14,579 - INFO - Indicators GOLDMINI: price 156851.00, vol 5.00, atr% 0.14, rc 0.67
2026-02-10 20:01:14,582 - INFO - Indicators SILVER: price 262075.00, vol 5.00, atr% 0.27, rc 0.79
2026-02-10 20:01:14,587 - INFO - Indicators SILVERM: price 269753.00, vol 5.00, atr% 0.32, rc 0.74
2026-02-10 20:01:14,597 - INFO - Indicators SILVERMIC: price 269865.00, vol 5.00, atr% 0.34, rc 0.74
2026-02-10 20:01:14,608 - INFO - Indicators CRUDEOILM: price 5850.00, vol 5.00, atr% 0.18, rc 0.61
2026-02-10 20:01:14,621 - INFO - Indicators CRUDEOILMINI: price 5850.00, vol 5.00, atr% 0.18, rc 0.61
2026-02-10 20:01:49,092 - WARNING - [33m❌ Ignoring switch to GOLDMINI_PINE for COMMODITY instance. Staying on GOLDMINI_PINE.[0m
2026-02-10 20:01:49,093 - INFO - ⚙️ Commodity scan list prepared: 7 symbols (tokens available for 7)
2026-02-10 20:01:49,093 - WARNING - Nifty data missing for regime assessment. Defaulting to HIGH_CONVICTION.
2026-02-10 20:01:56,205 - INFO - Indicators GOLDM: price 156949.00, vol 5.00, atr% 0.14, rc 0.81
2026-02-10 20:01:56,220 - INFO - Indicators GOLDMINI: price 156949.00, vol 5.00, atr% 0.14, rc 0.81
2026-02-10 20:01:56,222 - INFO - Indicators SILVER: price 262844.00, vol 5.00, atr% 0.31, rc 1.00
2026-02-10 20:01:56,235 - INFO - Indicators SILVERM: price 270416.00, vol 5.00, atr% 0.34, rc 0.89
2026-02-10 20:01:56,239 - INFO - Indicators SILVERMIC: price 270304.00, vol 5.00, atr% 0.37, rc 0.84
2026-02-10 20:01:56,241 - INFO - Indicators CRUDEOILM: price 5846.00, vol 5.00, atr% 0.18, rc 0.72
2026-02-10 20:01:56,254 - INFO - Indicators CRUDEOILMINI: price 5846.00, vol 5.00, atr% 0.18, rc 0.72
2026-02-10 20:02:30,750 - WARNING - [33m❌ Ignoring switch to GOLDMINI_PINE for COMMODITY instance. Staying on GOLDMINI_PINE.[0m
2026-02-10 20:02:30,751 - INFO - ⚙️ Commodity scan list prepared: 7 symbols (tokens available for 7)
2026-02-10 20:02:30,751 - WARNING - Nifty data missing for regime assessment. Defaulting to HIGH_CONVICTION.
2026-02-10 20:02:37,936 - INFO - Indicators GOLDM: price 156848.00, vol 5.00, atr% 0.14, rc 0.64
2026-02-10 20:02:37,939 - INFO - Indicators GOLDMINI: price 156848.00, vol 5.00, atr% 0.14, rc 0.64
2026-02-10 20:02:37,942 - INFO - Indicators SILVER: price 262773.00, vol 5.00, atr% 0.31, rc 0.99
2026-02-10 20:02:37,947 - INFO - Indicators SILVERM: price 270323.00, vol 5.00, atr% 0.34, rc 0.82
2026-02-10 20:02:37,963 - INFO - Indicators SILVERMIC: price 270183.00, vol 5.00, atr% 0.36, rc 0.81
2026-02-10 20:02:37,971 - INFO - Indicators CRUDEOILM: price 5844.00, vol 5.00, atr% 0.18, rc 0.76
2026-02-10 20:02:37,974 - INFO - Indicators CRUDEOILMINI: price 5844.00, vol 5.00, atr% 0.18, rc 0.76
2026-02-10 20:03:12,359 - WARNING - [33m❌ Ignoring switch to GOLDMINI_PINE for COMMODITY instance. Staying on GOLDMINI_PINE.[0m
2026-02-10 20:03:12,361 - INFO - ⚙️ Commodity scan list prepared: 7 symbols (tokens available for 7)
2026-02-10 20:03:12,361 - WARNING - Nifty data missing for regime assessment. Defaulting to HIGH_CONVICTION.
2026-02-10 20:03:19,348 - INFO - Indicators GOLDM: price 156950.00, vol 5.00, atr% 0.15, rc 0.82
2026-02-10 20:03:19,351 - INFO - Indicators GOLDMINI: price 156950.00, vol 5.00, atr% 0.15, rc 0.82
2026-02-10 20:03:19,354 - INFO - Indicators SILVER: price 262962.00, vol 5.00, atr% 0.29, rc 1.00
2026-02-10 20:03:19,357 - INFO - Indicators SILVERM: price 270730.00, vol 5.00, atr% 0.36, rc 1.00
2026-02-10 20:03:19,360 - INFO - Indicators SILVERMIC: price 270713.00, vol 5.00, atr% 0.38, rc 1.00
2026-02-10 20:03:19,366 - INFO - Indicators CRUDEOILM: price 5841.00, vol 5.00, atr% 0.18, rc 0.78
2026-02-10 20:03:19,371 - INFO - Indicators CRUDEOILMINI: price 5841.00, vol 5.00, atr% 0.18, rc 0.78
2026-02-10 20:03:53,906 - WARNING - [33m❌ Ignoring switch to GOLDMINI_PINE for COMMODITY instance. Staying on GOLDMINI_PINE.[0m
2026-02-10 20:03:53,907 - INFO - ⚙️ Commodity scan list prepared: 7 symbols (tokens available for 7)
2026-02-10 20:03:53,907 - WARNING - Nifty data missing for regime assessment. Defaulting to HIGH_CONVICTION.
2026-02-10 20:04:01,286 - INFO - Indicators GOLDM: price 156898.00, vol 5.00, atr% 0.14, rc 0.75
2026-02-10 20:04:01,291 - INFO - Indicators GOLDMINI: price 156898.00, vol 5.00, atr% 0.14, rc 0.75
2026-02-10 20:04:01,294 - INFO - Indicators SILVER: price 262866.00, vol 5.00, atr% 0.30, rc 1.00
2026-02-10 20:04:01,297 - INFO - Indicators SILVERM: price 270466.00, vol 5.00, atr% 0.36, rc 0.96
2026-02-10 20:04:01,299 - INFO - Indicators SILVERMIC: price 270574.00, vol 5.00, atr% 0.38, rc 1.00
2026-02-10 20:04:01,302 - INFO - Indicators CRUDEOILM: price 5842.00, vol 5.00, atr% 0.19, rc 0.74
2026-02-10 20:04:01,304 - INFO - Indicators CRUDEOILMINI: price 5842.00, vol 5.00, atr% 0.19, rc 0.74
2026-02-10 20:04:10,697 - WARNING - [33m❌ Ignoring switch to GOLDMINI_PINE for COMMODITY instance. Staying on GOLDMINI_PINE.[0m
2026-02-10 20:04:10,697 - INFO - ⚙️ Commodity scan list prepared: 7 symbols (tokens available for 7)
2026-02-10 20:04:10,699 - WARNING - Nifty data missing for regime assessment. Defaulting to HIGH_CONVICTION.
2026-02-10 20:04:18,111 - INFO - Indicators GOLDM: price 156904.00, vol 5.00, atr% 0.14, rc 0.73
2026-02-10 20:04:18,113 - INFO - Indicators GOLDMINI: price 156904.00, vol 5.00, atr% 0.14, rc 0.73
2026-02-10 20:04:18,115 - INFO - Indicators SILVER: price 263000.00, vol 5.00, atr% 0.30, rc 1.00
2026-02-10 20:04:18,116 - INFO - Indicators SILVERM: price 271043.00, vol 5.00, atr% 0.36, rc 1.00
2026-02-10 20:04:18,118 - INFO - Indicators SILVERMIC: price 270978.00, vol 5.00, atr% 0.38, rc 1.00
2026-02-10 20:04:18,119 - INFO - Indicators CRUDEOILM: price 5838.00, vol 5.00, atr% 0.20, rc 0.84
2026-02-10 20:04:18,121 - INFO - Indicators CRUDEOILMINI: price 5838.00, vol 5.00, atr% 0.20, rc 0.84
2026-02-10 20:04:23,560 - WARNING - [33m❌ Ignoring switch to GOLDMINI_PINE for COMMODITY instance. Staying on GOLDMINI_PINE.[0m
2026-02-10 20:04:23,562 - INFO - ⚙️ Commodity scan list prepared: 7 symbols (tokens available for 7)
2026-02-10 20:04:23,563 - WARNING - Nifty data missing for regime assessment. Defaulting to HIGH_CONVICTION.
2026-02-10 20:04:30,549 - INFO - Indicators GOLDM: price 156950.00, vol 5.00, atr% 0.13, rc 0.80
2026-02-10 20:04:30,597 - INFO - Indicators GOLDMINI: price 156950.00, vol 5.00, atr% 0.13, rc 0.80
2026-02-10 20:04:30,603 - INFO - Indicators SILVER: price 263150.00, vol 5.00, atr% 0.30, rc 1.00
2026-02-10 20:04:30,606 - INFO - Indicators SILVERM: price 270847.00, vol 5.00, atr% 0.36, rc 1.00
2026-02-10 20:04:30,609 - INFO - Indicators SILVERMIC: price 270984.00, vol 5.00, atr% 0.38, rc 1.00
2026-02-10 20:04:30,618 - INFO - Indicators CRUDEOILM: price 5841.00, vol 5.00, atr% 0.19, rc 0.79
2026-02-10 20:04:30,625 - INFO - Indicators CRUDEOILMINI: price 5841.00, vol 5.00, atr% 0.19, rc 0.79
2026-02-10 20:05:04,988 - WARNING - [33m❌ Ignoring switch to GOLDMINI_PINE for COMMODITY instance. Staying on GOLDMINI_PINE.[0m
2026-02-10 20:05:04,989 - INFO - ⚙️ Commodity scan list prepared: 7 symbols (tokens available for 7)
2026-02-10 20:05:04,989 - WARNING - Nifty data missing for regime assessment. Defaulting to HIGH_CONVICTION.
2026-02-10 20:05:11,921 - INFO - Indicators GOLDM: price 156930.00, vol 5.00, atr% 0.13, rc 0.77
2026-02-10 20:05:11,924 - INFO - Indicators GOLDMINI: price 156930.00, vol 5.00, atr% 0.13, rc 0.77
2026-02-10 20:05:11,926 - INFO - Indicators SILVER: price 263754.00, vol 5.00, atr% 0.32, rc 1.00
2026-02-10 20:05:11,929 - INFO - Indicators SILVERM: price 271095.00, vol 5.00, atr% 0.38, rc 1.00
2026-02-10 20:05:11,933 - INFO - Indicators SILVERMIC: price 271066.00, vol 5.00, atr% 0.39, rc 1.00
2026-02-10 20:05:11,937 - INFO - Indicators CRUDEOILM: price 5841.00, vol 5.00, atr% 0.19, rc 0.79
2026-02-10 20:05:11,939 - INFO - Indicators CRUDEOILMINI: price 5841.00, vol 5.00, atr% 0.19, rc 0.79
2026-02-10 20:05:46,433 - WARNING - [33m❌ Ignoring switch to GOLDMINI_PINE for COMMODITY instance. Staying on GOLDMINI_PINE.[0m
2026-02-10 20:05:46,435 - INFO - ⚙️ Commodity scan list prepared: 7 symbols (tokens available for 7)
2026-02-10 20:05:46,436 - WARNING - Nifty data missing for regime assessment. Defaulting to HIGH_CONVICTION.
2026-02-10 20:05:53,299 - INFO - Indicators GOLDM: price 156869.00, vol 5.00, atr% 0.13, rc 0.50
2026-02-10 20:05:53,302 - INFO - Indicators GOLDMINI: price 156869.00, vol 5.00, atr% 0.13, rc 0.50
2026-02-10 20:05:53,304 - INFO - Indicators SILVER: price 262982.00, vol 5.00, atr% 0.29, rc 0.96
2026-02-10 20:05:53,306 - INFO - Indicators SILVERM: price 270464.00, vol 5.00, atr% 0.34, rc 0.74
2026-02-10 20:05:53,308 - INFO - Indicators SILVERMIC: price 270556.00, vol 5.00, atr% 0.36, rc 0.75
2026-02-10 20:05:53,310 - INFO - Indicators CRUDEOILM: price 5841.00, vol 5.00, atr% 0.20, rc 0.81
2026-02-10 20:05:53,312 - INFO - Indicators CRUDEOILMINI: price 5841.00, vol 5.00, atr% 0.20, rc 0.81
2026-02-10 20:06:27,684 - WARNING - [33m❌ Ignoring switch to GOLDMINI_PINE for COMMODITY instance. Staying on GOLDMINI_PINE.[0m
2026-02-10 20:06:27,686 - INFO - ⚙️ Commodity scan list prepared: 7 symbols (tokens available for 7)
2026-02-10 20:06:27,686 - WARNING - Nifty data missing for regime assessment. Defaulting to HIGH_CONVICTION.
2026-02-10 20:06:34,818 - INFO - Indicators GOLDM: price 156770.00, vol 5.00, atr% 0.13, rc 0.78
2026-02-10 20:06:34,821 - INFO - Indicators GOLDMINI: price 156770.00, vol 5.00, atr% 0.13, rc 0.78
2026-02-10 20:06:34,824 - INFO - Indicators SILVER: price 262692.00, vol 5.00, atr% 0.28, rc 0.55
2026-02-10 20:06:34,828 - INFO - Indicators SILVERM: price 270441.00, vol 5.00, atr% 0.33, rc 0.56
2026-02-10 20:06:34,831 - INFO - Indicators SILVERMIC: price 270231.00, vol 5.00, atr% 0.35, rc 0.52
2026-02-10 20:06:34,834 - INFO - Indicators CRUDEOILM: price 5843.00, vol 5.00, atr% 0.19, rc 0.63
2026-02-10 20:06:34,838 - INFO - Indicators CRUDEOILMINI: price 5843.00, vol 5.00, atr% 0.19, rc 0.63
2026-02-10 20:07:09,242 - WARNING - [33m❌ Ignoring switch to GOLDMINI_PINE for COMMODITY instance. Staying on GOLDMINI_PINE.[0m
2026-02-10 20:07:09,243 - INFO - ⚙️ Commodity scan list prepared: 7 symbols (tokens available for 7)
2026-02-10 20:07:09,243 - WARNING - Nifty data missing for regime assessment. Defaulting to HIGH_CONVICTION.
2026-02-10 20:07:16,332 - INFO - Indicators GOLDM: price 156740.00, vol 5.00, atr% 0.13, rc 0.70
2026-02-10 20:07:16,335 - INFO - Indicators GOLDMINI: price 156740.00, vol 5.00, atr% 0.13, rc 0.70
2026-02-10 20:07:16,337 - INFO - Indicators SILVER: price 262700.00, vol 5.00, atr% 0.32, rc 0.79
2026-02-10 20:07:16,339 - INFO - Indicators SILVERM: price 270200.00, vol 5.00, atr% 0.33, rc 0.58
2026-02-10 20:07:16,341 - INFO - Indicators SILVERMIC: price 270070.00, vol 5.00, atr% 0.35, rc 0.52
2026-02-10 20:07:16,343 - INFO - Indicators CRUDEOILM: price 5843.00, vol 5.00, atr% 0.18, rc 0.55
2026-02-10 20:07:16,345 - INFO - Indicators CRUDEOILMINI: price 5843.00, vol 5.00, atr% 0.18, rc 0.55
2026-02-10 20:07:50,776 - WARNING - [33m❌ Ignoring switch to GOLDMINI_PINE for COMMODITY instance. Staying on GOLDMINI_PINE.[0m
2026-02-10 20:07:50,782 - INFO - ⚙️ Commodity scan list prepared: 7 symbols (tokens available for 7)
2026-02-10 20:07:50,783 - WARNING - Nifty data missing for regime assessment. Defaulting to HIGH_CONVICTION.
2026-02-10 20:07:58,006 - INFO - Indicators GOLDM: price 156638.00, vol 5.00, atr% 0.15, rc 0.89
2026-02-10 20:07:58,010 - INFO - Indicators GOLDMINI: price 156638.00, vol 5.00, atr% 0.15, rc 0.89
2026-02-10 20:07:58,015 - INFO - Indicators SILVER: price 262259.00, vol 5.00, atr% 0.31, rc 0.64
2026-02-10 20:07:58,019 - INFO - Indicators SILVERM: price 269762.00, vol 5.00, atr% 0.35, rc 0.63
2026-02-10 20:07:58,031 - INFO - Indicators SILVERMIC: price 269629.00, vol 5.00, atr% 0.38, rc 0.71
2026-02-10 20:07:58,036 - INFO - Indicators CRUDEOILM: price 5843.00, vol 5.00, atr% 0.18, rc 0.52
2026-02-10 20:07:58,045 - INFO - Indicators CRUDEOILMINI: price 5843.00, vol 5.00, atr% 0.18, rc 0.52
2026-02-10 20:08:32,482 - WARNING - [33m❌ Ignoring switch to GOLDMINI_PINE for COMMODITY instance. Staying on GOLDMINI_PINE.[0m
2026-02-10 20:08:32,482 - INFO - ⚙️ Commodity scan list prepared: 7 symbols (tokens available for 7)
2026-02-10 20:08:32,482 - WARNING - Nifty data missing for regime assessment. Defaulting to HIGH_CONVICTION.
2026-02-10 20:08:39,529 - INFO - Indicators GOLDM: price 156530.00, vol 5.00, atr% 0.15, rc 1.00
2026-02-10 20:08:39,532 - INFO - Indicators GOLDMINI: price 156530.00, vol 5.00, atr% 0.15, rc 1.00
2026-02-10 20:08:39,534 - INFO - Indicators SILVER: price 261546.00, vol 5.00, atr% 0.32, rc 1.00
2026-02-10 20:08:39,535 - INFO - Indicators SILVERM: price 269634.00, vol 5.00, atr% 0.38, rc 0.84
2026-02-10 20:08:39,538 - INFO - Indicators SILVERMIC: price 269654.00, vol 5.00, atr% 0.40, rc 0.81
2026-02-10 20:08:39,540 - INFO - Indicators CRUDEOILM: price 5844.00, vol 5.00, atr% 0.18, rc 0.58
2026-02-10 20:08:39,548 - INFO - Indicators CRUDEOILMINI: price 5844.00, vol 5.00, atr% 0.18, rc 0.58
2026-02-10 20:09:14,041 - WARNING - [33m❌ Ignoring switch to GOLDMINI_PINE for COMMODITY instance. Staying on GOLDMINI_PINE.[0m
2026-02-10 20:09:14,042 - INFO - ⚙️ Commodity scan list prepared: 7 symbols (tokens available for 7)
2026-02-10 20:09:14,042 - WARNING - Nifty data missing for regime assessment. Defaulting to HIGH_CONVICTION.
2026-02-10 20:09:21,338 - INFO - Indicators GOLDM: price 156587.00, vol 5.00, atr% 0.15, rc 0.96
2026-02-10 20:09:21,341 - INFO - Indicators GOLDMINI: price 156587.00, vol 5.00, atr% 0.15, rc 0.96
2026-02-10 20:09:21,343 - INFO - Indicators SILVER: price 261522.00, vol 5.00, atr% 0.34, rc 1.00
2026-02-10 20:09:21,346 - INFO - Indicators SILVERM: price 269443.00, vol 5.00, atr% 0.38, rc 0.97
2026-02-10 20:09:21,348 - INFO - Indicators SILVERMIC: price 269518.00, vol 5.00, atr% 0.40, rc 0.90
2026-02-10 20:09:21,351 - INFO - Indicators CRUDEOILM: price 5844.00, vol 5.00, atr% 0.20, rc 0.63
2026-02-10 20:09:21,357 - INFO - Indicators CRUDEOILMINI: price 5844.00, vol 5.00, atr% 0.20, rc 0.63
2026-02-10 20:09:55,800 - WARNING - [33m❌ Ignoring switch to GOLDMINI_PINE for COMMODITY instance. Staying on GOLDMINI_PINE.[0m
2026-02-10 20:09:55,801 - INFO - ⚙️ Commodity scan list prepared: 7 symbols (tokens available for 7)
2026-02-10 20:09:55,801 - WARNING - Nifty data missing for regime assessment. Defaulting to HIGH_CONVICTION.
2026-02-10 20:10:02,884 - INFO - Indicators GOLDM: price 156700.00, vol 5.00, atr% 0.14, rc 0.76
2026-02-10 20:10:02,887 - INFO - Indicators GOLDMINI: price 156700.00, vol 5.00, atr% 0.14, rc 0.76
2026-02-10 20:10:02,889 - INFO - Indicators SILVER: price 262200.00, vol 5.00, atr% 0.32, rc 0.85
2026-02-10 20:10:02,892 - INFO - Indicators SILVERM: price 269781.00, vol 5.00, atr% 0.39, rc 0.81
2026-02-10 20:10:02,894 - INFO - Indicators SILVERMIC: price 269717.00, vol 5.00, atr% 0.41, rc 0.84
2026-02-10 20:10:02,896 - INFO - Indicators CRUDEOILM: price 5842.00, vol 5.00, atr% 0.19, rc 0.60
2026-02-10 20:10:02,899 - INFO - Indicators CRUDEOILMINI: price 5842.00, vol 5.00, atr% 0.19, rc 0.60
2026-02-10 20:10:37,309 - WARNING - [33m❌ Ignoring switch to GOLDMINI_PINE for COMMODITY instance. Staying on GOLDMINI_PINE.[0m
2026-02-10 20:10:37,309 - INFO - ⚙️ Commodity scan list prepared: 7 symbols (tokens available for 7)
2026-02-10 20:10:37,309 - WARNING - Nifty data missing for regime assessment. Defaulting to HIGH_CONVICTION.
2026-02-10 20:10:44,520 - INFO - Indicators GOLDM: price 156691.00, vol 5.00, atr% 0.13, rc 0.75
2026-02-10 20:10:44,522 - INFO - Indicators GOLDMINI: price 156691.00, vol 5.00, atr% 0.13, rc 0.75
2026-02-10 20:10:44,529 - INFO - Indicators SILVER: price 261846.00, vol 5.00, atr% 0.31, rc 0.97
2026-02-10 20:10:44,530 - INFO - Indicators SILVERM: price 269826.00, vol 5.00, atr% 0.36, rc 0.78
2026-02-10 20:10:44,532 - INFO - Indicators SILVERMIC: price 269791.00, vol 5.00, atr% 0.36, rc 0.77
2026-02-10 20:10:44,534 - INFO - Indicators CRUDEOILM: price 5840.00, vol 5.00, atr% 0.19, rc 0.52
2026-02-10 20:10:44,536 - INFO - Indicators CRUDEOILMINI: price 5840.00, vol 5.00, atr% 0.19, rc 0.52
2026-02-10 20:11:18,893 - WARNING - [33m❌ Ignoring switch to GOLDMINI_PINE for COMMODITY instance. Staying on GOLDMINI_PINE.[0m
2026-02-10 20:11:18,894 - INFO - ⚙️ Commodity scan list prepared: 7 symbols (tokens available for 7)
2026-02-10 20:11:18,894 - WARNING - Nifty data missing for regime assessment. Defaulting to HIGH_CONVICTION.
2026-02-10 20:11:25,833 - INFO - Indicators GOLDM: price 156543.00, vol 5.00, atr% 0.13, rc 0.81
2026-02-10 20:11:25,838 - INFO - Indicators GOLDMINI: price 156543.00, vol 5.00, atr% 0.13, rc 0.81
2026-02-10 20:11:25,842 - INFO - Indicators SILVER: price 261074.00, vol 5.00, atr% 0.29, rc 1.00
2026-02-10 20:11:25,850 - INFO - Indicators SILVERM: price 269157.00, vol 5.00, atr% 0.33, rc 0.88
2026-02-10 20:11:25,853 - INFO - Indicators SILVERMIC: price 269205.00, vol 5.00, atr% 0.35, rc 0.83
2026-02-10 20:11:25,856 - INFO - Indicators CRUDEOILM: price 5837.00, vol 5.00, atr% 0.18, rc 0.61
2026-02-10 20:11:25,858 - INFO - Indicators CRUDEOILMINI: price 5837.00, vol 5.00, atr% 0.18, rc 0.61
2026-02-10 20:12:00,219 - WARNING - [33m❌ Ignoring switch to GOLDMINI_PINE for COMMODITY instance. Staying on GOLDMINI_PINE.[0m
2026-02-10 20:12:00,220 - INFO - ⚙️ Commodity scan list prepared: 7 symbols (tokens available for 7)
2026-02-10 20:12:00,221 - WARNING - Nifty data missing for regime assessment. Defaulting to HIGH_CONVICTION.
2026-02-10 20:12:07,412 - INFO - Indicators GOLDM: price 156569.00, vol 5.00, atr% 0.13, rc 0.74
2026-02-10 20:12:07,414 - INFO - Indicators GOLDMINI: price 156569.00, vol 5.00, atr% 0.13, rc 0.74
2026-02-10 20:12:07,415 - INFO - Indicators SILVER: price 260908.00, vol 5.00, atr% 0.33, rc 1.00
2026-02-10 20:12:07,416 - INFO - Indicators SILVERM: price 269005.00, vol 5.00, atr% 0.34, rc 0.94
2026-02-10 20:12:07,418 - INFO - Indicators SILVERMIC: price 268995.00, vol 5.00, atr% 0.37, rc 0.85
2026-02-10 20:12:07,420 - INFO - Indicators CRUDEOILM: price 5833.00, vol 5.00, atr% 0.18, rc 0.83
2026-02-10 20:12:07,422 - INFO - Indicators CRUDEOILMINI: price 5833.00, vol 5.00, atr% 0.18, rc 0.83
2026-02-10 20:12:41,798 - WARNING - [33m❌ Ignoring switch to GOLDMINI_PINE for COMMODITY instance. Staying on GOLDMINI_PINE.[0m
2026-02-10 20:12:41,800 - INFO - ⚙️ Commodity scan list prepared: 7 symbols (tokens available for 7)
2026-02-10 20:12:41,801 - WARNING - Nifty data missing for regime assessment. Defaulting to HIGH_CONVICTION.
2026-02-10 20:12:49,260 - INFO - Indicators GOLDM: price 156555.00, vol 5.00, atr% 0.13, rc 0.61
2026-02-10 20:12:49,266 - INFO - Indicators GOLDMINI: price 156555.00, vol 5.00, atr% 0.13, rc 0.61
2026-02-10 20:12:49,270 - INFO - Indicators SILVER: price 261036.00, vol 5.00, atr% 0.31, rc 0.94
2026-02-10 20:12:49,274 - INFO - Indicators SILVERM: price 269078.00, vol 5.00, atr% 0.34, rc 0.71
2026-02-10 20:12:49,286 - INFO - Indicators SILVERMIC: price 269149.00, vol 5.00, atr% 0.38, rc 0.66
2026-02-10 20:12:49,290 - INFO - Indicators CRUDEOILM: price 5833.00, vol 5.00, atr% 0.18, rc 0.89
2026-02-10 20:12:49,292 - INFO - Indicators CRUDEOILMINI: price 5833.00, vol 5.00, atr% 0.18, rc 0.89
2026-02-10 20:13:23,758 - WARNING - [33m❌ Ignoring switch to GOLDMINI_PINE for COMMODITY instance. Staying on GOLDMINI_PINE.[0m
2026-02-10 20:13:23,761 - INFO - ⚙️ Commodity scan list prepared: 7 symbols (tokens available for 7)
2026-02-10 20:13:23,761 - WARNING - Nifty data missing for regime assessment. Defaulting to HIGH_CONVICTION.
2026-02-10 20:13:31,382 - INFO - Indicators GOLDM: price 156590.00, vol 5.00, atr% 0.14, rc 0.58
2026-02-10 20:13:31,396 - INFO - Indicators GOLDMINI: price 156590.00, vol 5.00, atr% 0.14, rc 0.58
2026-02-10 20:13:31,423 - INFO - Indicators SILVER: price 261121.00, vol 5.00, atr% 0.33, rc 0.64
2026-02-10 20:13:31,447 - INFO - Indicators SILVERM: price 269082.00, vol 5.00, atr% 0.37, rc 0.58
2026-02-10 20:13:31,452 - INFO - Indicators SILVERMIC: price 269111.00, vol 5.00, atr% 0.40, rc 0.60
2026-02-10 20:13:31,456 - INFO - Indicators CRUDEOILM: price 5837.00, vol 5.00, atr% 0.18, rc 0.69
2026-02-10 20:13:31,461 - INFO - Indicators CRUDEOILMINI: price 5837.00, vol 5.00, atr% 0.18, rc 0.69
2026-02-10 20:14:05,840 - WARNING - [33m❌ Ignoring switch to GOLDMINI_PINE for COMMODITY instance. Staying on GOLDMINI_PINE.[0m
2026-02-10 20:14:05,842 - INFO - ⚙️ Commodity scan list prepared: 7 symbols (tokens available for 7)
2026-02-10 20:14:05,842 - WARNING - Nifty data missing for regime assessment. Defaulting to HIGH_CONVICTION.
2026-02-10 20:14:13,054 - INFO - Indicators GOLDM: price 156570.00, vol 5.00, atr% 0.13, rc 0.52
2026-02-10 20:14:13,064 - INFO - Indicators GOLDMINI: price 156570.00, vol 5.00, atr% 0.13, rc 0.52
2026-02-10 20:14:13,075 - INFO - Indicators SILVER: price 261121.00, vol 5.00, atr% 0.34, rc 0.68
2026-02-10 20:14:13,078 - INFO - Indicators SILVERM: price 269276.00, vol 5.00, atr% 0.37, rc 0.62
2026-02-10 20:14:13,091 - INFO - Indicators SILVERMIC: price 269460.00, vol 5.00, atr% 0.40, rc 0.51
2026-02-10 20:14:13,093 - INFO - Indicators CRUDEOILM: price 5837.00, vol 5.00, atr% 0.19, rc 0.68
2026-02-10 20:14:13,103 - INFO - Indicators CRUDEOILMINI: price 5837.00, vol 5.00, atr% 0.19, rc 0.68
2026-02-10 20:14:23,323 - WARNING - [33m❌ Ignoring switch to GOLDMINI_PINE for COMMODITY instance. Staying on GOLDMINI_PINE.[0m
2026-02-10 20:14:23,325 - INFO - ⚙️ Commodity scan list prepared: 7 symbols (tokens available for 7)
2026-02-10 20:14:23,325 - WARNING - Nifty data missing for regime assessment. Defaulting to HIGH_CONVICTION.
2026-02-10 20:14:30,920 - INFO - Indicators GOLDM: price 156550.00, vol 5.00, atr% 0.13, rc 0.64
2026-02-10 20:14:30,922 - INFO - Indicators GOLDMINI: price 156550.00, vol 5.00, atr% 0.13, rc 0.64
2026-02-10 20:14:30,923 - INFO - Indicators SILVER: price 261410.00, vol 5.00, atr% 0.33, rc 0.53
2026-02-10 20:14:30,925 - INFO - Indicators SILVERM: price 269660.00, vol 5.00, atr% 0.37, rc 0.50
2026-02-10 20:14:30,928 - INFO - Indicators SILVERMIC: price 269735.00, vol 5.00, atr% 0.40, rc 0.50
2026-02-10 20:14:30,932 - INFO - Indicators CRUDEOILM: price 5837.00, vol 5.00, atr% 0.20, rc 0.73
2026-02-10 20:14:30,935 - INFO - Indicators CRUDEOILMINI: price 5837.00, vol 5.00, atr% 0.20, rc 0.73
2026-02-10 20:14:36,494 - WARNING - [33m❌ Ignoring switch to GOLDMINI_PINE for COMMODITY instance. Staying on GOLDMINI_PINE.[0m
2026-02-10 20:14:36,496 - INFO - ⚙️ Commodity scan list prepared: 7 symbols (tokens available for 7)
2026-02-10 20:14:36,496 - WARNING - Nifty data missing for regime assessment. Defaulting to HIGH_CONVICTION.
2026-02-10 20:14:43,311 - INFO - Indicators GOLDM: price 156586.00, vol 5.00, atr% 0.13, rc 0.69
2026-02-10 20:14:43,315 - INFO - Indicators GOLDMINI: price 156586.00, vol 5.00, atr% 0.13, rc 0.69
2026-02-10 20:14:43,319 - INFO - Indicators SILVER: price 261899.00, vol 5.00, atr% 0.33, rc 0.60
2026-02-10 20:14:43,325 - INFO - Indicators SILVERM: price 269725.00, vol 5.00, atr% 0.37, rc 0.55
2026-02-10 20:14:43,329 - INFO - Indicators SILVERMIC: price 269702.00, vol 5.00, atr% 0.40, rc 0.56
2026-02-10 20:14:43,333 - INFO - Indicators CRUDEOILM: price 5837.00, vol 5.00, atr% 0.20, rc 0.68
2026-02-10 20:14:43,337 - INFO - Indicators CRUDEOILMINI: price 5837.00, vol 5.00, atr% 0.20, rc 0.68
2026-02-10 20:15:18,276 - WARNING - [33m❌ Ignoring switch to GOLDMINI_PINE for COMMODITY instance. Staying on GOLDMINI_PINE.[0m
2026-02-10 20:15:18,279 - INFO - ⚙️ Commodity scan list prepared: 7 symbols (tokens available for 7)
2026-02-10 20:15:18,280 - WARNING - Nifty data missing for regime assessment. Defaulting to HIGH_CONVICTION.
2026-02-10 20:15:26,141 - INFO - Indicators GOLDM: price 156566.00, vol 5.00, atr% 0.13, rc 0.64
2026-02-10 20:15:26,146 - INFO - Indicators GOLDMINI: price 156566.00, vol 5.00, atr% 0.13, rc 0.64
2026-02-10 20:15:26,148 - INFO - Indicators SILVER: price 261447.00, vol 5.00, atr% 0.34, rc 0.67
2026-02-10 20:15:26,151 - INFO - Indicators SILVERM: price 269174.00, vol 5.00, atr% 0.37, rc 0.68
2026-02-10 20:15:26,156 - INFO - Indicators SILVERMIC: price 269250.00, vol 5.00, atr% 0.39, rc 0.64
2026-02-10 20:15:26,158 - INFO - Indicators CRUDEOILM: price 5836.00, vol 5.00, atr% 0.20, rc 0.65
2026-02-10 20:15:26,171 - INFO - Indicators CRUDEOILMINI: price 5836.00, vol 5.00, atr% 0.20, rc 0.65
2026-02-10 20:16:00,627 - WARNING - [33m❌ Ignoring switch to GOLDMINI_PINE for COMMODITY instance. Staying on GOLDMINI_PINE.[0m
2026-02-10 20:16:00,628 - INFO - ⚙️ Commodity scan list prepared: 7 symbols (tokens available for 7)
2026-02-10 20:16:00,628 - WARNING - Nifty data missing for regime assessment. Defaulting to HIGH_CONVICTION.
2026-02-10 20:16:07,587 - INFO - Indicators GOLDM: price 156378.00, vol 5.00, atr% 0.14, rc 0.94
2026-02-10 20:16:07,590 - INFO - Indicators GOLDMINI: price 156378.00, vol 5.00, atr% 0.14, rc 0.94
2026-02-10 20:16:07,591 - INFO - Indicators SILVER: price 260499.00, vol 5.00, atr% 0.32, rc 1.00
2026-02-10 20:16:07,593 - INFO - Indicators SILVERM: price 268476.00, vol 5.00, atr% 0.35, rc 0.85
2026-02-10 20:16:07,594 - INFO - Indicators SILVERMIC: price 268453.00, vol 5.00, atr% 0.38, rc 0.86
2026-02-10 20:16:07,596 - INFO - Indicators CRUDEOILM: price 5837.00, vol 5.00, atr% 0.19, rc 0.52
2026-02-10 20:16:07,598 - INFO - Indicators CRUDEOILMINI: price 5837.00, vol 5.00, atr% 0.19, rc 0.52
2026-02-10 20:16:42,058 - WARNING - [33m❌ Ignoring switch to GOLDMINI_PINE for COMMODITY instance. Staying on GOLDMINI_PINE.[0m
2026-02-10 20:16:42,060 - INFO - ⚙️ Commodity scan list prepared: 7 symbols (tokens available for 7)
2026-02-10 20:16:42,061 - WARNING - Nifty data missing for regime assessment. Defaulting to HIGH_CONVICTION.
2026-02-10 20:16:49,056 - INFO - Indicators GOLDM: price 156350.00, vol 5.00, atr% 0.14, rc 0.80
2026-02-10 20:16:49,060 - INFO - Indicators GOLDMINI: price 156350.00, vol 5.00, atr% 0.14, rc 0.80
2026-02-10 20:16:49,063 - INFO - Indicators SILVER: price 260466.00, vol 5.00, atr% 0.37, rc 0.62
2026-02-10 20:16:49,066 - INFO - Indicators SILVERM: price 268447.00, vol 5.00, atr% 0.37, rc 0.63
2026-02-10 20:16:49,069 - INFO - Indicators SILVERMIC: price 268456.00, vol 5.00, atr% 0.40, rc 0.59
2026-02-10 20:16:49,072 - INFO - Indicators CRUDEOILM: price 5835.00, vol 5.00, atr% 0.18, rc 0.61
2026-02-10 20:16:49,074 - INFO - Indicators CRUDEOILMINI: price 5835.00, vol 5.00, atr% 0.18, rc 0.61
2026-02-10 20:17:23,507 - WARNING - [33m❌ Ignoring switch to GOLDMINI_PINE for COMMODITY instance. Staying on GOLDMINI_PINE.[0m
2026-02-10 20:17:23,510 - INFO - ⚙️ Commodity scan list prepared: 7 symbols (tokens available for 7)
2026-02-10 20:17:23,511 - WARNING - Nifty data missing for regime assessment. Defaulting to HIGH_CONVICTION.
2026-02-10 20:17:30,655 - INFO - Indicators GOLDM: price 156372.00, vol 5.00, atr% 0.13, rc 0.72
2026-02-10 20:17:30,673 - INFO - Indicators GOLDMINI: price 156372.00, vol 5.00, atr% 0.13, rc 0.72
2026-02-10 20:17:30,689 - INFO - Indicators SILVER: price 260500.00, vol 5.00, atr% 0.34, rc 0.75
2026-02-10 20:17:30,707 - INFO - Indicators SILVERM: price 268289.00, vol 5.00, atr% 0.35, rc 0.71
2026-02-10 20:17:30,721 - INFO - Indicators SILVERMIC: price 268350.00, vol 5.00, atr% 0.38, rc 0.66
2026-02-10 20:17:30,728 - INFO - Indicators CRUDEOILM: price 5833.00, vol 5.00, atr% 0.18, rc 0.58
2026-02-10 20:17:30,732 - INFO - Indicators CRUDEOILMINI: price 5833.00, vol 5.00, atr% 0.18, rc 0.58
2026-02-10 20:18:05,197 - WARNING - [33m❌ Ignoring switch to GOLDMINI_PINE for COMMODITY instance. Staying on GOLDMINI_PINE.[0m
2026-02-10 20:18:05,198 - INFO - ⚙️ Commodity scan list prepared: 7 symbols (tokens available for 7)
2026-02-10 20:18:05,198 - WARNING - Nifty data missing for regime assessment. Defaulting to HIGH_CONVICTION.
2026-02-10 20:18:12,442 - INFO - Indicators GOLDM: price 156029.00, vol 5.00, atr% 0.15, rc 1.00
2026-02-10 20:18:12,445 - INFO - Indicators GOLDMINI: price 156029.00, vol 5.00, atr% 0.15, rc 1.00
2026-02-10 20:18:12,447 - INFO - Indicators SILVER: price 259410.00, vol 5.00, atr% 0.37, rc 1.00
2026-02-10 20:18:12,453 - INFO - Indicators SILVERM: price 267100.00, vol 5.00, atr% 0.40, rc 0.97
2026-02-10 20:18:12,458 - INFO - Indicators SILVERMIC: price 267071.00, vol 5.00, atr% 0.44, rc 0.99
2026-02-10 20:18:12,463 - INFO - Indicators CRUDEOILM: price 5835.00, vol 5.00, atr% 0.18, rc 0.52
2026-02-10 20:18:12,467 - INFO - Indicators CRUDEOILMINI: price 5835.00, vol 5.00, atr% 0.18, rc 0.52
2026-02-10 20:18:13,355 - INFO - MCX cache refreshed: 37947 instruments
2026-02-10 20:18:13,763 - INFO - Strategy Validation - Win Rate: 18.2%, Profit Factor: 3518.87
2026-02-10 20:18:15,970 - INFO - ALERT SENT: GOLDM NEW SIGNAL
2026-02-10 20:18:15,970 - INFO - [35mExecution Triggered for GOLDM. Conf >= 7.8 and Position is Closed.[0m
2026-02-10 20:18:15,970 - ERROR - [31mFailed to execute commodity BEARISH strategy for GOLDM[0m
2026-02-10 20:18:15,977 - ERROR - CRITICAL: No future expiry dates found in MCX cache for GOLDMINI. Defaulting to +30 days.
2026-02-10 20:18:16,097 - INFO - Strategy Validation - Win Rate: 18.2%, Profit Factor: 3518.87
2026-02-10 20:18:18,079 - INFO - ALERT SENT: GOLDMINI NEW SIGNAL
2026-02-10 20:18:18,079 - INFO - [35mExecution Triggered for GOLDMINI. Conf >= 7.8 and Position is Closed.[0m
2026-02-10 20:18:18,079 - ERROR - [31mFailed to execute commodity BEARISH strategy for GOLDMINI[0m
2026-02-10 20:18:51,665 - WARNING - [33m❌ Ignoring switch to GOLDMINI_PINE for COMMODITY instance. Staying on GOLDMINI_PINE.[0m
2026-02-10 20:18:51,666 - INFO - ⚙️ Commodity scan list prepared: 7 symbols (tokens available for 7)
2026-02-10 20:18:51,666 - WARNING - Nifty data missing for regime assessment. Defaulting to HIGH_CONVICTION.
2026-02-10 20:18:58,774 - INFO - Indicators GOLDM: price 155825.00, vol 5.00, atr% 0.16, rc 1.00
2026-02-10 20:18:58,776 - INFO - Indicators GOLDMINI: price 155825.00, vol 5.00, atr% 0.16, rc 1.00
2026-02-10 20:18:58,778 - INFO - Indicators SILVER: price 258641.00, vol 5.00, atr% 0.41, rc 1.00
2026-02-10 20:18:58,779 - INFO - Indicators SILVERM: price 266759.00, vol 5.00, atr% 0.43, rc 1.00
2026-02-10 20:18:58,783 - INFO - Indicators SILVERMIC: price 266659.00, vol 5.00, atr% 0.46, rc 1.00
2026-02-10 20:18:58,786 - INFO - Indicators CRUDEOILM: price 5834.00, vol 5.00, atr% 0.19, rc 0.57
2026-02-10 20:18:58,788 - INFO - Indicators CRUDEOILMINI: price 5834.00, vol 5.00, atr% 0.19, rc 0.57
2026-02-10 20:18:59,917 - INFO - Strategy Validation - Win Rate: 18.2%, Profit Factor: 3518.87
2026-02-10 20:19:02,329 - INFO - ALERT SENT: GOLDM NEW SIGNAL
2026-02-10 20:19:02,332 - INFO - [35mExecution Triggered for GOLDM. Conf >= 7.8 and Position is Closed.[0m
2026-02-10 20:19:02,334 - ERROR - [31mFailed to execute commodity BEARISH strategy for GOLDM[0m
2026-02-10 20:19:02,370 - ERROR - CRITICAL: No future expiry dates found in MCX cache for GOLDMINI. Defaulting to +30 days.
2026-02-10 20:19:03,437 - INFO - Strategy Validation - Win Rate: 18.2%, Profit Factor: 3518.87
2026-02-10 20:19:06,948 - INFO - ALERT SENT: GOLDMINI NEW SIGNAL
2026-02-10 20:19:06,949 - INFO - [35mExecution Triggered for GOLDMINI. Conf >= 7.8 and Position is Closed.[0m
2026-02-10 20:19:06,949 - ERROR - [31mFailed to execute commodity BEARISH strategy for GOLDMINI[0m
2026-02-10 20:19:41,328 - WARNING - [33m❌ Ignoring switch to GOLDMINI_PINE for COMMODITY instance. Staying on GOLDMINI_PINE.[0m
2026-02-10 20:19:41,341 - INFO - ⚙️ Commodity scan list prepared: 7 symbols (tokens available for 7)
2026-02-10 20:19:41,344 - WARNING - Nifty data missing for regime assessment. Defaulting to HIGH_CONVICTION.
2026-02-10 20:19:48,394 - INFO - Indicators GOLDM: price 155887.00, vol 5.00, atr% 0.16, rc 1.00
2026-02-10 20:19:48,396 - INFO - Indicators GOLDMINI: price 155887.00, vol 5.00, atr% 0.16, rc 1.00
2026-02-10 20:19:48,398 - INFO - Indicators SILVER: price 258500.00, vol 5.00, atr% 0.41, rc 1.00
2026-02-10 20:19:48,400 - INFO - Indicators SILVERM: price 266933.00, vol 5.00, atr% 0.43, rc 1.00
2026-02-10 20:19:48,404 - INFO - Indicators SILVERMIC: price 266978.00, vol 5.00, atr% 0.46, rc 1.00
2026-02-10 20:19:48,406 - INFO - Indicators CRUDEOILM: price 5829.00, vol 5.00, atr% 0.20, rc 0.76
2026-02-10 20:19:48,409 - INFO - Indicators CRUDEOILMINI: price 5829.00, vol 5.00, atr% 0.20, rc 0.76
2026-02-10 20:19:49,484 - INFO - Strategy Validation - Win Rate: 18.2%, Profit Factor: 3518.87
2026-02-10 20:19:52,159 - INFO - ALERT SENT: GOLDM NEW SIGNAL
2026-02-10 20:19:52,159 - INFO - [35mExecution Triggered for GOLDM. Conf >= 7.8 and Position is Closed.[0m
2026-02-10 20:19:52,159 - ERROR - [31mFailed to execute commodity BEARISH strategy for GOLDM[0m
2026-02-10 20:19:52,175 - ERROR - CRITICAL: No future expiry dates found in MCX cache for GOLDMINI. Defaulting to +30 days.
2026-02-10 20:19:52,931 - INFO - Strategy Validation - Win Rate: 18.2%, Profit Factor: 3518.87
2026-02-10 20:19:56,487 - INFO - ALERT SENT: GOLDMINI NEW SIGNAL
2026-02-10 20:19:56,488 - INFO - [35mExecution Triggered for GOLDMINI. Conf >= 7.8 and Position is Closed.[0m
2026-02-10 20:19:56,488 - ERROR - [31mFailed to execute commodity BEARISH strategy for GOLDMINI[0m
2026-02-10 20:20:30,620 - WARNING - [33m❌ Ignoring switch to GOLDMINI_PINE for COMMODITY instance. Staying on GOLDMINI_PINE.[0m
2026-02-10 20:20:30,621 - INFO - ⚙️ Commodity scan list prepared: 7 symbols (tokens available for 7)
2026-02-10 20:20:30,622 - WARNING - Nifty data missing for regime assessment. Defaulting to HIGH_CONVICTION.
2026-02-10 20:20:37,536 - INFO - Indicators GOLDM: price 155980.00, vol 5.00, atr% 0.16, rc 0.77
2026-02-10 20:20:37,539 - INFO - Indicators GOLDMINI: price 155980.00, vol 5.00, atr% 0.16, rc 0.77
2026-02-10 20:20:37,540 - INFO - Indicators SILVER: price 259111.00, vol 5.00, atr% 0.38, rc 0.83
2026-02-10 20:20:37,542 - INFO - Indicators SILVERM: price 267202.00, vol 5.00, atr% 0.42, rc 0.73
2026-02-10 20:20:37,545 - INFO - Indicators SILVERMIC: price 267439.00, vol 5.00, atr% 0.43, rc 0.69
2026-02-10 20:20:37,547 - INFO - Indicators CRUDEOILM: price 5830.00, vol 5.00, atr% 0.20, rc 0.62
2026-02-10 20:20:37,549 - INFO - Indicators CRUDEOILMINI: price 5830.00, vol 5.00, atr% 0.20, rc 0.62
2026-02-10 20:20:38,634 - INFO - Strategy Validation - Win Rate: 18.2%, Profit Factor: 3518.87
2026-02-10 20:20:42,250 - INFO - ALERT SENT: SILVER NEW SIGNAL
2026-02-10 20:20:42,250 - INFO - [35mExecution Triggered for SILVER. Conf >= 7.8 and Position is Closed.[0m
2026-02-10 20:20:42,250 - ERROR - [31mFailed to execute commodity BEARISH strategy for SILVER[0m
2026-02-10 20:21:16,528 - WARNING - [33m❌ Ignoring switch to GOLDMINI_PINE for COMMODITY instance. Staying on GOLDMINI_PINE.[0m
2026-02-10 20:21:16,530 - INFO - ⚙️ Commodity scan list prepared: 7 symbols (tokens available for 7)
2026-02-10 20:21:16,530 - WARNING - Nifty data missing for regime assessment. Defaulting to HIGH_CONVICTION.
2026-02-10 20:21:23,562 - INFO - Indicators GOLDM: price 155996.00, vol 5.00, atr% 0.16, rc 0.94
2026-02-10 20:21:23,567 - INFO - Indicators GOLDMINI: price 155996.00, vol 5.00, atr% 0.16, rc 0.94
2026-02-10 20:21:23,571 - INFO - Indicators SILVER: price 259498.00, vol 5.00, atr% 0.38, rc 0.79
2026-02-10 20:21:23,574 - INFO - Indicators SILVERM: price 267421.00, vol 5.00, atr% 0.39, rc 0.77
2026-02-10 20:21:23,576 - INFO - Indicators SILVERMIC: price 267475.00, vol 5.00, atr% 0.41, rc 0.78
2026-02-10 20:21:23,581 - INFO - Indicators CRUDEOILM: price 5828.00, vol 5.00, atr% 0.19, rc 0.66
2026-02-10 20:21:23,585 - INFO - Indicators CRUDEOILMINI: price 5828.00, vol 5.00, atr% 0.19, rc 0.66
2026-02-10 20:21:57,936 - WARNING - [33m❌ Ignoring switch to GOLDMINI_PINE for COMMODITY instance. Staying on GOLDMINI_PINE.[0m
2026-02-10 20:21:57,938 - INFO - ⚙️ Commodity scan list prepared: 7 symbols (tokens available for 7)
2026-02-10 20:21:57,938 - WARNING - Nifty data missing for regime assessment. Defaulting to HIGH_CONVICTION.
2026-02-10 20:22:05,059 - INFO - Indicators GOLDM: price 156112.00, vol 5.00, atr% 0.16, rc 0.77
2026-02-10 20:22:05,068 - INFO - Indicators GOLDMINI: price 156112.00, vol 5.00, atr% 0.16, rc 0.77
2026-02-10 20:22:05,070 - INFO - Indicators SILVER: price 259950.00, vol 5.00, atr% 0.41, rc 0.64
2026-02-10 20:22:05,072 - INFO - Indicators SILVERM: price 267799.00, vol 5.00, atr% 0.40, rc 0.61
2026-02-10 20:22:05,074 - INFO - Indicators SILVERMIC: price 267794.00, vol 5.00, atr% 0.44, rc 0.64
2026-02-10 20:22:05,076 - INFO - Indicators CRUDEOILM: price 5833.00, vol 5.00, atr% 0.19, rc 0.55
2026-02-10 20:22:05,078 - INFO - Indicators CRUDEOILMINI: price 5833.00, vol 5.00, atr% 0.19, rc 0.55
2026-02-10 20:22:39,569 - WARNING - [33m❌ Ignoring switch to GOLDMINI_PINE for COMMODITY instance. Staying on GOLDMINI_PINE.[0m
2026-02-10 20:22:39,570 - INFO - ⚙️ Commodity scan list prepared: 7 symbols (tokens available for 7)
2026-02-10 20:22:39,570 - WARNING - Nifty data missing for regime assessment. Defaulting to HIGH_CONVICTION.
2026-02-10 20:22:46,716 - INFO - Indicators GOLDM: price 156111.00, vol 5.00, atr% 0.16, rc 0.49
2026-02-10 20:22:46,719 - INFO - Indicators GOLDMINI: price 156111.00, vol 5.00, atr% 0.16, rc 0.49
2026-02-10 20:22:46,730 - INFO - Indicators SILVER: price 259673.00, vol 5.00, atr% 0.39, rc 0.55
2026-02-10 20:22:46,736 - INFO - Indicators SILVERM: price 267433.00, vol 5.00, atr% 0.39, rc 0.58
2026-02-10 20:22:46,739 - INFO - Indicators SILVERMIC: price 267550.00, vol 5.00, atr% 0.43, rc 0.51
2026-02-10 20:22:46,746 - INFO - Indicators CRUDEOILM: price 5833.00, vol 5.00, atr% 0.19, rc 0.52
2026-02-10 20:22:46,750 - INFO - Indicators CRUDEOILMINI: price 5833.00, vol 5.00, atr% 0.19, rc 0.52
2026-02-10 20:23:21,146 - WARNING - [33m❌ Ignoring switch to GOLDMINI_PINE for COMMODITY instance. Staying on GOLDMINI_PINE.[0m
2026-02-10 20:23:21,148 - INFO - ⚙️ Commodity scan list prepared: 7 symbols (tokens available for 7)
2026-02-10 20:23:21,148 - WARNING - Nifty data missing for regime assessment. Defaulting to HIGH_CONVICTION.
2026-02-10 20:23:28,122 - INFO - Indicators GOLDM: price 156172.00, vol 5.00, atr% 0.17, rc 0.72
2026-02-10 20:23:28,124 - INFO - Indicators GOLDMINI: price 156172.00, vol 5.00, atr% 0.17, rc 0.72
2026-02-10 20:23:28,126 - INFO - Indicators SILVER: price 260138.00, vol 5.00, atr% 0.44, rc 0.67
2026-02-10 20:23:28,128 - INFO - Indicators SILVERM: price 267674.00, vol 5.00, atr% 0.44, rc 0.59
2026-02-10 20:23:28,130 - INFO - Indicators SILVERMIC: price 267573.00, vol 5.00, atr% 0.48, rc 0.54
2026-02-10 20:23:28,133 - INFO - Indicators CRUDEOILM: price 5833.00, vol 5.00, atr% 0.19, rc 0.55
2026-02-10 20:23:28,136 - INFO - Indicators CRUDEOILMINI: price 5833.00, vol 5.00, atr% 0.19, rc 0.55
2026-02-10 20:24:02,680 - WARNING - [33m❌ Ignoring switch to GOLDMINI_PINE for COMMODITY instance. Staying on GOLDMINI_PINE.[0m
2026-02-10 20:24:02,681 - INFO - ⚙️ Commodity scan list prepared: 7 symbols (tokens available for 7)
2026-02-10 20:24:02,681 - WARNING - Nifty data missing for regime assessment. Defaulting to HIGH_CONVICTION.
2026-02-10 20:24:09,490 - INFO - Indicators GOLDM: price 156120.00, vol 5.00, atr% 0.17, rc 0.85
2026-02-10 20:24:09,500 - INFO - Indicators GOLDMINI: price 156120.00, vol 5.00, atr% 0.17, rc 0.85
2026-02-10 20:24:09,552 - INFO - Indicators SILVER: price 259753.00, vol 5.00, atr% 0.46, rc 0.80
2026-02-10 20:24:09,559 - INFO - Indicators SILVERM: price 267778.00, vol 5.00, atr% 0.45, rc 0.80
2026-02-10 20:24:09,567 - INFO - Indicators SILVERMIC: price 267661.00, vol 5.00, atr% 0.48, rc 0.74
2026-02-10 20:24:09,579 - INFO - Indicators CRUDEOILM: price 5835.00, vol 5.00, atr% 0.20, rc 0.49
2026-02-10 20:24:09,587 - INFO - Indicators CRUDEOILMINI: price 5835.00, vol 5.00, atr% 0.20, rc 0.49
2026-02-10 20:24:35,713 - WARNING - [33m❌ Ignoring switch to GOLDMINI_PINE for COMMODITY instance. Staying on GOLDMINI_PINE.[0m
2026-02-10 20:24:35,715 - INFO - ⚙️ Commodity scan list prepared: 7 symbols (tokens available for 7)
2026-02-10 20:24:35,715 - WARNING - Nifty data missing for regime assessment. Defaulting to HIGH_CONVICTION.
2026-02-10 20:24:43,465 - INFO - Indicators GOLDM: price 156199.00, vol 5.00, atr% 0.17, rc 0.88
2026-02-10 20:24:43,477 - INFO - Indicators GOLDMINI: price 156199.00, vol 5.00, atr% 0.17, rc 0.88
2026-02-10 20:24:43,480 - INFO - Indicators SILVER: price 260169.00, vol 5.00, atr% 0.46, rc 0.92
2026-02-10 20:24:43,482 - INFO - Indicators SILVERM: price 267800.00, vol 5.00, atr% 0.45, rc 0.72
2026-02-10 20:24:43,484 - INFO - Indicators SILVERMIC: price 267960.00, vol 5.00, atr% 0.48, rc 0.72
2026-02-10 20:24:43,485 - INFO - Indicators CRUDEOILM: price 5837.00, vol 5.00, atr% 0.21, rc 0.72
2026-02-10 20:24:43,488 - INFO - Indicators CRUDEOILMINI: price 5837.00, vol 5.00, atr% 0.21, rc 0.72
2026-02-10 20:24:49,603 - WARNING - [33m❌ Ignoring switch to GOLDMINI_PINE for COMMODITY instance. Staying on GOLDMINI_PINE.[0m
2026-02-10 20:24:49,604 - INFO - ⚙️ Commodity scan list prepared: 7 symbols (tokens available for 7)
2026-02-10 20:24:49,604 - WARNING - Nifty data missing for regime assessment. Defaulting to HIGH_CONVICTION.
2026-02-10 20:24:57,281 - INFO - Indicators GOLDM: price 156141.00, vol 5.00, atr% 0.17, rc 0.70
2026-02-10 20:24:57,283 - INFO - Indicators GOLDMINI: price 156141.00, vol 5.00, atr% 0.17, rc 0.70
2026-02-10 20:24:57,285 - INFO - Indicators SILVER: price 260169.00, vol 5.00, atr% 0.44, rc 0.80
2026-02-10 20:24:57,286 - INFO - Indicators SILVERM: price 267923.00, vol 5.00, atr% 0.46, rc 0.63
2026-02-10 20:24:57,288 - INFO - Indicators SILVERMIC: price 267964.00, vol 5.00, atr% 0.48, rc 0.64
2026-02-10 20:24:57,290 - INFO - Indicators CRUDEOILM: price 5838.00, vol 5.00, atr% 0.21, rc 0.67
2026-02-10 20:24:57,296 - INFO - Indicators CRUDEOILMINI: price 5838.00, vol 5.00, atr% 0.21, rc 0.67
2026-02-10 20:25:31,713 - WARNING - [33m❌ Ignoring switch to GOLDMINI_PINE for COMMODITY instance. Staying on GOLDMINI_PINE.[0m
2026-02-10 20:25:31,714 - INFO - ⚙️ Commodity scan list prepared: 7 symbols (tokens available for 7)
2026-02-10 20:25:31,714 - WARNING - Nifty data missing for regime assessment. Defaulting to HIGH_CONVICTION.
2026-02-10 20:25:38,881 - INFO - Indicators GOLDM: price 156190.00, vol 5.00, atr% 0.17, rc 0.71
2026-02-10 20:25:38,885 - INFO - Indicators GOLDMINI: price 156190.00, vol 5.00, atr% 0.17, rc 0.71
2026-02-10 20:25:38,887 - INFO - Indicators SILVER: price 260399.00, vol 5.00, atr% 0.42, rc 0.85
2026-02-10 20:25:38,891 - INFO - Indicators SILVERM: price 268015.00, vol 5.00, atr% 0.43, rc 0.63
2026-02-10 20:25:38,894 - INFO - Indicators SILVERMIC: price 268127.00, vol 5.00, atr% 0.44, rc 0.62
2026-02-10 20:25:38,897 - INFO - Indicators CRUDEOILM: price 5842.00, vol 5.00, atr% 0.21, rc 0.79
2026-02-10 20:25:38,899 - INFO - Indicators CRUDEOILMINI: price 5842.00, vol 5.00, atr% 0.21, rc 0.79
2026-02-10 20:26:13,368 - WARNING - [33m❌ Ignoring switch to GOLDMINI_PINE for COMMODITY instance. Staying on GOLDMINI_PINE.[0m
2026-02-10 20:26:13,369 - INFO - ⚙️ Commodity scan list prepared: 7 symbols (tokens available for 7)
2026-02-10 20:26:13,369 - WARNING - Nifty data missing for regime assessment. Defaulting to HIGH_CONVICTION.
2026-02-10 20:26:20,582 - INFO - Indicators GOLDM: price 156278.00, vol 5.00, atr% 0.16, rc 0.83
2026-02-10 20:26:20,586 - INFO - Indicators GOLDMINI: price 156278.00, vol 5.00, atr% 0.16, rc 0.83
2026-02-10 20:26:20,588 - INFO - Indicators SILVER: price 260900.00, vol 5.00, atr% 0.40, rc 0.90
2026-02-10 20:26:20,592 - INFO - Indicators SILVERM: price 268619.00, vol 5.00, atr% 0.40, rc 0.83
2026-02-10 20:26:20,595 - INFO - Indicators SILVERMIC: price 268490.00, vol 5.00, atr% 0.43, rc 0.78
2026-02-10 20:26:20,598 - INFO - Indicators CRUDEOILM: price 5846.00, vol 5.00, atr% 0.20, rc 0.95
2026-02-10 20:26:20,601 - INFO - Indicators CRUDEOILMINI: price 5846.00, vol 5.00, atr% 0.20, rc 0.95
2026-02-10 20:26:21,661 - INFO - Strategy Validation - Win Rate: 18.2%, Profit Factor: 3518.87
2026-02-10 20:26:23,981 - INFO - ALERT SENT: SILVER NEW SIGNAL
2026-02-10 20:26:23,981 - INFO - [35mExecution Triggered for SILVER. Conf >= 7.8 and Position is Closed.[0m
2026-02-10 20:26:23,981 - ERROR - [31mFailed to execute commodity BULLISH strategy for SILVER[0m
2026-02-10 20:26:25,071 - INFO - Strategy Validation - Win Rate: 18.2%, Profit Factor: 3518.87
2026-02-10 20:26:28,689 - INFO - ALERT SENT: SILVERM NEW SIGNAL
2026-02-10 20:26:28,690 - INFO - [35mExecution Triggered for SILVERM. Conf >= 7.8 and Position is Closed.[0m
2026-02-10 20:26:28,690 - ERROR - [31mFailed to execute commodity BULLISH strategy for SILVERM[0m
2026-02-10 20:26:29,497 - INFO - Strategy Validation - Win Rate: 18.2%, Profit Factor: 3518.87
2026-02-10 20:26:36,619 - INFO - ALERT SENT: SILVERMIC NEW SIGNAL
2026-02-10 20:26:36,620 - INFO - [35mExecution Triggered for SILVERMIC. Conf >= 7.8 and Position is Closed.[0m
2026-02-10 20:26:36,620 - ERROR - [31mFailed to execute commodity BULLISH strategy for SILVERMIC[0m
2026-02-10 20:27:10,756 - WARNING - [33m❌ Ignoring switch to GOLDMINI_PINE for COMMODITY instance. Staying on GOLDMINI_PINE.[0m
2026-02-10 20:27:10,757 - INFO - ⚙️ Commodity scan list prepared: 7 symbols (tokens available for 7)
2026-02-10 20:27:10,758 - WARNING - Nifty data missing for regime assessment. Defaulting to HIGH_CONVICTION.
2026-02-10 20:27:12,270 - INFO - 
Ctrl+C detected. Shutting down system.
2026-02-10 20:27:12,271 - INFO - 🛑 Automatic scheduler stopped.
2026-02-10 20:27:17,628 - INFO - Indicators GOLDM: price 156251.00, vol 5.00, atr% 0.16, rc 0.63
2026-02-10 20:27:17,643 - INFO - Indicators GOLDMINI: price 156251.00, vol 5.00, atr% 0.16, rc 0.63
2026-02-10 20:27:17,659 - INFO - Indicators SILVER: price 260752.00, vol 5.00, atr% 0.42, rc 0.72
2026-02-10 20:27:17,662 - INFO - Indicators SILVERM: price 268379.00, vol 5.00, atr% 0.39, rc 0.70
2026-02-10 20:27:17,666 - INFO - Indicators SILVERMIC: price 268328.00, vol 5.00, atr% 0.42, rc 0.67
2026-02-10 20:27:17,680 - INFO - Indicators CRUDEOILM: price 5845.00, vol 5.00, atr% 0.20, rc 0.78
2026-02-10 20:27:17,690 - INFO - Indicators CRUDEOILMINI: price 5845.00, vol 5.00, atr% 0.20, rc 0.78
2026-02-10 20:27:18,760 - INFO - Strategy Validation - Win Rate: 18.2%, Profit Factor: 3518.87
2026-02-10 20:27:20,880 - INFO - ALERT SENT: SILVER NEW SIGNAL
2026-02-10 20:27:20,883 - INFO - [35mExecution Triggered for SILVER. Conf >= 7.8 and Position is Closed.[0m
2026-02-10 20:27:20,883 - ERROR - [31mFailed to execute commodity BULLISH strategy for SILVER[0m
2026-02-10 20:27:20,967 - INFO - 👋 System Shutdown Complete. Portfolio saved.
2026-02-10 20:27:25,695 - INFO - ╔══════════════════════════════════════════════════════════╗
2026-02-10 20:27:25,695 - INFO - ║   ULTIMATE F&O OPTIONS TRADER - LIVE READY VERSION       ║
2026-02-10 20:27:25,695 - INFO - ╚══════════════════════════════════════════════════════════╝
2026-02-10 20:27:25,729 - INFO - Kite access token loaded from file.
2026-02-10 20:27:26,028 - INFO - Kite session verified for user: Anju Kumari
2026-02-10 20:27:27,178 - INFO - Dynamically fetched 212 F&O symbols.
2026-02-10 20:27:28,045 - INFO - Dynamically fetched 29 commodity symbols from MCX.
2026-02-10 20:27:28,050 - INFO - Lot sizes verified and cached from Kite.
2026-02-10 20:27:29,116 - INFO - NFO cache refreshed: 46778 instruments
2026-02-10 20:27:30,011 - INFO - MCX cache refreshed: 37947 instruments
2026-02-10 20:27:30,011 - INFO - Fetching all NSE equity instruments for token mapping...
2026-02-10 20:27:30,186 - INFO - NSE instrument map loaded: 16429 mappings
2026-02-10 20:27:30,192 - INFO - 📊 Trader Initialized. F&O Stocks: 212
2026-02-10 20:27:30,192 - INFO - 💰 Mode: PAPER. Capital: ₹250,000
2026-02-10 20:27:30,192 - INFO - 🎯 Strategy: GOLDMINI_PINE (Conf=7.8, R:R=1.7, Lots=2x)
2026-02-10 20:27:32,278 - INFO - Dynamic Telegram Chat ID detected: 8431274192
2026-02-10 20:27:32,286 - INFO - 🤖 Telegram alerts ENABLED. Chat ID: 8431274192
2026-02-10 20:27:33,685 - WARNING - [33m❌ Ignoring switch to GOLDMINI_PINE for COMMODITY instance. Staying on GOLDMINI_PINE.[0m
2026-02-10 20:27:33,685 - INFO - [36m--- MANUAL START: Strategy forced to GOLDMINI_PINE ---[0m
2026-02-10 20:27:33,686 - INFO - [32mEmitting initial dashboard data on startup...[0m
2026-02-10 20:27:35,881 - INFO - ✅ Automatic utility schedule setup complete.
2026-02-10 20:27:35,881 - INFO - 📋 Scheduled daily audit summary at 15:20.
2026-02-10 20:27:35,882 - INFO - 🔄 Scheduled hourly broker reconciliation.
2026-02-10 20:27:35,882 - INFO - [32m🚀 Starting continuous scanner and utility threads.[0m
2026-02-10 20:27:35,883 - WARNING - [33m❌ Ignoring switch to GOLDMINI_PINE for COMMODITY instance. Staying on GOLDMINI_PINE.[0m
2026-02-10 20:27:35,884 - INFO - ⚙️ Commodity scan list prepared: 7 symbols (tokens available for 7)
2026-02-10 20:27:35,885 - WARNING - Nifty data missing for regime assessment. Defaulting to HIGH_CONVICTION.
2026-02-10 20:27:43,640 - INFO - Indicators GOLDM: price 156150.00, vol 5.00, atr% 0.16, rc 0.54
2026-02-10 20:27:43,643 - INFO - Indicators GOLDMINI: price 156150.00, vol 5.00, atr% 0.16, rc 0.54
2026-02-10 20:27:43,645 - INFO - Indicators SILVER: price 260489.00, vol 5.00, atr% 0.40, rc 0.73
2026-02-10 20:27:43,647 - INFO - Indicators SILVERM: price 268148.00, vol 5.00, atr% 0.40, rc 0.70
2026-02-10 20:27:43,649 - INFO - Indicators SILVERMIC: price 268062.00, vol 5.00, atr% 0.42, rc 0.64
2026-02-10 20:27:43,650 - INFO - Indicators CRUDEOILM: price 5848.00, vol 5.00, atr% 0.20, rc 0.88
2026-02-10 20:27:43,652 - INFO - Indicators CRUDEOILMINI: price 5848.00, vol 5.00, atr% 0.20, rc 0.88
2026-02-10 20:27:44,352 - INFO - 🌐 Starting Dashboard at http://0.0.0.0:5024/
2026-02-10 20:27:44,357 - INFO - [32mSystem running continuously. Access dashboard at http://0.0.0.0:5024/. Press Ctrl+C to stop.[0m
2026-02-10 20:27:49,373 - WARNING - [33m❌ Ignoring switch to GOLDMINI_PINE for COMMODITY instance. Staying on GOLDMINI_PINE.[0m
2026-02-10 20:27:49,373 - INFO - ⚙️ Commodity scan list prepared: 7 symbols (tokens available for 7)
2026-02-10 20:27:49,374 - WARNING - Nifty data missing for regime assessment. Defaulting to HIGH_CONVICTION.
2026-02-10 20:27:57,151 - INFO - Indicators GOLDM: price 156114.00, vol 5.00, atr% 0.16, rc 0.53
2026-02-10 20:27:57,157 - INFO - Indicators GOLDMINI: price 156114.00, vol 5.00, atr% 0.16, rc 0.53
2026-02-10 20:27:57,161 - INFO - Indicators SILVER: price 260489.00, vol 5.00, atr% 0.40, rc 0.67
2026-02-10 20:27:57,166 - INFO - Indicators SILVERM: price 268085.00, vol 5.00, atr% 0.40, rc 0.57
2026-02-10 20:27:57,175 - INFO - Indicators SILVERMIC: price 268078.00, vol 5.00, atr% 0.43, rc 0.63
2026-02-10 20:27:57,182 - INFO - Indicators CRUDEOILM: price 5851.00, vol 5.00, atr% 0.20, rc 0.90
2026-02-10 20:27:57,189 - INFO - Indicators CRUDEOILMINI: price 5851.00, vol 5.00, atr% 0.20, rc 0.90
2026-02-10 20:28:31,719 - WARNING - [33m❌ Ignoring switch to GOLDMINI_PINE for COMMODITY instance. Staying on GOLDMINI_PINE.[0m
2026-02-10 20:28:31,721 - INFO - ⚙️ Commodity scan list prepared: 7 symbols (tokens available for 7)
2026-02-10 20:28:31,721 - WARNING - Nifty data missing for regime assessment. Defaulting to HIGH_CONVICTION.
2026-02-10 20:28:38,664 - INFO - Indicators GOLDM: price 156240.00, vol 5.00, atr% 0.18, rc 0.61
2026-02-10 20:28:38,666 - INFO - Indicators GOLDMINI: price 156240.00, vol 5.00, atr% 0.18, rc 0.61
2026-02-10 20:28:38,668 - INFO - Indicators SILVER: price 260478.00, vol 5.00, atr% 0.45, rc 0.68
2026-02-10 20:28:38,670 - INFO - Indicators SILVERM: price 268290.00, vol 5.00, atr% 0.45, rc 0.64
2026-02-10 20:28:38,671 - INFO - Indicators SILVERMIC: price 268320.00, vol 5.00, atr% 0.48, rc 0.67
2026-02-10 20:28:38,674 - INFO - Indicators CRUDEOILM: price 5850.00, vol 5.00, atr% 0.20, rc 0.92
2026-02-10 20:28:38,676 - INFO - Indicators CRUDEOILMINI: price 5850.00, vol 5.00, atr% 0.20, rc 0.92
2026-02-10 20:29:13,140 - WARNING - [33m❌ Ignoring switch to GOLDMINI_PINE for COMMODITY instance. Staying on GOLDMINI_PINE.[0m
2026-02-10 20:29:13,141 - INFO - ⚙️ Commodity scan list prepared: 7 symbols (tokens available for 7)
2026-02-10 20:29:13,141 - WARNING - Nifty data missing for regime assessment. Defaulting to HIGH_CONVICTION.
2026-02-10 20:29:20,221 - INFO - Indicators GOLDM: price 156170.00, vol 5.00, atr% 0.17, rc 0.50
2026-02-10 20:29:20,223 - INFO - Indicators GOLDMINI: price 156170.00, vol 5.00, atr% 0.17, rc 0.50
2026-02-10 20:29:20,225 - INFO - Indicators SILVER: price 260562.00, vol 5.00, atr% 0.47, rc 0.67
2026-02-10 20:29:20,226 - INFO - Indicators SILVERM: price 268043.00, vol 5.00, atr% 0.45, rc 0.55
2026-02-10 20:29:20,228 - INFO - Indicators SILVERMIC: price 267888.00, vol 5.00, atr% 0.48, rc 0.51
2026-02-10 20:29:20,230 - INFO - Indicators CRUDEOILM: price 5852.00, vol 5.00, atr% 0.21, rc 0.88
2026-02-10 20:29:20,232 - INFO - Indicators CRUDEOILMINI: price 5852.00, vol 5.00, atr% 0.21, rc 0.88
2026-02-10 20:29:54,707 - WARNING - [33m❌ Ignoring switch to GOLDMINI_PINE for COMMODITY instance. Staying on GOLDMINI_PINE.[0m
2026-02-10 20:29:54,710 - INFO - ⚙️ Commodity scan list prepared: 7 symbols (tokens available for 7)
2026-02-10 20:29:54,710 - WARNING - Nifty data missing for regime assessment. Defaulting to HIGH_CONVICTION.
2026-02-10 20:30:01,910 - INFO - Indicators GOLDM: price 156097.00, vol 5.00, atr% 0.17, rc 0.56
2026-02-10 20:30:01,912 - INFO - Indicators GOLDMINI: price 156097.00, vol 5.00, atr% 0.17, rc 0.56
2026-02-10 20:30:01,914 - INFO - Indicators SILVER: price 260562.00, vol 5.00, atr% 0.44, rc 0.55
2026-02-10 20:30:01,916 - INFO - Indicators SILVERM: price 267830.00, vol 5.00, atr% 0.45, rc 0.54
2026-02-10 20:30:01,919 - INFO - Indicators SILVERMIC: price 267999.00, vol 5.00, atr% 0.48, rc 0.50
2026-02-10 20:30:01,921 - INFO - Indicators CRUDEOILM: price 5852.00, vol 5.00, atr% 0.21, rc 0.79
2026-02-10 20:30:01,924 - INFO - Indicators CRUDEOILMINI: price 5852.00, vol 5.00, atr% 0.21, rc 0.79
2026-02-10 20:30:36,272 - WARNING - [33m❌ Ignoring switch to GOLDMINI_PINE for COMMODITY instance. Staying on GOLDMINI_PINE.[0m
2026-02-10 20:30:36,273 - INFO - ⚙️ Commodity scan list prepared: 7 symbols (tokens available for 7)
2026-02-10 20:30:36,273 - WARNING - Nifty data missing for regime assessment. Defaulting to HIGH_CONVICTION.
2026-02-10 20:30:43,619 - INFO - Indicators GOLDM: price 156018.00, vol 5.00, atr% 0.17, rc 0.69
2026-02-10 20:30:43,623 - INFO - Indicators GOLDMINI: price 156018.00, vol 5.00, atr% 0.17, rc 0.69
2026-02-10 20:30:43,626 - INFO - Indicators SILVER: price 260000.00, vol 5.00, atr% 0.42, rc 0.66
2026-02-10 20:30:43,630 - INFO - Indicators SILVERM: price 267685.00, vol 5.00, atr% 0.43, rc 0.65
2026-02-10 20:30:43,636 - INFO - Indicators SILVERMIC: price 267702.00, vol 5.00, atr% 0.44, rc 0.64
2026-02-10 20:30:43,639 - INFO - Indicators CRUDEOILM: price 5854.00, vol 5.00, atr% 0.22, rc 0.78
2026-02-10 20:30:43,643 - INFO - Indicators CRUDEOILMINI: price 5854.00, vol 5.00, atr% 0.22, rc 0.78
2026-02-10 20:31:18,028 - WARNING - [33m❌ Ignoring switch to GOLDMINI_PINE for COMMODITY instance. Staying on GOLDMINI_PINE.[0m
2026-02-10 20:31:18,029 - INFO - ⚙️ Commodity scan list prepared: 7 symbols (tokens available for 7)
2026-02-10 20:31:18,029 - WARNING - Nifty data missing for regime assessment. Defaulting to HIGH_CONVICTION.
2026-02-10 20:31:25,061 - INFO - Indicators GOLDM: price 155900.00, vol 5.00, atr% 0.18, rc 0.90
2026-02-10 20:31:25,069 - INFO - Indicators GOLDMINI: price 155900.00, vol 5.00, atr% 0.18, rc 0.90
2026-02-10 20:31:25,075 - INFO - Indicators SILVER: price 259580.00, vol 5.00, atr% 0.44, rc 0.83
2026-02-10 20:31:25,084 - INFO - Indicators SILVERM: price 267182.00, vol 5.00, atr% 0.43, rc 0.85
2026-02-10 20:31:25,091 - INFO - Indicators SILVERMIC: price 267335.00, vol 5.00, atr% 0.45, rc 0.76
2026-02-10 20:31:25,094 - INFO - Indicators CRUDEOILM: price 5852.00, vol 5.00, atr% 0.21, rc 0.65
2026-02-10 20:31:25,098 - INFO - Indicators CRUDEOILMINI: price 5852.00, vol 5.00, atr% 0.21, rc 0.65
2026-02-10 20:31:26,224 - INFO - Strategy Validation - Win Rate: 18.2%, Profit Factor: 3518.87
2026-02-10 20:31:28,519 - INFO - ALERT SENT: SILVER NEW SIGNAL
2026-02-10 20:31:28,520 - INFO - [35mExecution Triggered for SILVER. Conf >= 7.8 and Position is Closed.[0m
2026-02-10 20:31:35,136 - INFO - ALERT SENT: SILVER TRADE EXECUTED
2026-02-10 20:31:35,137 - INFO - [32mSuccessfully executed commodity BEARISH strategy for SILVER[0m
2026-02-10 20:31:36,203 - INFO - Strategy Validation - Win Rate: 18.2%, Profit Factor: 3518.87
2026-02-10 20:31:38,425 - INFO - Skipping SILVERM: Correlated exposure detected (>= 0.70)
2026-02-10 20:31:39,536 - INFO - Strategy Validation - Win Rate: 18.2%, Profit Factor: 3518.87
2026-02-10 20:31:41,722 - INFO - Skipping SILVERMIC: Correlated exposure detected (>= 0.70)
2026-02-10 20:32:19,413 - WARNING - [33m❌ Ignoring switch to GOLDMINI_PINE for COMMODITY instance. Staying on GOLDMINI_PINE.[0m
2026-02-10 20:32:19,414 - INFO - ⚙️ Commodity scan list prepared: 7 symbols (tokens available for 7)
2026-02-10 20:32:19,415 - WARNING - Nifty data missing for regime assessment. Defaulting to HIGH_CONVICTION.
2026-02-10 20:32:26,449 - INFO - Indicators GOLDM: price 155903.00, vol 5.00, atr% 0.18, rc 0.87
2026-02-10 20:32:26,451 - INFO - Indicators GOLDMINI: price 155903.00, vol 5.00, atr% 0.18, rc 0.87
2026-02-10 20:32:26,452 - INFO - Indicators SILVER: price 259825.00, vol 5.00, atr% 0.43, rc 0.69
2026-02-10 20:32:26,454 - INFO - Indicators SILVERM: price 267436.00, vol 5.00, atr% 0.41, rc 0.75
2026-02-10 20:32:28,671 - INFO - Indicators SILVERMIC: price 267466.00, vol 5.00, atr% 0.44, rc 0.71
2026-02-10 20:32:30,951 - INFO - Indicators CRUDEOILM: price 5856.00, vol 5.00, atr% 0.21, rc 0.77
2026-02-10 20:32:30,953 - INFO - Indicators CRUDEOILMINI: price 5856.00, vol 5.00, atr% 0.21, rc 0.77
2026-02-10 20:32:32,054 - INFO - Strategy Validation - Win Rate: 18.2%, Profit Factor: 3518.87
2026-02-10 20:32:34,284 - INFO - Skipping SILVERM: Correlated exposure detected (>= 0.70)
2026-02-10 20:32:35,422 - INFO - Strategy Validation - Win Rate: 18.2%, Profit Factor: 3518.87
2026-02-10 20:32:37,730 - INFO - Skipping SILVERMIC: Correlated exposure detected (>= 0.70)
2026-02-10 20:33:15,539 - WARNING - [33m❌ Ignoring switch to GOLDMINI_PINE for COMMODITY instance. Staying on GOLDMINI_PINE.[0m
2026-02-10 20:33:15,541 - INFO - ⚙️ Commodity scan list prepared: 7 symbols (tokens available for 7)
2026-02-10 20:33:15,541 - WARNING - Nifty data missing for regime assessment. Defaulting to HIGH_CONVICTION.
2026-02-10 20:33:22,406 - INFO - Indicators GOLDM: price 155895.00, vol 5.00, atr% 0.19, rc 0.76
2026-02-10 20:33:22,408 - INFO - Indicators GOLDMINI: price 155895.00, vol 5.00, atr% 0.19, rc 0.76
2026-02-10 20:33:22,410 - INFO - Indicators SILVER: price 259200.00, vol 5.00, atr% 0.48, rc 0.80
2026-02-10 20:33:22,412 - INFO - Indicators SILVERM: price 267171.00, vol 5.00, atr% 0.48, rc 0.76
2026-02-10 20:33:24,634 - INFO - Indicators SILVERMIC: price 267136.00, vol 5.00, atr% 0.51, rc 0.73
2026-02-10 20:33:26,816 - INFO - Indicators CRUDEOILM: price 5850.00, vol 5.00, atr% 0.21, rc 0.54
2026-02-10 20:33:26,818 - INFO - Indicators CRUDEOILMINI: price 5850.00, vol 5.00, atr% 0.21, rc 0.54
2026-02-10 20:33:27,902 - INFO - Strategy Validation - Win Rate: 18.2%, Profit Factor: 3518.87
2026-02-10 20:33:28,980 - INFO - Strategy Validation - Win Rate: 18.2%, Profit Factor: 3518.87
2026-02-10 20:33:31,151 - INFO - Skipping SILVERM: Correlated exposure detected (>= 0.70)
2026-02-10 20:33:32,249 - INFO - Strategy Validation - Win Rate: 18.2%, Profit Factor: 3518.87
2026-02-10 20:33:34,448 - INFO - Skipping SILVERMIC: Correlated exposure detected (>= 0.70)
2026-02-10 20:34:12,174 - WARNING - [33m❌ Ignoring switch to GOLDMINI_PINE for COMMODITY instance. Staying on GOLDMINI_PINE.[0m
2026-02-10 20:34:12,175 - INFO - ⚙️ Commodity scan list prepared: 7 symbols (tokens available for 7)
2026-02-10 20:34:12,175 - WARNING - Nifty data missing for regime assessment. Defaulting to HIGH_CONVICTION.
2026-02-10 20:34:19,249 - INFO - Indicators GOLDM: price 155829.00, vol 5.00, atr% 0.19, rc 0.82
2026-02-10 20:34:19,252 - INFO - Indicators GOLDMINI: price 155829.00, vol 5.00, atr% 0.19, rc 0.82
2026-02-10 20:34:19,254 - INFO - Indicators SILVER: price 259367.00, vol 5.00, atr% 0.51, rc 0.77
2026-02-10 20:34:19,257 - INFO - Indicators SILVERM: price 267071.00, vol 5.00, atr% 0.48, rc 0.72
2026-02-10 20:34:21,465 - INFO - Indicators SILVERMIC: price 267228.00, vol 5.00, atr% 0.51, rc 0.64
2026-02-10 20:34:21,475 - INFO - Indicators CRUDEOILM: price 5852.00, vol 5.00, atr% 0.22, rc 0.49
2026-02-10 20:34:21,477 - INFO - Indicators CRUDEOILMINI: price 5852.00, vol 5.00, atr% 0.22, rc 0.49
2026-02-10 20:34:22,561 - INFO - Strategy Validation - Win Rate: 18.2%, Profit Factor: 3518.87
2026-02-10 20:34:23,678 - INFO - Strategy Validation - Win Rate: 18.2%, Profit Factor: 3518.87
2026-02-10 20:34:25,895 - INFO - Skipping SILVERM: Correlated exposure detected (>= 0.70)
2026-02-10 20:35:03,661 - WARNING - [33m❌ Ignoring switch to GOLDMINI_PINE for COMMODITY instance. Staying on GOLDMINI_PINE.[0m
2026-02-10 20:35:03,663 - INFO - ⚙️ Commodity scan list prepared: 7 symbols (tokens available for 7)
2026-02-10 20:35:03,663 - WARNING - Nifty data missing for regime assessment. Defaulting to HIGH_CONVICTION.
2026-02-10 20:35:10,582 - INFO - Indicators GOLDM: price 155888.00, vol 5.00, atr% 0.18, rc 0.67
2026-02-10 20:35:10,584 - INFO - Indicators GOLDMINI: price 155888.00, vol 5.00, atr% 0.18, rc 0.67
2026-02-10 20:35:10,586 - INFO - Indicators SILVER: price 259500.00, vol 5.00, atr% 0.49, rc 0.59
2026-02-10 20:35:10,588 - INFO - Indicators SILVERM: price 267564.00, vol 5.00, atr% 0.48, rc 0.50
2026-02-10 20:35:10,591 - INFO - Indicators SILVERMIC: price 267500.00, vol 5.00, atr% 0.50, rc 0.49
2026-02-10 20:35:10,593 - INFO - Indicators CRUDEOILM: price 5852.00, vol 5.00, atr% 0.22, rc 0.54
2026-02-10 20:35:10,595 - INFO - Indicators CRUDEOILMINI: price 5852.00, vol 5.00, atr% 0.22, rc 0.54
2026-02-10 20:35:48,389 - WARNING - [33m❌ Ignoring switch to GOLDMINI_PINE for COMMODITY instance. Staying on GOLDMINI_PINE.[0m
2026-02-10 20:35:48,390 - INFO - ⚙️ Commodity scan list prepared: 7 symbols (tokens available for 7)
2026-02-10 20:35:48,390 - WARNING - Nifty data missing for regime assessment. Defaulting to HIGH_CONVICTION.
2026-02-10 20:35:55,444 - INFO - Indicators GOLDM: price 155987.00, vol 5.00, atr% 0.19, rc 0.60
2026-02-10 20:35:55,446 - INFO - Indicators GOLDMINI: price 155987.00, vol 5.00, atr% 0.19, rc 0.60
2026-02-10 20:35:55,448 - INFO - Indicators SILVER: price 260124.00, vol 5.00, atr% 0.45, rc 0.55
2026-02-10 20:35:55,450 - INFO - Indicators SILVERM: price 267605.00, vol 5.00, atr% 0.44, rc 0.58
2026-02-10 20:35:55,452 - INFO - Indicators SILVERMIC: price 267699.00, vol 5.00, atr% 0.47, rc 0.60
2026-02-10 20:35:55,454 - INFO - Indicators CRUDEOILM: price 5850.00, vol 5.00, atr% 0.22, rc 0.56
2026-02-10 20:35:55,457 - INFO - Indicators CRUDEOILMINI: price 5850.00, vol 5.00, atr% 0.22, rc 0.56
2026-02-10 20:36:33,320 - WARNING - [33m❌ Ignoring switch to GOLDMINI_PINE for COMMODITY instance. Staying on GOLDMINI_PINE.[0m
2026-02-10 20:36:33,321 - INFO - ⚙️ Commodity scan list prepared: 7 symbols (tokens available for 7)
2026-02-10 20:36:33,321 - WARNING - Nifty data missing for regime assessment. Defaulting to HIGH_CONVICTION.
2026-02-10 20:36:40,276 - INFO - Indicators GOLDM: price 156050.00, vol 5.00, atr% 0.19, rc 0.68
2026-02-10 20:36:40,280 - INFO - Indicators GOLDMINI: price 156050.00, vol 5.00, atr% 0.19, rc 0.68
2026-02-10 20:36:40,283 - INFO - Indicators SILVER: price 260124.00, vol 5.00, atr% 0.46, rc 0.62
2026-02-10 20:36:40,285 - INFO - Indicators SILVERM: price 267537.00, vol 5.00, atr% 0.44, rc 0.51
2026-02-10 20:36:40,290 - INFO - Indicators SILVERMIC: price 267519.00, vol 5.00, atr% 0.46, rc 0.53
2026-02-10 20:36:40,294 - INFO - Indicators CRUDEOILM: price 5845.00, vol 5.00, atr% 0.22, rc 0.73
2026-02-10 20:36:40,297 - INFO - Indicators CRUDEOILMINI: price 5845.00, vol 5.00, atr% 0.22, rc 0.73
2026-02-10 20:37:18,163 - WARNING - [33m❌ Ignoring switch to GOLDMINI_PINE for COMMODITY instance. Staying on GOLDMINI_PINE.[0m
2026-02-10 20:37:18,185 - INFO - ⚙️ Commodity scan list prepared: 7 symbols (tokens available for 7)
2026-02-10 20:37:18,187 - WARNING - Nifty data missing for regime assessment. Defaulting to HIGH_CONVICTION.
2026-02-10 20:37:25,922 - INFO - Indicators GOLDM: price 156099.00, vol 5.00, atr% 0.19, rc 0.70
2026-02-10 20:37:25,925 - INFO - Indicators GOLDMINI: price 156099.00, vol 5.00, atr% 0.19, rc 0.70
2026-02-10 20:37:25,927 - INFO - Indicators SILVER: price 260386.00, vol 5.00, atr% 0.46, rc 0.64
2026-02-10 20:37:25,930 - INFO - Indicators SILVERM: price 267724.00, vol 5.00, atr% 0.43, rc 0.61
2026-02-10 20:37:25,932 - INFO - Indicators SILVERMIC: price 267700.00, vol 5.00, atr% 0.47, rc 0.56
2026-02-10 20:37:25,934 - INFO - Indicators CRUDEOILM: price 5851.00, vol 5.00, atr% 0.22, rc 0.61
2026-02-10 20:37:25,937 - INFO - Indicators CRUDEOILMINI: price 5851.00, vol 5.00, atr% 0.22, rc 0.61
2026-02-10 20:37:52,467 - WARNING - [33m❌ Ignoring switch to GOLDMINI_PINE for COMMODITY instance. Staying on GOLDMINI_PINE.[0m
2026-02-10 20:37:52,468 - INFO - ⚙️ Commodity scan list prepared: 7 symbols (tokens available for 7)
2026-02-10 20:37:52,468 - WARNING - Nifty data missing for regime assessment. Defaulting to HIGH_CONVICTION.
2026-02-10 20:37:59,331 - INFO - Indicators GOLDM: price 156095.00, vol 5.00, atr% 0.19, rc 0.76
2026-02-10 20:37:59,333 - INFO - Indicators GOLDMINI: price 156095.00, vol 5.00, atr% 0.19, rc 0.76
2026-02-10 20:37:59,335 - INFO - Indicators SILVER: price 260205.00, vol 5.00, atr% 0.46, rc 0.75
2026-02-10 20:37:59,336 - INFO - Indicators SILVERM: price 267721.00, vol 5.00, atr% 0.46, rc 0.64
2026-02-10 20:37:59,338 - INFO - Indicators SILVERMIC: price 267732.00, vol 5.00, atr% 0.49, rc 0.66
2026-02-10 20:37:59,340 - INFO - Indicators CRUDEOILM: price 5851.00, vol 5.00, atr% 0.21, rc 0.52
2026-02-10 20:37:59,342 - INFO - Indicators CRUDEOILMINI: price 5851.00, vol 5.00, atr% 0.21, rc 0.52
2026-02-10 20:38:08,027 - WARNING - [33m❌ Ignoring switch to GOLDMINI_PINE for COMMODITY instance. Staying on GOLDMINI_PINE.[0m
2026-02-10 20:38:08,027 - INFO - ⚙️ Commodity scan list prepared: 7 symbols (tokens available for 7)
2026-02-10 20:38:08,028 - WARNING - Nifty data missing for regime assessment. Defaulting to HIGH_CONVICTION.
2026-02-10 20:38:14,966 - INFO - Indicators GOLDM: price 156045.00, vol 5.00, atr% 0.19, rc 0.68
2026-02-10 20:38:14,968 - INFO - Indicators GOLDMINI: price 156045.00, vol 5.00, atr% 0.19, rc 0.68
2026-02-10 20:38:14,969 - INFO - Indicators SILVER: price 260205.00, vol 5.00, atr% 0.49, rc 0.73
2026-02-10 20:38:14,972 - INFO - Indicators SILVERM: price 267680.00, vol 5.00, atr% 0.49, rc 0.65
2026-02-10 20:38:14,973 - INFO - Indicators SILVERMIC: price 267827.00, vol 5.00, atr% 0.51, rc 0.63
2026-02-10 20:38:14,976 - INFO - Indicators CRUDEOILM: price 5847.00, vol 5.00, atr% 0.21, rc 0.57
2026-02-10 20:38:14,978 - INFO - Indicators CRUDEOILMINI: price 5847.00, vol 5.00, atr% 0.21, rc 0.57
2026-02-10 20:38:52,718 - WARNING - [33m❌ Ignoring switch to GOLDMINI_PINE for COMMODITY instance. Staying on GOLDMINI_PINE.[0m
2026-02-10 20:38:52,719 - INFO - ⚙️ Commodity scan list prepared: 7 symbols (tokens available for 7)
2026-02-10 20:38:52,720 - WARNING - Nifty data missing for regime assessment. Defaulting to HIGH_CONVICTION.
2026-02-10 20:38:59,662 - INFO - Indicators GOLDM: price 156130.00, vol 5.00, atr% 0.20, rc 0.80
2026-02-10 20:38:59,666 - INFO - Indicators GOLDMINI: price 156130.00, vol 5.00, atr% 0.20, rc 0.80
2026-02-10 20:38:59,671 - INFO - Indicators SILVER: price 259900.00, vol 5.00, atr% 0.52, rc 0.57
2026-02-10 20:38:59,674 - INFO - Indicators SILVERM: price 267737.00, vol 5.00, atr% 0.51, rc 0.60
2026-02-10 20:38:59,679 - INFO - Indicators SILVERMIC: price 267821.00, vol 5.00, atr% 0.53, rc 0.63
2026-02-10 20:38:59,683 - INFO - Indicators CRUDEOILM: price 5846.00, vol 5.00, atr% 0.22, rc 0.68
2026-02-10 20:38:59,688 - INFO - Indicators CRUDEOILMINI: price 5846.00, vol 5.00, atr% 0.22, rc 0.68
2026-02-10 20:39:37,336 - WARNING - [33m❌ Ignoring switch to GOLDMINI_PINE for COMMODITY instance. Staying on GOLDMINI_PINE.[0m
2026-02-10 20:39:37,337 - INFO - ⚙️ Commodity scan list prepared: 7 symbols (tokens available for 7)
2026-02-10 20:39:37,337 - WARNING - Nifty data missing for regime assessment. Defaulting to HIGH_CONVICTION.
2026-02-10 20:39:44,509 - INFO - Indicators GOLDM: price 156037.00, vol 5.00, atr% 0.19, rc 0.64
2026-02-10 20:39:44,512 - INFO - Indicators GOLDMINI: price 156037.00, vol 5.00, atr% 0.19, rc 0.64
2026-02-10 20:39:44,515 - INFO - Indicators SILVER: price 259560.00, vol 5.00, atr% 0.51, rc 0.52
2026-02-10 20:39:44,517 - INFO - Indicators SILVERM: price 267496.00, vol 5.00, atr% 0.49, rc 0.60
2026-02-10 20:39:44,520 - INFO - Indicators SILVERMIC: price 267400.00, vol 5.00, atr% 0.51, rc 0.53
2026-02-10 20:39:44,522 - INFO - Indicators CRUDEOILM: price 5844.00, vol 5.00, atr% 0.22, rc 0.68
2026-02-10 20:39:44,525 - INFO - Indicators CRUDEOILMINI: price 5844.00, vol 5.00, atr% 0.22, rc 0.68
2026-02-10 20:40:22,132 - WARNING - [33m❌ Ignoring switch to GOLDMINI_PINE for COMMODITY instance. Staying on GOLDMINI_PINE.[0m
2026-02-10 20:40:22,133 - INFO - ⚙️ Commodity scan list prepared: 7 symbols (tokens available for 7)
2026-02-10 20:40:22,134 - WARNING - Nifty data missing for regime assessment. Defaulting to HIGH_CONVICTION.
2026-02-10 20:40:29,326 - INFO - Indicators GOLDM: price 156182.00, vol 5.00, atr% 0.19, rc 0.67
2026-02-10 20:40:29,334 - INFO - Indicators GOLDMINI: price 156182.00, vol 5.00, atr% 0.19, rc 0.67
2026-02-10 20:40:29,344 - INFO - Indicators SILVER: price 259560.00, vol 5.00, atr% 0.48, rc 0.63
2026-02-10 20:40:29,357 - INFO - Indicators SILVERM: price 267780.00, vol 5.00, atr% 0.46, rc 0.50
2026-02-10 20:40:29,360 - INFO - Indicators SILVERMIC: price 267899.00, vol 5.00, atr% 0.47, rc 0.57
2026-02-10 20:40:29,378 - INFO - Indicators CRUDEOILM: price 5841.00, vol 5.00, atr% 0.23, rc 0.70
2026-02-10 20:40:29,382 - INFO - Indicators CRUDEOILMINI: price 5841.00, vol 5.00, atr% 0.23, rc 0.70
2026-02-10 20:41:07,235 - WARNING - [33m❌ Ignoring switch to GOLDMINI_PINE for COMMODITY instance. Staying on GOLDMINI_PINE.[0m
2026-02-10 20:41:07,237 - INFO - ⚙️ Commodity scan list prepared: 7 symbols (tokens available for 7)
2026-02-10 20:41:07,237 - WARNING - Nifty data missing for regime assessment. Defaulting to HIGH_CONVICTION.
2026-02-10 20:41:13,958 - INFO - Indicators GOLDM: price 156081.00, vol 5.00, atr% 0.19, rc 0.55
2026-02-10 20:41:13,963 - INFO - Indicators GOLDMINI: price 156081.00, vol 5.00, atr% 0.19, rc 0.55
2026-02-10 20:41:13,968 - INFO - Indicators SILVER: price 259910.00, vol 5.00, atr% 0.47, rc 0.55
2026-02-10 20:41:13,974 - INFO - Indicators SILVERM: price 267693.00, vol 5.00, atr% 0.45, rc 0.50
2026-02-10 20:41:13,982 - INFO - Indicators SILVERMIC: price 267763.00, vol 5.00, atr% 0.48, rc 0.52
2026-02-10 20:41:13,989 - INFO - Indicators CRUDEOILM: price 5843.00, vol 5.00, atr% 0.22, rc 0.54
2026-02-10 20:41:13,993 - INFO - Indicators CRUDEOILMINI: price 5843.00, vol 5.00, atr% 0.22, rc 0.54
2026-02-10 20:41:51,785 - WARNING - [33m❌ Ignoring switch to GOLDMINI_PINE for COMMODITY instance. Staying on GOLDMINI_PINE.[0m
2026-02-10 20:41:51,785 - INFO - ⚙️ Commodity scan list prepared: 7 symbols (tokens available for 7)
2026-02-10 20:41:51,785 - WARNING - Nifty data missing for regime assessment. Defaulting to HIGH_CONVICTION.
2026-02-10 20:41:58,687 - INFO - Indicators GOLDM: price 156184.00, vol 5.00, atr% 0.20, rc 0.54
2026-02-10 20:41:58,689 - INFO - Indicators GOLDMINI: price 156184.00, vol 5.00, atr% 0.20, rc 0.54
2026-02-10 20:41:58,691 - INFO - Indicators SILVER: price 259910.00, vol 5.00, atr% 0.49, rc 0.53
2026-02-10 20:41:58,692 - INFO - Indicators SILVERM: price 267850.00, vol 5.00, atr% 0.45, rc 0.52
2026-02-10 20:41:58,695 - INFO - Indicators SILVERMIC: price 267650.00, vol 5.00, atr% 0.48, rc 0.53
2026-02-10 20:41:58,697 - INFO - Indicators CRUDEOILM: price 5843.00, vol 5.00, atr% 0.22, rc 0.68
2026-02-10 20:41:58,698 - INFO - Indicators CRUDEOILMINI: price 5843.00, vol 5.00, atr% 0.22, rc 0.68
2026-02-10 20:42:36,464 - WARNING - [33m❌ Ignoring switch to GOLDMINI_PINE for COMMODITY instance. Staying on GOLDMINI_PINE.[0m
2026-02-10 20:42:36,465 - INFO - ⚙️ Commodity scan list prepared: 7 symbols (tokens available for 7)
2026-02-10 20:42:36,465 - WARNING - Nifty data missing for regime assessment. Defaulting to HIGH_CONVICTION.
2026-02-10 20:42:43,386 - INFO - Indicators GOLDM: price 156189.00, vol 5.00, atr% 0.19, rc 0.57
2026-02-10 20:42:43,389 - INFO - Indicators GOLDMINI: price 156189.00, vol 5.00, atr% 0.19, rc 0.57
2026-02-10 20:42:43,391 - INFO - Indicators SILVER: price 260131.00, vol 5.00, atr% 0.47, rc 0.56
2026-02-10 20:42:43,395 - INFO - Indicators SILVERM: price 267842.00, vol 5.00, atr% 0.46, rc 0.51
2026-02-10 20:42:43,401 - INFO - Indicators SILVERMIC: price 267672.00, vol 5.00, atr% 0.48, rc 0.56
2026-02-10 20:42:43,408 - INFO - Indicators CRUDEOILM: price 5842.00, vol 5.00, atr% 0.21, rc 0.72
2026-02-10 20:42:43,412 - INFO - Indicators CRUDEOILMINI: price 5842.00, vol 5.00, atr% 0.21, rc 0.72
2026-02-10 20:42:59,321 - INFO - 
Ctrl+C detected. Shutting down system.
2026-02-10 20:42:59,322 - INFO - 🛑 Automatic scheduler stopped.
2026-02-10 20:43:03,415 - INFO - ╔══════════════════════════════════════════════════════════╗
2026-02-10 20:43:03,415 - INFO - ║   ULTIMATE F&O OPTIONS TRADER - LIVE READY VERSION       ║
2026-02-10 20:43:03,415 - INFO - ╚══════════════════════════════════════════════════════════╝
2026-02-10 20:43:03,449 - INFO - 🌐 Starting Dashboard at http://0.0.0.0:5070/
2026-02-10 20:43:03,449 - INFO - [32mDashboard-only mode. Access dashboard at http://0.0.0.0:5070/. Press Ctrl+C to stop.[0m
2026-02-10 20:43:26,689 - INFO - 
Ctrl+C detected. Shutting down dashboard-only mode.
2026-02-10 20:43:31,045 - INFO - ╔══════════════════════════════════════════════════════════╗
2026-02-10 20:43:31,045 - INFO - ║   ULTIMATE F&O OPTIONS TRADER - LIVE READY VERSION       ║
2026-02-10 20:43:31,045 - INFO - ╚══════════════════════════════════════════════════════════╝
2026-02-10 20:43:31,074 - INFO - Kite access token loaded from file.
2026-02-10 20:43:31,298 - INFO - Kite session verified for user: Anju Kumari
2026-02-10 20:43:32,609 - INFO - Dynamically fetched 212 F&O symbols.
2026-02-10 20:43:33,420 - INFO - Dynamically fetched 29 commodity symbols from MCX.
2026-02-10 20:43:33,425 - INFO - Lot sizes verified and cached from Kite.
2026-02-10 20:43:34,423 - INFO - NFO cache refreshed: 46778 instruments
2026-02-10 20:43:35,206 - INFO - MCX cache refreshed: 37947 instruments
2026-02-10 20:43:35,206 - INFO - Fetching all NSE equity instruments for token mapping...
2026-02-10 20:43:35,520 - INFO - NSE instrument map loaded: 16429 mappings
2026-02-10 20:43:35,529 - INFO - 📊 Trader Initialized. F&O Stocks: 212
2026-02-10 20:43:35,529 - INFO - 💰 Mode: PAPER. Capital: ₹249,670
2026-02-10 20:43:35,529 - INFO - 🎯 Strategy: GOLDMINI_PINE (Conf=7.8, R:R=1.7, Lots=2x)
2026-02-10 20:43:37,533 - INFO - Dynamic Telegram Chat ID detected: 8431274192
2026-02-10 20:43:37,537 - INFO - 🤖 Telegram alerts ENABLED. Chat ID: 8431274192
2026-02-10 20:43:39,928 - WARNING - [33m❌ Ignoring switch to GOLDMINI_PINE for COMMODITY instance. Staying on GOLDMINI_PINE.[0m
2026-02-10 20:43:39,928 - INFO - [36m--- MANUAL START: Strategy forced to GOLDMINI_PINE ---[0m
2026-02-10 20:43:39,928 - INFO - [32mEmitting initial dashboard data on startup...[0m
2026-02-10 20:43:43,250 - INFO - ✅ Automatic utility schedule setup complete.
2026-02-10 20:43:43,251 - INFO - 📋 Scheduled daily audit summary at 15:20.
2026-02-10 20:43:43,251 - INFO - 🔄 Scheduled hourly broker reconciliation.
2026-02-10 20:43:43,251 - INFO - [32m🚀 Starting continuous scanner and utility threads.[0m
2026-02-10 20:43:43,251 - WARNING - [33m❌ Ignoring switch to GOLDMINI_PINE for COMMODITY instance. Staying on GOLDMINI_PINE.[0m
2026-02-10 20:43:43,252 - INFO - ⚙️ Commodity scan list prepared: 7 symbols (tokens available for 7)
2026-02-10 20:43:43,252 - WARNING - Nifty data missing for regime assessment. Defaulting to HIGH_CONVICTION.
2026-02-10 20:43:47,257 - INFO - 🌐 Starting Dashboard at http://0.0.0.0:5024/
2026-02-10 20:43:47,258 - INFO - [32mSystem running continuously. Access dashboard at http://0.0.0.0:5024/. Press Ctrl+C to stop.[0m
2026-02-10 20:43:51,097 - INFO - Indicators GOLDM: price 156230.00, vol 5.00, atr% 0.21, rc 0.59
2026-02-10 20:43:51,102 - INFO - Indicators GOLDMINI: price 156230.00, vol 5.00, atr% 0.21, rc 0.59
2026-02-10 20:43:51,105 - INFO - Indicators SILVER: price 260000.00, vol 5.00, atr% 0.51, rc 0.52
2026-02-10 20:43:51,108 - INFO - Indicators SILVERM: price 267879.00, vol 5.00, atr% 0.50, rc 0.53
2026-02-10 20:43:51,111 - INFO - Indicators SILVERMIC: price 267834.00, vol 5.00, atr% 0.53, rc 0.52
2026-02-10 20:43:51,114 - INFO - Indicators CRUDEOILM: price 5845.00, vol 5.00, atr% 0.21, rc 0.52
2026-02-10 20:43:51,117 - INFO - Indicators CRUDEOILMINI: price 5845.00, vol 5.00, atr% 0.21, rc 0.52
2026-02-10 20:44:00,095 - WARNING - [33m❌ Ignoring switch to GOLDMINI_PINE for COMMODITY instance. Staying on GOLDMINI_PINE.[0m
2026-02-10 20:44:00,095 - INFO - ⚙️ Commodity scan list prepared: 7 symbols (tokens available for 7)
2026-02-10 20:44:00,096 - WARNING - Nifty data missing for regime assessment. Defaulting to HIGH_CONVICTION.
2026-02-10 20:44:07,848 - INFO - Indicators GOLDM: price 156195.00, vol 5.00, atr% 0.20, rc 0.58
2026-02-10 20:44:07,852 - INFO - Indicators GOLDMINI: price 156195.00, vol 5.00, atr% 0.20, rc 0.58
2026-02-10 20:44:07,857 - INFO - Indicators SILVER: price 259889.00, vol 5.00, atr% 0.52, rc 0.50
2026-02-10 20:44:07,860 - INFO - Indicators SILVERM: price 267500.00, vol 5.00, atr% 0.49, rc 0.55
2026-02-10 20:44:07,863 - INFO - Indicators SILVERMIC: price 267521.00, vol 5.00, atr% 0.52, rc 0.58
2026-02-10 20:44:07,871 - INFO - Indicators CRUDEOILM: price 5842.00, vol 5.00, atr% 0.21, rc 0.59
2026-02-10 20:44:07,877 - INFO - Indicators CRUDEOILMINI: price 5842.00, vol 5.00, atr% 0.21, rc 0.59
2026-02-10 20:44:45,709 - WARNING - [33m❌ Ignoring switch to GOLDMINI_PINE for COMMODITY instance. Staying on GOLDMINI_PINE.[0m
2026-02-10 20:44:45,710 - INFO - ⚙️ Commodity scan list prepared: 7 symbols (tokens available for 7)
2026-02-10 20:44:45,710 - WARNING - Nifty data missing for regime assessment. Defaulting to HIGH_CONVICTION.
2026-02-10 20:44:52,847 - INFO - Indicators GOLDM: price 156169.00, vol 5.00, atr% 0.19, rc 0.60
2026-02-10 20:44:52,850 - INFO - Indicators GOLDMINI: price 156169.00, vol 5.00, atr% 0.19, rc 0.60
2026-02-10 20:44:52,856 - INFO - Indicators SILVER: price 259800.00, vol 5.00, atr% 0.49, rc 0.55
2026-02-10 20:44:52,858 - INFO - Indicators SILVERM: price 267676.00, vol 5.00, atr% 0.48, rc 0.50
2026-02-10 20:44:52,860 - INFO - Indicators SILVERMIC: price 267604.00, vol 5.00, atr% 0.50, rc 0.50
2026-02-10 20:44:52,863 - INFO - Indicators CRUDEOILM: price 5847.00, vol 5.00, atr% 0.21, rc 0.57
2026-02-10 20:44:52,865 - INFO - Indicators CRUDEOILMINI: price 5847.00, vol 5.00, atr% 0.21, rc 0.57
2026-02-10 20:45:30,611 - WARNING - [33m❌ Ignoring switch to GOLDMINI_PINE for COMMODITY instance. Staying on GOLDMINI_PINE.[0m
2026-02-10 20:45:30,612 - INFO - ⚙️ Commodity scan list prepared: 7 symbols (tokens available for 7)
2026-02-10 20:45:30,612 - WARNING - Nifty data missing for regime assessment. Defaulting to HIGH_CONVICTION.
2026-02-10 20:45:37,659 - INFO - Indicators GOLDM: price 156199.00, vol 5.00, atr% 0.19, rc 0.54
2026-02-10 20:45:37,662 - INFO - Indicators GOLDMINI: price 156199.00, vol 5.00, atr% 0.19, rc 0.54
2026-02-10 20:45:37,664 - INFO - Indicators SILVER: price 259823.00, vol 5.00, atr% 0.46, rc 0.56
2026-02-10 20:45:37,667 - INFO - Indicators SILVERM: price 267485.00, vol 5.00, atr% 0.45, rc 0.57
2026-02-10 20:45:37,670 - INFO - Indicators SILVERMIC: price 267473.00, vol 5.00, atr% 0.46, rc 0.58
2026-02-10 20:45:37,672 - INFO - Indicators CRUDEOILM: price 5842.00, vol 5.00, atr% 0.22, rc 0.52
2026-02-10 20:45:37,674 - INFO - Indicators CRUDEOILMINI: price 5842.00, vol 5.00, atr% 0.22, rc 0.52
2026-02-10 20:46:15,488 - WARNING - [33m❌ Ignoring switch to GOLDMINI_PINE for COMMODITY instance. Staying on GOLDMINI_PINE.[0m
2026-02-10 20:46:15,491 - INFO - ⚙️ Commodity scan list prepared: 7 symbols (tokens available for 7)
2026-02-10 20:46:15,492 - WARNING - Nifty data missing for regime assessment. Defaulting to HIGH_CONVICTION.
2026-02-10 20:46:22,713 - INFO - Indicators GOLDM: price 156131.00, vol 5.00, atr% 0.20, rc 0.56
2026-02-10 20:46:22,716 - INFO - Indicators GOLDMINI: price 156131.00, vol 5.00, atr% 0.20, rc 0.56
2026-02-10 20:46:22,719 - INFO - Indicators SILVER: price 259400.00, vol 5.00, atr% 0.48, rc 0.62
2026-02-10 20:46:22,722 - INFO - Indicators SILVERM: price 267453.00, vol 5.00, atr% 0.46, rc 0.55
2026-02-10 20:46:22,725 - INFO - Indicators SILVERMIC: price 267426.00, vol 5.00, atr% 0.47, rc 0.62
2026-02-10 20:46:22,728 - INFO - Indicators CRUDEOILM: price 5840.00, vol 5.00, atr% 0.22, rc 0.59
2026-02-10 20:46:22,730 - INFO - Indicators CRUDEOILMINI: price 5840.00, vol 5.00, atr% 0.22, rc 0.59
2026-02-10 20:47:00,396 - WARNING - [33m❌ Ignoring switch to GOLDMINI_PINE for COMMODITY instance. Staying on GOLDMINI_PINE.[0m
2026-02-10 20:47:00,399 - INFO - ⚙️ Commodity scan list prepared: 7 symbols (tokens available for 7)
2026-02-10 20:47:00,399 - WARNING - Nifty data missing for regime assessment. Defaulting to HIGH_CONVICTION.
2026-02-10 20:47:07,298 - INFO - Indicators GOLDM: price 156145.00, vol 5.00, atr% 0.20, rc 0.53
2026-02-10 20:47:07,314 - INFO - Indicators GOLDMINI: price 156145.00, vol 5.00, atr% 0.20, rc 0.53
2026-02-10 20:47:07,326 - INFO - Indicators SILVER: price 259400.00, vol 5.00, atr% 0.50, rc 0.61
2026-02-10 20:47:07,344 - INFO - Indicators SILVERM: price 267311.00, vol 5.00, atr% 0.47, rc 0.59
2026-02-10 20:47:07,347 - INFO - Indicators SILVERMIC: price 267350.00, vol 5.00, atr% 0.49, rc 0.57
2026-02-10 20:47:07,350 - INFO - Indicators CRUDEOILM: price 5844.00, vol 5.00, atr% 0.22, rc 0.57
2026-02-10 20:47:07,354 - INFO - Indicators CRUDEOILMINI: price 5844.00, vol 5.00, atr% 0.22, rc 0.57
2026-02-10 20:47:45,005 - WARNING - [33m❌ Ignoring switch to GOLDMINI_PINE for COMMODITY instance. Staying on GOLDMINI_PINE.[0m
2026-02-10 20:47:45,009 - INFO - ⚙️ Commodity scan list prepared: 7 symbols (tokens available for 7)
2026-02-10 20:47:45,009 - WARNING - Nifty data missing for regime assessment. Defaulting to HIGH_CONVICTION.
2026-02-10 20:47:52,172 - INFO - Indicators GOLDM: price 156197.00, vol 5.00, atr% 0.19, rc 0.51
2026-02-10 20:47:52,176 - INFO - Indicators GOLDMINI: price 156197.00, vol 5.00, atr% 0.19, rc 0.51
2026-02-10 20:47:52,179 - INFO - Indicators SILVER: price 259816.00, vol 5.00, atr% 0.49, rc 0.57
2026-02-10 20:47:52,184 - INFO - Indicators SILVERM: price 267537.00, vol 5.00, atr% 0.46, rc 0.58
2026-02-10 20:47:52,188 - INFO - Indicators SILVERMIC: price 267477.00, vol 5.00, atr% 0.48, rc 0.60
2026-02-10 20:47:52,198 - INFO - Indicators CRUDEOILM: price 5845.00, vol 5.00, atr% 0.21, rc 0.59
2026-02-10 20:47:52,219 - INFO - Indicators CRUDEOILMINI: price 5845.00, vol 5.00, atr% 0.21, rc 0.59
2026-02-10 20:48:29,940 - WARNING - [33m❌ Ignoring switch to GOLDMINI_PINE for COMMODITY instance. Staying on GOLDMINI_PINE.[0m
2026-02-10 20:48:29,941 - INFO - ⚙️ Commodity scan list prepared: 7 symbols (tokens available for 7)
2026-02-10 20:48:29,941 - WARNING - Nifty data missing for regime assessment. Defaulting to HIGH_CONVICTION.
2026-02-10 20:48:37,130 - INFO - Indicators GOLDM: price 156152.00, vol 5.00, atr% 0.21, rc 0.50
2026-02-10 20:48:37,142 - INFO - Indicators GOLDMINI: price 156152.00, vol 5.00, atr% 0.21, rc 0.50
2026-02-10 20:48:37,153 - INFO - Indicators SILVER: price 259932.00, vol 5.00, atr% 0.52, rc 0.50
2026-02-10 20:48:37,155 - INFO - Indicators SILVERM: price 267630.00, vol 5.00, atr% 0.50, rc 0.50
2026-02-10 20:48:37,158 - INFO - Indicators SILVERMIC: price 267799.00, vol 5.00, atr% 0.52, rc 0.54
2026-02-10 20:48:37,170 - INFO - Indicators CRUDEOILM: price 5847.00, vol 5.00, atr% 0.21, rc 0.62
2026-02-10 20:48:37,176 - INFO - Indicators CRUDEOILMINI: price 5847.00, vol 5.00, atr% 0.21, rc 0.62
2026-02-10 20:49:14,870 - WARNING - [33m❌ Ignoring switch to GOLDMINI_PINE for COMMODITY instance. Staying on GOLDMINI_PINE.[0m
2026-02-10 20:49:14,871 - INFO - ⚙️ Commodity scan list prepared: 7 symbols (tokens available for 7)
2026-02-10 20:49:14,871 - WARNING - Nifty data missing for regime assessment. Defaulting to HIGH_CONVICTION.
2026-02-10 20:49:21,592 - INFO - Indicators GOLDM: price 156183.00, vol 5.00, atr% 0.20, rc 0.51
2026-02-10 20:49:21,595 - INFO - Indicators GOLDMINI: price 156183.00, vol 5.00, atr% 0.20, rc 0.51
2026-02-10 20:49:21,611 - INFO - Indicators SILVER: price 259932.00, vol 5.00, atr% 0.53, rc 0.52
2026-02-10 20:49:21,614 - INFO - Indicators SILVERM: price 267748.00, vol 5.00, atr% 0.49, rc 0.55
2026-02-10 20:49:21,618 - INFO - Indicators SILVERMIC: price 267925.00, vol 5.00, atr% 0.51, rc 0.54
2026-02-10 20:49:21,622 - INFO - Indicators CRUDEOILM: price 5855.00, vol 5.00, atr% 0.22, rc 0.73
2026-02-10 20:49:21,625 - INFO - Indicators CRUDEOILMINI: price 5855.00, vol 5.00, atr% 0.22, rc 0.73
2026-02-10 20:49:59,447 - WARNING - [33m❌ Ignoring switch to GOLDMINI_PINE for COMMODITY instance. Staying on GOLDMINI_PINE.[0m
2026-02-10 20:49:59,448 - INFO - ⚙️ Commodity scan list prepared: 7 symbols (tokens available for 7)
2026-02-10 20:49:59,448 - WARNING - Nifty data missing for regime assessment. Defaulting to HIGH_CONVICTION.
2026-02-10 20:50:06,994 - INFO - Indicators GOLDM: price 156195.00, vol 5.00, atr% 0.19, rc 0.55
2026-02-10 20:50:06,996 - INFO - Indicators GOLDMINI: price 156195.00, vol 5.00, atr% 0.19, rc 0.55
2026-02-10 20:50:06,999 - INFO - Indicators SILVER: price 259884.00, vol 5.00, atr% 0.50, rc 0.51
2026-02-10 20:50:07,004 - INFO - Indicators SILVERM: price 267913.00, vol 5.00, atr% 0.47, rc 0.58
2026-02-10 20:50:07,006 - INFO - Indicators SILVERMIC: price 267893.00, vol 5.00, atr% 0.48, rc 0.58
2026-02-10 20:50:07,013 - INFO - Indicators CRUDEOILM: price 5857.00, vol 5.00, atr% 0.23, rc 0.70
2026-02-10 20:50:07,015 - INFO - Indicators CRUDEOILMINI: price 5857.00, vol 5.00, atr% 0.23, rc 0.70
2026-02-10 20:50:44,788 - WARNING - [33m❌ Ignoring switch to GOLDMINI_PINE for COMMODITY instance. Staying on GOLDMINI_PINE.[0m
2026-02-10 20:50:44,790 - INFO - ⚙️ Commodity scan list prepared: 7 symbols (tokens available for 7)
2026-02-10 20:50:44,792 - WARNING - Nifty data missing for regime assessment. Defaulting to HIGH_CONVICTION.
2026-02-10 20:50:51,580 - INFO - Indicators GOLDM: price 156169.00, vol 5.00, atr% 0.19, rc 0.57
2026-02-10 20:50:51,587 - INFO - Indicators GOLDMINI: price 156169.00, vol 5.00, atr% 0.19, rc 0.57
2026-02-10 20:50:51,594 - INFO - Indicators SILVER: price 259964.00, vol 5.00, atr% 0.45, rc 0.65
2026-02-10 20:50:51,603 - INFO - Indicators SILVERM: price 267755.00, vol 5.00, atr% 0.46, rc 0.67
2026-02-10 20:50:51,606 - INFO - Indicators SILVERMIC: price 268013.00, vol 5.00, atr% 0.46, rc 0.69
2026-02-10 20:50:51,613 - INFO - Indicators CRUDEOILM: price 5863.00, vol 5.00, atr% 0.24, rc 0.90
2026-02-10 20:50:53,790 - INFO - Indicators CRUDEOILMINI: price 5863.00, vol 5.00, atr% 0.24, rc 0.90
2026-02-10 20:50:58,260 - INFO - Strategy Validation - Win Rate: 18.2%, Profit Factor: 3518.87
2026-02-10 20:51:02,720 - INFO - ALERT SENT: CRUDEOILM NEW SIGNAL
2026-02-10 20:51:02,722 - INFO - [35mExecution Triggered for CRUDEOILM. Conf >= 7.8 and Position is Closed.[0m
2026-02-10 20:51:08,255 - INFO - ALERT SENT: CRUDEOILM TRADE EXECUTED
2026-02-10 20:51:08,256 - INFO - [32mSuccessfully executed commodity BULLISH strategy for CRUDEOILM[0m
2026-02-10 20:51:08,274 - ERROR - CRITICAL: No future expiry dates found in MCX cache for CRUDEOILMINI. Defaulting to +30 days.
2026-02-10 20:51:08,481 - ERROR - CRITICAL: No future expiry dates found in MCX cache for CRUDEOILMINI. Defaulting to +30 days.
2026-02-10 20:51:09,622 - INFO - Strategy Validation - Win Rate: 18.2%, Profit Factor: 3518.87
2026-02-10 20:51:14,008 - INFO - Skipping CRUDEOILMINI: Correlated exposure detected (>= 0.70)
2026-02-10 20:51:52,886 - WARNING - [33m❌ Ignoring switch to GOLDMINI_PINE for COMMODITY instance. Staying on GOLDMINI_PINE.[0m
2026-02-10 20:51:52,888 - INFO - ⚙️ Commodity scan list prepared: 7 symbols (tokens available for 7)
2026-02-10 20:51:52,888 - WARNING - Nifty data missing for regime assessment. Defaulting to HIGH_CONVICTION.
2026-02-10 20:51:59,759 - INFO - Indicators GOLDM: price 156229.00, vol 5.00, atr% 0.20, rc 0.58
2026-02-10 20:51:59,766 - INFO - Indicators GOLDMINI: price 156229.00, vol 5.00, atr% 0.20, rc 0.58
2026-02-10 20:51:59,770 - INFO - Indicators SILVER: price 260245.00, vol 5.00, atr% 0.50, rc 0.69
2026-02-10 20:51:59,774 - INFO - Indicators SILVERM: price 267849.00, vol 5.00, atr% 0.46, rc 0.61
2026-02-10 20:51:59,777 - INFO - Indicators SILVERMIC: price 267855.00, vol 5.00, atr% 0.48, rc 0.61
2026-02-10 20:51:59,781 - INFO - Indicators CRUDEOILM: price 5861.00, vol 5.00, atr% 0.23, rc 0.87
2026-02-10 20:51:59,783 - INFO - Indicators CRUDEOILMINI: price 5861.00, vol 5.00, atr% 0.23, rc 0.87
2026-02-10 20:52:05,504 - INFO - 🔴 COMMODITY CLOSED: SILVER FUT | P&L: ₹-6 (-1.8%) (TIME EXIT)
2026-02-10 20:52:43,414 - WARNING - [33m❌ Ignoring switch to GOLDMINI_PINE for COMMODITY instance. Staying on GOLDMINI_PINE.[0m
2026-02-10 20:52:43,419 - INFO - ⚙️ Commodity scan list prepared: 7 symbols (tokens available for 7)
2026-02-10 20:52:43,420 - WARNING - Nifty data missing for regime assessment. Defaulting to HIGH_CONVICTION.
2026-02-10 20:52:50,374 - INFO - Indicators GOLDM: price 156274.00, vol 5.00, atr% 0.19, rc 0.57
2026-02-10 20:52:50,376 - INFO - Indicators GOLDMINI: price 156274.00, vol 5.00, atr% 0.19, rc 0.57
2026-02-10 20:52:50,378 - INFO - Indicators SILVER: price 260100.00, vol 5.00, atr% 0.47, rc 0.56
2026-02-10 20:52:50,379 - INFO - Indicators SILVERM: price 267969.00, vol 5.00, atr% 0.46, rc 0.60
2026-02-10 20:52:50,381 - INFO - Indicators SILVERMIC: price 267900.00, vol 5.00, atr% 0.48, rc 0.59
2026-02-10 20:52:50,383 - INFO - Indicators CRUDEOILM: price 5858.00, vol 5.00, atr% 0.21, rc 0.81
2026-02-10 20:52:50,386 - INFO - Indicators CRUDEOILMINI: price 5858.00, vol 5.00, atr% 0.21, rc 0.81
2026-02-10 20:53:28,107 - WARNING - [33m❌ Ignoring switch to GOLDMINI_PINE for COMMODITY instance. Staying on GOLDMINI_PINE.[0m
2026-02-10 20:53:28,108 - INFO - ⚙️ Commodity scan list prepared: 7 symbols (tokens available for 7)
2026-02-10 20:53:28,109 - WARNING - Nifty data missing for regime assessment. Defaulting to HIGH_CONVICTION.
2026-02-10 20:53:35,905 - INFO - Indicators GOLDM: price 156200.00, vol 5.00, atr% 0.20, rc 0.53
2026-02-10 20:53:35,908 - INFO - Indicators GOLDMINI: price 156200.00, vol 5.00, atr% 0.20, rc 0.53
2026-02-10 20:53:35,911 - INFO - Indicators SILVER: price 260100.00, vol 5.00, atr% 0.51, rc 0.53
2026-02-10 20:53:35,914 - INFO - Indicators SILVERM: price 268100.00, vol 5.00, atr% 0.49, rc 0.60
2026-02-10 20:53:35,918 - INFO - Indicators SILVERMIC: price 268017.00, vol 5.00, atr% 0.51, rc 0.54
2026-02-10 20:53:35,920 - INFO - Indicators CRUDEOILM: price 5859.00, vol 5.00, atr% 0.21, rc 0.79
2026-02-10 20:53:35,922 - INFO - Indicators CRUDEOILMINI: price 5859.00, vol 5.00, atr% 0.21, rc 0.79
2026-02-10 20:53:59,829 - WARNING - [33m❌ Ignoring switch to GOLDMINI_PINE for COMMODITY instance. Staying on GOLDMINI_PINE.[0m
2026-02-10 20:53:59,830 - INFO - ⚙️ Commodity scan list prepared: 7 symbols (tokens available for 7)
2026-02-10 20:53:59,830 - WARNING - Nifty data missing for regime assessment. Defaulting to HIGH_CONVICTION.
2026-02-10 20:54:07,192 - INFO - Indicators GOLDM: price 156200.00, vol 5.00, atr% 0.20, rc 0.56
2026-02-10 20:54:07,197 - INFO - Indicators GOLDMINI: price 156200.00, vol 5.00, atr% 0.20, rc 0.56
2026-02-10 20:54:07,201 - INFO - Indicators SILVER: price 260100.00, vol 5.00, atr% 0.52, rc 0.56
2026-02-10 20:54:07,204 - INFO - Indicators SILVERM: price 267932.00, vol 5.00, atr% 0.48, rc 0.54
2026-02-10 20:54:07,207 - INFO - Indicators SILVERMIC: price 268103.00, vol 5.00, atr% 0.50, rc 0.57
2026-02-10 20:54:07,211 - INFO - Indicators CRUDEOILM: price 5858.00, vol 5.00, atr% 0.20, rc 0.65
2026-02-10 20:54:07,214 - INFO - Indicators CRUDEOILMINI: price 5858.00, vol 5.00, atr% 0.20, rc 0.65
2026-02-10 20:54:16,047 - WARNING - [33m❌ Ignoring switch to GOLDMINI_PINE for COMMODITY instance. Staying on GOLDMINI_PINE.[0m
2026-02-10 20:54:16,049 - INFO - ⚙️ Commodity scan list prepared: 7 symbols (tokens available for 7)
2026-02-10 20:54:16,049 - WARNING - Nifty data missing for regime assessment. Defaulting to HIGH_CONVICTION.
2026-02-10 20:54:23,082 - INFO - Indicators GOLDM: price 156214.00, vol 5.00, atr% 0.20, rc 0.53
2026-02-10 20:54:23,085 - INFO - Indicators GOLDMINI: price 156214.00, vol 5.00, atr% 0.20, rc 0.53
2026-02-10 20:54:23,089 - INFO - Indicators SILVER: price 260100.00, vol 5.00, atr% 0.53, rc 0.50
2026-02-10 20:54:23,092 - INFO - Indicators SILVERM: price 267932.00, vol 5.00, atr% 0.48, rc 0.54
2026-02-10 20:54:23,095 - INFO - Indicators SILVERMIC: price 268111.00, vol 5.00, atr% 0.50, rc 0.52
2026-02-10 20:54:23,098 - INFO - Indicators CRUDEOILM: price 5857.00, vol 5.00, atr% 0.21, rc 0.54
2026-02-10 20:54:23,100 - INFO - Indicators CRUDEOILMINI: price 5857.00, vol 5.00, atr% 0.21, rc 0.54
2026-02-10 20:55:00,897 - WARNING - [33m❌ Ignoring switch to GOLDMINI_PINE for COMMODITY instance. Staying on GOLDMINI_PINE.[0m
2026-02-10 20:55:00,899 - INFO - ⚙️ Commodity scan list prepared: 7 symbols (tokens available for 7)
2026-02-10 20:55:00,899 - WARNING - Nifty data missing for regime assessment. Defaulting to HIGH_CONVICTION.
2026-02-10 20:55:07,819 - INFO - Indicators GOLDM: price 156204.00, vol 5.00, atr% 0.19, rc 0.50
2026-02-10 20:55:07,821 - INFO - Indicators GOLDMINI: price 156204.00, vol 5.00, atr% 0.19, rc 0.50
2026-02-10 20:55:07,822 - INFO - Indicators SILVER: price 260100.00, vol 5.00, atr% 0.50, rc 0.55
2026-02-10 20:55:07,824 - INFO - Indicators SILVERM: price 267889.00, vol 5.00, atr% 0.46, rc 0.50
2026-02-10 20:55:07,828 - INFO - Indicators SILVERMIC: price 267847.00, vol 5.00, atr% 0.47, rc 0.51
2026-02-10 20:55:07,831 - INFO - Indicators CRUDEOILM: price 5852.00, vol 5.00, atr% 0.21, rc 0.61
2026-02-10 20:55:07,834 - INFO - Indicators CRUDEOILMINI: price 5852.00, vol 5.00, atr% 0.21, rc 0.61
2026-02-10 20:55:45,552 - WARNING - [33m❌ Ignoring switch to GOLDMINI_PINE for COMMODITY instance. Staying on GOLDMINI_PINE.[0m
2026-02-10 20:55:45,553 - INFO - ⚙️ Commodity scan list prepared: 7 symbols (tokens available for 7)
2026-02-10 20:55:45,553 - WARNING - Nifty data missing for regime assessment. Defaulting to HIGH_CONVICTION.
2026-02-10 20:55:53,430 - INFO - Indicators GOLDM: price 156158.00, vol 5.00, atr% 0.19, rc 0.51
2026-02-10 20:55:53,435 - INFO - Indicators GOLDMINI: price 156158.00, vol 5.00, atr% 0.19, rc 0.51
2026-02-10 20:55:53,438 - INFO - Indicators SILVER: price 260149.00, vol 5.00, atr% 0.45, rc 0.54
2026-02-10 20:55:53,442 - INFO - Indicators SILVERM: price 267833.00, vol 5.00, atr% 0.46, rc 0.51
2026-02-10 20:55:53,445 - INFO - Indicators SILVERMIC: price 267660.00, vol 5.00, atr% 0.46, rc 0.57
2026-02-10 20:55:53,450 - INFO - Indicators CRUDEOILM: price 5857.00, vol 5.00, atr% 0.23, rc 0.61
2026-02-10 20:55:53,452 - INFO - Indicators CRUDEOILMINI: price 5857.00, vol 5.00, atr% 0.23, rc 0.61
2026-02-10 20:56:31,197 - WARNING - [33m❌ Ignoring switch to GOLDMINI_PINE for COMMODITY instance. Staying on GOLDMINI_PINE.[0m
2026-02-10 20:56:31,198 - INFO - ⚙️ Commodity scan list prepared: 7 symbols (tokens available for 7)
2026-02-10 20:56:31,198 - WARNING - Nifty data missing for regime assessment. Defaulting to HIGH_CONVICTION.
2026-02-10 20:56:38,423 - INFO - Indicators GOLDM: price 156151.00, vol 5.00, atr% 0.19, rc 0.60
2026-02-10 20:56:38,428 - INFO - Indicators GOLDMINI: price 156151.00, vol 5.00, atr% 0.19, rc 0.60
2026-02-10 20:56:38,433 - INFO - Indicators SILVER: price 260149.00, vol 5.00, atr% 0.48, rc 0.58
2026-02-10 20:56:38,441 - INFO - Indicators SILVERM: price 267598.00, vol 5.00, atr% 0.45, rc 0.64
2026-02-10 20:56:38,445 - INFO - Indicators SILVERMIC: price 267749.00, vol 5.00, atr% 0.45, rc 0.61
2026-02-10 20:56:38,457 - INFO - Indicators CRUDEOILM: price 5852.00, vol 5.00, atr% 0.22, rc 0.68
2026-02-10 20:56:38,460 - INFO - Indicators CRUDEOILMINI: price 5852.00, vol 5.00, atr% 0.22, rc 0.68
2026-02-10 20:57:16,179 - WARNING - [33m❌ Ignoring switch to GOLDMINI_PINE for COMMODITY instance. Staying on GOLDMINI_PINE.[0m
2026-02-10 20:57:16,181 - INFO - ⚙️ Commodity scan list prepared: 7 symbols (tokens available for 7)
2026-02-10 20:57:16,181 - WARNING - Nifty data missing for regime assessment. Defaulting to HIGH_CONVICTION.
2026-02-10 20:57:23,033 - INFO - Indicators GOLDM: price 156120.00, vol 5.00, atr% 0.19, rc 0.60
2026-02-10 20:57:23,035 - INFO - Indicators GOLDMINI: price 156120.00, vol 5.00, atr% 0.19, rc 0.60
2026-02-10 20:57:23,045 - INFO - Indicators SILVER: price 259710.00, vol 5.00, atr% 0.46, rc 0.63
2026-02-10 20:57:23,048 - INFO - Indicators SILVERM: price 267550.00, vol 5.00, atr% 0.43, rc 0.58
2026-02-10 20:57:23,050 - INFO - Indicators SILVERMIC: price 267623.00, vol 5.00, atr% 0.45, rc 0.59
2026-02-10 20:57:23,052 - INFO - Indicators CRUDEOILM: price 5852.00, vol 5.00, atr% 0.21, rc 0.66
2026-02-10 20:57:23,054 - INFO - Indicators CRUDEOILMINI: price 5852.00, vol 5.00, atr% 0.21, rc 0.66
2026-02-10 20:58:00,992 - WARNING - [33m❌ Ignoring switch to GOLDMINI_PINE for COMMODITY instance. Staying on GOLDMINI_PINE.[0m
2026-02-10 20:58:00,993 - INFO - ⚙️ Commodity scan list prepared: 7 symbols (tokens available for 7)
2026-02-10 20:58:00,993 - WARNING - Nifty data missing for regime assessment. Defaulting to HIGH_CONVICTION.
2026-02-10 20:58:08,088 - INFO - Indicators GOLDM: price 156155.00, vol 5.00, atr% 0.18, rc 0.61
2026-02-10 20:58:08,090 - INFO - Indicators GOLDMINI: price 156155.00, vol 5.00, atr% 0.18, rc 0.61
2026-02-10 20:58:08,092 - INFO - Indicators SILVER: price 259710.00, vol 5.00, atr% 0.46, rc 0.59
2026-02-10 20:58:08,094 - INFO - Indicators SILVERM: price 267689.00, vol 5.00, atr% 0.45, rc 0.56
2026-02-10 20:58:08,097 - INFO - Indicators SILVERMIC: price 267524.00, vol 5.00, atr% 0.47, rc 0.62
2026-02-10 20:58:08,098 - INFO - Indicators CRUDEOILM: price 5852.00, vol 5.00, atr% 0.21, rc 0.66
2026-02-10 20:58:08,101 - INFO - Indicators CRUDEOILMINI: price 5852.00, vol 5.00, atr% 0.21, rc 0.66
2026-02-10 20:58:45,887 - WARNING - [33m❌ Ignoring switch to GOLDMINI_PINE for COMMODITY instance. Staying on GOLDMINI_PINE.[0m
2026-02-10 20:58:45,888 - INFO - ⚙️ Commodity scan list prepared: 7 symbols (tokens available for 7)
2026-02-10 20:58:45,888 - WARNING - Nifty data missing for regime assessment. Defaulting to HIGH_CONVICTION.
2026-02-10 20:58:52,860 - INFO - Indicators GOLDM: price 156100.00, vol 5.00, atr% 0.20, rc 0.59
2026-02-10 20:58:52,864 - INFO - Indicators GOLDMINI: price 156100.00, vol 5.00, atr% 0.20, rc 0.59
2026-02-10 20:58:52,866 - INFO - Indicators SILVER: price 259819.00, vol 5.00, atr% 0.50, rc 0.56
2026-02-10 20:58:52,870 - INFO - Indicators SILVERM: price 267350.00, vol 5.00, atr% 0.48, rc 0.63
2026-02-10 20:58:52,872 - INFO - Indicators SILVERMIC: price 267388.00, vol 5.00, atr% 0.50, rc 0.62
2026-02-10 20:58:52,879 - INFO - Indicators CRUDEOILM: price 5852.00, vol 5.00, atr% 0.21, rc 0.76
2026-02-10 20:58:52,885 - INFO - Indicators CRUDEOILMINI: price 5852.00, vol 5.00, atr% 0.21, rc 0.76
2026-02-10 20:59:30,626 - WARNING - [33m❌ Ignoring switch to GOLDMINI_PINE for COMMODITY instance. Staying on GOLDMINI_PINE.[0m
2026-02-10 20:59:30,627 - INFO - ⚙️ Commodity scan list prepared: 7 symbols (tokens available for 7)
2026-02-10 20:59:30,627 - WARNING - Nifty data missing for regime assessment. Defaulting to HIGH_CONVICTION.
2026-02-10 20:59:37,622 - INFO - Indicators GOLDM: price 156118.00, vol 5.00, atr% 0.18, rc 0.59
2026-02-10 20:59:37,626 - INFO - Indicators GOLDMINI: price 156118.00, vol 5.00, atr% 0.18, rc 0.59
2026-02-10 20:59:37,628 - INFO - Indicators SILVER: price 259783.00, vol 5.00, atr% 0.50, rc 0.57
2026-02-10 20:59:37,631 - INFO - Indicators SILVERM: price 267550.00, vol 5.00, atr% 0.46, rc 0.54
2026-02-10 20:59:37,633 - INFO - Indicators SILVERMIC: price 267310.00, vol 5.00, atr% 0.48, rc 0.59
2026-02-10 20:59:37,635 - INFO - Indicators CRUDEOILM: price 5853.00, vol 5.00, atr% 0.21, rc 0.54
2026-02-10 20:59:37,637 - INFO - Indicators CRUDEOILMINI: price 5853.00, vol 5.00, atr% 0.21, rc 0.54
2026-02-10 21:00:15,437 - WARNING - [33m❌ Ignoring switch to GOLDMINI_PINE for COMMODITY instance. Staying on GOLDMINI_PINE.[0m
2026-02-10 21:00:15,438 - INFO - ⚙️ Commodity scan list prepared: 7 symbols (tokens available for 7)
2026-02-10 21:00:15,439 - WARNING - Nifty data missing for regime assessment. Defaulting to HIGH_CONVICTION.
2026-02-10 21:00:22,262 - INFO - Indicators GOLDM: price 155895.00, vol 5.00, atr% 0.19, rc 0.85
2026-02-10 21:00:22,264 - INFO - Indicators GOLDMINI: price 155895.00, vol 5.00, atr% 0.19, rc 0.85
2026-02-10 21:00:22,266 - INFO - Indicators SILVER: price 258964.00, vol 5.00, atr% 0.49, rc 0.77
2026-02-10 21:00:24,474 - INFO - Indicators SILVERM: price 266754.00, vol 5.00, atr% 0.47, rc 0.80
2026-02-10 21:00:26,701 - INFO - Indicators SILVERMIC: price 266827.00, vol 5.00, atr% 0.47, rc 0.74
2026-02-10 21:00:28,916 - INFO - Indicators CRUDEOILM: price 5851.00, vol 5.00, atr% 0.23, rc 0.61
2026-02-10 21:00:28,919 - INFO - Indicators CRUDEOILMINI: price 5851.00, vol 5.00, atr% 0.23, rc 0.61
2026-02-10 21:00:31,155 - INFO - Strategy Validation - Win Rate: 16.7%, Profit Factor: 413.99
2026-02-10 21:00:35,663 - INFO - ALERT SENT: SILVER NEW SIGNAL
2026-02-10 21:00:35,664 - INFO - [35mExecution Triggered for SILVER. Conf >= 7.8 and Position is Closed.[0m
2026-02-10 21:00:42,659 - INFO - ALERT SENT: SILVER TRADE EXECUTED
2026-02-10 21:00:42,660 - INFO - [32mSuccessfully executed commodity BEARISH strategy for SILVER[0m
2026-02-10 21:00:44,717 - INFO - Strategy Validation - Win Rate: 16.7%, Profit Factor: 413.99
2026-02-10 21:00:49,093 - INFO - Skipping SILVERM: Correlated exposure detected (>= 0.70)
2026-02-10 21:00:50,233 - INFO - Strategy Validation - Win Rate: 16.7%, Profit Factor: 413.99
2026-02-10 21:00:54,706 - INFO - Skipping SILVERMIC: Correlated exposure detected (>= 0.70)
2026-02-10 21:01:34,010 - WARNING - [33m❌ Ignoring switch to GOLDMINI_PINE for COMMODITY instance. Staying on GOLDMINI_PINE.[0m
2026-02-10 21:01:34,010 - INFO - ⚙️ Commodity scan list prepared: 7 symbols (tokens available for 7)
2026-02-10 21:01:34,010 - WARNING - Nifty data missing for regime assessment. Defaulting to HIGH_CONVICTION.
2026-02-10 21:01:40,779 - INFO - Indicators GOLDM: price 156065.00, vol 5.00, atr% 0.20, rc 0.55
2026-02-10 21:01:40,781 - INFO - Indicators GOLDMINI: price 156065.00, vol 5.00, atr% 0.20, rc 0.55
2026-02-10 21:01:40,783 - INFO - Indicators SILVER: price 259202.00, vol 5.00, atr% 0.51, rc 0.71
2026-02-10 21:01:42,969 - INFO - Indicators SILVERM: price 267167.00, vol 5.00, atr% 0.47, rc 0.56
2026-02-10 21:01:42,972 - INFO - Indicators SILVERMIC: price 267222.00, vol 5.00, atr% 0.47, rc 0.59
2026-02-10 21:01:42,976 - INFO - Indicators CRUDEOILM: price 5855.00, vol 5.00, atr% 0.22, rc 0.59
2026-02-10 21:01:42,979 - INFO - Indicators CRUDEOILMINI: price 5855.00, vol 5.00, atr% 0.22, rc 0.59
2026-02-10 21:01:45,137 - INFO - Strategy Validation - Win Rate: 16.7%, Profit Factor: 413.99
2026-02-10 21:02:26,374 - WARNING - [33m❌ Ignoring switch to GOLDMINI_PINE for COMMODITY instance. Staying on GOLDMINI_PINE.[0m
2026-02-10 21:02:26,375 - INFO - ⚙️ Commodity scan list prepared: 7 symbols (tokens available for 7)
2026-02-10 21:02:26,375 - WARNING - Nifty data missing for regime assessment. Defaulting to HIGH_CONVICTION.
2026-02-10 21:02:33,475 - INFO - Indicators GOLDM: price 156000.00, vol 5.00, atr% 0.20, rc 0.61
2026-02-10 21:02:33,480 - INFO - Indicators GOLDMINI: price 156000.00, vol 5.00, atr% 0.20, rc 0.61
2026-02-10 21:02:33,483 - INFO - Indicators SILVER: price 259003.00, vol 5.00, atr% 0.47, rc 0.67
2026-02-10 21:02:33,487 - INFO - Indicators SILVERM: price 266847.00, vol 5.00, atr% 0.45, rc 0.67
2026-02-10 21:02:33,491 - INFO - Indicators SILVERMIC: price 266913.00, vol 5.00, atr% 0.47, rc 0.69
2026-02-10 21:02:37,943 - INFO - Indicators CRUDEOILM: price 5851.00, vol 5.00, atr% 0.21, rc 0.59
2026-02-10 21:02:37,945 - INFO - Indicators CRUDEOILMINI: price 5851.00, vol 5.00, atr% 0.21, rc 0.59
2026-02-10 21:02:39,055 - INFO - Strategy Validation - Win Rate: 16.7%, Profit Factor: 413.99
2026-02-10 21:02:43,450 - INFO - Skipping SILVERMIC: Correlated exposure detected (>= 0.70)
2026-02-10 21:03:22,414 - WARNING - [33m❌ Ignoring switch to GOLDMINI_PINE for COMMODITY instance. Staying on GOLDMINI_PINE.[0m
2026-02-10 21:03:22,416 - INFO - ⚙️ Commodity scan list prepared: 7 symbols (tokens available for 7)
2026-02-10 21:03:22,417 - WARNING - Nifty data missing for regime assessment. Defaulting to HIGH_CONVICTION.
2026-02-10 21:03:29,176 - INFO - Indicators GOLDM: price 156032.00, vol 5.00, atr% 0.20, rc 0.61
2026-02-10 21:03:29,179 - INFO - Indicators GOLDMINI: price 156032.00, vol 5.00, atr% 0.20, rc 0.61
2026-02-10 21:03:29,181 - INFO - Indicators SILVER: price 258761.00, vol 5.00, atr% 0.51, rc 0.73
2026-02-10 21:03:31,435 - INFO - Indicators SILVERM: price 266839.00, vol 5.00, atr% 0.49, rc 0.68
2026-02-10 21:03:35,859 - INFO - Indicators SILVERMIC: price 266917.00, vol 5.00, atr% 0.51, rc 0.66
2026-02-10 21:03:35,869 - INFO - Indicators CRUDEOILM: price 5856.00, vol 5.00, atr% 0.21, rc 0.59
2026-02-10 21:03:35,882 - INFO - Indicators CRUDEOILMINI: price 5856.00, vol 5.00, atr% 0.21, rc 0.59
2026-02-10 21:03:38,164 - INFO - Strategy Validation - Win Rate: 16.7%, Profit Factor: 413.99
2026-02-10 21:03:42,560 - INFO - Strategy Validation - Win Rate: 16.7%, Profit Factor: 413.99
2026-02-10 21:03:47,022 - INFO - Skipping SILVERM: Correlated exposure detected (>= 0.70)
2026-02-10 21:04:25,799 - WARNING - [33m❌ Ignoring switch to GOLDMINI_PINE for COMMODITY instance. Staying on GOLDMINI_PINE.[0m
2026-02-10 21:04:25,800 - INFO - ⚙️ Commodity scan list prepared: 7 symbols (tokens available for 7)
2026-02-10 21:04:25,800 - WARNING - Nifty data missing for regime assessment. Defaulting to HIGH_CONVICTION.
2026-02-10 21:04:33,516 - INFO - Indicators GOLDM: price 155950.00, vol 5.00, atr% 0.19, rc 0.66
2026-02-10 21:04:33,521 - INFO - Indicators GOLDMINI: price 155950.00, vol 5.00, atr% 0.19, rc 0.66
2026-02-10 21:04:33,526 - INFO - Indicators SILVER: price 259175.00, vol 5.00, atr% 0.52, rc 0.63
2026-02-10 21:04:33,540 - INFO - Indicators SILVERM: price 267100.00, vol 5.00, atr% 0.49, rc 0.60
2026-02-10 21:04:33,544 - INFO - Indicators SILVERMIC: price 267117.00, vol 5.00, atr% 0.50, rc 0.57
2026-02-10 21:04:33,548 - INFO - Indicators CRUDEOILM: price 5848.00, vol 5.00, atr% 0.21, rc 0.62
2026-02-10 21:04:33,551 - INFO - Indicators CRUDEOILMINI: price 5848.00, vol 5.00, atr% 0.21, rc 0.62
2026-02-10 21:04:43,496 - WARNING - [33m❌ Ignoring switch to GOLDMINI_PINE for COMMODITY instance. Staying on GOLDMINI_PINE.[0m
2026-02-10 21:04:43,497 - INFO - ⚙️ Commodity scan list prepared: 7 symbols (tokens available for 7)
2026-02-10 21:04:43,497 - WARNING - Nifty data missing for regime assessment. Defaulting to HIGH_CONVICTION.
2026-02-10 21:04:50,387 - INFO - Indicators GOLDM: price 155950.00, vol 5.00, atr% 0.20, rc 0.52
2026-02-10 21:04:50,398 - INFO - Indicators GOLDMINI: price 155950.00, vol 5.00, atr% 0.20, rc 0.52
2026-02-10 21:04:50,400 - INFO - Indicators SILVER: price 259175.00, vol 5.00, atr% 0.49, rc 0.57
2026-02-10 21:04:50,402 - INFO - Indicators SILVERM: price 267047.00, vol 5.00, atr% 0.46, rc 0.50
2026-02-10 21:04:50,404 - INFO - Indicators SILVERMIC: price 267116.00, vol 5.00, atr% 0.48, rc 0.50
2026-02-10 21:04:50,406 - INFO - Indicators CRUDEOILM: price 5849.00, vol 5.00, atr% 0.21, rc 0.59
2026-02-10 21:04:50,408 - INFO - Indicators CRUDEOILMINI: price 5849.00, vol 5.00, atr% 0.21, rc 0.59
2026-02-10 21:05:29,316 - WARNING - [33m❌ Ignoring switch to GOLDMINI_PINE for COMMODITY instance. Staying on GOLDMINI_PINE.[0m
2026-02-10 21:05:29,318 - INFO - ⚙️ Commodity scan list prepared: 7 symbols (tokens available for 7)
2026-02-10 21:05:29,318 - WARNING - Nifty data missing for regime assessment. Defaulting to HIGH_CONVICTION.
2026-02-10 21:05:36,510 - INFO - Indicators GOLDM: price 155925.00, vol 5.00, atr% 0.19, rc 0.55
2026-02-10 21:05:36,540 - INFO - Indicators GOLDMINI: price 155925.00, vol 5.00, atr% 0.19, rc 0.55
2026-02-10 21:05:36,608 - INFO - Indicators SILVER: price 259089.00, vol 5.00, atr% 0.46, rc 0.53
2026-02-10 21:05:36,614 - INFO - Indicators SILVERM: price 267119.00, vol 5.00, atr% 0.45, rc 0.58
2026-02-10 21:05:36,642 - INFO - Indicators SILVERMIC: price 267150.00, vol 5.00, atr% 0.45, rc 0.59
2026-02-10 21:05:36,656 - INFO - Indicators CRUDEOILM: price 5851.00, vol 5.00, atr% 0.22, rc 0.49
2026-02-10 21:05:36,664 - INFO - Indicators CRUDEOILMINI: price 5851.00, vol 5.00, atr% 0.22, rc 0.49
2026-02-10 21:06:15,540 - WARNING - [33m❌ Ignoring switch to GOLDMINI_PINE for COMMODITY instance. Staying on GOLDMINI_PINE.[0m
2026-02-10 21:06:15,541 - INFO - ⚙️ Commodity scan list prepared: 7 symbols (tokens available for 7)
2026-02-10 21:06:15,541 - WARNING - Nifty data missing for regime assessment. Defaulting to HIGH_CONVICTION.
2026-02-10 21:06:23,215 - INFO - Indicators GOLDM: price 155916.00, vol 5.00, atr% 0.20, rc 0.62
2026-02-10 21:06:23,219 - INFO - Indicators GOLDMINI: price 155916.00, vol 5.00, atr% 0.20, rc 0.62
2026-02-10 21:06:23,222 - INFO - Indicators SILVER: price 259239.00, vol 5.00, atr% 0.49, rc 0.50
2026-02-10 21:06:23,226 - INFO - Indicators SILVERM: price 267044.00, vol 5.00, atr% 0.46, rc 0.54
2026-02-10 21:06:23,229 - INFO - Indicators SILVERMIC: price 267144.00, vol 5.00, atr% 0.46, rc 0.53
2026-02-10 21:06:23,233 - INFO - Indicators CRUDEOILM: price 5849.00, vol 5.00, atr% 0.22, rc 0.54
2026-02-10 21:06:23,236 - INFO - Indicators CRUDEOILMINI: price 5849.00, vol 5.00, atr% 0.22, rc 0.54
2026-02-10 21:07:02,204 - WARNING - [33m❌ Ignoring switch to GOLDMINI_PINE for COMMODITY instance. Staying on GOLDMINI_PINE.[0m
2026-02-10 21:07:02,206 - INFO - ⚙️ Commodity scan list prepared: 7 symbols (tokens available for 7)
2026-02-10 21:07:02,207 - WARNING - Nifty data missing for regime assessment. Defaulting to HIGH_CONVICTION.
2026-02-10 21:07:09,534 - INFO - Indicators GOLDM: price 155810.00, vol 5.00, atr% 0.20, rc 0.72
2026-02-10 21:07:09,538 - INFO - Indicators GOLDMINI: price 155810.00, vol 5.00, atr% 0.20, rc 0.72
2026-02-10 21:07:09,543 - INFO - Indicators SILVER: price 258800.00, vol 5.00, atr% 0.52, rc 0.54
2026-02-10 21:07:09,547 - INFO - Indicators SILVERM: price 266442.00, vol 5.00, atr% 0.48, rc 0.62
2026-02-10 21:07:09,559 - INFO - Indicators SILVERMIC: price 266500.00, vol 5.00, atr% 0.49, rc 0.59
2026-02-10 21:07:09,576 - INFO - Indicators CRUDEOILM: price 5852.00, vol 5.00, atr% 0.22, rc 0.52
2026-02-10 21:07:09,578 - INFO - Indicators CRUDEOILMINI: price 5852.00, vol 5.00, atr% 0.22, rc 0.52
2026-02-10 21:07:48,464 - WARNING - [33m❌ Ignoring switch to GOLDMINI_PINE for COMMODITY instance. Staying on GOLDMINI_PINE.[0m
2026-02-10 21:07:48,464 - INFO - ⚙️ Commodity scan list prepared: 7 symbols (tokens available for 7)
2026-02-10 21:07:48,464 - WARNING - Nifty data missing for regime assessment. Defaulting to HIGH_CONVICTION.
2026-02-10 21:07:55,250 - INFO - Indicators GOLDM: price 155524.00, vol 5.00, atr% 0.21, rc 0.95
2026-02-10 21:07:55,253 - INFO - Indicators GOLDMINI: price 155524.00, vol 5.00, atr% 0.21, rc 0.95
2026-02-10 21:07:55,256 - INFO - Indicators SILVER: price 258056.00, vol 5.00, atr% 0.51, rc 0.68
2026-02-10 21:07:57,486 - INFO - Indicators SILVERM: price 266210.00, vol 5.00, atr% 0.48, rc 0.65
2026-02-10 21:07:57,489 - INFO - Indicators SILVERMIC: price 266245.00, vol 5.00, atr% 0.51, rc 0.64
2026-02-10 21:07:57,492 - INFO - Indicators CRUDEOILM: price 5851.00, vol 5.00, atr% 0.21, rc 0.59
2026-02-10 21:07:57,495 - INFO - Indicators CRUDEOILMINI: price 5851.00, vol 5.00, atr% 0.21, rc 0.59
2026-02-10 21:07:59,675 - INFO - Strategy Validation - Win Rate: 16.7%, Profit Factor: 413.99
2026-02-10 21:08:40,821 - WARNING - [33m❌ Ignoring switch to GOLDMINI_PINE for COMMODITY instance. Staying on GOLDMINI_PINE.[0m
2026-02-10 21:08:40,822 - INFO - ⚙️ Commodity scan list prepared: 7 symbols (tokens available for 7)
2026-02-10 21:08:40,822 - WARNING - Nifty data missing for regime assessment. Defaulting to HIGH_CONVICTION.
2026-02-10 21:08:48,135 - INFO - Indicators GOLDM: price 155350.00, vol 5.00, atr% 0.23, rc 1.00
2026-02-10 21:08:48,138 - INFO - Indicators GOLDMINI: price 155350.00, vol 5.00, atr% 0.23, rc 1.00
2026-02-10 21:08:48,140 - INFO - Indicators SILVER: price 258075.00, vol 5.00, atr% 0.54, rc 0.64
2026-02-10 21:08:48,143 - INFO - Indicators SILVERM: price 265882.00, vol 5.00, atr% 0.52, rc 0.74
2026-02-10 21:08:52,523 - INFO - Indicators SILVERMIC: price 265886.00, vol 5.00, atr% 0.54, rc 0.75
2026-02-10 21:08:56,954 - INFO - Indicators CRUDEOILM: price 5852.00, vol 5.00, atr% 0.20, rc 0.52
2026-02-10 21:08:56,974 - INFO - Indicators CRUDEOILMINI: price 5852.00, vol 5.00, atr% 0.20, rc 0.52
2026-02-10 21:08:59,137 - INFO - Strategy Validation - Win Rate: 16.7%, Profit Factor: 413.99
2026-02-10 21:09:03,547 - INFO - Skipping SILVERM: Correlated exposure detected (>= 0.70)
2026-02-10 21:09:04,746 - INFO - Strategy Validation - Win Rate: 16.7%, Profit Factor: 413.99
2026-02-10 21:09:09,140 - INFO - Skipping SILVERMIC: Correlated exposure detected (>= 0.70)
2026-02-10 21:09:48,099 - WARNING - [33m❌ Ignoring switch to GOLDMINI_PINE for COMMODITY instance. Staying on GOLDMINI_PINE.[0m
2026-02-10 21:09:48,101 - INFO - ⚙️ Commodity scan list prepared: 7 symbols (tokens available for 7)
2026-02-10 21:09:48,101 - WARNING - Nifty data missing for regime assessment. Defaulting to HIGH_CONVICTION.
2026-02-10 21:09:55,028 - INFO - Indicators GOLDM: price 155300.00, vol 5.00, atr% 0.23, rc 1.00
2026-02-10 21:09:55,030 - INFO - Indicators GOLDMINI: price 155300.00, vol 5.00, atr% 0.23, rc 1.00
2026-02-10 21:09:55,031 - INFO - Indicators SILVER: price 257442.00, vol 5.00, atr% 0.55, rc 0.86
2026-02-10 21:09:55,033 - INFO - Indicators SILVERM: price 265317.00, vol 5.00, atr% 0.51, rc 0.87
2026-02-10 21:09:55,035 - INFO - Indicators SILVERMIC: price 265389.00, vol 5.00, atr% 0.53, rc 0.88
2026-02-10 21:09:55,037 - INFO - Indicators CRUDEOILM: price 5856.00, vol 5.00, atr% 0.20, rc 0.62
2026-02-10 21:09:55,039 - INFO - Indicators CRUDEOILMINI: price 5856.00, vol 5.00, atr% 0.20, rc 0.62
2026-02-10 21:10:33,912 - WARNING - [33m❌ Ignoring switch to GOLDMINI_PINE for COMMODITY instance. Staying on GOLDMINI_PINE.[0m
2026-02-10 21:10:33,914 - INFO - ⚙️ Commodity scan list prepared: 7 symbols (tokens available for 7)
2026-02-10 21:10:33,914 - WARNING - Nifty data missing for regime assessment. Defaulting to HIGH_CONVICTION.
2026-02-10 21:10:41,547 - INFO - Indicators GOLDM: price 155425.00, vol 5.00, atr% 0.22, rc 0.94
2026-02-10 21:10:41,551 - INFO - Indicators GOLDMINI: price 155425.00, vol 5.00, atr% 0.22, rc 0.94
2026-02-10 21:10:41,553 - INFO - Indicators SILVER: price 257386.00, vol 5.00, atr% 0.51, rc 0.88
2026-02-10 21:10:43,824 - INFO - Indicators SILVERM: price 265379.00, vol 5.00, atr% 0.50, rc 0.89
2026-02-10 21:10:48,266 - INFO - Indicators SILVERMIC: price 265466.00, vol 5.00, atr% 0.50, rc 0.89
2026-02-10 21:10:52,704 - INFO - Indicators CRUDEOILM: price 5855.00, vol 5.00, atr% 0.23, rc 0.59
2026-02-10 21:10:52,705 - INFO - Indicators CRUDEOILMINI: price 5855.00, vol 5.00, atr% 0.23, rc 0.59
2026-02-10 21:10:55,012 - INFO - Strategy Validation - Win Rate: 16.7%, Profit Factor: 413.99
2026-02-10 21:10:59,373 - INFO - Strategy Validation - Win Rate: 16.7%, Profit Factor: 413.99
2026-02-10 21:11:03,786 - INFO - Skipping SILVERM: Correlated exposure detected (>= 0.70)
2026-02-10 21:11:04,920 - INFO - Strategy Validation - Win Rate: 16.7%, Profit Factor: 413.99
2026-02-10 21:11:09,323 - INFO - Skipping SILVERMIC: Correlated exposure detected (>= 0.70)
2026-02-10 21:11:14,897 - INFO - 🔴 COMMODITY CLOSED: CRUDEOILM FUT | P&L: ₹-2,784 (-2.9%) (TIME EXIT)
2026-02-10 21:11:54,001 - WARNING - [33m❌ Ignoring switch to GOLDMINI_PINE for COMMODITY instance. Staying on GOLDMINI_PINE.[0m
2026-02-10 21:11:54,003 - INFO - ⚙️ Commodity scan list prepared: 7 symbols (tokens available for 7)
2026-02-10 21:11:54,003 - WARNING - Nifty data missing for regime assessment. Defaulting to HIGH_CONVICTION.
2026-02-10 21:12:00,891 - INFO - Indicators GOLDM: price 155423.00, vol 5.00, atr% 0.22, rc 0.80
2026-02-10 21:12:00,894 - INFO - Indicators GOLDMINI: price 155423.00, vol 5.00, atr% 0.22, rc 0.80
2026-02-10 21:12:00,903 - INFO - Indicators SILVER: price 257293.00, vol 5.00, atr% 0.52, rc 0.83
2026-02-10 21:12:00,905 - INFO - Indicators SILVERM: price 265185.00, vol 5.00, atr% 0.49, rc 0.80
2026-02-10 21:12:00,908 - INFO - Indicators SILVERMIC: price 265198.00, vol 5.00, atr% 0.50, rc 0.86
2026-02-10 21:12:00,915 - INFO - Indicators CRUDEOILM: price 5846.00, vol 5.00, atr% 0.23, rc 0.61
2026-02-10 21:12:00,916 - INFO - Indicators CRUDEOILMINI: price 5846.00, vol 5.00, atr% 0.23, rc 0.61
2026-02-10 21:12:38,713 - WARNING - [33m❌ Ignoring switch to GOLDMINI_PINE for COMMODITY instance. Staying on GOLDMINI_PINE.[0m
2026-02-10 21:12:38,715 - INFO - ⚙️ Commodity scan list prepared: 7 symbols (tokens available for 7)
2026-02-10 21:12:38,716 - WARNING - Nifty data missing for regime assessment. Defaulting to HIGH_CONVICTION.
2026-02-10 21:12:45,672 - INFO - Indicators GOLDM: price 155422.00, vol 5.00, atr% 0.22, rc 0.56
2026-02-10 21:12:45,674 - INFO - Indicators GOLDMINI: price 155422.00, vol 5.00, atr% 0.22, rc 0.56
2026-02-10 21:12:45,675 - INFO - Indicators SILVER: price 257105.00, vol 5.00, atr% 0.50, rc 0.72
2026-02-10 21:12:45,677 - INFO - Indicators SILVERM: price 264712.00, vol 5.00, atr% 0.50, rc 0.79
2026-02-10 21:12:45,678 - INFO - Indicators SILVERMIC: price 264813.00, vol 5.00, atr% 0.51, rc 0.79
2026-02-10 21:12:45,680 - INFO - Indicators CRUDEOILM: price 5846.00, vol 5.00, atr% 0.21, rc 0.61
2026-02-10 21:12:45,682 - INFO - Indicators CRUDEOILMINI: price 5846.00, vol 5.00, atr% 0.21, rc 0.61
2026-02-10 21:13:23,563 - WARNING - [33m❌ Ignoring switch to GOLDMINI_PINE for COMMODITY instance. Staying on GOLDMINI_PINE.[0m
2026-02-10 21:13:23,565 - INFO - ⚙️ Commodity scan list prepared: 7 symbols (tokens available for 7)
2026-02-10 21:13:23,566 - WARNING - Nifty data missing for regime assessment. Defaulting to HIGH_CONVICTION.
2026-02-10 21:13:31,386 - INFO - Indicators GOLDM: price 155575.00, vol 5.00, atr% 0.23, rc 0.55
2026-02-10 21:13:31,388 - INFO - Indicators GOLDMINI: price 155575.00, vol 5.00, atr% 0.23, rc 0.55
2026-02-10 21:13:31,390 - INFO - Indicators SILVER: price 257500.00, vol 5.00, atr% 0.53, rc 0.62
2026-02-10 21:13:31,392 - INFO - Indicators SILVERM: price 265498.00, vol 5.00, atr% 0.52, rc 0.69
2026-02-10 21:13:33,637 - INFO - Indicators SILVERMIC: price 265500.00, vol 5.00, atr% 0.53, rc 0.70
2026-02-10 21:13:35,814 - INFO - Indicators CRUDEOILM: price 5848.00, vol 5.00, atr% 0.21, rc 0.57
2026-02-10 21:13:35,817 - INFO - Indicators CRUDEOILMINI: price 5848.00, vol 5.00, atr% 0.21, rc 0.57
2026-02-10 21:13:36,766 - INFO - MCX cache refreshed: 37947 instruments
2026-02-10 21:13:38,068 - INFO - Strategy Validation - Win Rate: 15.4%, Profit Factor: 1.01
2026-02-10 21:13:40,241 - INFO - Skipping SILVERM: Correlated exposure detected (>= 0.70)
2026-02-10 21:13:41,377 - INFO - Strategy Validation - Win Rate: 15.4%, Profit Factor: 1.01
2026-02-10 21:13:43,562 - INFO - Skipping SILVERMIC: Correlated exposure detected (>= 0.70)
2026-02-10 21:14:21,280 - WARNING - [33m❌ Ignoring switch to GOLDMINI_PINE for COMMODITY instance. Staying on GOLDMINI_PINE.[0m
2026-02-10 21:14:21,281 - INFO - ⚙️ Commodity scan list prepared: 7 symbols (tokens available for 7)
2026-02-10 21:14:21,281 - WARNING - Nifty data missing for regime assessment. Defaulting to HIGH_CONVICTION.
2026-02-10 21:14:28,152 - INFO - Indicators GOLDM: price 155453.00, vol 5.00, atr% 0.23, rc 0.68
2026-02-10 21:14:28,164 - INFO - Indicators GOLDMINI: price 155453.00, vol 5.00, atr% 0.23, rc 0.68
2026-02-10 21:14:28,167 - INFO - Indicators SILVER: price 257000.00, vol 5.00, atr% 0.56, rc 0.55
2026-02-10 21:14:28,170 - INFO - Indicators SILVERM: price 264475.00, vol 5.00, atr% 0.52, rc 0.71
2026-02-10 21:14:28,173 - INFO - Indicators SILVERMIC: price 264407.00, vol 5.00, atr% 0.53, rc 0.68
2026-02-10 21:14:28,176 - INFO - Indicators CRUDEOILM: price 5848.00, vol 5.00, atr% 0.20, rc 0.67
2026-02-10 21:14:28,179 - INFO - Indicators CRUDEOILMINI: price 5848.00, vol 5.00, atr% 0.20, rc 0.67
2026-02-10 21:14:41,491 - WARNING - [33m❌ Ignoring switch to GOLDMINI_PINE for COMMODITY instance. Staying on GOLDMINI_PINE.[0m
2026-02-10 21:14:41,491 - INFO - ⚙️ Commodity scan list prepared: 7 symbols (tokens available for 7)
2026-02-10 21:14:41,491 - WARNING - Nifty data missing for regime assessment. Defaulting to HIGH_CONVICTION.
2026-02-10 21:14:50,972 - INFO - Indicators GOLDM: price 155311.00, vol 5.00, atr% 0.24, rc 0.55
2026-02-10 21:14:50,974 - INFO - Indicators GOLDMINI: price 155311.00, vol 5.00, atr% 0.24, rc 0.55
2026-02-10 21:14:50,975 - INFO - Indicators SILVER: price 256006.00, vol 5.00, atr% 0.57, rc 0.76
2026-02-10 21:14:50,977 - INFO - Indicators SILVERM: price 263424.00, vol 5.00, atr% 0.52, rc 0.85
2026-02-10 21:14:50,978 - INFO - Indicators SILVERMIC: price 263219.00, vol 5.00, atr% 0.55, rc 0.91
2026-02-10 21:14:50,980 - INFO - Indicators CRUDEOILM: price 5848.00, vol 5.00, atr% 0.20, rc 0.72
2026-02-10 21:14:50,982 - INFO - Indicators CRUDEOILMINI: price 5848.00, vol 5.00, atr% 0.20, rc 0.72
2026-02-10 21:14:59,972 - WARNING - [33m❌ Ignoring switch to GOLDMINI_PINE for COMMODITY instance. Staying on GOLDMINI_PINE.[0m
2026-02-10 21:14:59,972 - INFO - ⚙️ Commodity scan list prepared: 7 symbols (tokens available for 7)
2026-02-10 21:14:59,972 - WARNING - Nifty data missing for regime assessment. Defaulting to HIGH_CONVICTION.
2026-02-10 21:15:09,877 - INFO - Indicators GOLDM: price 155382.00, vol 5.00, atr% 0.23, rc 0.53
2026-02-10 21:15:09,879 - INFO - Indicators GOLDMINI: price 155382.00, vol 5.00, atr% 0.23, rc 0.53
2026-02-10 21:15:09,880 - INFO - Indicators SILVER: price 255430.00, vol 5.00, atr% 0.55, rc 0.87
2026-02-10 21:15:09,882 - INFO - Indicators SILVERM: price 263614.00, vol 5.00, atr% 0.52, rc 0.86
2026-02-10 21:15:09,883 - INFO - Indicators SILVERMIC: price 263527.00, vol 5.00, atr% 0.54, rc 0.88
2026-02-10 21:15:09,885 - INFO - Indicators CRUDEOILM: price 5846.00, vol 5.00, atr% 0.21, rc 0.76
2026-02-10 21:15:09,886 - INFO - Indicators CRUDEOILMINI: price 5846.00, vol 5.00, atr% 0.21, rc 0.76
2026-02-10 21:15:48,194 - WARNING - [33m❌ Ignoring switch to GOLDMINI_PINE for COMMODITY instance. Staying on GOLDMINI_PINE.[0m
2026-02-10 21:15:48,195 - INFO - ⚙️ Commodity scan list prepared: 7 symbols (tokens available for 7)
2026-02-10 21:15:48,195 - WARNING - Nifty data missing for regime assessment. Defaulting to HIGH_CONVICTION.
2026-02-10 21:15:57,404 - INFO - Indicators GOLDM: price 155400.00, vol 5.00, atr% 0.23, rc 0.53
2026-02-10 21:15:57,408 - INFO - Indicators GOLDMINI: price 155400.00, vol 5.00, atr% 0.23, rc 0.53
2026-02-10 21:15:57,411 - INFO - Indicators SILVER: price 255306.00, vol 5.00, atr% 0.56, rc 0.87
2026-02-10 21:15:57,415 - INFO - Indicators SILVERM: price 263193.00, vol 5.00, atr% 0.55, rc 0.83
2026-02-10 21:15:57,417 - INFO - Indicators SILVERMIC: price 263460.00, vol 5.00, atr% 0.56, rc 0.75
2026-02-10 21:15:57,420 - INFO - Indicators CRUDEOILM: price 5850.00, vol 5.00, atr% 0.22, rc 0.61
2026-02-10 21:15:57,423 - INFO - Indicators CRUDEOILMINI: price 5850.00, vol 5.00, atr% 0.22, rc 0.61
2026-02-10 21:16:36,346 - WARNING - [33m❌ Ignoring switch to GOLDMINI_PINE for COMMODITY instance. Staying on GOLDMINI_PINE.[0m
2026-02-10 21:16:36,348 - INFO - ⚙️ Commodity scan list prepared: 7 symbols (tokens available for 7)
2026-02-10 21:16:36,348 - WARNING - Nifty data missing for regime assessment. Defaulting to HIGH_CONVICTION.
2026-02-10 21:16:46,145 - INFO - Indicators GOLDM: price 155473.00, vol 5.00, atr% 0.22, rc 0.53
2026-02-10 21:16:46,149 - INFO - Indicators GOLDMINI: price 155473.00, vol 5.00, atr% 0.22, rc 0.53
2026-02-10 21:16:46,154 - INFO - Indicators SILVER: price 256139.00, vol 5.00, atr% 0.57, rc 0.73
2026-02-10 21:16:46,158 - INFO - Indicators SILVERM: price 263784.00, vol 5.00, atr% 0.54, rc 0.80
2026-02-10 21:16:46,160 - INFO - Indicators SILVERMIC: price 264030.00, vol 5.00, atr% 0.54, rc 0.75
2026-02-10 21:16:46,163 - INFO - Indicators CRUDEOILM: price 5853.00, vol 5.00, atr% 0.23, rc 0.65
2026-02-10 21:16:46,166 - INFO - Indicators CRUDEOILMINI: price 5853.00, vol 5.00, atr% 0.23, rc 0.65
2026-02-10 21:17:24,369 - WARNING - [33m❌ Ignoring switch to GOLDMINI_PINE for COMMODITY instance. Staying on GOLDMINI_PINE.[0m
2026-02-10 21:17:24,370 - INFO - ⚙️ Commodity scan list prepared: 7 symbols (tokens available for 7)
2026-02-10 21:17:24,370 - WARNING - Nifty data missing for regime assessment. Defaulting to HIGH_CONVICTION.
2026-02-10 21:17:34,067 - INFO - Indicators GOLDM: price 155580.00, vol 5.00, atr% 0.22, rc 0.65
2026-02-10 21:17:34,070 - INFO - Indicators GOLDMINI: price 155580.00, vol 5.00, atr% 0.22, rc 0.65
2026-02-10 21:17:34,072 - INFO - Indicators SILVER: price 256620.00, vol 5.00, atr% 0.54, rc 0.60
2026-02-10 21:17:34,075 - INFO - Indicators SILVERM: price 264551.00, vol 5.00, atr% 0.53, rc 0.53
2026-02-10 21:17:34,078 - INFO - Indicators SILVERMIC: price 264521.00, vol 5.00, atr% 0.54, rc 0.60
2026-02-10 21:17:34,080 - INFO - Indicators CRUDEOILM: price 5853.00, vol 5.00, atr% 0.22, rc 0.71
2026-02-10 21:17:34,083 - INFO - Indicators CRUDEOILMINI: price 5853.00, vol 5.00, atr% 0.22, rc 0.71
2026-02-10 21:18:12,727 - WARNING - [33m❌ Ignoring switch to GOLDMINI_PINE for COMMODITY instance. Staying on GOLDMINI_PINE.[0m
2026-02-10 21:18:12,728 - INFO - ⚙️ Commodity scan list prepared: 7 symbols (tokens available for 7)
2026-02-10 21:18:12,728 - WARNING - Nifty data missing for regime assessment. Defaulting to HIGH_CONVICTION.
2026-02-10 21:18:21,912 - INFO - Indicators GOLDM: price 155492.00, vol 5.00, atr% 0.22, rc 0.57
2026-02-10 21:18:21,914 - INFO - Indicators GOLDMINI: price 155492.00, vol 5.00, atr% 0.22, rc 0.57
2026-02-10 21:18:21,919 - INFO - Indicators SILVER: price 256384.00, vol 5.00, atr% 0.54, rc 0.67
2026-02-10 21:18:21,927 - INFO - Indicators SILVERM: price 264399.00, vol 5.00, atr% 0.55, rc 0.62
2026-02-10 21:18:21,948 - INFO - Indicators SILVERMIC: price 264453.00, vol 5.00, atr% 0.56, rc 0.60
2026-02-10 21:18:21,951 - INFO - Indicators CRUDEOILM: price 5853.00, vol 5.00, atr% 0.21, rc 0.62
2026-02-10 21:18:21,953 - INFO - Indicators CRUDEOILMINI: price 5853.00, vol 5.00, atr% 0.21, rc 0.62
2026-02-10 21:19:00,495 - WARNING - [33m❌ Ignoring switch to GOLDMINI_PINE for COMMODITY instance. Staying on GOLDMINI_PINE.[0m
2026-02-10 21:19:00,497 - INFO - ⚙️ Commodity scan list prepared: 7 symbols (tokens available for 7)
2026-02-10 21:19:00,498 - WARNING - Nifty data missing for regime assessment. Defaulting to HIGH_CONVICTION.
2026-02-10 21:19:10,344 - INFO - Indicators GOLDM: price 155526.00, vol 5.00, atr% 0.24, rc 0.53
2026-02-10 21:19:10,348 - INFO - Indicators GOLDMINI: price 155526.00, vol 5.00, atr% 0.24, rc 0.53
2026-02-10 21:19:10,351 - INFO - Indicators SILVER: price 256500.00, vol 5.00, atr% 0.56, rc 0.69
2026-02-10 21:19:10,354 - INFO - Indicators SILVERM: price 264559.00, vol 5.00, atr% 0.52, rc 0.58
2026-02-10 21:19:10,357 - INFO - Indicators SILVERMIC: price 264501.00, vol 5.00, atr% 0.54, rc 0.62
2026-02-10 21:19:10,360 - INFO - Indicators CRUDEOILM: price 5850.00, vol 5.00, atr% 0.20, rc 0.55
2026-02-10 21:19:10,363 - INFO - Indicators CRUDEOILMINI: price 5850.00, vol 5.00, atr% 0.20, rc 0.55
2026-02-10 21:19:48,676 - WARNING - [33m❌ Ignoring switch to GOLDMINI_PINE for COMMODITY instance. Staying on GOLDMINI_PINE.[0m
2026-02-10 21:19:48,677 - INFO - ⚙️ Commodity scan list prepared: 7 symbols (tokens available for 7)
2026-02-10 21:19:48,677 - WARNING - Nifty data missing for regime assessment. Defaulting to HIGH_CONVICTION.
2026-02-10 21:19:58,472 - INFO - Indicators GOLDM: price 155671.00, vol 5.00, atr% 0.23, rc 0.76
2026-02-10 21:19:58,476 - INFO - Indicators GOLDMINI: price 155671.00, vol 5.00, atr% 0.23, rc 0.76
2026-02-10 21:19:58,479 - INFO - Indicators SILVER: price 256858.00, vol 5.00, atr% 0.54, rc 0.80
2026-02-10 21:19:58,481 - INFO - Indicators SILVERM: price 264883.00, vol 5.00, atr% 0.53, rc 0.85
2026-02-10 21:19:58,483 - INFO - Indicators SILVERMIC: price 264946.00, vol 5.00, atr% 0.55, rc 0.82
2026-02-10 21:19:58,486 - INFO - Indicators CRUDEOILM: price 5851.00, vol 5.00, atr% 0.20, rc 0.57
2026-02-10 21:19:58,488 - INFO - Indicators CRUDEOILMINI: price 5851.00, vol 5.00, atr% 0.20, rc 0.57
2026-02-10 21:20:36,905 - WARNING - [33m❌ Ignoring switch to GOLDMINI_PINE for COMMODITY instance. Staying on GOLDMINI_PINE.[0m
2026-02-10 21:20:36,906 - INFO - ⚙️ Commodity scan list prepared: 7 symbols (tokens available for 7)
2026-02-10 21:20:36,906 - WARNING - Nifty data missing for regime assessment. Defaulting to HIGH_CONVICTION.
2026-02-10 21:20:46,203 - INFO - Indicators GOLDM: price 155623.00, vol 5.00, atr% 0.22, rc 0.67
2026-02-10 21:20:46,207 - INFO - Indicators GOLDMINI: price 155623.00, vol 5.00, atr% 0.22, rc 0.67
2026-02-10 21:20:46,210 - INFO - Indicators SILVER: price 257025.00, vol 5.00, atr% 0.54, rc 0.85
2026-02-10 21:20:46,213 - INFO - Indicators SILVERM: price 264700.00, vol 5.00, atr% 0.53, rc 0.77
2026-02-10 21:20:46,215 - INFO - Indicators SILVERMIC: price 264611.00, vol 5.00, atr% 0.53, rc 0.74
2026-02-10 21:20:46,218 - INFO - Indicators CRUDEOILM: price 5848.00, vol 5.00, atr% 0.22, rc 0.52
2026-02-10 21:20:46,220 - INFO - Indicators CRUDEOILMINI: price 5848.00, vol 5.00, atr% 0.22, rc 0.52
2026-02-10 21:21:25,327 - WARNING - [33m❌ Ignoring switch to GOLDMINI_PINE for COMMODITY instance. Staying on GOLDMINI_PINE.[0m
2026-02-10 21:21:25,329 - INFO - ⚙️ Commodity scan list prepared: 7 symbols (tokens available for 7)
2026-02-10 21:21:25,330 - WARNING - Nifty data missing for regime assessment. Defaulting to HIGH_CONVICTION.
2026-02-10 21:21:34,952 - INFO - Indicators GOLDM: price 155570.00, vol 5.00, atr% 0.22, rc 0.61
2026-02-10 21:21:34,955 - INFO - Indicators GOLDMINI: price 155570.00, vol 5.00, atr% 0.22, rc 0.61
2026-02-10 21:21:34,958 - INFO - Indicators SILVER: price 257127.00, vol 5.00, atr% 0.56, rc 0.79
2026-02-10 21:21:34,961 - INFO - Indicators SILVERM: price 264799.00, vol 5.00, atr% 0.54, rc 0.72
2026-02-10 21:21:34,963 - INFO - Indicators SILVERMIC: price 264403.00, vol 5.00, atr% 0.54, rc 0.62
2026-02-10 21:21:34,966 - INFO - Indicators CRUDEOILM: price 5844.00, vol 5.00, atr% 0.22, rc 0.70
2026-02-10 21:21:34,968 - INFO - Indicators CRUDEOILMINI: price 5844.00, vol 5.00, atr% 0.22, rc 0.70
2026-02-10 21:22:14,393 - WARNING - [33m❌ Ignoring switch to GOLDMINI_PINE for COMMODITY instance. Staying on GOLDMINI_PINE.[0m
2026-02-10 21:22:14,393 - INFO - ⚙️ Commodity scan list prepared: 7 symbols (tokens available for 7)
2026-02-10 21:22:14,393 - WARNING - Nifty data missing for regime assessment. Defaulting to HIGH_CONVICTION.
2026-02-10 21:22:23,663 - INFO - Indicators GOLDM: price 155511.00, vol 5.00, atr% 0.22, rc 0.53
2026-02-10 21:22:23,672 - INFO - Indicators GOLDMINI: price 155511.00, vol 5.00, atr% 0.22, rc 0.53
2026-02-10 21:22:23,677 - INFO - Indicators SILVER: price 256200.00, vol 5.00, atr% 0.53, rc 0.61
2026-02-10 21:22:23,681 - INFO - Indicators SILVERM: price 263852.00, vol 5.00, atr% 0.53, rc 0.63
2026-02-10 21:22:23,684 - INFO - Indicators SILVERMIC: price 264000.00, vol 5.00, atr% 0.53, rc 0.60
2026-02-10 21:22:23,688 - INFO - Indicators CRUDEOILM: price 5841.00, vol 5.00, atr% 0.22, rc 0.76
2026-02-10 21:22:23,690 - INFO - Indicators CRUDEOILMINI: price 5841.00, vol 5.00, atr% 0.22, rc 0.76
2026-02-10 21:23:02,496 - WARNING - [33m❌ Ignoring switch to GOLDMINI_PINE for COMMODITY instance. Staying on GOLDMINI_PINE.[0m
2026-02-10 21:23:02,498 - INFO - ⚙️ Commodity scan list prepared: 7 symbols (tokens available for 7)
2026-02-10 21:23:02,498 - WARNING - Nifty data missing for regime assessment. Defaulting to HIGH_CONVICTION.
2026-02-10 21:23:11,272 - INFO - Indicators GOLDM: price 155533.00, vol 5.00, atr% 0.22, rc 0.53
2026-02-10 21:23:11,274 - INFO - Indicators GOLDMINI: price 155533.00, vol 5.00, atr% 0.22, rc 0.53
2026-02-10 21:23:11,276 - INFO - Indicators SILVER: price 256498.00, vol 5.00, atr% 0.53, rc 0.54
2026-02-10 21:23:11,277 - INFO - Indicators SILVERM: price 264450.00, vol 5.00, atr% 0.55, rc 0.55
2026-02-10 21:23:11,279 - INFO - Indicators SILVERMIC: price 264492.00, vol 5.00, atr% 0.55, rc 0.56
2026-02-10 21:23:11,281 - INFO - Indicators CRUDEOILM: price 5834.00, vol 5.00, atr% 0.21, rc 0.95
2026-02-10 21:23:14,224 - INFO - Indicators CRUDEOILMINI: price 5834.00, vol 5.00, atr% 0.21, rc 0.95
2026-02-10 21:23:19,534 - INFO - Strategy Validation - Win Rate: 15.4%, Profit Factor: 1.01
2026-02-10 21:23:24,915 - INFO - ALERT SENT: CRUDEOILM NEW SIGNAL
2026-02-10 21:23:24,915 - INFO - [35mExecution Triggered for CRUDEOILM. Conf >= 7.8 and Position is Closed.[0m
2026-02-10 21:23:32,188 - INFO - ALERT SENT: CRUDEOILM TRADE EXECUTED
2026-02-10 21:23:32,189 - INFO - [32mSuccessfully executed commodity BEARISH strategy for CRUDEOILM[0m
2026-02-10 21:23:32,195 - ERROR - CRITICAL: No future expiry dates found in MCX cache for CRUDEOILMINI. Defaulting to +30 days.
2026-02-10 21:23:32,726 - ERROR - CRITICAL: No future expiry dates found in MCX cache for CRUDEOILMINI. Defaulting to +30 days.
2026-02-10 21:23:33,874 - INFO - Strategy Validation - Win Rate: 15.4%, Profit Factor: 1.01
2026-02-10 21:23:39,553 - INFO - Skipping CRUDEOILMINI: Correlated exposure detected (>= 0.70)
2026-02-10 21:24:20,693 - WARNING - [33m❌ Ignoring switch to GOLDMINI_PINE for COMMODITY instance. Staying on GOLDMINI_PINE.[0m
2026-02-10 21:24:20,695 - INFO - ⚙️ Commodity scan list prepared: 7 symbols (tokens available for 7)
2026-02-10 21:24:20,695 - WARNING - Nifty data missing for regime assessment. Defaulting to HIGH_CONVICTION.
2026-02-10 21:24:30,349 - INFO - Indicators GOLDM: price 155551.00, vol 5.00, atr% 0.23, rc 0.53
2026-02-10 21:24:30,352 - INFO - Indicators GOLDMINI: price 155551.00, vol 5.00, atr% 0.23, rc 0.53
2026-02-10 21:24:30,355 - INFO - Indicators SILVER: price 256730.00, vol 5.00, atr% 0.54, rc 0.51
2026-02-10 21:24:30,359 - INFO - Indicators SILVERM: price 264671.00, vol 5.00, atr% 0.51, rc 0.54
2026-02-10 21:24:30,361 - INFO - Indicators SILVERMIC: price 264737.00, vol 5.00, atr% 0.51, rc 0.58
2026-02-10 21:24:30,365 - INFO - Indicators CRUDEOILM: price 5830.00, vol 5.00, atr% 0.21, rc 0.93
2026-02-10 21:24:33,213 - INFO - Indicators CRUDEOILMINI: price 5830.00, vol 5.00, atr% 0.21, rc 0.93
2026-02-10 21:24:41,724 - INFO - Strategy Validation - Win Rate: 15.4%, Profit Factor: 1.01
2026-02-10 21:24:44,536 - ERROR - CRITICAL: No future expiry dates found in MCX cache for CRUDEOILMINI. Defaulting to +30 days.
2026-02-10 21:24:45,931 - ERROR - CRITICAL: No future expiry dates found in MCX cache for CRUDEOILMINI. Defaulting to +30 days.
2026-02-10 21:24:47,055 - INFO - Strategy Validation - Win Rate: 15.4%, Profit Factor: 1.01
2026-02-10 21:24:52,696 - INFO - Skipping CRUDEOILMINI: Correlated exposure detected (>= 0.70)
2026-02-10 21:25:25,099 - WARNING - [33m❌ Ignoring switch to GOLDMINI_PINE for COMMODITY instance. Staying on GOLDMINI_PINE.[0m
2026-02-10 21:25:25,100 - INFO - ⚙️ Commodity scan list prepared: 7 symbols (tokens available for 7)
2026-02-10 21:25:25,100 - WARNING - Nifty data missing for regime assessment. Defaulting to HIGH_CONVICTION.
2026-02-10 21:25:34,596 - INFO - Indicators GOLDM: price 155589.00, vol 5.00, atr% 0.21, rc 0.53
2026-02-10 21:25:34,599 - INFO - Indicators GOLDMINI: price 155589.00, vol 5.00, atr% 0.21, rc 0.53
2026-02-10 21:25:34,600 - INFO - Indicators SILVER: price 257000.00, vol 5.00, atr% 0.53, rc 0.50
2026-02-10 21:25:34,602 - INFO - Indicators SILVERM: price 264773.00, vol 5.00, atr% 0.52, rc 0.54
2026-02-10 21:25:34,605 - INFO - Indicators SILVERMIC: price 264900.00, vol 5.00, atr% 0.52, rc 0.53
2026-02-10 21:25:34,609 - INFO - Indicators CRUDEOILM: price 5828.00, vol 5.00, atr% 0.23, rc 0.87
2026-02-10 21:25:34,612 - INFO - Indicators CRUDEOILMINI: price 5828.00, vol 5.00, atr% 0.23, rc 0.87
2026-02-10 21:25:45,655 - WARNING - [33m❌ Ignoring switch to GOLDMINI_PINE for COMMODITY instance. Staying on GOLDMINI_PINE.[0m
2026-02-10 21:25:45,656 - INFO - ⚙️ Commodity scan list prepared: 7 symbols (tokens available for 7)
2026-02-10 21:25:45,656 - WARNING - Nifty data missing for regime assessment. Defaulting to HIGH_CONVICTION.
2026-02-10 21:25:55,694 - INFO - Indicators GOLDM: price 155598.00, vol 5.00, atr% 0.21, rc 0.54
2026-02-10 21:25:55,697 - INFO - Indicators GOLDMINI: price 155598.00, vol 5.00, atr% 0.21, rc 0.54
2026-02-10 21:25:55,699 - INFO - Indicators SILVER: price 257295.00, vol 5.00, atr% 0.54, rc 0.56
2026-02-10 21:25:55,700 - INFO - Indicators SILVERM: price 264829.00, vol 5.00, atr% 0.53, rc 0.55
2026-02-10 21:25:55,701 - INFO - Indicators SILVERMIC: price 264818.00, vol 5.00, atr% 0.54, rc 0.56
2026-02-10 21:25:55,703 - INFO - Indicators CRUDEOILM: price 5828.00, vol 5.00, atr% 0.23, rc 0.87
2026-02-10 21:25:55,705 - INFO - Indicators CRUDEOILMINI: price 5828.00, vol 5.00, atr% 0.23, rc 0.87
2026-02-10 21:26:34,858 - WARNING - [33m❌ Ignoring switch to GOLDMINI_PINE for COMMODITY instance. Staying on GOLDMINI_PINE.[0m
2026-02-10 21:26:34,859 - INFO - ⚙️ Commodity scan list prepared: 7 symbols (tokens available for 7)
2026-02-10 21:26:34,859 - WARNING - Nifty data missing for regime assessment. Defaulting to HIGH_CONVICTION.
2026-02-10 21:26:45,648 - INFO - Indicators GOLDM: price 155464.00, vol 5.00, atr% 0.21, rc 0.59
2026-02-10 21:26:45,653 - INFO - Indicators GOLDMINI: price 155464.00, vol 5.00, atr% 0.21, rc 0.59
2026-02-10 21:26:45,656 - INFO - Indicators SILVER: price 256250.00, vol 5.00, atr% 0.54, rc 0.58
2026-02-10 21:26:45,660 - INFO - Indicators SILVERM: price 263989.00, vol 5.00, atr% 0.52, rc 0.58
2026-02-10 21:26:45,663 - INFO - Indicators SILVERMIC: price 263994.00, vol 5.00, atr% 0.51, rc 0.58
2026-02-10 21:26:45,666 - INFO - Indicators CRUDEOILM: price 5826.00, vol 5.00, atr% 0.24, rc 0.88
2026-02-10 21:26:52,861 - INFO - Indicators CRUDEOILMINI: price 5826.00, vol 5.00, atr% 0.24, rc 0.88
2026-02-10 21:27:01,482 - INFO - Strategy Validation - Win Rate: 15.4%, Profit Factor: 1.01
2026-02-10 21:27:04,598 - ERROR - CRITICAL: No future expiry dates found in MCX cache for CRUDEOILMINI. Defaulting to +30 days.
2026-02-10 21:27:05,668 - ERROR - CRITICAL: No future expiry dates found in MCX cache for CRUDEOILMINI. Defaulting to +30 days.
2026-02-10 21:27:06,807 - INFO - Strategy Validation - Win Rate: 15.4%, Profit Factor: 1.01
2026-02-10 21:27:12,699 - INFO - Skipping CRUDEOILMINI: Correlated exposure detected (>= 0.70)
2026-02-10 21:27:52,112 - WARNING - [33m❌ Ignoring switch to GOLDMINI_PINE for COMMODITY instance. Staying on GOLDMINI_PINE.[0m
2026-02-10 21:27:52,113 - INFO - ⚙️ Commodity scan list prepared: 7 symbols (tokens available for 7)
2026-02-10 21:27:52,114 - WARNING - Nifty data missing for regime assessment. Defaulting to HIGH_CONVICTION.
2026-02-10 21:28:01,473 - INFO - Indicators GOLDM: price 155500.00, vol 5.00, atr% 0.21, rc 0.51
2026-02-10 21:28:01,484 - INFO - Indicators GOLDMINI: price 155500.00, vol 5.00, atr% 0.21, rc 0.51
2026-02-10 21:28:01,489 - INFO - Indicators SILVER: price 256499.00, vol 5.00, atr% 0.49, rc 0.58
2026-02-10 21:28:01,491 - INFO - Indicators SILVERM: price 264488.00, vol 5.00, atr% 0.50, rc 0.59
2026-02-10 21:28:01,493 - INFO - Indicators SILVERMIC: price 264400.00, vol 5.00, atr% 0.51, rc 0.53
2026-02-10 21:28:01,494 - INFO - Indicators CRUDEOILM: price 5829.00, vol 5.00, atr% 0.23, rc 0.65
2026-02-10 21:28:01,496 - INFO - Indicators CRUDEOILMINI: price 5829.00, vol 5.00, atr% 0.23, rc 0.65
2026-02-10 21:28:40,874 - WARNING - [33m❌ Ignoring switch to GOLDMINI_PINE for COMMODITY instance. Staying on GOLDMINI_PINE.[0m
2026-02-10 21:28:40,875 - INFO - ⚙️ Commodity scan list prepared: 7 symbols (tokens available for 7)
2026-02-10 21:28:40,876 - WARNING - Nifty data missing for regime assessment. Defaulting to HIGH_CONVICTION.
2026-02-10 21:28:50,872 - INFO - Indicators GOLDM: price 155533.00, vol 5.00, atr% 0.21, rc 0.52
2026-02-10 21:28:50,878 - INFO - Indicators GOLDMINI: price 155533.00, vol 5.00, atr% 0.21, rc 0.52
2026-02-10 21:28:50,881 - INFO - Indicators SILVER: price 256499.00, vol 5.00, atr% 0.47, rc 0.51
2026-02-10 21:28:50,883 - INFO - Indicators SILVERM: price 264490.00, vol 5.00, atr% 0.48, rc 0.54
2026-02-10 21:28:50,885 - INFO - Indicators SILVERMIC: price 264500.00, vol 5.00, atr% 0.48, rc 0.51
2026-02-10 21:28:50,888 - INFO - Indicators CRUDEOILM: price 5831.00, vol 5.00, atr% 0.21, rc 0.49
2026-02-10 21:28:50,892 - INFO - Indicators CRUDEOILMINI: price 5831.00, vol 5.00, atr% 0.21, rc 0.49
2026-02-10 21:29:31,141 - WARNING - [33m❌ Ignoring switch to GOLDMINI_PINE for COMMODITY instance. Staying on GOLDMINI_PINE.[0m
2026-02-10 21:29:31,142 - INFO - ⚙️ Commodity scan list prepared: 7 symbols (tokens available for 7)
2026-02-10 21:29:31,142 - WARNING - Nifty data missing for regime assessment. Defaulting to HIGH_CONVICTION.
2026-02-10 21:29:39,989 - INFO - Indicators GOLDM: price 155460.00, vol 5.00, atr% 0.20, rc 0.57
2026-02-10 21:29:39,992 - INFO - Indicators GOLDMINI: price 155460.00, vol 5.00, atr% 0.20, rc 0.57
2026-02-10 21:29:39,993 - INFO - Indicators SILVER: price 256238.00, vol 5.00, atr% 0.49, rc 0.68
2026-02-10 21:29:39,995 - INFO - Indicators SILVERM: price 263799.00, vol 5.00, atr% 0.48, rc 0.68
2026-02-10 21:29:39,997 - INFO - Indicators SILVERMIC: price 263907.00, vol 5.00, atr% 0.49, rc 0.67
2026-02-10 21:29:39,999 - INFO - Indicators CRUDEOILM: price 5827.00, vol 5.00, atr% 0.21, rc 0.52
2026-02-10 21:29:40,000 - INFO - Indicators CRUDEOILMINI: price 5827.00, vol 5.00, atr% 0.21, rc 0.52
2026-02-10 21:30:20,207 - WARNING - [33m❌ Ignoring switch to GOLDMINI_PINE for COMMODITY instance. Staying on GOLDMINI_PINE.[0m
2026-02-10 21:30:20,209 - INFO - ⚙️ Commodity scan list prepared: 7 symbols (tokens available for 7)
2026-02-10 21:30:20,210 - WARNING - Nifty data missing for regime assessment. Defaulting to HIGH_CONVICTION.
2026-02-10 21:30:29,772 - INFO - Indicators GOLDM: price 155371.00, vol 5.00, atr% 0.20, rc 0.72
2026-02-10 21:30:29,774 - INFO - Indicators GOLDMINI: price 155371.00, vol 5.00, atr% 0.20, rc 0.72
2026-02-10 21:30:29,776 - INFO - Indicators SILVER: price 255932.00, vol 5.00, atr% 0.52, rc 0.74
2026-02-10 21:30:29,777 - INFO - Indicators SILVERM: price 264099.00, vol 5.00, atr% 0.51, rc 0.65
2026-02-10 21:30:29,779 - INFO - Indicators SILVERMIC: price 263992.00, vol 5.00, atr% 0.51, rc 0.69
2026-02-10 21:30:29,781 - INFO - Indicators CRUDEOILM: price 5825.00, vol 5.00, atr% 0.23, rc 0.54
2026-02-10 21:30:29,783 - INFO - Indicators CRUDEOILMINI: price 5825.00, vol 5.00, atr% 0.23, rc 0.54
2026-02-10 21:31:10,154 - WARNING - [33m❌ Ignoring switch to GOLDMINI_PINE for COMMODITY instance. Staying on GOLDMINI_PINE.[0m
2026-02-10 21:31:10,155 - INFO - ⚙️ Commodity scan list prepared: 7 symbols (tokens available for 7)
2026-02-10 21:31:10,155 - WARNING - Nifty data missing for regime assessment. Defaulting to HIGH_CONVICTION.
2026-02-10 21:31:20,077 - INFO - Indicators GOLDM: price 155275.00, vol 5.00, atr% 0.20, rc 0.75
2026-02-10 21:31:20,080 - INFO - Indicators GOLDMINI: price 155275.00, vol 5.00, atr% 0.20, rc 0.75
2026-02-10 21:31:20,081 - INFO - Indicators SILVER: price 256086.00, vol 5.00, atr% 0.53, rc 0.61
2026-02-10 21:31:20,082 - INFO - Indicators SILVERM: price 263684.00, vol 5.00, atr% 0.51, rc 0.68
2026-02-10 21:31:20,084 - INFO - Indicators SILVERMIC: price 263728.00, vol 5.00, atr% 0.51, rc 0.66
2026-02-10 21:31:20,085 - INFO - Indicators CRUDEOILM: price 5824.00, vol 5.00, atr% 0.24, rc 0.54
2026-02-10 21:31:20,087 - INFO - Indicators CRUDEOILMINI: price 5824.00, vol 5.00, atr% 0.24, rc 0.54
2026-02-10 21:32:00,601 - WARNING - [33m❌ Ignoring switch to GOLDMINI_PINE for COMMODITY instance. Staying on GOLDMINI_PINE.[0m
2026-02-10 21:32:00,603 - INFO - ⚙️ Commodity scan list prepared: 7 symbols (tokens available for 7)
2026-02-10 21:32:00,603 - WARNING - Nifty data missing for regime assessment. Defaulting to HIGH_CONVICTION.
2026-02-10 21:32:10,044 - INFO - Indicators GOLDM: price 155260.00, vol 5.00, atr% 0.20, rc 0.69
2026-02-10 21:32:10,047 - INFO - Indicators GOLDMINI: price 155260.00, vol 5.00, atr% 0.20, rc 0.69
2026-02-10 21:32:10,049 - INFO - Indicators SILVER: price 256150.00, vol 5.00, atr% 0.48, rc 0.52
2026-02-10 21:32:10,050 - INFO - Indicators SILVERM: price 263542.00, vol 5.00, atr% 0.49, rc 0.64
2026-02-10 21:32:10,053 - INFO - Indicators SILVERMIC: price 263647.00, vol 5.00, atr% 0.48, rc 0.62
2026-02-10 21:32:10,055 - INFO - Indicators CRUDEOILM: price 5824.00, vol 5.00, atr% 0.23, rc 0.56
2026-02-10 21:32:10,059 - INFO - Indicators CRUDEOILMINI: price 5824.00, vol 5.00, atr% 0.23, rc 0.56
2026-02-10 21:32:50,331 - WARNING - [33m❌ Ignoring switch to GOLDMINI_PINE for COMMODITY instance. Staying on GOLDMINI_PINE.[0m
2026-02-10 21:32:50,334 - INFO - ⚙️ Commodity scan list prepared: 7 symbols (tokens available for 7)
2026-02-10 21:32:50,334 - WARNING - Nifty data missing for regime assessment. Defaulting to HIGH_CONVICTION.
2026-02-10 21:33:00,003 - INFO - Indicators GOLDM: price 155250.00, vol 5.00, atr% 0.20, rc 0.73
2026-02-10 21:33:00,006 - INFO - Indicators GOLDMINI: price 155250.00, vol 5.00, atr% 0.20, rc 0.73
2026-02-10 21:33:00,007 - INFO - Indicators SILVER: price 255744.00, vol 5.00, atr% 0.47, rc 0.68
2026-02-10 21:33:00,009 - INFO - Indicators SILVERM: price 263495.00, vol 5.00, atr% 0.50, rc 0.72
2026-02-10 21:33:00,010 - INFO - Indicators SILVERMIC: price 263694.00, vol 5.00, atr% 0.50, rc 0.66
2026-02-10 21:33:00,012 - INFO - Indicators CRUDEOILM: price 5822.00, vol 5.00, atr% 0.22, rc 0.66
2026-02-10 21:33:00,013 - INFO - Indicators CRUDEOILMINI: price 5822.00, vol 5.00, atr% 0.22, rc 0.66
2026-02-10 21:33:39,751 - WARNING - [33m❌ Ignoring switch to GOLDMINI_PINE for COMMODITY instance. Staying on GOLDMINI_PINE.[0m
2026-02-10 21:33:39,753 - INFO - ⚙️ Commodity scan list prepared: 7 symbols (tokens available for 7)
2026-02-10 21:33:39,753 - WARNING - Nifty data missing for regime assessment. Defaulting to HIGH_CONVICTION.
2026-02-10 21:33:49,618 - INFO - Indicators GOLDM: price 155200.00, vol 5.00, atr% 0.20, rc 0.81
2026-02-10 21:33:49,621 - INFO - Indicators GOLDMINI: price 155200.00, vol 5.00, atr% 0.20, rc 0.81
2026-02-10 21:33:49,623 - INFO - Indicators SILVER: price 254747.00, vol 5.00, atr% 0.47, rc 0.93
2026-02-10 21:33:49,625 - INFO - Indicators SILVERM: price 262472.00, vol 5.00, atr% 0.49, rc 0.96
2026-02-10 21:33:49,627 - INFO - Indicators SILVERMIC: price 262500.00, vol 5.00, atr% 0.50, rc 0.95
2026-02-10 21:33:49,629 - INFO - Indicators CRUDEOILM: price 5821.00, vol 5.00, atr% 0.21, rc 0.74
2026-02-10 21:33:49,631 - INFO - Indicators CRUDEOILMINI: price 5821.00, vol 5.00, atr% 0.21, rc 0.74
2026-02-10 21:34:29,551 - WARNING - [33m❌ Ignoring switch to GOLDMINI_PINE for COMMODITY instance. Staying on GOLDMINI_PINE.[0m
2026-02-10 21:34:29,552 - INFO - ⚙️ Commodity scan list prepared: 7 symbols (tokens available for 7)
2026-02-10 21:34:29,553 - WARNING - Nifty data missing for regime assessment. Defaulting to HIGH_CONVICTION.
2026-02-10 21:34:38,579 - INFO - Indicators GOLDM: price 155216.00, vol 5.00, atr% 0.20, rc 0.64
2026-02-10 21:34:38,583 - INFO - Indicators GOLDMINI: price 155216.00, vol 5.00, atr% 0.20, rc 0.64
2026-02-10 21:34:38,587 - INFO - Indicators SILVER: price 255430.00, vol 5.00, atr% 0.48, rc 0.69
2026-02-10 21:34:38,590 - INFO - Indicators SILVERM: price 263042.00, vol 5.00, atr% 0.49, rc 0.67
2026-02-10 21:34:38,593 - INFO - Indicators SILVERMIC: price 263079.00, vol 5.00, atr% 0.50, rc 0.67
2026-02-10 21:34:38,596 - INFO - Indicators CRUDEOILM: price 5821.00, vol 5.00, atr% 0.21, rc 0.64
2026-02-10 21:34:38,599 - INFO - Indicators CRUDEOILMINI: price 5821.00, vol 5.00, atr% 0.21, rc 0.64
2026-02-10 21:35:18,801 - WARNING - [33m❌ Ignoring switch to GOLDMINI_PINE for COMMODITY instance. Staying on GOLDMINI_PINE.[0m
2026-02-10 21:35:18,801 - INFO - ⚙️ Commodity scan list prepared: 7 symbols (tokens available for 7)
2026-02-10 21:35:18,801 - WARNING - Nifty data missing for regime assessment. Defaulting to HIGH_CONVICTION.
2026-02-10 21:35:28,720 - INFO - Indicators GOLDM: price 155052.00, vol 5.00, atr% 0.20, rc 0.83
2026-02-10 21:35:28,723 - INFO - Indicators GOLDMINI: price 155052.00, vol 5.00, atr% 0.20, rc 0.83
2026-02-10 21:35:28,725 - INFO - Indicators SILVER: price 254479.00, vol 5.00, atr% 0.53, rc 0.89
2026-02-10 21:35:28,728 - INFO - Indicators SILVERM: price 262301.00, vol 5.00, atr% 0.53, rc 0.85
2026-02-10 21:35:28,731 - INFO - Indicators SILVERMIC: price 262250.00, vol 5.00, atr% 0.54, rc 0.85
2026-02-10 21:35:28,733 - INFO - Indicators CRUDEOILM: price 5811.00, vol 5.00, atr% 0.25, rc 0.79
2026-02-10 21:35:28,736 - INFO - Indicators CRUDEOILMINI: price 5811.00, vol 5.00, atr% 0.25, rc 0.79
2026-02-10 21:35:47,291 - WARNING - [33m❌ Ignoring switch to GOLDMINI_PINE for COMMODITY instance. Staying on GOLDMINI_PINE.[0m
2026-02-10 21:35:47,295 - INFO - ⚙️ Commodity scan list prepared: 7 symbols (tokens available for 7)
2026-02-10 21:35:47,295 - WARNING - Nifty data missing for regime assessment. Defaulting to HIGH_CONVICTION.
2026-02-10 21:35:57,346 - INFO - Indicators GOLDM: price 155054.00, vol 5.00, atr% 0.20, rc 0.74
2026-02-10 21:35:57,350 - INFO - Indicators GOLDMINI: price 155054.00, vol 5.00, atr% 0.20, rc 0.74
2026-02-10 21:35:57,352 - INFO - Indicators SILVER: price 254873.00, vol 5.00, atr% 0.54, rc 0.79
2026-02-10 21:35:57,357 - INFO - Indicators SILVERM: price 262606.00, vol 5.00, atr% 0.53, rc 0.69
2026-02-10 21:35:57,366 - INFO - Indicators SILVERMIC: price 262595.00, vol 5.00, atr% 0.52, rc 0.73
2026-02-10 21:35:57,370 - INFO - Indicators CRUDEOILM: price 5811.00, vol 5.00, atr% 0.24, rc 0.88
2026-02-10 21:35:57,373 - INFO - Indicators CRUDEOILMINI: price 5811.00, vol 5.00, atr% 0.24, rc 0.88
2026-02-10 21:36:09,773 - WARNING - [33m❌ Ignoring switch to GOLDMINI_PINE for COMMODITY instance. Staying on GOLDMINI_PINE.[0m
2026-02-10 21:36:09,775 - INFO - ⚙️ Commodity scan list prepared: 7 symbols (tokens available for 7)
2026-02-10 21:36:09,775 - WARNING - Nifty data missing for regime assessment. Defaulting to HIGH_CONVICTION.
2026-02-10 21:36:18,669 - INFO - Indicators GOLDM: price 155062.00, vol 5.00, atr% 0.20, rc 0.70
2026-02-10 21:36:18,671 - INFO - Indicators GOLDMINI: price 155062.00, vol 5.00, atr% 0.20, rc 0.70
2026-02-10 21:36:18,672 - INFO - Indicators SILVER: price 254494.00, vol 5.00, atr% 0.53, rc 0.84
2026-02-10 21:36:18,673 - INFO - Indicators SILVERM: price 262476.00, vol 5.00, atr% 0.53, rc 0.75
2026-02-10 21:36:18,675 - INFO - Indicators SILVERMIC: price 262472.00, vol 5.00, atr% 0.52, rc 0.76
2026-02-10 21:36:18,677 - INFO - Indicators CRUDEOILM: price 5812.00, vol 5.00, atr% 0.25, rc 0.74
2026-02-10 21:36:18,679 - INFO - Indicators CRUDEOILMINI: price 5812.00, vol 5.00, atr% 0.25, rc 0.74
2026-02-10 21:36:59,823 - WARNING - [33m❌ Ignoring switch to GOLDMINI_PINE for COMMODITY instance. Staying on GOLDMINI_PINE.[0m
2026-02-10 21:36:59,826 - INFO - ⚙️ Commodity scan list prepared: 7 symbols (tokens available for 7)
2026-02-10 21:36:59,826 - WARNING - Nifty data missing for regime assessment. Defaulting to HIGH_CONVICTION.
2026-02-10 21:37:09,557 - INFO - Indicators GOLDM: price 155050.00, vol 5.00, atr% 0.21, rc 0.68
2026-02-10 21:37:09,560 - INFO - Indicators GOLDMINI: price 155050.00, vol 5.00, atr% 0.21, rc 0.68
2026-02-10 21:37:09,562 - INFO - Indicators SILVER: price 254468.00, vol 5.00, atr% 0.49, rc 0.90
2026-02-10 21:37:09,563 - INFO - Indicators SILVERM: price 262250.00, vol 5.00, atr% 0.50, rc 0.79
2026-02-10 21:37:09,565 - INFO - Indicators SILVERMIC: price 262250.00, vol 5.00, atr% 0.50, rc 0.81
2026-02-10 21:37:09,567 - INFO - Indicators CRUDEOILM: price 5808.00, vol 5.00, atr% 0.24, rc 0.88
2026-02-10 21:37:09,569 - INFO - Indicators CRUDEOILMINI: price 5808.00, vol 5.00, atr% 0.24, rc 0.88
2026-02-10 21:37:50,425 - WARNING - [33m❌ Ignoring switch to GOLDMINI_PINE for COMMODITY instance. Staying on GOLDMINI_PINE.[0m
2026-02-10 21:37:50,427 - INFO - ⚙️ Commodity scan list prepared: 7 symbols (tokens available for 7)
2026-02-10 21:37:50,427 - WARNING - Nifty data missing for regime assessment. Defaulting to HIGH_CONVICTION.
2026-02-10 21:38:00,054 - INFO - Indicators GOLDM: price 154785.00, vol 5.00, atr% 0.22, rc 0.90
2026-02-10 21:38:00,056 - INFO - Indicators GOLDMINI: price 154785.00, vol 5.00, atr% 0.22, rc 0.90
2026-02-10 21:38:00,058 - INFO - Indicators SILVER: price 253175.00, vol 5.00, atr% 0.54, rc 1.00
2026-02-10 21:38:00,060 - INFO - Indicators SILVERM: price 260474.00, vol 5.00, atr% 0.56, rc 1.00
2026-02-10 21:38:00,061 - INFO - Indicators SILVERMIC: price 260653.00, vol 5.00, atr% 0.56, rc 1.00
2026-02-10 21:38:00,063 - INFO - Indicators CRUDEOILM: price 5803.00, vol 5.00, atr% 0.23, rc 0.92
2026-02-10 21:38:00,066 - INFO - Indicators CRUDEOILMINI: price 5803.00, vol 5.00, atr% 0.23, rc 0.92
2026-02-10 21:38:40,882 - WARNING - [33m❌ Ignoring switch to GOLDMINI_PINE for COMMODITY instance. Staying on GOLDMINI_PINE.[0m
2026-02-10 21:38:40,883 - INFO - ⚙️ Commodity scan list prepared: 7 symbols (tokens available for 7)
2026-02-10 21:38:40,883 - WARNING - Nifty data missing for regime assessment. Defaulting to HIGH_CONVICTION.
2026-02-10 21:38:49,977 - INFO - Indicators GOLDM: price 154960.00, vol 5.00, atr% 0.22, rc 0.72
2026-02-10 21:38:49,987 - INFO - Indicators GOLDMINI: price 154960.00, vol 5.00, atr% 0.22, rc 0.72
2026-02-10 21:38:49,989 - INFO - Indicators SILVER: price 253685.00, vol 5.00, atr% 0.52, rc 0.73
2026-02-10 21:38:49,991 - INFO - Indicators SILVERM: price 260989.00, vol 5.00, atr% 0.55, rc 0.78
2026-02-10 21:38:49,993 - INFO - Indicators SILVERMIC: price 261033.00, vol 5.00, atr% 0.55, rc 0.77
2026-02-10 21:38:49,996 - INFO - Indicators CRUDEOILM: price 5808.00, vol 5.00, atr% 0.21, rc 0.79
2026-02-10 21:38:49,998 - INFO - Indicators CRUDEOILMINI: price 5808.00, vol 5.00, atr% 0.21, rc 0.79
2026-02-10 21:39:31,081 - WARNING - [33m❌ Ignoring switch to GOLDMINI_PINE for COMMODITY instance. Staying on GOLDMINI_PINE.[0m
2026-02-10 21:39:31,082 - INFO - ⚙️ Commodity scan list prepared: 7 symbols (tokens available for 7)
2026-02-10 21:39:31,082 - WARNING - Nifty data missing for regime assessment. Defaulting to HIGH_CONVICTION.
2026-02-10 21:39:40,086 - INFO - Indicators GOLDM: price 155002.00, vol 5.00, atr% 0.21, rc 0.69
2026-02-10 21:39:40,088 - INFO - Indicators GOLDMINI: price 155002.00, vol 5.00, atr% 0.21, rc 0.69
2026-02-10 21:39:40,089 - INFO - Indicators SILVER: price 254000.00, vol 5.00, atr% 0.54, rc 0.76
2026-02-10 21:39:40,091 - INFO - Indicators SILVERM: price 261745.00, vol 5.00, atr% 0.54, rc 0.74
2026-02-10 21:39:40,093 - INFO - Indicators SILVERMIC: price 261964.00, vol 5.00, atr% 0.54, rc 0.69
2026-02-10 21:39:40,094 - INFO - Indicators CRUDEOILM: price 5807.00, vol 5.00, atr% 0.20, rc 0.85
2026-02-10 21:39:40,096 - INFO - Indicators CRUDEOILMINI: price 5807.00, vol 5.00, atr% 0.20, rc 0.85
2026-02-10 21:40:20,862 - WARNING - [33m❌ Ignoring switch to GOLDMINI_PINE for COMMODITY instance. Staying on GOLDMINI_PINE.[0m
2026-02-10 21:40:20,864 - INFO - ⚙️ Commodity scan list prepared: 7 symbols (tokens available for 7)
2026-02-10 21:40:20,864 - WARNING - Nifty data missing for regime assessment. Defaulting to HIGH_CONVICTION.
2026-02-10 21:40:30,685 - INFO - Indicators GOLDM: price 155019.00, vol 5.00, atr% 0.21, rc 0.55
2026-02-10 21:40:30,688 - INFO - Indicators GOLDMINI: price 155019.00, vol 5.00, atr% 0.21, rc 0.55
2026-02-10 21:40:30,696 - INFO - Indicators SILVER: price 254200.00, vol 5.00, atr% 0.57, rc 0.56
2026-02-10 21:40:30,698 - INFO - Indicators SILVERM: price 261900.00, vol 5.00, atr% 0.57, rc 0.53
2026-02-10 21:40:30,702 - INFO - Indicators SILVERMIC: price 261988.00, vol 5.00, atr% 0.57, rc 0.53
2026-02-10 21:40:30,704 - INFO - Indicators CRUDEOILM: price 5791.00, vol 5.00, atr% 0.25, rc 0.92
2026-02-10 21:40:30,706 - INFO - Indicators CRUDEOILMINI: price 5791.00, vol 5.00, atr% 0.25, rc 0.92
2026-02-10 21:40:37,373 - INFO - 🟢 COMMODITY CLOSED: SILVER FUT | P&L: ₹42 (+13.0%) (QUICK MAX PROFIT (12.0%))
2026-02-10 21:40:44,066 - INFO - 🟢 COMMODITY CLOSED: CRUDEOILM FUT | P&L: ₹3,153 (+12.0%) (QUICK MAX PROFIT (12.0%))
2026-02-10 21:41:21,297 - WARNING - [33m❌ Ignoring switch to GOLDMINI_PINE for COMMODITY instance. Staying on GOLDMINI_PINE.[0m
2026-02-10 21:41:21,299 - INFO - ⚙️ Commodity scan list prepared: 7 symbols (tokens available for 7)
2026-02-10 21:41:21,300 - WARNING - Nifty data missing for regime assessment. Defaulting to HIGH_CONVICTION.
2026-02-10 21:41:31,067 - INFO - Indicators GOLDM: price 155028.00, vol 5.00, atr% 0.20, rc 0.54
2026-02-10 21:41:31,068 - INFO - Indicators GOLDMINI: price 155028.00, vol 5.00, atr% 0.20, rc 0.54
2026-02-10 21:41:31,070 - INFO - Indicators SILVER: price 253913.00, vol 5.00, atr% 0.55, rc 0.64
2026-02-10 21:41:31,071 - INFO - Indicators SILVERM: price 261629.00, vol 5.00, atr% 0.54, rc 0.66
2026-02-10 21:41:31,073 - INFO - Indicators SILVERMIC: price 261758.00, vol 5.00, atr% 0.54, rc 0.64
2026-02-10 21:41:31,074 - INFO - Indicators CRUDEOILM: price 5795.00, vol 5.00, atr% 0.25, rc 0.80
2026-02-10 21:41:31,076 - INFO - Indicators CRUDEOILMINI: price 5795.00, vol 5.00, atr% 0.25, rc 0.80
2026-02-10 21:42:06,017 - WARNING - [33m❌ Ignoring switch to GOLDMINI_PINE for COMMODITY instance. Staying on GOLDMINI_PINE.[0m
2026-02-10 21:42:06,019 - INFO - ⚙️ Commodity scan list prepared: 7 symbols (tokens available for 7)
2026-02-10 21:42:06,020 - WARNING - Nifty data missing for regime assessment. Defaulting to HIGH_CONVICTION.
2026-02-10 21:42:15,411 - INFO - Indicators GOLDM: price 155125.00, vol 5.00, atr% 0.21, rc 0.58
2026-02-10 21:42:15,415 - INFO - Indicators GOLDMINI: price 155125.00, vol 5.00, atr% 0.21, rc 0.58
2026-02-10 21:42:15,417 - INFO - Indicators SILVER: price 254455.00, vol 5.00, atr% 0.49, rc 0.51
2026-02-10 21:42:15,420 - INFO - Indicators SILVERM: price 262211.00, vol 5.00, atr% 0.52, rc 0.52
2026-02-10 21:42:15,422 - INFO - Indicators SILVERMIC: price 262294.00, vol 5.00, atr% 0.52, rc 0.50
2026-02-10 21:42:15,424 - INFO - Indicators CRUDEOILM: price 5795.00, vol 5.00, atr% 0.25, rc 0.75
2026-02-10 21:42:15,427 - INFO - Indicators CRUDEOILMINI: price 5795.00, vol 5.00, atr% 0.25, rc 0.75
2026-02-10 21:42:51,817 - WARNING - [33m❌ Ignoring switch to GOLDMINI_PINE for COMMODITY instance. Staying on GOLDMINI_PINE.[0m
2026-02-10 21:42:51,818 - INFO - ⚙️ Commodity scan list prepared: 7 symbols (tokens available for 7)
2026-02-10 21:42:51,818 - WARNING - Nifty data missing for regime assessment. Defaulting to HIGH_CONVICTION.
2026-02-10 21:43:01,453 - INFO - Indicators GOLDM: price 155218.00, vol 5.00, atr% 0.22, rc 0.84
2026-02-10 21:43:01,455 - INFO - Indicators GOLDMINI: price 155218.00, vol 5.00, atr% 0.22, rc 0.84
2026-02-10 21:43:01,458 - INFO - Indicators SILVER: price 254188.00, vol 5.00, atr% 0.54, rc 0.75
2026-02-10 21:43:01,460 - INFO - Indicators SILVERM: price 262063.00, vol 5.00, atr% 0.57, rc 0.80
2026-02-10 21:43:01,462 - INFO - Indicators SILVERMIC: price 262179.00, vol 5.00, atr% 0.57, rc 0.80
2026-02-10 21:43:01,464 - INFO - Indicators CRUDEOILM: price 5796.00, vol 5.00, atr% 0.24, rc 0.65
2026-02-10 21:43:01,466 - INFO - Indicators CRUDEOILMINI: price 5796.00, vol 5.00, atr% 0.24, rc 0.65
2026-02-10 21:43:37,356 - WARNING - [33m❌ Ignoring switch to GOLDMINI_PINE for COMMODITY instance. Staying on GOLDMINI_PINE.[0m
2026-02-10 21:43:37,356 - INFO - ⚙️ Commodity scan list prepared: 7 symbols (tokens available for 7)
2026-02-10 21:43:37,357 - WARNING - Nifty data missing for regime assessment. Defaulting to HIGH_CONVICTION.
2026-02-10 21:43:46,551 - INFO - Indicators GOLDM: price 155257.00, vol 5.00, atr% 0.22, rc 0.76
2026-02-10 21:43:46,555 - INFO - Indicators GOLDMINI: price 155257.00, vol 5.00, atr% 0.22, rc 0.76
2026-02-10 21:43:46,559 - INFO - Indicators SILVER: price 254596.00, vol 5.00, atr% 0.52, rc 0.70
2026-02-10 21:43:46,561 - INFO - Indicators SILVERM: price 262364.00, vol 5.00, atr% 0.55, rc 0.77
2026-02-10 21:43:46,564 - INFO - Indicators SILVERMIC: price 262495.00, vol 5.00, atr% 0.55, rc 0.77
2026-02-10 21:43:46,566 - INFO - Indicators CRUDEOILM: price 5806.00, vol 5.00, atr% 0.22, rc 0.54
2026-02-10 21:43:46,568 - INFO - Indicators CRUDEOILMINI: price 5806.00, vol 5.00, atr% 0.22, rc 0.54
2026-02-10 21:44:22,123 - WARNING - [33m❌ Ignoring switch to GOLDMINI_PINE for COMMODITY instance. Staying on GOLDMINI_PINE.[0m
2026-02-10 21:44:22,125 - INFO - ⚙️ Commodity scan list prepared: 7 symbols (tokens available for 7)
2026-02-10 21:44:22,126 - WARNING - Nifty data missing for regime assessment. Defaulting to HIGH_CONVICTION.
2026-02-10 21:44:31,687 - INFO - Indicators GOLDM: price 155272.00, vol 5.00, atr% 0.21, rc 0.72
2026-02-10 21:44:31,691 - INFO - Indicators GOLDMINI: price 155272.00, vol 5.00, atr% 0.21, rc 0.72
2026-02-10 21:44:31,694 - INFO - Indicators SILVER: price 254465.00, vol 5.00, atr% 0.52, rc 0.60
2026-02-10 21:44:31,698 - INFO - Indicators SILVERM: price 262327.00, vol 5.00, atr% 0.52, rc 0.63
2026-02-10 21:44:31,700 - INFO - Indicators SILVERMIC: price 262431.00, vol 5.00, atr% 0.52, rc 0.62
2026-02-10 21:44:31,707 - INFO - Indicators CRUDEOILM: price 5801.00, vol 5.00, atr% 0.21, rc 0.64
2026-02-10 21:44:31,709 - INFO - Indicators CRUDEOILMINI: price 5801.00, vol 5.00, atr% 0.21, rc 0.64
2026-02-10 21:45:07,313 - WARNING - [33m❌ Ignoring switch to GOLDMINI_PINE for COMMODITY instance. Staying on GOLDMINI_PINE.[0m
2026-02-10 21:45:07,314 - INFO - ⚙️ Commodity scan list prepared: 7 symbols (tokens available for 7)
2026-02-10 21:45:07,316 - WARNING - Nifty data missing for regime assessment. Defaulting to HIGH_CONVICTION.
2026-02-10 21:45:17,549 - INFO - Indicators GOLDM: price 155216.00, vol 5.00, atr% 0.21, rc 0.71
2026-02-10 21:45:17,565 - INFO - Indicators GOLDMINI: price 155216.00, vol 5.00, atr% 0.21, rc 0.71
2026-02-10 21:45:17,574 - INFO - Indicators SILVER: price 254303.00, vol 5.00, atr% 0.57, rc 0.65
2026-02-10 21:45:17,582 - INFO - Indicators SILVERM: price 262075.00, vol 5.00, atr% 0.57, rc 0.59
2026-02-10 21:45:17,584 - INFO - Indicators SILVERMIC: price 262161.00, vol 5.00, atr% 0.57, rc 0.60
2026-02-10 21:45:17,586 - INFO - Indicators CRUDEOILM: price 5806.00, vol 5.00, atr% 0.24, rc 0.64
2026-02-10 21:45:17,588 - INFO - Indicators CRUDEOILMINI: price 5806.00, vol 5.00, atr% 0.24, rc 0.64
2026-02-10 21:45:53,791 - WARNING - [33m❌ Ignoring switch to GOLDMINI_PINE for COMMODITY instance. Staying on GOLDMINI_PINE.[0m
2026-02-10 21:45:53,792 - INFO - ⚙️ Commodity scan list prepared: 7 symbols (tokens available for 7)
2026-02-10 21:45:53,792 - WARNING - Nifty data missing for regime assessment. Defaulting to HIGH_CONVICTION.
2026-02-10 21:46:03,661 - INFO - Indicators GOLDM: price 155234.00, vol 5.00, atr% 0.20, rc 0.70
2026-02-10 21:46:03,665 - INFO - Indicators GOLDMINI: price 155234.00, vol 5.00, atr% 0.20, rc 0.70
2026-02-10 21:46:03,672 - INFO - Indicators SILVER: price 254553.00, vol 5.00, atr% 0.58, rc 0.63
2026-02-10 21:46:03,676 - INFO - Indicators SILVERM: price 262193.00, vol 5.00, atr% 0.55, rc 0.61
2026-02-10 21:46:03,678 - INFO - Indicators SILVERMIC: price 262310.00, vol 5.00, atr% 0.55, rc 0.61
2026-02-10 21:46:03,681 - INFO - Indicators CRUDEOILM: price 5810.00, vol 5.00, atr% 0.27, rc 0.77
2026-02-10 21:46:03,686 - INFO - Indicators CRUDEOILMINI: price 5810.00, vol 5.00, atr% 0.27, rc 0.77
2026-02-10 21:46:10,224 - WARNING - [33m❌ Ignoring switch to GOLDMINI_PINE for COMMODITY instance. Staying on GOLDMINI_PINE.[0m
2026-02-10 21:46:10,225 - INFO - ⚙️ Commodity scan list prepared: 7 symbols (tokens available for 7)
2026-02-10 21:46:10,225 - WARNING - Nifty data missing for regime assessment. Defaulting to HIGH_CONVICTION.
2026-02-10 21:46:19,880 - INFO - Indicators GOLDM: price 155190.00, vol 5.00, atr% 0.20, rc 0.62
2026-02-10 21:46:19,883 - INFO - Indicators GOLDMINI: price 155190.00, vol 5.00, atr% 0.20, rc 0.62
2026-02-10 21:46:19,885 - INFO - Indicators SILVER: price 254667.00, vol 5.00, atr% 0.56, rc 0.64
2026-02-10 21:46:19,887 - INFO - Indicators SILVERM: price 262481.00, vol 5.00, atr% 0.55, rc 0.65
2026-02-10 21:46:19,889 - INFO - Indicators SILVERMIC: price 262590.00, vol 5.00, atr% 0.55, rc 0.65
2026-02-10 21:46:19,891 - INFO - Indicators CRUDEOILM: price 5812.00, vol 5.00, atr% 0.26, rc 0.77
2026-02-10 21:46:19,893 - INFO - Indicators CRUDEOILMINI: price 5812.00, vol 5.00, atr% 0.26, rc 0.77
2026-02-10 21:46:55,528 - WARNING - [33m❌ Ignoring switch to GOLDMINI_PINE for COMMODITY instance. Staying on GOLDMINI_PINE.[0m
2026-02-10 21:46:55,529 - INFO - ⚙️ Commodity scan list prepared: 7 symbols (tokens available for 7)
2026-02-10 21:46:55,529 - WARNING - Nifty data missing for regime assessment. Defaulting to HIGH_CONVICTION.
2026-02-10 21:47:04,911 - INFO - Indicators GOLDM: price 155203.00, vol 5.00, atr% 0.20, rc 0.62
2026-02-10 21:47:04,914 - INFO - Indicators GOLDMINI: price 155203.00, vol 5.00, atr% 0.20, rc 0.62
2026-02-10 21:47:04,915 - INFO - Indicators SILVER: price 254503.00, vol 5.00, atr% 0.51, rc 0.51
2026-02-10 21:47:04,917 - INFO - Indicators SILVERM: price 262100.00, vol 5.00, atr% 0.52, rc 0.53
2026-02-10 21:47:04,919 - INFO - Indicators SILVERMIC: price 262019.00, vol 5.00, atr% 0.51, rc 0.56
2026-02-10 21:47:04,920 - INFO - Indicators CRUDEOILM: price 5812.00, vol 5.00, atr% 0.26, rc 0.84
2026-02-10 21:47:04,923 - INFO - Indicators CRUDEOILMINI: price 5812.00, vol 5.00, atr% 0.26, rc 0.84
2026-02-10 21:47:40,450 - WARNING - [33m❌ Ignoring switch to GOLDMINI_PINE for COMMODITY instance. Staying on GOLDMINI_PINE.[0m
2026-02-10 21:47:40,451 - INFO - ⚙️ Commodity scan list prepared: 7 symbols (tokens available for 7)
2026-02-10 21:47:40,451 - WARNING - Nifty data missing for regime assessment. Defaulting to HIGH_CONVICTION.
2026-02-10 21:47:50,599 - INFO - Indicators GOLDM: price 155250.00, vol 5.00, atr% 0.22, rc 0.54
2026-02-10 21:47:50,602 - INFO - Indicators GOLDMINI: price 155250.00, vol 5.00, atr% 0.22, rc 0.54
2026-02-10 21:47:50,604 - INFO - Indicators SILVER: price 254638.00, vol 5.00, atr% 0.54, rc 0.59
2026-02-10 21:47:50,606 - INFO - Indicators SILVERM: price 262500.00, vol 5.00, atr% 0.57, rc 0.59
2026-02-10 21:47:50,608 - INFO - Indicators SILVERMIC: price 262556.00, vol 5.00, atr% 0.57, rc 0.58
2026-02-10 21:47:50,610 - INFO - Indicators CRUDEOILM: price 5814.00, vol 5.00, atr% 0.25, rc 0.82
2026-02-10 21:47:50,612 - INFO - Indicators CRUDEOILMINI: price 5814.00, vol 5.00, atr% 0.25, rc 0.82
2026-02-10 21:48:26,228 - WARNING - [33m❌ Ignoring switch to GOLDMINI_PINE for COMMODITY instance. Staying on GOLDMINI_PINE.[0m
2026-02-10 21:48:26,233 - INFO - ⚙️ Commodity scan list prepared: 7 symbols (tokens available for 7)
2026-02-10 21:48:26,234 - WARNING - Nifty data missing for regime assessment. Defaulting to HIGH_CONVICTION.
2026-02-10 21:48:35,646 - INFO - Indicators GOLDM: price 155255.00, vol 5.00, atr% 0.21, rc 0.51
2026-02-10 21:48:35,649 - INFO - Indicators GOLDMINI: price 155255.00, vol 5.00, atr% 0.21, rc 0.51
2026-02-10 21:48:35,660 - INFO - Indicators SILVER: price 254767.00, vol 5.00, atr% 0.52, rc 0.53
2026-02-10 21:48:35,662 - INFO - Indicators SILVERM: price 262250.00, vol 5.00, atr% 0.54, rc 0.53
2026-02-10 21:48:35,664 - INFO - Indicators SILVERMIC: price 262354.00, vol 5.00, atr% 0.55, rc 0.50
2026-02-10 21:48:35,666 - INFO - Indicators CRUDEOILM: price 5813.00, vol 5.00, atr% 0.24, rc 0.67
2026-02-10 21:48:35,668 - INFO - Indicators CRUDEOILMINI: price 5813.00, vol 5.00, atr% 0.24, rc 0.67
2026-02-10 21:49:11,237 - WARNING - [33m❌ Ignoring switch to GOLDMINI_PINE for COMMODITY instance. Staying on GOLDMINI_PINE.[0m
2026-02-10 21:49:11,238 - INFO - ⚙️ Commodity scan list prepared: 7 symbols (tokens available for 7)
2026-02-10 21:49:11,239 - WARNING - Nifty data missing for regime assessment. Defaulting to HIGH_CONVICTION.
2026-02-10 21:49:20,347 - INFO - Indicators GOLDM: price 155284.00, vol 5.00, atr% 0.21, rc 0.51
2026-02-10 21:49:20,349 - INFO - Indicators GOLDMINI: price 155284.00, vol 5.00, atr% 0.21, rc 0.51
2026-02-10 21:49:20,351 - INFO - Indicators SILVER: price 254767.00, vol 5.00, atr% 0.52, rc 0.51
2026-02-10 21:49:20,353 - INFO - Indicators SILVERM: price 262326.00, vol 5.00, atr% 0.52, rc 0.52
2026-02-10 21:49:20,355 - INFO - Indicators SILVERMIC: price 262453.00, vol 5.00, atr% 0.53, rc 0.51
2026-02-10 21:49:20,357 - INFO - Indicators CRUDEOILM: price 5811.00, vol 5.00, atr% 0.23, rc 0.79
2026-02-10 21:49:20,360 - INFO - Indicators CRUDEOILMINI: price 5811.00, vol 5.00, atr% 0.23, rc 0.79
2026-02-10 21:49:56,397 - WARNING - [33m❌ Ignoring switch to GOLDMINI_PINE for COMMODITY instance. Staying on GOLDMINI_PINE.[0m
2026-02-10 21:49:56,398 - INFO - ⚙️ Commodity scan list prepared: 7 symbols (tokens available for 7)
2026-02-10 21:49:56,399 - WARNING - Nifty data missing for regime assessment. Defaulting to HIGH_CONVICTION.
2026-02-10 21:50:06,135 - INFO - Indicators GOLDM: price 155190.00, vol 5.00, atr% 0.21, rc 0.52
2026-02-10 21:50:06,138 - INFO - Indicators GOLDMINI: price 155190.00, vol 5.00, atr% 0.21, rc 0.52
2026-02-10 21:50:06,140 - INFO - Indicators SILVER: price 253988.00, vol 5.00, atr% 0.55, rc 0.56
2026-02-10 21:50:06,182 - INFO - Indicators SILVERM: price 261766.00, vol 5.00, atr% 0.56, rc 0.58
2026-02-10 21:50:06,193 - INFO - Indicators SILVERMIC: price 261804.00, vol 5.00, atr% 0.57, rc 0.56
2026-02-10 21:50:06,208 - INFO - Indicators CRUDEOILM: price 5813.00, vol 5.00, atr% 0.24, rc 0.60
2026-02-10 21:50:06,212 - INFO - Indicators CRUDEOILMINI: price 5813.00, vol 5.00, atr% 0.24, rc 0.60
2026-02-10 21:50:42,055 - WARNING - [33m❌ Ignoring switch to GOLDMINI_PINE for COMMODITY instance. Staying on GOLDMINI_PINE.[0m
2026-02-10 21:50:42,057 - INFO - ⚙️ Commodity scan list prepared: 7 symbols (tokens available for 7)
2026-02-10 21:50:42,057 - WARNING - Nifty data missing for regime assessment. Defaulting to HIGH_CONVICTION.
2026-02-10 21:50:51,309 - INFO - Indicators GOLDM: price 155001.00, vol 5.00, atr% 0.21, rc 0.56
2026-02-10 21:50:51,313 - INFO - Indicators GOLDMINI: price 155001.00, vol 5.00, atr% 0.21, rc 0.56
2026-02-10 21:50:51,333 - INFO - Indicators SILVER: price 253432.00, vol 5.00, atr% 0.59, rc 0.62
2026-02-10 21:50:51,340 - INFO - Indicators SILVERM: price 261145.00, vol 5.00, atr% 0.57, rc 0.64
2026-02-10 21:50:51,352 - INFO - Indicators SILVERMIC: price 261000.00, vol 5.00, atr% 0.57, rc 0.69
2026-02-10 21:50:51,367 - INFO - Indicators CRUDEOILM: price 5810.00, vol 5.00, atr% 0.25, rc 0.52
2026-02-10 21:50:51,376 - INFO - Indicators CRUDEOILMINI: price 5810.00, vol 5.00, atr% 0.25, rc 0.52
2026-02-10 21:51:27,374 - WARNING - [33m❌ Ignoring switch to GOLDMINI_PINE for COMMODITY instance. Staying on GOLDMINI_PINE.[0m
2026-02-10 21:51:27,375 - INFO - ⚙️ Commodity scan list prepared: 7 symbols (tokens available for 7)
2026-02-10 21:51:27,375 - WARNING - Nifty data missing for regime assessment. Defaulting to HIGH_CONVICTION.
2026-02-10 21:51:37,904 - INFO - Indicators GOLDM: price 154997.00, vol 5.00, atr% 0.21, rc 0.72
2026-02-10 21:51:37,908 - INFO - Indicators GOLDMINI: price 154997.00, vol 5.00, atr% 0.21, rc 0.72
2026-02-10 21:51:37,912 - INFO - Indicators SILVER: price 253100.00, vol 5.00, atr% 0.58, rc 0.78
2026-02-10 21:51:37,915 - INFO - Indicators SILVERM: price 260803.00, vol 5.00, atr% 0.57, rc 0.76
2026-02-10 21:51:37,918 - INFO - Indicators SILVERMIC: price 260903.00, vol 5.00, atr% 0.56, rc 0.78
2026-02-10 21:51:37,920 - INFO - Indicators CRUDEOILM: price 5809.00, vol 5.00, atr% 0.25, rc 0.58
2026-02-10 21:51:37,923 - INFO - Indicators CRUDEOILMINI: price 5809.00, vol 5.00, atr% 0.25, rc 0.58
2026-02-10 21:52:13,165 - WARNING - [33m❌ Ignoring switch to GOLDMINI_PINE for COMMODITY instance. Staying on GOLDMINI_PINE.[0m
2026-02-10 21:52:13,167 - INFO - ⚙️ Commodity scan list prepared: 7 symbols (tokens available for 7)
2026-02-10 21:52:13,167 - WARNING - Nifty data missing for regime assessment. Defaulting to HIGH_CONVICTION.
2026-02-10 21:52:23,163 - INFO - Indicators GOLDM: price 154919.00, vol 5.00, atr% 0.21, rc 0.75
2026-02-10 21:52:23,167 - INFO - Indicators GOLDMINI: price 154919.00, vol 5.00, atr% 0.21, rc 0.75
2026-02-10 21:52:23,170 - INFO - Indicators SILVER: price 252456.00, vol 5.00, atr% 0.56, rc 0.93
2026-02-10 21:52:23,174 - INFO - Indicators SILVERM: price 260380.00, vol 5.00, atr% 0.58, rc 0.82
2026-02-10 21:52:23,177 - INFO - Indicators SILVERMIC: price 260602.00, vol 5.00, atr% 0.58, rc 0.80
2026-02-10 21:52:23,179 - INFO - Indicators CRUDEOILM: price 5811.00, vol 5.00, atr% 0.25, rc 0.58
2026-02-10 21:52:23,182 - INFO - Indicators CRUDEOILMINI: price 5811.00, vol 5.00, atr% 0.25, rc 0.58
2026-02-10 21:52:58,774 - WARNING - [33m❌ Ignoring switch to GOLDMINI_PINE for COMMODITY instance. Staying on GOLDMINI_PINE.[0m
2026-02-10 21:52:58,775 - INFO - ⚙️ Commodity scan list prepared: 7 symbols (tokens available for 7)
2026-02-10 21:52:58,775 - WARNING - Nifty data missing for regime assessment. Defaulting to HIGH_CONVICTION.
2026-02-10 21:53:07,883 - INFO - Indicators GOLDM: price 154908.00, vol 5.00, atr% 0.23, rc 0.85
2026-02-10 21:53:07,886 - INFO - Indicators GOLDMINI: price 154908.00, vol 5.00, atr% 0.23, rc 0.85
2026-02-10 21:53:07,889 - INFO - Indicators SILVER: price 252230.00, vol 5.00, atr% 0.59, rc 1.00
2026-02-10 21:53:07,893 - INFO - Indicators SILVERM: price 259770.00, vol 5.00, atr% 0.62, rc 0.99
2026-02-10 21:53:07,896 - INFO - Indicators SILVERMIC: price 259835.00, vol 5.00, atr% 0.62, rc 1.00
2026-02-10 21:53:07,899 - INFO - Indicators CRUDEOILM: price 5810.00, vol 5.00, atr% 0.25, rc 0.60
2026-02-10 21:53:07,901 - INFO - Indicators CRUDEOILMINI: price 5810.00, vol 5.00, atr% 0.25, rc 0.60
2026-02-10 21:53:43,470 - WARNING - [33m❌ Ignoring switch to GOLDMINI_PINE for COMMODITY instance. Staying on GOLDMINI_PINE.[0m
2026-02-10 21:53:43,471 - INFO - ⚙️ Commodity scan list prepared: 7 symbols (tokens available for 7)
2026-02-10 21:53:43,472 - WARNING - Nifty data missing for regime assessment. Defaulting to HIGH_CONVICTION.
2026-02-10 21:53:53,156 - INFO - Indicators GOLDM: price 154846.00, vol 5.00, atr% 0.22, rc 0.85
2026-02-10 21:53:53,159 - INFO - Indicators GOLDMINI: price 154846.00, vol 5.00, atr% 0.22, rc 0.85
2026-02-10 21:53:53,160 - INFO - Indicators SILVER: price 252230.00, vol 5.00, atr% 0.59, rc 1.00
2026-02-10 21:53:53,162 - INFO - Indicators SILVERM: price 259556.00, vol 5.00, atr% 0.61, rc 1.00
2026-02-10 21:53:53,164 - INFO - Indicators SILVERMIC: price 259559.00, vol 5.00, atr% 0.61, rc 1.00
2026-02-10 21:53:53,165 - INFO - Indicators CRUDEOILM: price 5811.00, vol 5.00, atr% 0.24, rc 0.49
2026-02-10 21:53:53,167 - INFO - Indicators CRUDEOILMINI: price 5811.00, vol 5.00, atr% 0.24, rc 0.49
2026-02-10 21:54:29,321 - WARNING - [33m❌ Ignoring switch to GOLDMINI_PINE for COMMODITY instance. Staying on GOLDMINI_PINE.[0m
2026-02-10 21:54:29,322 - INFO - ⚙️ Commodity scan list prepared: 7 symbols (tokens available for 7)
2026-02-10 21:54:29,322 - WARNING - Nifty data missing for regime assessment. Defaulting to HIGH_CONVICTION.
2026-02-10 21:54:38,625 - INFO - Indicators GOLDM: price 154937.00, vol 5.00, atr% 0.22, rc 0.79
2026-02-10 21:54:38,628 - INFO - Indicators GOLDMINI: price 154937.00, vol 5.00, atr% 0.22, rc 0.79
2026-02-10 21:54:38,629 - INFO - Indicators SILVER: price 252116.00, vol 5.00, atr% 0.59, rc 1.00
2026-02-10 21:54:38,631 - INFO - Indicators SILVERM: price 259556.00, vol 5.00, atr% 0.59, rc 1.00
2026-02-10 21:54:38,634 - INFO - Indicators SILVERMIC: price 259559.00, vol 5.00, atr% 0.61, rc 1.00
2026-02-10 21:54:38,640 - INFO - Indicators CRUDEOILM: price 5809.00, vol 5.00, atr% 0.22, rc 0.52
2026-02-10 21:54:38,644 - INFO - Indicators CRUDEOILMINI: price 5809.00, vol 5.00, atr% 0.22, rc 0.52
2026-02-10 21:55:14,263 - WARNING - [33m❌ Ignoring switch to GOLDMINI_PINE for COMMODITY instance. Staying on GOLDMINI_PINE.[0m
2026-02-10 21:55:14,266 - INFO - ⚙️ Commodity scan list prepared: 7 symbols (tokens available for 7)
2026-02-10 21:55:14,267 - WARNING - Nifty data missing for regime assessment. Defaulting to HIGH_CONVICTION.
2026-02-10 21:55:23,558 - INFO - Indicators GOLDM: price 154909.00, vol 5.00, atr% 0.21, rc 0.68
2026-02-10 21:55:23,563 - INFO - Indicators GOLDMINI: price 154909.00, vol 5.00, atr% 0.21, rc 0.68
2026-02-10 21:55:23,568 - INFO - Indicators SILVER: price 252116.00, vol 5.00, atr% 0.61, rc 0.85
2026-02-10 21:55:23,572 - INFO - Indicators SILVERM: price 259556.00, vol 5.00, atr% 0.61, rc 0.90
2026-02-10 21:55:23,575 - INFO - Indicators SILVERMIC: price 259559.00, vol 5.00, atr% 0.62, rc 0.87
2026-02-10 21:55:23,577 - INFO - Indicators CRUDEOILM: price 5810.00, vol 5.00, atr% 0.25, rc 0.56
2026-02-10 21:55:23,579 - INFO - Indicators CRUDEOILMINI: price 5810.00, vol 5.00, atr% 0.25, rc 0.56
2026-02-10 21:55:59,246 - WARNING - [33m❌ Ignoring switch to GOLDMINI_PINE for COMMODITY instance. Staying on GOLDMINI_PINE.[0m
2026-02-10 21:55:59,247 - INFO - ⚙️ Commodity scan list prepared: 7 symbols (tokens available for 7)
2026-02-10 21:55:59,248 - WARNING - Nifty data missing for regime assessment. Defaulting to HIGH_CONVICTION.
2026-02-10 21:56:08,106 - INFO - Indicators GOLDM: price 154658.00, vol 5.00, atr% 0.22, rc 0.72
2026-02-10 21:56:08,110 - INFO - Indicators GOLDMINI: price 154658.00, vol 5.00, atr% 0.22, rc 0.72
2026-02-10 21:56:08,113 - INFO - Indicators SILVER: price 252116.00, vol 5.00, atr% 0.59, rc 0.63
2026-02-10 21:56:08,117 - INFO - Indicators SILVERM: price 259556.00, vol 5.00, atr% 0.60, rc 0.71
2026-02-10 21:56:08,121 - INFO - Indicators SILVERMIC: price 259559.00, vol 5.00, atr% 0.61, rc 0.70
2026-02-10 21:56:08,124 - INFO - Indicators CRUDEOILM: price 5811.00, vol 5.00, atr% 0.25, rc 0.58
2026-02-10 21:56:08,128 - INFO - Indicators CRUDEOILMINI: price 5811.00, vol 5.00, atr% 0.25, rc 0.58
2026-02-10 21:56:14,663 - WARNING - [33m❌ Ignoring switch to GOLDMINI_PINE for COMMODITY instance. Staying on GOLDMINI_PINE.[0m
2026-02-10 21:56:14,695 - INFO - ⚙️ Commodity scan list prepared: 7 symbols (tokens available for 7)
2026-02-10 21:56:14,696 - WARNING - Nifty data missing for regime assessment. Defaulting to HIGH_CONVICTION.
2026-02-10 21:56:24,151 - INFO - Indicators GOLDM: price 154795.00, vol 5.00, atr% 0.22, rc 0.61
2026-02-10 21:56:24,155 - INFO - Indicators GOLDMINI: price 154795.00, vol 5.00, atr% 0.22, rc 0.61
2026-02-10 21:56:24,158 - INFO - Indicators SILVER: price 252116.00, vol 5.00, atr% 0.59, rc 0.69
2026-02-10 21:56:24,161 - INFO - Indicators SILVERM: price 259556.00, vol 5.00, atr% 0.60, rc 0.73
2026-02-10 21:56:24,164 - INFO - Indicators SILVERMIC: price 259559.00, vol 5.00, atr% 0.61, rc 0.75
2026-02-10 21:56:24,167 - INFO - Indicators CRUDEOILM: price 5810.00, vol 5.00, atr% 0.25, rc 0.54
2026-02-10 21:56:24,169 - INFO - Indicators CRUDEOILMINI: price 5810.00, vol 5.00, atr% 0.25, rc 0.54
2026-02-10 21:56:59,990 - WARNING - [33m❌ Ignoring switch to GOLDMINI_PINE for COMMODITY instance. Staying on GOLDMINI_PINE.[0m
2026-02-10 21:56:59,991 - INFO - ⚙️ Commodity scan list prepared: 7 symbols (tokens available for 7)
2026-02-10 21:56:59,992 - WARNING - Nifty data missing for regime assessment. Defaulting to HIGH_CONVICTION.
2026-02-10 21:57:10,026 - INFO - Indicators GOLDM: price 154922.00, vol 5.00, atr% 0.22, rc 0.51
2026-02-10 21:57:10,032 - INFO - Indicators GOLDMINI: price 154922.00, vol 5.00, atr% 0.22, rc 0.51
2026-02-10 21:57:10,038 - INFO - Indicators SILVER: price 252116.00, vol 5.00, atr% 0.55, rc 0.62
2026-02-10 21:57:10,043 - INFO - Indicators SILVERM: price 259556.00, vol 5.00, atr% 0.56, rc 0.70
2026-02-10 21:57:10,047 - INFO - Indicators SILVERMIC: price 259559.00, vol 5.00, atr% 0.58, rc 0.66
2026-02-10 21:57:10,049 - INFO - Indicators CRUDEOILM: price 5810.00, vol 5.00, atr% 0.24, rc 0.54
2026-02-10 21:57:10,052 - INFO - Indicators CRUDEOILMINI: price 5810.00, vol 5.00, atr% 0.24, rc 0.54
2026-02-10 21:57:45,634 - WARNING - [33m❌ Ignoring switch to GOLDMINI_PINE for COMMODITY instance. Staying on GOLDMINI_PINE.[0m
2026-02-10 21:57:45,636 - INFO - ⚙️ Commodity scan list prepared: 7 symbols (tokens available for 7)
2026-02-10 21:57:45,637 - WARNING - Nifty data missing for regime assessment. Defaulting to HIGH_CONVICTION.
2026-02-10 21:57:55,423 - INFO - Indicators GOLDM: price 154869.00, vol 5.00, atr% 0.24, rc 0.53
2026-02-10 21:57:55,427 - INFO - Indicators GOLDMINI: price 154869.00, vol 5.00, atr% 0.24, rc 0.53
2026-02-10 21:57:55,428 - INFO - Indicators SILVER: price 252116.00, vol 5.00, atr% 0.59, rc 0.54
2026-02-10 21:57:55,430 - INFO - Indicators SILVERM: price 259556.00, vol 5.00, atr% 0.62, rc 0.57
2026-02-10 21:57:55,434 - INFO - Indicators SILVERMIC: price 259559.00, vol 5.00, atr% 0.63, rc 0.60
2026-02-10 21:57:55,436 - INFO - Indicators CRUDEOILM: price 5813.00, vol 5.00, atr% 0.25, rc 0.52
2026-02-10 21:57:55,438 - INFO - Indicators CRUDEOILMINI: price 5813.00, vol 5.00, atr% 0.25, rc 0.52
2026-02-10 21:58:30,716 - WARNING - [33m❌ Ignoring switch to GOLDMINI_PINE for COMMODITY instance. Staying on GOLDMINI_PINE.[0m
2026-02-10 21:58:30,716 - INFO - ⚙️ Commodity scan list prepared: 7 symbols (tokens available for 7)
2026-02-10 21:58:30,716 - WARNING - Nifty data missing for regime assessment. Defaulting to HIGH_CONVICTION.
2026-02-10 21:58:40,317 - INFO - Indicators GOLDM: price 154945.00, vol 5.00, atr% 0.23, rc 0.60
2026-02-10 21:58:40,323 - INFO - Indicators GOLDMINI: price 154945.00, vol 5.00, atr% 0.23, rc 0.60
2026-02-10 21:58:40,327 - INFO - Indicators SILVER: price 252116.00, vol 5.00, atr% 0.58, rc 0.52
2026-02-10 21:58:40,331 - INFO - Indicators SILVERM: price 259556.00, vol 5.00, atr% 0.59, rc 0.49
2026-02-10 21:58:40,334 - INFO - Indicators SILVERMIC: price 259559.00, vol 5.00, atr% 0.61, rc 0.49
2026-02-10 21:58:40,337 - INFO - Indicators CRUDEOILM: price 5813.00, vol 5.00, atr% 0.23, rc 0.56
2026-02-10 21:58:40,339 - INFO - Indicators CRUDEOILMINI: price 5813.00, vol 5.00, atr% 0.23, rc 0.56
2026-02-10 21:59:15,699 - WARNING - [33m❌ Ignoring switch to GOLDMINI_PINE for COMMODITY instance. Staying on GOLDMINI_PINE.[0m
2026-02-10 21:59:15,701 - INFO - ⚙️ Commodity scan list prepared: 7 symbols (tokens available for 7)
2026-02-10 21:59:15,702 - WARNING - Nifty data missing for regime assessment. Defaulting to HIGH_CONVICTION.
2026-02-10 21:59:25,119 - INFO - Indicators GOLDM: price 154907.00, vol 5.00, atr% 0.23, rc 0.52
2026-02-10 21:59:25,121 - INFO - Indicators GOLDMINI: price 154907.00, vol 5.00, atr% 0.23, rc 0.52
2026-02-10 21:59:25,123 - INFO - Indicators SILVER: price 252116.00, vol 5.00, atr% 0.56, rc 0.49
2026-02-10 21:59:25,125 - INFO - Indicators SILVERM: price 259556.00, vol 5.00, atr% 0.56, rc 0.49
2026-02-10 21:59:25,127 - INFO - Indicators SILVERMIC: price 259559.00, vol 5.00, atr% 0.57, rc 0.49
2026-02-10 21:59:25,130 - INFO - Indicators CRUDEOILM: price 5806.00, vol 5.00, atr% 0.22, rc 0.59
2026-02-10 21:59:25,136 - INFO - Indicators CRUDEOILMINI: price 5806.00, vol 5.00, atr% 0.22, rc 0.59
2026-02-10 22:00:00,774 - WARNING - [33m❌ Ignoring switch to GOLDMINI_PINE for COMMODITY instance. Staying on GOLDMINI_PINE.[0m
2026-02-10 22:00:00,775 - INFO - ⚙️ Commodity scan list prepared: 7 symbols (tokens available for 7)
2026-02-10 22:00:00,775 - WARNING - Nifty data missing for regime assessment. Defaulting to HIGH_CONVICTION.
2026-02-10 22:00:09,997 - INFO - Indicators GOLDM: price 154850.00, vol 5.00, atr% 0.22, rc 0.54
2026-02-10 22:00:10,000 - INFO - Indicators GOLDMINI: price 154850.00, vol 5.00, atr% 0.22, rc 0.54
2026-02-10 22:00:10,002 - INFO - Indicators SILVER: price 250801.00, vol 5.00, atr% 0.61, rc 0.75
2026-02-10 22:00:10,004 - INFO - Indicators SILVERM: price 258093.00, vol 5.00, atr% 0.63, rc 0.76
2026-02-10 22:00:10,006 - INFO - Indicators SILVERMIC: price 258001.00, vol 5.00, atr% 0.74, rc 0.74
2026-02-10 22:00:10,009 - INFO - Indicators CRUDEOILM: price 5810.00, vol 5.00, atr% 0.23, rc 0.49
2026-02-10 22:00:10,010 - INFO - Indicators CRUDEOILMINI: price 5810.00, vol 5.00, atr% 0.23, rc 0.49
2026-02-10 22:00:45,607 - WARNING - [33m❌ Ignoring switch to GOLDMINI_PINE for COMMODITY instance. Staying on GOLDMINI_PINE.[0m
2026-02-10 22:00:45,607 - INFO - ⚙️ Commodity scan list prepared: 7 symbols (tokens available for 7)
2026-02-10 22:00:45,607 - WARNING - Nifty data missing for regime assessment. Defaulting to HIGH_CONVICTION.
2026-02-10 22:00:55,847 - INFO - Indicators GOLDM: price 154890.00, vol 5.00, atr% 0.23, rc 0.67
2026-02-10 22:00:55,850 - INFO - Indicators GOLDMINI: price 154890.00, vol 5.00, atr% 0.23, rc 0.67
2026-02-10 22:00:55,851 - INFO - Indicators SILVER: price 250627.00, vol 5.00, atr% 0.65, rc 0.77
2026-02-10 22:00:55,853 - INFO - Indicators SILVERM: price 258250.00, vol 5.00, atr% 0.63, rc 0.73
2026-02-10 22:00:55,855 - INFO - Indicators SILVERMIC: price 257938.00, vol 5.00, atr% 0.72, rc 0.75
2026-02-10 22:00:55,857 - INFO - Indicators CRUDEOILM: price 5820.00, vol 5.00, atr% 0.24, rc 0.71
2026-02-10 22:00:55,859 - INFO - Indicators CRUDEOILMINI: price 5820.00, vol 5.00, atr% 0.24, rc 0.71
2026-02-10 22:01:31,107 - WARNING - [33m❌ Ignoring switch to GOLDMINI_PINE for COMMODITY instance. Staying on GOLDMINI_PINE.[0m
2026-02-10 22:01:31,109 - INFO - ⚙️ Commodity scan list prepared: 7 symbols (tokens available for 7)
2026-02-10 22:01:31,109 - WARNING - Nifty data missing for regime assessment. Defaulting to HIGH_CONVICTION.
2026-02-10 22:01:41,132 - INFO - Indicators GOLDM: price 154975.00, vol 5.00, atr% 0.22, rc 0.63
2026-02-10 22:01:41,135 - INFO - Indicators GOLDMINI: price 154975.00, vol 5.00, atr% 0.22, rc 0.63
2026-02-10 22:01:41,136 - INFO - Indicators SILVER: price 250637.00, vol 5.00, atr% 0.61, rc 0.78
2026-02-10 22:01:41,138 - INFO - Indicators SILVERM: price 258187.00, vol 5.00, atr% 0.61, rc 0.75
2026-02-10 22:01:41,139 - INFO - Indicators SILVERMIC: price 257903.00, vol 5.00, atr% 0.70, rc 0.77
2026-02-10 22:01:41,146 - INFO - Indicators CRUDEOILM: price 5817.00, vol 5.00, atr% 0.24, rc 0.60
2026-02-10 22:01:41,148 - INFO - Indicators CRUDEOILMINI: price 5817.00, vol 5.00, atr% 0.24, rc 0.60
2026-02-10 22:02:16,411 - WARNING - [33m❌ Ignoring switch to GOLDMINI_PINE for COMMODITY instance. Staying on GOLDMINI_PINE.[0m
2026-02-10 22:02:16,412 - INFO - ⚙️ Commodity scan list prepared: 7 symbols (tokens available for 7)
2026-02-10 22:02:16,412 - WARNING - Nifty data missing for regime assessment. Defaulting to HIGH_CONVICTION.
2026-02-10 22:02:26,423 - INFO - Indicators GOLDM: price 155017.00, vol 5.00, atr% 0.23, rc 0.55
2026-02-10 22:02:26,425 - INFO - Indicators GOLDMINI: price 155017.00, vol 5.00, atr% 0.23, rc 0.55
2026-02-10 22:02:26,426 - INFO - Indicators SILVER: price 250603.00, vol 5.00, atr% 0.61, rc 0.79
2026-02-10 22:02:26,428 - INFO - Indicators SILVERM: price 258137.00, vol 5.00, atr% 0.64, rc 0.75
2026-02-10 22:02:26,429 - INFO - Indicators SILVERMIC: price 258333.00, vol 5.00, atr% 0.73, rc 0.69
2026-02-10 22:02:26,431 - INFO - Indicators CRUDEOILM: price 5821.00, vol 5.00, atr% 0.24, rc 0.66
2026-02-10 22:02:26,432 - INFO - Indicators CRUDEOILMINI: price 5821.00, vol 5.00, atr% 0.24, rc 0.66
2026-02-10 22:03:01,753 - WARNING - [33m❌ Ignoring switch to GOLDMINI_PINE for COMMODITY instance. Staying on GOLDMINI_PINE.[0m
2026-02-10 22:03:01,755 - INFO - ⚙️ Commodity scan list prepared: 7 symbols (tokens available for 7)
2026-02-10 22:03:01,755 - WARNING - Nifty data missing for regime assessment. Defaulting to HIGH_CONVICTION.
2026-02-10 22:03:11,764 - INFO - Indicators GOLDM: price 155046.00, vol 5.00, atr% 0.24, rc 0.57
2026-02-10 22:03:11,769 - INFO - Indicators GOLDMINI: price 155046.00, vol 5.00, atr% 0.24, rc 0.57
2026-02-10 22:03:11,772 - INFO - Indicators SILVER: price 251569.00, vol 5.00, atr% 0.61, rc 0.60
2026-02-10 22:03:11,777 - INFO - Indicators SILVERM: price 259177.00, vol 5.00, atr% 0.64, rc 0.56
2026-02-10 22:03:11,780 - INFO - Indicators SILVERMIC: price 259255.00, vol 5.00, atr% 0.73, rc 0.54
2026-02-10 22:03:11,782 - INFO - Indicators CRUDEOILM: price 5821.00, vol 5.00, atr% 0.24, rc 0.62
2026-02-10 22:03:11,785 - INFO - Indicators CRUDEOILMINI: price 5821.00, vol 5.00, atr% 0.24, rc 0.62
2026-02-10 22:03:47,343 - WARNING - [33m❌ Ignoring switch to GOLDMINI_PINE for COMMODITY instance. Staying on GOLDMINI_PINE.[0m
2026-02-10 22:03:47,348 - INFO - ⚙️ Commodity scan list prepared: 7 symbols (tokens available for 7)
2026-02-10 22:03:47,350 - WARNING - Nifty data missing for regime assessment. Defaulting to HIGH_CONVICTION.
2026-02-10 22:03:57,179 - INFO - Indicators GOLDM: price 155040.00, vol 5.00, atr% 0.25, rc 0.51
2026-02-10 22:03:57,181 - INFO - Indicators GOLDMINI: price 155040.00, vol 5.00, atr% 0.25, rc 0.51
2026-02-10 22:03:57,183 - INFO - Indicators SILVER: price 250913.00, vol 5.00, atr% 0.61, rc 0.73
2026-02-10 22:03:57,184 - INFO - Indicators SILVERM: price 258641.00, vol 5.00, atr% 0.62, rc 0.67
2026-02-10 22:03:57,186 - INFO - Indicators SILVERMIC: price 258404.00, vol 5.00, atr% 0.73, rc 0.68
2026-02-10 22:03:57,188 - INFO - Indicators CRUDEOILM: price 5817.00, vol 5.00, atr% 0.22, rc 0.66
2026-02-10 22:03:57,190 - INFO - Indicators CRUDEOILMINI: price 5817.00, vol 5.00, atr% 0.22, rc 0.66
2026-02-10 22:04:32,826 - WARNING - [33m❌ Ignoring switch to GOLDMINI_PINE for COMMODITY instance. Staying on GOLDMINI_PINE.[0m
2026-02-10 22:04:32,829 - INFO - ⚙️ Commodity scan list prepared: 7 symbols (tokens available for 7)
2026-02-10 22:04:32,830 - WARNING - Nifty data missing for regime assessment. Defaulting to HIGH_CONVICTION.
2026-02-10 22:04:41,566 - INFO - Indicators GOLDM: price 155099.00, vol 5.00, atr% 0.24, rc 0.68
2026-02-10 22:04:41,567 - INFO - Indicators GOLDMINI: price 155099.00, vol 5.00, atr% 0.24, rc 0.68
2026-02-10 22:04:41,569 - INFO - Indicators SILVER: price 251100.00, vol 5.00, atr% 0.64, rc 0.56
2026-02-10 22:04:41,570 - INFO - Indicators SILVERM: price 258603.00, vol 5.00, atr% 0.63, rc 0.51
2026-02-10 22:04:41,572 - INFO - Indicators SILVERMIC: price 258800.00, vol 5.00, atr% 0.76, rc 0.51
2026-02-10 22:04:41,574 - INFO - Indicators CRUDEOILM: price 5814.00, vol 5.00, atr% 0.22, rc 0.71
2026-02-10 22:04:41,575 - INFO - Indicators CRUDEOILMINI: price 5814.00, vol 5.00, atr% 0.22, rc 0.71
2026-02-10 22:05:17,385 - WARNING - [33m❌ Ignoring switch to GOLDMINI_PINE for COMMODITY instance. Staying on GOLDMINI_PINE.[0m
2026-02-10 22:05:17,387 - INFO - ⚙️ Commodity scan list prepared: 7 symbols (tokens available for 7)
2026-02-10 22:05:17,387 - WARNING - Nifty data missing for regime assessment. Defaulting to HIGH_CONVICTION.
2026-02-10 22:05:27,504 - INFO - Indicators GOLDM: price 155102.00, vol 5.00, atr% 0.24, rc 0.66
2026-02-10 22:05:27,508 - INFO - Indicators GOLDMINI: price 155102.00, vol 5.00, atr% 0.24, rc 0.66
2026-02-10 22:05:27,516 - INFO - Indicators SILVER: price 251047.00, vol 5.00, atr% 0.68, rc 0.66
2026-02-10 22:05:27,519 - INFO - Indicators SILVERM: price 258613.00, vol 5.00, atr% 0.68, rc 0.67
2026-02-10 22:05:27,521 - INFO - Indicators SILVERMIC: price 258587.00, vol 5.00, atr% 0.78, rc 0.61
2026-02-10 22:05:27,522 - INFO - Indicators CRUDEOILM: price 5815.00, vol 5.00, atr% 0.24, rc 0.54
2026-02-10 22:05:27,524 - INFO - Indicators CRUDEOILMINI: price 5815.00, vol 5.00, atr% 0.24, rc 0.54
2026-02-10 22:05:42,312 - INFO - 
Ctrl+C detected. Shutting down system.
2026-02-10 22:05:42,313 - INFO - 🛑 Automatic scheduler stopped.
2026-02-10 22:05:48,400 - INFO - ╔══════════════════════════════════════════════════════════╗
2026-02-10 22:05:48,400 - INFO - ║   ULTIMATE F&O OPTIONS TRADER - LIVE READY VERSION       ║
2026-02-10 22:05:48,400 - INFO - ╚══════════════════════════════════════════════════════════╝
2026-02-10 22:05:48,433 - INFO - Kite access token loaded from file.
2026-02-10 22:05:49,284 - INFO - Kite session verified for user: Anju Kumari
2026-02-10 22:05:51,918 - INFO - Dynamically fetched 212 F&O symbols.
2026-02-10 22:05:53,249 - INFO - Dynamically fetched 29 commodity symbols from MCX.
2026-02-10 22:05:53,253 - INFO - Lot sizes verified and cached from Kite.
2026-02-10 22:05:56,662 - INFO - NFO cache refreshed: 46778 instruments
2026-02-10 22:05:58,576 - INFO - MCX cache refreshed: 37947 instruments
2026-02-10 22:05:58,576 - INFO - Fetching all NSE equity instruments for token mapping...
2026-02-10 22:05:59,045 - INFO - NSE instrument map loaded: 16429 mappings
2026-02-10 22:05:59,052 - INFO - 📊 Trader Initialized. F&O Stocks: 212
2026-02-10 22:05:59,052 - INFO - 💰 Mode: PAPER. Capital: ₹250,000
2026-02-10 22:05:59,052 - INFO - 🎯 Strategy: GOLDMINI_PINE (Conf=7.8, R:R=1.7, Lots=2x)
2026-02-10 22:06:00,767 - INFO - Dynamic Telegram Chat ID detected: 8431274192
2026-02-10 22:06:00,773 - INFO - 🤖 Telegram alerts ENABLED. Chat ID: 8431274192
2026-02-10 22:06:03,495 - WARNING - [33m❌ Ignoring switch to GOLDMINI_PINE for COMMODITY instance. Staying on GOLDMINI_PINE.[0m
2026-02-10 22:06:03,496 - INFO - [36m--- MANUAL START: Strategy forced to GOLDMINI_PINE ---[0m
2026-02-10 22:06:03,496 - INFO - [32mEmitting initial dashboard data on startup...[0m
2026-02-10 22:06:06,263 - INFO - ✅ Automatic utility schedule setup complete.
2026-02-10 22:06:06,264 - INFO - 📋 Scheduled daily audit summary at 15:20.
2026-02-10 22:06:06,264 - INFO - 🔄 Scheduled hourly broker reconciliation.
2026-02-10 22:06:06,264 - INFO - [32m🚀 Starting continuous scanner and utility threads.[0m
2026-02-10 22:06:06,264 - WARNING - [33m❌ Ignoring switch to GOLDMINI_PINE for COMMODITY instance. Staying on GOLDMINI_PINE.[0m
2026-02-10 22:06:06,264 - INFO - ⚙️ Commodity scan list prepared: 7 symbols (tokens available for 7)
2026-02-10 22:06:06,265 - WARNING - Nifty data missing for regime assessment. Defaulting to HIGH_CONVICTION.
2026-02-10 22:06:08,189 - INFO - 🌐 Starting Dashboard at http://0.0.0.0:5024/
2026-02-10 22:06:08,193 - INFO - [32mSystem running continuously. Access dashboard at http://0.0.0.0:5024/. Press Ctrl+C to stop.[0m
2026-02-10 22:06:16,604 - INFO - Indicators GOLDM: price 155139.00, vol 5.00, atr% 0.24, rc 0.68
2026-02-10 22:06:16,606 - INFO - Indicators GOLDMINI: price 155139.00, vol 5.00, atr% 0.24, rc 0.68
2026-02-10 22:06:16,608 - INFO - Indicators SILVER: price 251371.00, vol 5.00, atr% 0.66, rc 0.53
2026-02-10 22:06:16,609 - INFO - Indicators SILVERM: price 258702.00, vol 5.00, atr% 0.67, rc 0.57
2026-02-10 22:06:16,611 - INFO - Indicators SILVERMIC: price 258950.00, vol 5.00, atr% 0.76, rc 0.66
2026-02-10 22:06:16,613 - INFO - Indicators CRUDEOILM: price 5813.00, vol 5.00, atr% 0.24, rc 0.62
2026-02-10 22:06:16,615 - INFO - Indicators CRUDEOILMINI: price 5813.00, vol 5.00, atr% 0.24, rc 0.62
2026-02-10 22:06:23,460 - WARNING - [33m❌ Ignoring switch to GOLDMINI_PINE for COMMODITY instance. Staying on GOLDMINI_PINE.[0m
2026-02-10 22:06:23,461 - INFO - ⚙️ Commodity scan list prepared: 7 symbols (tokens available for 7)
2026-02-10 22:06:23,461 - WARNING - Nifty data missing for regime assessment. Defaulting to HIGH_CONVICTION.
2026-02-10 22:06:32,815 - INFO - Indicators GOLDM: price 155105.00, vol 5.00, atr% 0.23, rc 0.60
2026-02-10 22:06:32,820 - INFO - Indicators GOLDMINI: price 155105.00, vol 5.00, atr% 0.23, rc 0.60
2026-02-10 22:06:32,825 - INFO - Indicators SILVER: price 251163.00, vol 5.00, atr% 0.64, rc 0.52
2026-02-10 22:06:32,833 - INFO - Indicators SILVERM: price 258715.00, vol 5.00, atr% 0.64, rc 0.53
2026-02-10 22:06:32,843 - INFO - Indicators SILVERMIC: price 258600.00, vol 5.00, atr% 0.74, rc 0.60
2026-02-10 22:06:32,847 - INFO - Indicators CRUDEOILM: price 5814.00, vol 5.00, atr% 0.24, rc 0.56
2026-02-10 22:06:32,854 - INFO - Indicators CRUDEOILMINI: price 5814.00, vol 5.00, atr% 0.24, rc 0.56
2026-02-10 22:07:08,696 - WARNING - [33m❌ Ignoring switch to GOLDMINI_PINE for COMMODITY instance. Staying on GOLDMINI_PINE.[0m
2026-02-10 22:07:08,697 - INFO - ⚙️ Commodity scan list prepared: 7 symbols (tokens available for 7)
2026-02-10 22:07:08,698 - WARNING - Nifty data missing for regime assessment. Defaulting to HIGH_CONVICTION.
2026-02-10 22:07:17,786 - INFO - Indicators GOLDM: price 155149.00, vol 5.00, atr% 0.23, rc 0.55
2026-02-10 22:07:17,789 - INFO - Indicators GOLDMINI: price 155149.00, vol 5.00, atr% 0.23, rc 0.55
2026-02-10 22:07:17,791 - INFO - Indicators SILVER: price 251811.00, vol 5.00, atr% 0.61, rc 0.77
2026-02-10 22:07:17,794 - INFO - Indicators SILVERM: price 259348.00, vol 5.00, atr% 0.63, rc 0.73
2026-02-10 22:07:17,796 - INFO - Indicators SILVERMIC: price 259090.00, vol 5.00, atr% 0.73, rc 0.67
2026-02-10 22:07:17,798 - INFO - Indicators CRUDEOILM: price 5814.00, vol 5.00, atr% 0.24, rc 0.65
2026-02-10 22:07:17,801 - INFO - Indicators CRUDEOILMINI: price 5814.00, vol 5.00, atr% 0.24, rc 0.65
2026-02-10 22:07:53,412 - WARNING - [33m❌ Ignoring switch to GOLDMINI_PINE for COMMODITY instance. Staying on GOLDMINI_PINE.[0m
2026-02-10 22:07:53,413 - INFO - ⚙️ Commodity scan list prepared: 7 symbols (tokens available for 7)
2026-02-10 22:07:53,413 - WARNING - Nifty data missing for regime assessment. Defaulting to HIGH_CONVICTION.
2026-02-10 22:08:02,859 - INFO - Indicators GOLDM: price 155350.00, vol 5.00, atr% 0.25, rc 0.70
2026-02-10 22:08:02,871 - INFO - Indicators GOLDMINI: price 155350.00, vol 5.00, atr% 0.25, rc 0.70
2026-02-10 22:08:02,874 - INFO - Indicators SILVER: price 252116.00, vol 5.00, atr% 0.64, rc 0.66
2026-02-10 22:08:02,876 - INFO - Indicators SILVERM: price 259800.00, vol 5.00, atr% 0.68, rc 0.67
2026-02-10 22:08:02,878 - INFO - Indicators SILVERMIC: price 259880.00, vol 5.00, atr% 0.77, rc 0.65
2026-02-10 22:08:02,880 - INFO - Indicators CRUDEOILM: price 5816.00, vol 5.00, atr% 0.25, rc 0.60
2026-02-10 22:08:02,885 - INFO - Indicators CRUDEOILMINI: price 5816.00, vol 5.00, atr% 0.25, rc 0.60
2026-02-10 22:08:17,129 - WARNING - [33m❌ Ignoring switch to GOLDMINI_PINE for COMMODITY instance. Staying on GOLDMINI_PINE.[0m
2026-02-10 22:08:38,434 - WARNING - [33m❌ Ignoring switch to GOLDMINI_PINE for COMMODITY instance. Staying on GOLDMINI_PINE.[0m
2026-02-10 22:08:38,435 - INFO - ⚙️ Commodity scan list prepared: 7 symbols (tokens available for 7)
2026-02-10 22:08:38,435 - WARNING - Nifty data missing for regime assessment. Defaulting to HIGH_CONVICTION.
2026-02-10 22:08:47,885 - INFO - Indicators GOLDM: price 155200.00, vol 5.00, atr% 0.25, rc 0.56
2026-02-10 22:08:47,887 - INFO - Indicators GOLDMINI: price 155200.00, vol 5.00, atr% 0.25, rc 0.56
2026-02-10 22:08:47,899 - INFO - Indicators SILVER: price 252379.00, vol 5.00, atr% 0.64, rc 0.65
2026-02-10 22:08:47,902 - INFO - Indicators SILVERM: price 259053.00, vol 5.00, atr% 0.66, rc 0.51
2026-02-10 22:08:47,904 - INFO - Indicators SILVERMIC: price 259094.00, vol 5.00, atr% 0.77, rc 0.53
2026-02-10 22:08:47,907 - INFO - Indicators CRUDEOILM: price 5812.00, vol 5.00, atr% 0.23, rc 0.61
2026-02-10 22:08:47,910 - INFO - Indicators CRUDEOILMINI: price 5812.00, vol 5.00, atr% 0.23, rc 0.61
2026-02-10 22:09:23,865 - WARNING - [33m❌ Ignoring switch to GOLDMINI_PINE for COMMODITY instance. Staying on GOLDMINI_PINE.[0m
2026-02-10 22:09:23,866 - INFO - ⚙️ Commodity scan list prepared: 7 symbols (tokens available for 7)
2026-02-10 22:09:23,866 - WARNING - Nifty data missing for regime assessment. Defaulting to HIGH_CONVICTION.
2026-02-10 22:09:33,238 - INFO - Indicators GOLDM: price 155188.00, vol 5.00, atr% 0.25, rc 0.60
2026-02-10 22:09:33,240 - INFO - Indicators GOLDMINI: price 155188.00, vol 5.00, atr% 0.25, rc 0.60
2026-02-10 22:09:33,241 - INFO - Indicators SILVER: price 251603.00, vol 5.00, atr% 0.65, rc 0.63
2026-02-10 22:09:33,243 - INFO - Indicators SILVERM: price 259194.00, vol 5.00, atr% 0.64, rc 0.62
2026-02-10 22:09:33,245 - INFO - Indicators SILVERMIC: price 259150.00, vol 5.00, atr% 0.77, rc 0.57
2026-02-10 22:09:33,247 - INFO - Indicators CRUDEOILM: price 5816.00, vol 5.00, atr% 0.21, rc 0.57
2026-02-10 22:09:33,249 - INFO - Indicators CRUDEOILMINI: price 5816.00, vol 5.00, atr% 0.21, rc 0.57
2026-02-10 22:10:08,803 - WARNING - [33m❌ Ignoring switch to GOLDMINI_PINE for COMMODITY instance. Staying on GOLDMINI_PINE.[0m
2026-02-10 22:10:08,804 - INFO - ⚙️ Commodity scan list prepared: 7 symbols (tokens available for 7)
2026-02-10 22:10:08,805 - WARNING - Nifty data missing for regime assessment. Defaulting to HIGH_CONVICTION.
2026-02-10 22:10:18,082 - INFO - Indicators GOLDM: price 155136.00, vol 5.00, atr% 0.23, rc 0.52
2026-02-10 22:10:18,084 - INFO - Indicators GOLDMINI: price 155136.00, vol 5.00, atr% 0.23, rc 0.52
2026-02-10 22:10:18,086 - INFO - Indicators SILVER: price 251585.00, vol 5.00, atr% 0.67, rc 0.59
2026-02-10 22:10:18,087 - INFO - Indicators SILVERM: price 259682.00, vol 5.00, atr% 0.67, rc 0.66
2026-02-10 22:10:18,090 - INFO - Indicators SILVERMIC: price 259548.00, vol 5.00, atr% 0.78, rc 0.61
2026-02-10 22:10:18,093 - INFO - Indicators CRUDEOILM: price 5819.00, vol 5.00, atr% 0.23, rc 0.58
2026-02-10 22:10:18,095 - INFO - Indicators CRUDEOILMINI: price 5819.00, vol 5.00, atr% 0.23, rc 0.58
2026-02-10 22:10:53,705 - WARNING - [33m❌ Ignoring switch to GOLDMINI_PINE for COMMODITY instance. Staying on GOLDMINI_PINE.[0m
2026-02-10 22:10:53,707 - INFO - ⚙️ Commodity scan list prepared: 7 symbols (tokens available for 7)
2026-02-10 22:10:53,708 - WARNING - Nifty data missing for regime assessment. Defaulting to HIGH_CONVICTION.
2026-02-10 22:11:03,695 - INFO - Indicators GOLDM: price 155140.00, vol 5.00, atr% 0.24, rc 0.53
2026-02-10 22:11:03,697 - INFO - Indicators GOLDMINI: price 155140.00, vol 5.00, atr% 0.24, rc 0.53
2026-02-10 22:11:03,699 - INFO - Indicators SILVER: price 251603.00, vol 5.00, atr% 0.66, rc 0.55
2026-02-10 22:11:03,700 - INFO - Indicators SILVERM: price 259103.00, vol 5.00, atr% 0.66, rc 0.52
2026-02-10 22:11:03,707 - INFO - Indicators SILVERMIC: price 259123.00, vol 5.00, atr% 0.76, rc 0.52
2026-02-10 22:11:03,712 - INFO - Indicators CRUDEOILM: price 5816.00, vol 5.00, atr% 0.24, rc 0.58
2026-02-10 22:11:03,716 - INFO - Indicators CRUDEOILMINI: price 5816.00, vol 5.00, atr% 0.24, rc 0.58
2026-02-10 22:11:39,392 - WARNING - [33m❌ Ignoring switch to GOLDMINI_PINE for COMMODITY instance. Staying on GOLDMINI_PINE.[0m
2026-02-10 22:11:39,393 - INFO - ⚙️ Commodity scan list prepared: 7 symbols (tokens available for 7)
2026-02-10 22:11:39,393 - WARNING - Nifty data missing for regime assessment. Defaulting to HIGH_CONVICTION.
2026-02-10 22:11:49,887 - INFO - Indicators GOLDM: price 155060.00, vol 5.00, atr% 0.23, rc 0.54
2026-02-10 22:11:49,894 - INFO - Indicators GOLDMINI: price 155060.00, vol 5.00, atr% 0.23, rc 0.54
2026-02-10 22:11:49,900 - INFO - Indicators SILVER: price 251571.00, vol 5.00, atr% 0.61, rc 0.57
2026-02-10 22:11:49,904 - INFO - Indicators SILVERM: price 258961.00, vol 5.00, atr% 0.63, rc 0.56
2026-02-10 22:11:49,908 - INFO - Indicators SILVERMIC: price 258880.00, vol 5.00, atr% 0.72, rc 0.52
2026-02-10 22:11:49,913 - INFO - Indicators CRUDEOILM: price 5814.00, vol 5.00, atr% 0.24, rc 0.49
2026-02-10 22:11:49,920 - INFO - Indicators CRUDEOILMINI: price 5814.00, vol 5.00, atr% 0.24, rc 0.49
2026-02-10 22:12:25,499 - WARNING - [33m❌ Ignoring switch to GOLDMINI_PINE for COMMODITY instance. Staying on GOLDMINI_PINE.[0m
2026-02-10 22:12:25,502 - INFO - ⚙️ Commodity scan list prepared: 7 symbols (tokens available for 7)
2026-02-10 22:12:25,502 - WARNING - Nifty data missing for regime assessment. Defaulting to HIGH_CONVICTION.
2026-02-10 22:12:27,366 - INFO - 
Ctrl+C detected. Shutting down system.
2026-02-10 22:12:27,368 - INFO - 🛑 Automatic scheduler stopped.
2026-02-10 22:12:32,612 - INFO - 👋 System Shutdown Complete. Portfolio saved.
2026-02-10 22:12:37,766 - INFO - ╔══════════════════════════════════════════════════════════╗
2026-02-10 22:12:37,766 - INFO - ║   ULTIMATE F&O OPTIONS TRADER - LIVE READY VERSION       ║
2026-02-10 22:12:37,766 - INFO - ╚══════════════════════════════════════════════════════════╝
2026-02-10 22:12:37,803 - INFO - Kite access token loaded from file.
2026-02-10 22:12:39,018 - INFO - Kite session verified for user: Anju Kumari
2026-02-10 22:12:41,318 - INFO - Dynamically fetched 212 F&O symbols.
2026-02-10 22:12:42,902 - INFO - Dynamically fetched 29 commodity symbols from MCX.
2026-02-10 22:12:42,907 - INFO - Lot sizes verified and cached from Kite.
2026-02-10 22:12:44,555 - INFO - NFO cache refreshed: 46778 instruments
2026-02-10 22:12:46,389 - INFO - MCX cache refreshed: 37947 instruments
2026-02-10 22:12:46,389 - INFO - Fetching all NSE equity instruments for token mapping...
2026-02-10 22:12:46,894 - INFO - NSE instrument map loaded: 16429 mappings
2026-02-10 22:12:46,906 - INFO - 📊 Trader Initialized. F&O Stocks: 212
2026-02-10 22:12:46,907 - INFO - 💰 Mode: PAPER. Capital: ₹250,000
2026-02-10 22:12:46,907 - INFO - 🎯 Strategy: GOLDMINI_PINE (Conf=7.8, R:R=1.7, Lots=2x)
2026-02-10 22:12:48,644 - INFO - Dynamic Telegram Chat ID detected: 8431274192
2026-02-10 22:12:48,649 - INFO - 🤖 Telegram alerts ENABLED. Chat ID: 8431274192
2026-02-10 22:12:50,917 - WARNING - [33m❌ Ignoring switch to GOLDMINI_PINE for COMMODITY instance. Staying on GOLDMINI_PINE.[0m
2026-02-10 22:12:50,918 - INFO - [36m--- MANUAL START: Strategy forced to GOLDMINI_PINE ---[0m
2026-02-10 22:12:50,918 - INFO - [32mEmitting initial dashboard data on startup...[0m
2026-02-10 22:12:53,707 - INFO - ✅ Automatic utility schedule setup complete.
2026-02-10 22:12:53,708 - INFO - 📋 Scheduled daily audit summary at 15:20.
2026-02-10 22:12:53,708 - INFO - 🔄 Scheduled hourly broker reconciliation.
2026-02-10 22:12:53,708 - INFO - [32m🚀 Starting continuous scanner and utility threads.[0m
2026-02-10 22:12:53,709 - WARNING - [33m❌ Ignoring switch to GOLDMINI_PINE for COMMODITY instance. Staying on GOLDMINI_PINE.[0m
2026-02-10 22:12:53,711 - INFO - ⚙️ Commodity scan list prepared: 7 symbols (tokens available for 7)
2026-02-10 22:12:53,713 - WARNING - Nifty data missing for regime assessment. Defaulting to HIGH_CONVICTION.
2026-02-10 22:12:55,735 - INFO - 🌐 Starting Dashboard at http://0.0.0.0:5024/
2026-02-10 22:12:55,738 - INFO - [32mSystem running continuously. Access dashboard at http://0.0.0.0:5024/. Press Ctrl+C to stop.[0m
2026-02-10 22:13:04,426 - INFO - Indicators GOLDM: price 155031.00, vol 5.00, atr% 0.25, rc 0.74
2026-02-10 22:13:04,429 - INFO - Indicators GOLDMINI: price 155031.00, vol 5.00, atr% 0.25, rc 0.74
2026-02-10 22:13:04,431 - INFO - Indicators SILVER: price 251009.00, vol 5.00, atr% 0.64, rc 0.70
2026-02-10 22:13:04,437 - INFO - Indicators SILVERM: price 258343.00, vol 5.00, atr% 0.69, rc 0.74
2026-02-10 22:13:04,442 - INFO - Indicators SILVERMIC: price 258211.00, vol 5.00, atr% 0.78, rc 0.74
2026-02-10 22:13:04,443 - INFO - Indicators CRUDEOILM: price 5806.00, vol 5.00, atr% 0.25, rc 0.70
2026-02-10 22:13:04,449 - INFO - Indicators CRUDEOILMINI: price 5806.00, vol 5.00, atr% 0.25, rc 0.70
2026-02-10 22:13:11,529 - WARNING - [33m❌ Ignoring switch to GOLDMINI_PINE for COMMODITY instance. Staying on GOLDMINI_PINE.[0m
2026-02-10 22:13:11,529 - INFO - ⚙️ Commodity scan list prepared: 7 symbols (tokens available for 7)
2026-02-10 22:13:11,529 - WARNING - Nifty data missing for regime assessment. Defaulting to HIGH_CONVICTION.
2026-02-10 22:13:21,277 - INFO - Indicators GOLDM: price 155004.00, vol 5.00, atr% 0.25, rc 0.71
2026-02-10 22:13:21,285 - INFO - Indicators GOLDMINI: price 155004.00, vol 5.00, atr% 0.25, rc 0.71
2026-02-10 22:13:21,287 - INFO - Indicators SILVER: price 251176.00, vol 5.00, atr% 0.65, rc 0.72
2026-02-10 22:13:21,295 - INFO - Indicators SILVERM: price 258621.00, vol 5.00, atr% 0.66, rc 0.68
2026-02-10 22:13:21,298 - INFO - Indicators SILVERMIC: price 258524.00, vol 5.00, atr% 0.76, rc 0.66
2026-02-10 22:13:21,299 - INFO - Indicators CRUDEOILM: price 5806.00, vol 5.00, atr% 0.25, rc 0.62
2026-02-10 22:13:21,301 - INFO - Indicators CRUDEOILMINI: price 5806.00, vol 5.00, atr% 0.25, rc 0.62
2026-02-10 22:13:56,886 - WARNING - [33m❌ Ignoring switch to GOLDMINI_PINE for COMMODITY instance. Staying on GOLDMINI_PINE.[0m
2026-02-10 22:13:56,887 - INFO - ⚙️ Commodity scan list prepared: 7 symbols (tokens available for 7)
2026-02-10 22:13:56,888 - WARNING - Nifty data missing for regime assessment. Defaulting to HIGH_CONVICTION.
2026-02-10 22:14:05,982 - INFO - Indicators GOLDM: price 155064.00, vol 5.00, atr% 0.26, rc 0.61
2026-02-10 22:14:05,984 - INFO - Indicators GOLDMINI: price 155064.00, vol 5.00, atr% 0.26, rc 0.61
2026-02-10 22:14:05,987 - INFO - Indicators SILVER: price 251200.00, vol 5.00, atr% 0.64, rc 0.57
2026-02-10 22:14:05,990 - INFO - Indicators SILVERM: price 258432.00, vol 5.00, atr% 0.66, rc 0.62
2026-02-10 22:14:05,992 - INFO - Indicators SILVERMIC: price 258652.00, vol 5.00, atr% 0.77, rc 0.57
2026-02-10 22:14:05,994 - INFO - Indicators CRUDEOILM: price 5805.00, vol 5.00, atr% 0.23, rc 0.72
2026-02-10 22:14:05,997 - INFO - Indicators CRUDEOILMINI: price 5805.00, vol 5.00, atr% 0.23, rc 0.72
2026-02-10 22:14:41,561 - WARNING - [33m❌ Ignoring switch to GOLDMINI_PINE for COMMODITY instance. Staying on GOLDMINI_PINE.[0m
2026-02-10 22:14:41,561 - INFO - ⚙️ Commodity scan list prepared: 7 symbols (tokens available for 7)
2026-02-10 22:14:41,562 - WARNING - Nifty data missing for regime assessment. Defaulting to HIGH_CONVICTION.
2026-02-10 22:14:50,363 - INFO - Indicators GOLDM: price 155148.00, vol 5.00, atr% 0.24, rc 0.52
2026-02-10 22:14:50,366 - INFO - Indicators GOLDMINI: price 155148.00, vol 5.00, atr% 0.24, rc 0.52
2026-02-10 22:14:50,369 - INFO - Indicators SILVER: price 251908.00, vol 5.00, atr% 0.65, rc 0.53
2026-02-10 22:14:50,377 - INFO - Indicators SILVERM: price 259498.00, vol 5.00, atr% 0.67, rc 0.55
2026-02-10 22:14:50,383 - INFO - Indicators SILVERMIC: price 259469.00, vol 5.00, atr% 0.80, rc 0.56
2026-02-10 22:14:50,411 - INFO - Indicators CRUDEOILM: price 5806.00, vol 5.00, atr% 0.23, rc 0.77
2026-02-10 22:14:50,418 - INFO - Indicators CRUDEOILMINI: price 5806.00, vol 5.00, atr% 0.23, rc 0.77
2026-02-10 22:14:52,097 - WARNING - [33m❌ Ignoring switch to GOLDMINI_PINE for COMMODITY instance. Staying on GOLDMINI_PINE.[0m
2026-02-10 22:15:26,206 - WARNING - [33m❌ Ignoring switch to GOLDMINI_PINE for COMMODITY instance. Staying on GOLDMINI_PINE.[0m
2026-02-10 22:15:26,206 - INFO - ⚙️ Commodity scan list prepared: 7 symbols (tokens available for 7)
2026-02-10 22:15:26,207 - WARNING - Nifty data missing for regime assessment. Defaulting to HIGH_CONVICTION.
2026-02-10 22:15:35,706 - INFO - Indicators GOLDM: price 155308.00, vol 5.00, atr% 0.23, rc 0.63
2026-02-10 22:15:35,711 - INFO - Indicators GOLDMINI: price 155308.00, vol 5.00, atr% 0.23, rc 0.63
2026-02-10 22:15:35,716 - INFO - Indicators SILVER: price 252630.00, vol 5.00, atr% 0.69, rc 0.60
2026-02-10 22:15:35,719 - INFO - Indicators SILVERM: price 260214.00, vol 5.00, atr% 0.71, rc 0.67
2026-02-10 22:15:35,726 - INFO - Indicators SILVERMIC: price 260329.00, vol 5.00, atr% 0.80, rc 0.65
2026-02-10 22:15:35,739 - INFO - Indicators CRUDEOILM: price 5809.00, vol 5.00, atr% 0.24, rc 0.64
2026-02-10 22:15:35,743 - INFO - Indicators CRUDEOILMINI: price 5809.00, vol 5.00, atr% 0.24, rc 0.64
2026-02-10 22:16:11,279 - WARNING - [33m❌ Ignoring switch to GOLDMINI_PINE for COMMODITY instance. Staying on GOLDMINI_PINE.[0m
2026-02-10 22:16:11,279 - INFO - ⚙️ Commodity scan list prepared: 7 symbols (tokens available for 7)
2026-02-10 22:16:11,279 - WARNING - Nifty data missing for regime assessment. Defaulting to HIGH_CONVICTION.
2026-02-10 22:16:20,147 - INFO - Indicators GOLDM: price 155359.00, vol 5.00, atr% 0.24, rc 0.70
2026-02-10 22:16:20,154 - INFO - Indicators GOLDMINI: price 155359.00, vol 5.00, atr% 0.24, rc 0.70
2026-02-10 22:16:20,165 - INFO - Indicators SILVER: price 253001.00, vol 5.00, atr% 0.68, rc 0.74
2026-02-10 22:16:20,171 - INFO - Indicators SILVERM: price 260256.00, vol 5.00, atr% 0.71, rc 0.69
2026-02-10 22:16:20,184 - INFO - Indicators SILVERMIC: price 260309.00, vol 5.00, atr% 0.81, rc 0.67
2026-02-10 22:16:20,191 - INFO - Indicators CRUDEOILM: price 5808.00, vol 5.00, atr% 0.24, rc 0.64
2026-02-10 22:16:20,198 - INFO - Indicators CRUDEOILMINI: price 5808.00, vol 5.00, atr% 0.24, rc 0.64
2026-02-10 22:16:55,980 - WARNING - [33m❌ Ignoring switch to GOLDMINI_PINE for COMMODITY instance. Staying on GOLDMINI_PINE.[0m
2026-02-10 22:16:55,980 - INFO - ⚙️ Commodity scan list prepared: 7 symbols (tokens available for 7)
2026-02-10 22:16:55,981 - WARNING - Nifty data missing for regime assessment. Defaulting to HIGH_CONVICTION.
2026-02-10 22:17:24,983 - INFO - Indicators GOLDM: price 155324.00, vol 5.00, atr% 0.23, rc 0.72
2026-02-10 22:17:24,985 - INFO - Indicators GOLDMINI: price 155324.00, vol 5.00, atr% 0.23, rc 0.72
2026-02-10 22:17:24,987 - INFO - Indicators SILVER: price 252699.00, vol 5.00, atr% 0.63, rc 0.72
2026-02-10 22:17:24,990 - INFO - Indicators SILVERM: price 260244.00, vol 5.00, atr% 0.66, rc 0.75
2026-02-10 22:17:24,992 - INFO - Indicators SILVERMIC: price 260384.00, vol 5.00, atr% 0.76, rc 0.72
2026-02-10 22:17:24,996 - INFO - Indicators CRUDEOILM: price 5809.00, vol 5.00, atr% 0.24, rc 0.60
2026-02-10 22:17:25,011 - INFO - Indicators CRUDEOILMINI: price 5809.00, vol 5.00, atr% 0.24, rc 0.60
2026-02-10 22:18:01,141 - WARNING - [33m❌ Ignoring switch to GOLDMINI_PINE for COMMODITY instance. Staying on GOLDMINI_PINE.[0m
2026-02-10 22:18:01,142 - INFO - ⚙️ Commodity scan list prepared: 7 symbols (tokens available for 7)
2026-02-10 22:18:01,142 - WARNING - Nifty data missing for regime assessment. Defaulting to HIGH_CONVICTION.
2026-02-10 22:18:36,786 - INFO - Indicators GOLDM: price 155353.00, vol 5.00, atr% 0.24, rc 0.78
2026-02-10 22:18:36,789 - INFO - Indicators GOLDMINI: price 155353.00, vol 5.00, atr% 0.24, rc 0.78
2026-02-10 22:18:36,791 - INFO - Indicators SILVER: price 252804.00, vol 5.00, atr% 0.66, rc 0.82
2026-02-10 22:18:36,793 - INFO - Indicators SILVERM: price 260100.00, vol 5.00, atr% 0.70, rc 0.80
2026-02-10 22:18:36,795 - INFO - Indicators SILVERMIC: price 260300.00, vol 5.00, atr% 0.79, rc 0.80
2026-02-10 22:18:36,797 - INFO - Indicators CRUDEOILM: price 5805.00, vol 5.00, atr% 0.25, rc 0.52
2026-02-10 22:18:36,799 - INFO - Indicators CRUDEOILMINI: price 5805.00, vol 5.00, atr% 0.25, rc 0.52
2026-02-10 22:19:12,649 - WARNING - [33m❌ Ignoring switch to GOLDMINI_PINE for COMMODITY instance. Staying on GOLDMINI_PINE.[0m
2026-02-10 22:19:12,650 - INFO - ⚙️ Commodity scan list prepared: 7 symbols (tokens available for 7)
2026-02-10 22:19:12,650 - WARNING - Nifty data missing for regime assessment. Defaulting to HIGH_CONVICTION.
2026-02-10 22:19:21,725 - INFO - Indicators GOLDM: price 155189.00, vol 5.00, atr% 0.22, rc 0.55
2026-02-10 22:19:21,730 - INFO - Indicators GOLDMINI: price 155189.00, vol 5.00, atr% 0.22, rc 0.55
2026-02-10 22:19:21,733 - INFO - Indicators SILVER: price 252042.00, vol 5.00, atr% 0.62, rc 0.66
2026-02-10 22:19:21,736 - INFO - Indicators SILVERM: price 259528.00, vol 5.00, atr% 0.63, rc 0.65
2026-02-10 22:19:21,739 - INFO - Indicators SILVERMIC: price 259500.00, vol 5.00, atr% 0.74, rc 0.60
2026-02-10 22:19:21,742 - INFO - Indicators CRUDEOILM: price 5804.00, vol 5.00, atr% 0.23, rc 0.54
2026-02-10 22:19:21,748 - INFO - Indicators CRUDEOILMINI: price 5804.00, vol 5.00, atr% 0.23, rc 0.54
2026-02-10 22:19:57,307 - WARNING - [33m❌ Ignoring switch to GOLDMINI_PINE for COMMODITY instance. Staying on GOLDMINI_PINE.[0m
2026-02-10 22:19:57,308 - INFO - ⚙️ Commodity scan list prepared: 7 symbols (tokens available for 7)
2026-02-10 22:19:57,309 - WARNING - Nifty data missing for regime assessment. Defaulting to HIGH_CONVICTION.
2026-02-10 22:20:06,624 - INFO - Indicators GOLDM: price 155208.00, vol 5.00, atr% 0.21, rc 0.50
2026-02-10 22:20:06,626 - INFO - Indicators GOLDMINI: price 155208.00, vol 5.00, atr% 0.21, rc 0.50
2026-02-10 22:20:06,628 - INFO - Indicators SILVER: price 252333.00, vol 5.00, atr% 0.63, rc 0.56
2026-02-10 22:20:06,629 - INFO - Indicators SILVERM: price 259653.00, vol 5.00, atr% 0.66, rc 0.54
2026-02-10 22:20:06,631 - INFO - Indicators SILVERMIC: price 259778.00, vol 5.00, atr% 0.77, rc 0.56
2026-02-10 22:20:06,634 - INFO - Indicators CRUDEOILM: price 5803.00, vol 5.00, atr% 0.23, rc 0.56
2026-02-10 22:20:06,636 - INFO - Indicators CRUDEOILMINI: price 5803.00, vol 5.00, atr% 0.23, rc 0.56
2026-02-10 22:20:42,536 - WARNING - [33m❌ Ignoring switch to GOLDMINI_PINE for COMMODITY instance. Staying on GOLDMINI_PINE.[0m
2026-02-10 22:20:42,538 - INFO - ⚙️ Commodity scan list prepared: 7 symbols (tokens available for 7)
2026-02-10 22:20:42,538 - WARNING - Nifty data missing for regime assessment. Defaulting to HIGH_CONVICTION.
2026-02-10 22:20:51,358 - INFO - Indicators GOLDM: price 155200.00, vol 5.00, atr% 0.22, rc 0.63
2026-02-10 22:20:51,362 - INFO - Indicators GOLDMINI: price 155200.00, vol 5.00, atr% 0.22, rc 0.63
2026-02-10 22:20:51,366 - INFO - Indicators SILVER: price 252333.00, vol 5.00, atr% 0.67, rc 0.65
2026-02-10 22:20:51,369 - INFO - Indicators SILVERM: price 259590.00, vol 5.00, atr% 0.67, rc 0.69
2026-02-10 22:20:51,372 - INFO - Indicators SILVERMIC: price 259650.00, vol 5.00, atr% 0.77, rc 0.67
2026-02-10 22:20:51,375 - INFO - Indicators CRUDEOILM: price 5802.00, vol 5.00, atr% 0.24, rc 0.60
2026-02-10 22:20:51,378 - INFO - Indicators CRUDEOILMINI: price 5802.00, vol 5.00, atr% 0.24, rc 0.60
2026-02-10 22:21:27,016 - WARNING - [33m❌ Ignoring switch to GOLDMINI_PINE for COMMODITY instance. Staying on GOLDMINI_PINE.[0m
2026-02-10 22:21:27,016 - INFO - ⚙️ Commodity scan list prepared: 7 symbols (tokens available for 7)
2026-02-10 22:21:27,016 - WARNING - Nifty data missing for regime assessment. Defaulting to HIGH_CONVICTION.
2026-02-10 22:21:36,803 - INFO - Indicators GOLDM: price 155035.00, vol 5.00, atr% 0.22, rc 0.71
2026-02-10 22:21:36,805 - INFO - Indicators GOLDMINI: price 155035.00, vol 5.00, atr% 0.22, rc 0.71
2026-02-10 22:21:36,807 - INFO - Indicators SILVER: price 251615.00, vol 5.00, atr% 0.63, rc 0.73
2026-02-10 22:21:36,809 - INFO - Indicators SILVERM: price 259094.00, vol 5.00, atr% 0.66, rc 0.72
2026-02-10 22:21:36,812 - INFO - Indicators SILVERMIC: price 258963.00, vol 5.00, atr% 0.77, rc 0.72
2026-02-10 22:21:36,815 - INFO - Indicators CRUDEOILM: price 5804.00, vol 5.00, atr% 0.24, rc 0.58
2026-02-10 22:21:36,818 - INFO - Indicators CRUDEOILMINI: price 5804.00, vol 5.00, atr% 0.24, rc 0.58
2026-02-10 22:22:12,366 - WARNING - [33m❌ Ignoring switch to GOLDMINI_PINE for COMMODITY instance. Staying on GOLDMINI_PINE.[0m
2026-02-10 22:22:12,367 - INFO - ⚙️ Commodity scan list prepared: 7 symbols (tokens available for 7)
2026-02-10 22:22:12,367 - WARNING - Nifty data missing for regime assessment. Defaulting to HIGH_CONVICTION.
2026-02-10 22:22:21,198 - INFO - Indicators GOLDM: price 155165.00, vol 5.00, atr% 0.22, rc 0.69
2026-02-10 22:22:21,203 - INFO - Indicators GOLDMINI: price 155165.00, vol 5.00, atr% 0.22, rc 0.69
2026-02-10 22:22:21,207 - INFO - Indicators SILVER: price 252242.00, vol 5.00, atr% 0.63, rc 0.65
2026-02-10 22:22:21,210 - INFO - Indicators SILVERM: price 259736.00, vol 5.00, atr% 0.66, rc 0.63
2026-02-10 22:22:21,213 - INFO - Indicators SILVERMIC: price 259800.00, vol 5.00, atr% 0.77, rc 0.63
2026-02-10 22:22:21,215 - INFO - Indicators CRUDEOILM: price 5802.00, vol 5.00, atr% 0.23, rc 0.58
2026-02-10 22:22:21,218 - INFO - Indicators CRUDEOILMINI: price 5802.00, vol 5.00, atr% 0.23, rc 0.58
2026-02-10 22:22:56,790 - WARNING - [33m❌ Ignoring switch to GOLDMINI_PINE for COMMODITY instance. Staying on GOLDMINI_PINE.[0m
2026-02-10 22:22:56,790 - INFO - ⚙️ Commodity scan list prepared: 7 symbols (tokens available for 7)
2026-02-10 22:22:56,790 - WARNING - Nifty data missing for regime assessment. Defaulting to HIGH_CONVICTION.
2026-02-10 22:23:05,852 - INFO - Indicators GOLDM: price 155181.00, vol 5.00, atr% 0.24, rc 0.63
2026-02-10 22:23:05,856 - INFO - Indicators GOLDMINI: price 155181.00, vol 5.00, atr% 0.24, rc 0.63
2026-02-10 22:23:05,858 - INFO - Indicators SILVER: price 252002.00, vol 5.00, atr% 0.65, rc 0.64
2026-02-10 22:23:05,861 - INFO - Indicators SILVERM: price 259600.00, vol 5.00, atr% 0.69, rc 0.61
2026-02-10 22:23:05,863 - INFO - Indicators SILVERMIC: price 259604.00, vol 5.00, atr% 0.80, rc 0.61
2026-02-10 22:23:05,865 - INFO - Indicators CRUDEOILM: price 5805.00, vol 5.00, atr% 0.24, rc 0.54
2026-02-10 22:23:05,871 - INFO - Indicators CRUDEOILMINI: price 5805.00, vol 5.00, atr% 0.24, rc 0.54
2026-02-10 22:23:12,429 - WARNING - [33m❌ Ignoring switch to GOLDMINI_PINE for COMMODITY instance. Staying on GOLDMINI_PINE.[0m
2026-02-10 22:23:12,429 - INFO - ⚙️ Commodity scan list prepared: 7 symbols (tokens available for 7)
2026-02-10 22:23:12,429 - WARNING - Nifty data missing for regime assessment. Defaulting to HIGH_CONVICTION.
2026-02-10 22:23:21,805 - INFO - Indicators GOLDM: price 155247.00, vol 5.00, atr% 0.23, rc 0.58
2026-02-10 22:23:21,812 - INFO - Indicators GOLDMINI: price 155247.00, vol 5.00, atr% 0.23, rc 0.58
2026-02-10 22:23:21,815 - INFO - Indicators SILVER: price 252514.00, vol 5.00, atr% 0.65, rc 0.55
2026-02-10 22:23:21,818 - INFO - Indicators SILVERM: price 260001.00, vol 5.00, atr% 0.66, rc 0.52
2026-02-10 22:23:21,823 - INFO - Indicators SILVERMIC: price 259926.00, vol 5.00, atr% 0.77, rc 0.53
2026-02-10 22:23:21,826 - INFO - Indicators CRUDEOILM: price 5804.00, vol 5.00, atr% 0.24, rc 0.52
2026-02-10 22:23:21,830 - INFO - Indicators CRUDEOILMINI: price 5804.00, vol 5.00, atr% 0.24, rc 0.52
2026-02-10 22:23:57,704 - WARNING - [33m❌ Ignoring switch to GOLDMINI_PINE for COMMODITY instance. Staying on GOLDMINI_PINE.[0m
2026-02-10 22:23:57,704 - INFO - ⚙️ Commodity scan list prepared: 7 symbols (tokens available for 7)
2026-02-10 22:23:57,705 - WARNING - Nifty data missing for regime assessment. Defaulting to HIGH_CONVICTION.
2026-02-10 22:24:07,241 - INFO - Indicators GOLDM: price 155247.00, vol 5.00, atr% 0.22, rc 0.54
2026-02-10 22:24:07,247 - INFO - Indicators GOLDMINI: price 155247.00, vol 5.00, atr% 0.22, rc 0.54
2026-02-10 22:24:07,254 - INFO - Indicators SILVER: price 252474.00, vol 5.00, atr% 0.61, rc 0.51
2026-02-10 22:24:07,258 - INFO - Indicators SILVERM: price 260000.00, vol 5.00, atr% 0.64, rc 0.56
2026-02-10 22:24:07,261 - INFO - Indicators SILVERMIC: price 260163.00, vol 5.00, atr% 0.77, rc 0.59
2026-02-10 22:24:07,264 - INFO - Indicators CRUDEOILM: price 5807.00, vol 5.00, atr% 0.22, rc 0.56
2026-02-10 22:24:07,266 - INFO - Indicators CRUDEOILMINI: price 5807.00, vol 5.00, atr% 0.22, rc 0.56
2026-02-10 22:24:42,942 - WARNING - [33m❌ Ignoring switch to GOLDMINI_PINE for COMMODITY instance. Staying on GOLDMINI_PINE.[0m
2026-02-10 22:24:42,944 - INFO - ⚙️ Commodity scan list prepared: 7 symbols (tokens available for 7)
2026-02-10 22:24:42,944 - WARNING - Nifty data missing for regime assessment. Defaulting to HIGH_CONVICTION.
2026-02-10 22:24:52,290 - INFO - Indicators GOLDM: price 155263.00, vol 5.00, atr% 0.21, rc 0.58
2026-02-10 22:24:52,294 - INFO - Indicators GOLDMINI: price 155263.00, vol 5.00, atr% 0.21, rc 0.58
2026-02-10 22:24:52,297 - INFO - Indicators SILVER: price 252624.00, vol 5.00, atr% 0.57, rc 0.56
2026-02-10 22:24:52,301 - INFO - Indicators SILVERM: price 260283.00, vol 5.00, atr% 0.61, rc 0.61
2026-02-10 22:24:52,303 - INFO - Indicators SILVERMIC: price 260200.00, vol 5.00, atr% 0.74, rc 0.57
2026-02-10 22:24:52,306 - INFO - Indicators CRUDEOILM: price 5807.00, vol 5.00, atr% 0.23, rc 0.56
2026-02-10 22:24:52,309 - INFO - Indicators CRUDEOILMINI: price 5807.00, vol 5.00, atr% 0.23, rc 0.56
2026-02-10 22:25:27,873 - WARNING - [33m❌ Ignoring switch to GOLDMINI_PINE for COMMODITY instance. Staying on GOLDMINI_PINE.[0m
2026-02-10 22:25:27,875 - INFO - ⚙️ Commodity scan list prepared: 7 symbols (tokens available for 7)
2026-02-10 22:25:27,876 - WARNING - Nifty data missing for regime assessment. Defaulting to HIGH_CONVICTION.
2026-02-10 22:25:37,087 - INFO - Indicators GOLDM: price 155207.00, vol 5.00, atr% 0.21, rc 0.50
2026-02-10 22:25:37,091 - INFO - Indicators GOLDMINI: price 155207.00, vol 5.00, atr% 0.21, rc 0.50
2026-02-10 22:25:37,094 - INFO - Indicators SILVER: price 251954.00, vol 5.00, atr% 0.60, rc 0.57
2026-02-10 22:25:37,097 - INFO - Indicators SILVERM: price 259794.00, vol 5.00, atr% 0.63, rc 0.53
2026-02-10 22:25:37,100 - INFO - Indicators SILVERMIC: price 259851.00, vol 5.00, atr% 0.74, rc 0.52
2026-02-10 22:25:37,103 - INFO - Indicators CRUDEOILM: price 5803.00, vol 5.00, atr% 0.24, rc 0.52
2026-02-10 22:25:37,105 - INFO - Indicators CRUDEOILMINI: price 5803.00, vol 5.00, atr% 0.24, rc 0.52
2026-02-10 22:26:13,018 - WARNING - [33m❌ Ignoring switch to GOLDMINI_PINE for COMMODITY instance. Staying on GOLDMINI_PINE.[0m
2026-02-10 22:26:13,020 - INFO - ⚙️ Commodity scan list prepared: 7 symbols (tokens available for 7)
2026-02-10 22:26:13,021 - WARNING - Nifty data missing for regime assessment. Defaulting to HIGH_CONVICTION.
2026-02-10 22:26:22,177 - INFO - Indicators GOLDM: price 155203.00, vol 5.00, atr% 0.21, rc 0.54
2026-02-10 22:26:22,179 - INFO - Indicators GOLDMINI: price 155203.00, vol 5.00, atr% 0.21, rc 0.54
2026-02-10 22:26:22,181 - INFO - Indicators SILVER: price 252445.00, vol 5.00, atr% 0.58, rc 0.59
2026-02-10 22:26:22,182 - INFO - Indicators SILVERM: price 260246.00, vol 5.00, atr% 0.63, rc 0.66
2026-02-10 22:26:22,186 - INFO - Indicators SILVERMIC: price 260200.00, vol 5.00, atr% 0.73, rc 0.63
2026-02-10 22:26:22,189 - INFO - Indicators CRUDEOILM: price 5804.00, vol 5.00, atr% 0.24, rc 0.54
2026-02-10 22:26:22,190 - INFO - Indicators CRUDEOILMINI: price 5804.00, vol 5.00, atr% 0.24, rc 0.54
2026-02-10 22:26:57,878 - WARNING - [33m❌ Ignoring switch to GOLDMINI_PINE for COMMODITY instance. Staying on GOLDMINI_PINE.[0m
2026-02-10 22:26:57,880 - INFO - ⚙️ Commodity scan list prepared: 7 symbols (tokens available for 7)
2026-02-10 22:26:57,880 - WARNING - Nifty data missing for regime assessment. Defaulting to HIGH_CONVICTION.
2026-02-10 22:27:07,275 - INFO - Indicators GOLDM: price 155304.00, vol 5.00, atr% 0.21, rc 0.63
2026-02-10 22:27:07,288 - INFO - Indicators GOLDMINI: price 155304.00, vol 5.00, atr% 0.21, rc 0.63
2026-02-10 22:27:07,311 - INFO - Indicators SILVER: price 253149.00, vol 5.00, atr% 0.56, rc 0.69
2026-02-10 22:27:07,319 - INFO - Indicators SILVERM: price 260906.00, vol 5.00, atr% 0.60, rc 0.75
2026-02-10 22:27:07,322 - INFO - Indicators SILVERMIC: price 260784.00, vol 5.00, atr% 0.71, rc 0.68
2026-02-10 22:27:07,325 - INFO - Indicators CRUDEOILM: price 5803.00, vol 5.00, atr% 0.23, rc 0.56
2026-02-10 22:27:07,334 - INFO - Indicators CRUDEOILMINI: price 5803.00, vol 5.00, atr% 0.23, rc 0.56
2026-02-10 22:27:43,397 - WARNING - [33m❌ Ignoring switch to GOLDMINI_PINE for COMMODITY instance. Staying on GOLDMINI_PINE.[0m
2026-02-10 22:27:43,398 - INFO - ⚙️ Commodity scan list prepared: 7 symbols (tokens available for 7)
2026-02-10 22:27:43,398 - WARNING - Nifty data missing for regime assessment. Defaulting to HIGH_CONVICTION.
2026-02-10 22:27:52,371 - INFO - Indicators GOLDM: price 155301.00, vol 5.00, atr% 0.23, rc 0.59
2026-02-10 22:27:52,373 - INFO - Indicators GOLDMINI: price 155301.00, vol 5.00, atr% 0.23, rc 0.59
2026-02-10 22:27:52,374 - INFO - Indicators SILVER: price 252840.00, vol 5.00, atr% 0.61, rc 0.66
2026-02-10 22:27:52,376 - INFO - Indicators SILVERM: price 260301.00, vol 5.00, atr% 0.65, rc 0.60
2026-02-10 22:27:52,377 - INFO - Indicators SILVERMIC: price 260410.00, vol 5.00, atr% 0.75, rc 0.60
2026-02-10 22:27:52,379 - INFO - Indicators CRUDEOILM: price 5807.00, vol 5.00, atr% 0.24, rc 0.54
2026-02-10 22:27:52,381 - INFO - Indicators CRUDEOILMINI: price 5807.00, vol 5.00, atr% 0.24, rc 0.54
2026-02-10 22:28:27,952 - WARNING - [33m❌ Ignoring switch to GOLDMINI_PINE for COMMODITY instance. Staying on GOLDMINI_PINE.[0m
2026-02-10 22:28:27,953 - INFO - ⚙️ Commodity scan list prepared: 7 symbols (tokens available for 7)
2026-02-10 22:28:27,953 - WARNING - Nifty data missing for regime assessment. Defaulting to HIGH_CONVICTION.
2026-02-10 22:28:36,736 - INFO - Indicators GOLDM: price 155293.00, vol 5.00, atr% 0.22, rc 0.54
2026-02-10 22:28:36,739 - INFO - Indicators GOLDMINI: price 155293.00, vol 5.00, atr% 0.22, rc 0.54
2026-02-10 22:28:36,740 - INFO - Indicators SILVER: price 252571.00, vol 5.00, atr% 0.59, rc 0.50
2026-02-10 22:28:36,742 - INFO - Indicators SILVERM: price 260095.00, vol 5.00, atr% 0.62, rc 0.52
2026-02-10 22:28:36,744 - INFO - Indicators SILVERMIC: price 260238.00, vol 5.00, atr% 0.74, rc 0.52
2026-02-10 22:28:36,745 - INFO - Indicators CRUDEOILM: price 5806.00, vol 5.00, atr% 0.23, rc 0.52
2026-02-10 22:28:36,747 - INFO - Indicators CRUDEOILMINI: price 5806.00, vol 5.00, atr% 0.23, rc 0.52
2026-02-10 22:29:12,407 - WARNING - [33m❌ Ignoring switch to GOLDMINI_PINE for COMMODITY instance. Staying on GOLDMINI_PINE.[0m
2026-02-10 22:29:12,408 - INFO - ⚙️ Commodity scan list prepared: 7 symbols (tokens available for 7)
2026-02-10 22:29:12,408 - WARNING - Nifty data missing for regime assessment. Defaulting to HIGH_CONVICTION.
2026-02-10 22:29:21,972 - INFO - Indicators GOLDM: price 155292.00, vol 5.00, atr% 0.21, rc 0.53
2026-02-10 22:29:21,982 - INFO - Indicators GOLDMINI: price 155292.00, vol 5.00, atr% 0.21, rc 0.53
2026-02-10 22:29:21,984 - INFO - Indicators SILVER: price 252921.00, vol 5.00, atr% 0.59, rc 0.55
2026-02-10 22:29:21,987 - INFO - Indicators SILVERM: price 260312.00, vol 5.00, atr% 0.60, rc 0.53
2026-02-10 22:29:21,989 - INFO - Indicators SILVERMIC: price 260479.00, vol 5.00, atr% 0.71, rc 0.56
2026-02-10 22:29:21,990 - INFO - Indicators CRUDEOILM: price 5807.00, vol 5.00, atr% 0.22, rc 0.49
2026-02-10 22:29:21,992 - INFO - Indicators CRUDEOILMINI: price 5807.00, vol 5.00, atr% 0.22, rc 0.49
2026-02-10 22:29:57,673 - WARNING - [33m❌ Ignoring switch to GOLDMINI_PINE for COMMODITY instance. Staying on GOLDMINI_PINE.[0m
2026-02-10 22:29:57,675 - INFO - ⚙️ Commodity scan list prepared: 7 symbols (tokens available for 7)
2026-02-10 22:29:57,676 - WARNING - Nifty data missing for regime assessment. Defaulting to HIGH_CONVICTION.
2026-02-10 22:30:07,036 - INFO - Indicators GOLDM: price 155264.00, vol 5.00, atr% 0.20, rc 0.51
2026-02-10 22:30:07,039 - INFO - Indicators GOLDMINI: price 155264.00, vol 5.00, atr% 0.20, rc 0.51
2026-02-10 22:30:07,040 - INFO - Indicators SILVER: price 252925.00, vol 5.00, atr% 0.56, rc 0.67
2026-02-10 22:30:07,042 - INFO - Indicators SILVERM: price 260693.00, vol 5.00, atr% 0.59, rc 0.65
2026-02-10 22:30:07,044 - INFO - Indicators SILVERMIC: price 260669.00, vol 5.00, atr% 0.71, rc 0.60
2026-02-10 22:30:07,045 - INFO - Indicators CRUDEOILM: price 5807.00, vol 5.00, atr% 0.22, rc 0.59
2026-02-10 22:30:07,047 - INFO - Indicators CRUDEOILMINI: price 5807.00, vol 5.00, atr% 0.22, rc 0.59
2026-02-10 22:30:42,608 - WARNING - [33m❌ Ignoring switch to GOLDMINI_PINE for COMMODITY instance. Staying on GOLDMINI_PINE.[0m
2026-02-10 22:30:42,608 - INFO - ⚙️ Commodity scan list prepared: 7 symbols (tokens available for 7)
2026-02-10 22:30:42,609 - WARNING - Nifty data missing for regime assessment. Defaulting to HIGH_CONVICTION.
2026-02-10 22:30:51,942 - INFO - Indicators GOLDM: price 155317.00, vol 5.00, atr% 0.21, rc 0.63
2026-02-10 22:30:51,944 - INFO - Indicators GOLDMINI: price 155317.00, vol 5.00, atr% 0.21, rc 0.63
2026-02-10 22:30:51,946 - INFO - Indicators SILVER: price 253260.00, vol 5.00, atr% 0.60, rc 0.75
2026-02-10 22:30:51,947 - INFO - Indicators SILVERM: price 260774.00, vol 5.00, atr% 0.60, rc 0.68
2026-02-10 22:30:51,948 - INFO - Indicators SILVERMIC: price 260999.00, vol 5.00, atr% 0.71, rc 0.66
2026-02-10 22:30:51,950 - INFO - Indicators CRUDEOILM: price 5807.00, vol 5.00, atr% 0.23, rc 0.54
2026-02-10 22:30:51,952 - INFO - Indicators CRUDEOILMINI: price 5807.00, vol 5.00, atr% 0.23, rc 0.54
2026-02-10 22:31:27,840 - WARNING - [33m❌ Ignoring switch to GOLDMINI_PINE for COMMODITY instance. Staying on GOLDMINI_PINE.[0m
2026-02-10 22:31:27,841 - INFO - ⚙️ Commodity scan list prepared: 7 symbols (tokens available for 7)
2026-02-10 22:31:27,841 - WARNING - Nifty data missing for regime assessment. Defaulting to HIGH_CONVICTION.
2026-02-10 22:31:36,616 - INFO - Indicators GOLDM: price 155350.00, vol 5.00, atr% 0.22, rc 0.59
2026-02-10 22:31:36,618 - INFO - Indicators GOLDMINI: price 155350.00, vol 5.00, atr% 0.22, rc 0.59
2026-02-10 22:31:36,620 - INFO - Indicators SILVER: price 253847.00, vol 5.00, atr% 0.57, rc 0.79
2026-02-10 22:31:36,621 - INFO - Indicators SILVERM: price 261210.00, vol 5.00, atr% 0.61, rc 0.68
2026-02-10 22:31:36,623 - INFO - Indicators SILVERMIC: price 261352.00, vol 5.00, atr% 0.73, rc 0.69
2026-02-10 22:31:36,624 - INFO - Indicators CRUDEOILM: price 5809.00, vol 5.00, atr% 0.23, rc 0.58
2026-02-10 22:31:36,626 - INFO - Indicators CRUDEOILMINI: price 5809.00, vol 5.00, atr% 0.23, rc 0.58
2026-02-10 22:32:12,187 - WARNING - [33m❌ Ignoring switch to GOLDMINI_PINE for COMMODITY instance. Staying on GOLDMINI_PINE.[0m
2026-02-10 22:32:12,188 - INFO - ⚙️ Commodity scan list prepared: 7 symbols (tokens available for 7)
2026-02-10 22:32:12,188 - WARNING - Nifty data missing for regime assessment. Defaulting to HIGH_CONVICTION.
2026-02-10 22:32:21,133 - INFO - Indicators GOLDM: price 155340.00, vol 5.00, atr% 0.22, rc 0.51
2026-02-10 22:32:21,135 - INFO - Indicators GOLDMINI: price 155340.00, vol 5.00, atr% 0.22, rc 0.51
2026-02-10 22:32:21,137 - INFO - Indicators SILVER: price 253186.00, vol 5.00, atr% 0.59, rc 0.52
2026-02-10 22:32:21,138 - INFO - Indicators SILVERM: price 260999.00, vol 5.00, atr% 0.62, rc 0.55
2026-02-10 22:32:21,140 - INFO - Indicators SILVERMIC: price 260941.00, vol 5.00, atr% 0.73, rc 0.56
2026-02-10 22:32:21,142 - INFO - Indicators CRUDEOILM: price 5805.00, vol 5.00, atr% 0.22, rc 0.52
2026-02-10 22:32:21,143 - INFO - Indicators CRUDEOILMINI: price 5805.00, vol 5.00, atr% 0.22, rc 0.52
2026-02-10 22:32:56,901 - WARNING - [33m❌ Ignoring switch to GOLDMINI_PINE for COMMODITY instance. Staying on GOLDMINI_PINE.[0m
2026-02-10 22:32:56,902 - INFO - ⚙️ Commodity scan list prepared: 7 symbols (tokens available for 7)
2026-02-10 22:32:56,902 - WARNING - Nifty data missing for regime assessment. Defaulting to HIGH_CONVICTION.
2026-02-10 22:33:06,448 - INFO - Indicators GOLDM: price 155373.00, vol 5.00, atr% 0.23, rc 0.56
2026-02-10 22:33:06,453 - INFO - Indicators GOLDMINI: price 155373.00, vol 5.00, atr% 0.23, rc 0.56
2026-02-10 22:33:06,455 - INFO - Indicators SILVER: price 253466.00, vol 5.00, atr% 0.61, rc 0.62
2026-02-10 22:33:06,458 - INFO - Indicators SILVERM: price 260766.00, vol 5.00, atr% 0.65, rc 0.59
2026-02-10 22:33:06,462 - INFO - Indicators SILVERMIC: price 260831.00, vol 5.00, atr% 0.76, rc 0.56
2026-02-10 22:33:06,464 - INFO - Indicators CRUDEOILM: price 5806.00, vol 5.00, atr% 0.22, rc 0.49
2026-02-10 22:33:06,466 - INFO - Indicators CRUDEOILMINI: price 5806.00, vol 5.00, atr% 0.22, rc 0.49
2026-02-10 22:33:13,095 - WARNING - [33m❌ Ignoring switch to GOLDMINI_PINE for COMMODITY instance. Staying on GOLDMINI_PINE.[0m
2026-02-10 22:33:13,097 - INFO - ⚙️ Commodity scan list prepared: 7 symbols (tokens available for 7)
2026-02-10 22:33:13,097 - WARNING - Nifty data missing for regime assessment. Defaulting to HIGH_CONVICTION.
2026-02-10 22:33:22,215 - INFO - Indicators GOLDM: price 155352.00, vol 5.00, atr% 0.22, rc 0.55
2026-02-10 22:33:22,220 - INFO - Indicators GOLDMINI: price 155352.00, vol 5.00, atr% 0.22, rc 0.55
2026-02-10 22:33:22,223 - INFO - Indicators SILVER: price 253202.00, vol 5.00, atr% 0.60, rc 0.57
2026-02-10 22:33:22,226 - INFO - Indicators SILVERM: price 260872.00, vol 5.00, atr% 0.62, rc 0.59
2026-02-10 22:33:22,229 - INFO - Indicators SILVERMIC: price 261000.00, vol 5.00, atr% 0.73, rc 0.59
2026-02-10 22:33:22,231 - INFO - Indicators CRUDEOILM: price 5804.00, vol 5.00, atr% 0.22, rc 0.57
2026-02-10 22:33:22,233 - INFO - Indicators CRUDEOILMINI: price 5804.00, vol 5.00, atr% 0.22, rc 0.57
2026-02-10 22:33:57,824 - WARNING - [33m❌ Ignoring switch to GOLDMINI_PINE for COMMODITY instance. Staying on GOLDMINI_PINE.[0m
2026-02-10 22:33:57,827 - INFO - ⚙️ Commodity scan list prepared: 7 symbols (tokens available for 7)
2026-02-10 22:33:57,828 - WARNING - Nifty data missing for regime assessment. Defaulting to HIGH_CONVICTION.
2026-02-10 22:34:06,969 - INFO - Indicators GOLDM: price 155394.00, vol 5.00, atr% 0.21, rc 0.62
2026-02-10 22:34:06,971 - INFO - Indicators GOLDMINI: price 155394.00, vol 5.00, atr% 0.21, rc 0.62
2026-02-10 22:34:06,978 - INFO - Indicators SILVER: price 253800.00, vol 5.00, atr% 0.58, rc 0.75
2026-02-10 22:34:06,980 - INFO - Indicators SILVERM: price 261200.00, vol 5.00, atr% 0.62, rc 0.70
2026-02-10 22:34:06,981 - INFO - Indicators SILVERMIC: price 261400.00, vol 5.00, atr% 0.74, rc 0.68
2026-02-10 22:34:06,983 - INFO - Indicators CRUDEOILM: price 5808.00, vol 5.00, atr% 0.20, rc 0.55
2026-02-10 22:34:06,984 - INFO - Indicators CRUDEOILMINI: price 5808.00, vol 5.00, atr% 0.20, rc 0.55
2026-02-10 22:34:42,566 - WARNING - [33m❌ Ignoring switch to GOLDMINI_PINE for COMMODITY instance. Staying on GOLDMINI_PINE.[0m
2026-02-10 22:34:42,568 - INFO - ⚙️ Commodity scan list prepared: 7 symbols (tokens available for 7)
2026-02-10 22:34:42,568 - WARNING - Nifty data missing for regime assessment. Defaulting to HIGH_CONVICTION.
2026-02-10 22:34:51,703 - INFO - Indicators GOLDM: price 155359.00, vol 5.00, atr% 0.19, rc 0.60
2026-02-10 22:34:51,707 - INFO - Indicators GOLDMINI: price 155359.00, vol 5.00, atr% 0.19, rc 0.60
2026-02-10 22:34:51,709 - INFO - Indicators SILVER: price 253414.00, vol 5.00, atr% 0.55, rc 0.60
2026-02-10 22:34:51,712 - INFO - Indicators SILVERM: price 261193.00, vol 5.00, atr% 0.58, rc 0.63
2026-02-10 22:34:51,714 - INFO - Indicators SILVERMIC: price 261072.00, vol 5.00, atr% 0.71, rc 0.57
2026-02-10 22:34:51,716 - INFO - Indicators CRUDEOILM: price 5804.00, vol 5.00, atr% 0.20, rc 0.55
2026-02-10 22:34:51,718 - INFO - Indicators CRUDEOILMINI: price 5804.00, vol 5.00, atr% 0.20, rc 0.55
2026-02-10 22:35:27,284 - WARNING - [33m❌ Ignoring switch to GOLDMINI_PINE for COMMODITY instance. Staying on GOLDMINI_PINE.[0m
2026-02-10 22:35:27,284 - INFO - ⚙️ Commodity scan list prepared: 7 symbols (tokens available for 7)
2026-02-10 22:35:27,284 - WARNING - Nifty data missing for regime assessment. Defaulting to HIGH_CONVICTION.
2026-02-10 22:35:36,074 - INFO - Indicators GOLDM: price 155366.00, vol 5.00, atr% 0.20, rc 0.54
2026-02-10 22:35:36,083 - INFO - Indicators GOLDMINI: price 155366.00, vol 5.00, atr% 0.20, rc 0.54
2026-02-10 22:35:36,084 - INFO - Indicators SILVER: price 253500.00, vol 5.00, atr% 0.57, rc 0.60
2026-02-10 22:35:36,085 - INFO - Indicators SILVERM: price 261398.00, vol 5.00, atr% 0.59, rc 0.62
2026-02-10 22:35:36,087 - INFO - Indicators SILVERMIC: price 261471.00, vol 5.00, atr% 0.71, rc 0.61
2026-02-10 22:35:36,088 - INFO - Indicators CRUDEOILM: price 5807.00, vol 5.00, atr% 0.22, rc 0.52
2026-02-10 22:35:36,090 - INFO - Indicators CRUDEOILMINI: price 5807.00, vol 5.00, atr% 0.22, rc 0.52
2026-02-10 22:36:11,703 - WARNING - [33m❌ Ignoring switch to GOLDMINI_PINE for COMMODITY instance. Staying on GOLDMINI_PINE.[0m
2026-02-10 22:36:11,704 - INFO - ⚙️ Commodity scan list prepared: 7 symbols (tokens available for 7)
2026-02-10 22:36:11,704 - WARNING - Nifty data missing for regime assessment. Defaulting to HIGH_CONVICTION.
2026-02-10 22:36:21,734 - INFO - Indicators GOLDM: price 155384.00, vol 5.00, atr% 0.20, rc 0.58
2026-02-10 22:36:21,738 - INFO - Indicators GOLDMINI: price 155384.00, vol 5.00, atr% 0.20, rc 0.58
2026-02-10 22:36:21,741 - INFO - Indicators SILVER: price 253600.00, vol 5.00, atr% 0.55, rc 0.55
2026-02-10 22:36:21,743 - INFO - Indicators SILVERM: price 261366.00, vol 5.00, atr% 0.60, rc 0.51
2026-02-10 22:36:21,746 - INFO - Indicators SILVERMIC: price 261336.00, vol 5.00, atr% 0.72, rc 0.52
2026-02-10 22:36:21,748 - INFO - Indicators CRUDEOILM: price 5808.00, vol 5.00, atr% 0.21, rc 0.52
2026-02-10 22:36:21,750 - INFO - Indicators CRUDEOILMINI: price 5808.00, vol 5.00, atr% 0.21, rc 0.52
2026-02-10 22:36:57,358 - WARNING - [33m❌ Ignoring switch to GOLDMINI_PINE for COMMODITY instance. Staying on GOLDMINI_PINE.[0m
2026-02-10 22:36:57,360 - INFO - ⚙️ Commodity scan list prepared: 7 symbols (tokens available for 7)
2026-02-10 22:36:57,360 - WARNING - Nifty data missing for regime assessment. Defaulting to HIGH_CONVICTION.
2026-02-10 22:37:07,006 - INFO - Indicators GOLDM: price 155337.00, vol 5.00, atr% 0.20, rc 0.52
2026-02-10 22:37:07,008 - INFO - Indicators GOLDMINI: price 155337.00, vol 5.00, atr% 0.20, rc 0.52
2026-02-10 22:37:07,011 - INFO - Indicators SILVER: price 253416.00, vol 5.00, atr% 0.55, rc 0.51
2026-02-10 22:37:07,013 - INFO - Indicators SILVERM: price 261000.00, vol 5.00, atr% 0.59, rc 0.50
2026-02-10 22:37:07,015 - INFO - Indicators SILVERMIC: price 261051.00, vol 5.00, atr% 0.71, rc 0.51
2026-02-10 22:37:07,017 - INFO - Indicators CRUDEOILM: price 5807.00, vol 5.00, atr% 0.21, rc 0.55
2026-02-10 22:37:07,019 - INFO - Indicators CRUDEOILMINI: price 5807.00, vol 5.00, atr% 0.21, rc 0.55
2026-02-10 22:37:42,931 - WARNING - [33m❌ Ignoring switch to GOLDMINI_PINE for COMMODITY instance. Staying on GOLDMINI_PINE.[0m
2026-02-10 22:37:42,932 - INFO - ⚙️ Commodity scan list prepared: 7 symbols (tokens available for 7)
2026-02-10 22:37:42,932 - WARNING - Nifty data missing for regime assessment. Defaulting to HIGH_CONVICTION.
2026-02-10 22:37:51,820 - INFO - Indicators GOLDM: price 155275.00, vol 5.00, atr% 0.22, rc 0.56
2026-02-10 22:37:51,824 - INFO - Indicators GOLDMINI: price 155275.00, vol 5.00, atr% 0.22, rc 0.56
2026-02-10 22:37:51,837 - INFO - Indicators SILVER: price 253116.00, vol 5.00, atr% 0.60, rc 0.56
2026-02-10 22:37:51,840 - INFO - Indicators SILVERM: price 260751.00, vol 5.00, atr% 0.65, rc 0.53
2026-02-10 22:37:51,843 - INFO - Indicators SILVERMIC: price 260951.00, vol 5.00, atr% 0.75, rc 0.52
2026-02-10 22:37:51,845 - INFO - Indicators CRUDEOILM: price 5804.00, vol 5.00, atr% 0.21, rc 0.52
2026-02-10 22:37:51,847 - INFO - Indicators CRUDEOILMINI: price 5804.00, vol 5.00, atr% 0.21, rc 0.52
2026-02-10 22:38:27,497 - WARNING - [33m❌ Ignoring switch to GOLDMINI_PINE for COMMODITY instance. Staying on GOLDMINI_PINE.[0m
2026-02-10 22:38:27,498 - INFO - ⚙️ Commodity scan list prepared: 7 symbols (tokens available for 7)
2026-02-10 22:38:27,498 - WARNING - Nifty data missing for regime assessment. Defaulting to HIGH_CONVICTION.
2026-02-10 22:38:36,450 - INFO - Indicators GOLDM: price 155311.00, vol 5.00, atr% 0.21, rc 0.53
2026-02-10 22:38:36,454 - INFO - Indicators GOLDMINI: price 155311.00, vol 5.00, atr% 0.21, rc 0.53
2026-02-10 22:38:36,456 - INFO - Indicators SILVER: price 253116.00, vol 5.00, atr% 0.58, rc 0.51
2026-02-10 22:38:36,458 - INFO - Indicators SILVERM: price 261081.00, vol 5.00, atr% 0.62, rc 0.50
2026-02-10 22:38:36,460 - INFO - Indicators SILVERMIC: price 261072.00, vol 5.00, atr% 0.73, rc 0.50
2026-02-10 22:38:36,461 - INFO - Indicators CRUDEOILM: price 5804.00, vol 5.00, atr% 0.20, rc 0.49
2026-02-10 22:38:36,463 - INFO - Indicators CRUDEOILMINI: price 5804.00, vol 5.00, atr% 0.20, rc 0.49
2026-02-10 22:39:12,080 - WARNING - [33m❌ Ignoring switch to GOLDMINI_PINE for COMMODITY instance. Staying on GOLDMINI_PINE.[0m
2026-02-10 22:39:12,082 - INFO - ⚙️ Commodity scan list prepared: 7 symbols (tokens available for 7)
2026-02-10 22:39:12,082 - WARNING - Nifty data missing for regime assessment. Defaulting to HIGH_CONVICTION.
2026-02-10 22:39:21,260 - INFO - Indicators GOLDM: price 155300.00, vol 5.00, atr% 0.20, rc 0.58
2026-02-10 22:39:21,278 - INFO - Indicators GOLDMINI: price 155300.00, vol 5.00, atr% 0.20, rc 0.58
2026-02-10 22:39:21,282 - INFO - Indicators SILVER: price 253300.00, vol 5.00, atr% 0.57, rc 0.54
2026-02-10 22:39:21,285 - INFO - Indicators SILVERM: price 260706.00, vol 5.00, atr% 0.59, rc 0.64
2026-02-10 22:39:21,287 - INFO - Indicators SILVERMIC: price 260767.00, vol 5.00, atr% 0.70, rc 0.58
2026-02-10 22:39:21,296 - INFO - Indicators CRUDEOILM: price 5804.00, vol 5.00, atr% 0.19, rc 0.60
2026-02-10 22:39:21,298 - INFO - Indicators CRUDEOILMINI: price 5804.00, vol 5.00, atr% 0.19, rc 0.60
2026-02-10 22:39:57,298 - WARNING - [33m❌ Ignoring switch to GOLDMINI_PINE for COMMODITY instance. Staying on GOLDMINI_PINE.[0m
2026-02-10 22:39:57,299 - INFO - ⚙️ Commodity scan list prepared: 7 symbols (tokens available for 7)
2026-02-10 22:39:57,299 - WARNING - Nifty data missing for regime assessment. Defaulting to HIGH_CONVICTION.
2026-02-10 22:40:06,376 - INFO - Indicators GOLDM: price 155258.00, vol 5.00, atr% 0.19, rc 0.60
2026-02-10 22:40:06,380 - INFO - Indicators GOLDMINI: price 155258.00, vol 5.00, atr% 0.19, rc 0.60
2026-02-10 22:40:06,384 - INFO - Indicators SILVER: price 253261.00, vol 5.00, atr% 0.53, rc 0.53
2026-02-10 22:40:06,387 - INFO - Indicators SILVERM: price 260947.00, vol 5.00, atr% 0.57, rc 0.54
2026-02-10 22:40:06,390 - INFO - Indicators SILVERMIC: price 261000.00, vol 5.00, atr% 0.69, rc 0.56
2026-02-10 22:40:06,392 - INFO - Indicators CRUDEOILM: price 5804.00, vol 5.00, atr% 0.20, rc 0.49
2026-02-10 22:40:06,395 - INFO - Indicators CRUDEOILMINI: price 5804.00, vol 5.00, atr% 0.20, rc 0.49
2026-02-10 22:40:41,976 - WARNING - [33m❌ Ignoring switch to GOLDMINI_PINE for COMMODITY instance. Staying on GOLDMINI_PINE.[0m
2026-02-10 22:40:41,978 - INFO - ⚙️ Commodity scan list prepared: 7 symbols (tokens available for 7)
2026-02-10 22:40:41,979 - WARNING - Nifty data missing for regime assessment. Defaulting to HIGH_CONVICTION.
2026-02-10 22:40:51,233 - INFO - Indicators GOLDM: price 155279.00, vol 5.00, atr% 0.20, rc 0.56
2026-02-10 22:40:51,237 - INFO - Indicators GOLDMINI: price 155279.00, vol 5.00, atr% 0.20, rc 0.56
2026-02-10 22:40:51,240 - INFO - Indicators SILVER: price 253230.00, vol 5.00, atr% 0.56, rc 0.55
2026-02-10 22:40:51,243 - INFO - Indicators SILVERM: price 260900.00, vol 5.00, atr% 0.59, rc 0.61
2026-02-10 22:40:51,246 - INFO - Indicators SILVERMIC: price 260922.00, vol 5.00, atr% 0.70, rc 0.60
2026-02-10 22:40:51,249 - INFO - Indicators CRUDEOILM: price 5806.00, vol 5.00, atr% 0.21, rc 0.49
2026-02-10 22:40:51,251 - INFO - Indicators CRUDEOILMINI: price 5806.00, vol 5.00, atr% 0.21, rc 0.49
2026-02-10 22:41:27,102 - WARNING - [33m❌ Ignoring switch to GOLDMINI_PINE for COMMODITY instance. Staying on GOLDMINI_PINE.[0m
2026-02-10 22:41:27,104 - INFO - ⚙️ Commodity scan list prepared: 7 symbols (tokens available for 7)
2026-02-10 22:41:27,104 - WARNING - Nifty data missing for regime assessment. Defaulting to HIGH_CONVICTION.
2026-02-10 22:41:35,955 - INFO - Indicators GOLDM: price 155275.00, vol 5.00, atr% 0.20, rc 0.57
2026-02-10 22:41:35,963 - INFO - Indicators GOLDMINI: price 155275.00, vol 5.00, atr% 0.20, rc 0.57
2026-02-10 22:41:35,965 - INFO - Indicators SILVER: price 253230.00, vol 5.00, atr% 0.55, rc 0.52
2026-02-10 22:41:35,967 - INFO - Indicators SILVERM: price 260903.00, vol 5.00, atr% 0.58, rc 0.51
2026-02-10 22:41:35,969 - INFO - Indicators SILVERMIC: price 261070.00, vol 5.00, atr% 0.70, rc 0.50
2026-02-10 22:41:35,970 - INFO - Indicators CRUDEOILM: price 5809.00, vol 5.00, atr% 0.21, rc 0.54
2026-02-10 22:41:35,972 - INFO - Indicators CRUDEOILMINI: price 5809.00, vol 5.00, atr% 0.21, rc 0.54
2026-02-10 22:42:11,919 - WARNING - [33m❌ Ignoring switch to GOLDMINI_PINE for COMMODITY instance. Staying on GOLDMINI_PINE.[0m
2026-02-10 22:42:11,921 - INFO - ⚙️ Commodity scan list prepared: 7 symbols (tokens available for 7)
2026-02-10 22:42:11,922 - WARNING - Nifty data missing for regime assessment. Defaulting to HIGH_CONVICTION.
2026-02-10 22:42:21,478 - INFO - Indicators GOLDM: price 155243.00, vol 5.00, atr% 0.20, rc 0.55
2026-02-10 22:42:21,480 - INFO - Indicators GOLDMINI: price 155243.00, vol 5.00, atr% 0.20, rc 0.55
2026-02-10 22:42:21,481 - INFO - Indicators SILVER: price 253233.00, vol 5.00, atr% 0.56, rc 0.53
2026-02-10 22:42:21,483 - INFO - Indicators SILVERM: price 260903.00, vol 5.00, atr% 0.60, rc 0.51
2026-02-10 22:42:21,484 - INFO - Indicators SILVERMIC: price 261014.00, vol 5.00, atr% 0.71, rc 0.50
2026-02-10 22:42:21,486 - INFO - Indicators CRUDEOILM: price 5808.00, vol 5.00, atr% 0.20, rc 0.52
2026-02-10 22:42:21,487 - INFO - Indicators CRUDEOILMINI: price 5808.00, vol 5.00, atr% 0.20, rc 0.52
2026-02-10 22:42:57,098 - WARNING - [33m❌ Ignoring switch to GOLDMINI_PINE for COMMODITY instance. Staying on GOLDMINI_PINE.[0m
2026-02-10 22:42:57,100 - INFO - ⚙️ Commodity scan list prepared: 7 symbols (tokens available for 7)
2026-02-10 22:42:57,100 - WARNING - Nifty data missing for regime assessment. Defaulting to HIGH_CONVICTION.
2026-02-10 22:43:06,048 - INFO - Indicators GOLDM: price 155165.00, vol 5.00, atr% 0.21, rc 0.62
2026-02-10 22:43:06,052 - INFO - Indicators GOLDMINI: price 155165.00, vol 5.00, atr% 0.21, rc 0.62
2026-02-10 22:43:06,056 - INFO - Indicators SILVER: price 253233.00, vol 5.00, atr% 0.59, rc 0.52
2026-02-10 22:43:06,059 - INFO - Indicators SILVERM: price 260896.00, vol 5.00, atr% 0.63, rc 0.52
2026-02-10 22:43:06,063 - INFO - Indicators SILVERMIC: price 260894.00, vol 5.00, atr% 0.73, rc 0.51
2026-02-10 22:43:06,065 - INFO - Indicators CRUDEOILM: price 5803.00, vol 5.00, atr% 0.20, rc 0.49
2026-02-10 22:43:06,068 - INFO - Indicators CRUDEOILMINI: price 5803.00, vol 5.00, atr% 0.20, rc 0.49
2026-02-10 22:43:12,906 - WARNING - [33m❌ Ignoring switch to GOLDMINI_PINE for COMMODITY instance. Staying on GOLDMINI_PINE.[0m
2026-02-10 22:43:12,908 - INFO - ⚙️ Commodity scan list prepared: 7 symbols (tokens available for 7)
2026-02-10 22:43:12,909 - WARNING - Nifty data missing for regime assessment. Defaulting to HIGH_CONVICTION.
2026-02-10 22:43:22,019 - INFO - Indicators GOLDM: price 155182.00, vol 5.00, atr% 0.21, rc 0.62
2026-02-10 22:43:22,023 - INFO - Indicators GOLDMINI: price 155182.00, vol 5.00, atr% 0.21, rc 0.62
2026-02-10 22:43:22,026 - INFO - Indicators SILVER: price 253233.00, vol 5.00, atr% 0.58, rc 0.52
2026-02-10 22:43:22,030 - INFO - Indicators SILVERM: price 260767.00, vol 5.00, atr% 0.59, rc 0.54
2026-02-10 22:43:22,033 - INFO - Indicators SILVERMIC: price 260840.00, vol 5.00, atr% 0.71, rc 0.53
2026-02-10 22:43:22,036 - INFO - Indicators CRUDEOILM: price 5799.00, vol 5.00, atr% 0.21, rc 0.62
2026-02-10 22:43:22,039 - INFO - Indicators CRUDEOILMINI: price 5799.00, vol 5.00, atr% 0.21, rc 0.62
2026-02-10 22:43:57,607 - WARNING - [33m❌ Ignoring switch to GOLDMINI_PINE for COMMODITY instance. Staying on GOLDMINI_PINE.[0m
2026-02-10 22:43:57,609 - INFO - ⚙️ Commodity scan list prepared: 7 symbols (tokens available for 7)
2026-02-10 22:43:57,610 - WARNING - Nifty data missing for regime assessment. Defaulting to HIGH_CONVICTION.
2026-02-10 22:44:07,850 - INFO - Indicators GOLDM: price 155305.00, vol 5.00, atr% 0.20, rc 0.50
2026-02-10 22:44:07,851 - INFO - Indicators GOLDMINI: price 155305.00, vol 5.00, atr% 0.20, rc 0.50
2026-02-10 22:44:07,853 - INFO - Indicators SILVER: price 253233.00, vol 5.00, atr% 0.54, rc 0.51
2026-02-10 22:44:07,854 - INFO - Indicators SILVERM: price 261193.00, vol 5.00, atr% 0.57, rc 0.56
2026-02-10 22:44:07,856 - INFO - Indicators SILVERMIC: price 261206.00, vol 5.00, atr% 0.69, rc 0.54
2026-02-10 22:44:07,857 - INFO - Indicators CRUDEOILM: price 5799.00, vol 5.00, atr% 0.19, rc 0.66
2026-02-10 22:44:07,859 - INFO - Indicators CRUDEOILMINI: price 5799.00, vol 5.00, atr% 0.19, rc 0.66
2026-02-10 22:44:43,620 - WARNING - [33m❌ Ignoring switch to GOLDMINI_PINE for COMMODITY instance. Staying on GOLDMINI_PINE.[0m
2026-02-10 22:44:43,622 - INFO - ⚙️ Commodity scan list prepared: 7 symbols (tokens available for 7)
2026-02-10 22:44:43,622 - WARNING - Nifty data missing for regime assessment. Defaulting to HIGH_CONVICTION.
2026-02-10 22:44:52,618 - INFO - Indicators GOLDM: price 155214.00, vol 5.00, atr% 0.18, rc 0.53
2026-02-10 22:44:52,620 - INFO - Indicators GOLDMINI: price 155214.00, vol 5.00, atr% 0.18, rc 0.53
2026-02-10 22:44:52,622 - INFO - Indicators SILVER: price 252723.00, vol 5.00, atr% 0.51, rc 0.58
2026-02-10 22:44:52,624 - INFO - Indicators SILVERM: price 260541.00, vol 5.00, atr% 0.53, rc 0.54
2026-02-10 22:44:52,626 - INFO - Indicators SILVERMIC: price 260503.00, vol 5.00, atr% 0.67, rc 0.54
2026-02-10 22:44:52,628 - INFO - Indicators CRUDEOILM: price 5796.00, vol 5.00, atr% 0.19, rc 0.71
2026-02-10 22:44:52,629 - INFO - Indicators CRUDEOILMINI: price 5796.00, vol 5.00, atr% 0.19, rc 0.71
2026-02-10 22:45:28,408 - WARNING - [33m❌ Ignoring switch to GOLDMINI_PINE for COMMODITY instance. Staying on GOLDMINI_PINE.[0m
2026-02-10 22:45:28,409 - INFO - ⚙️ Commodity scan list prepared: 7 symbols (tokens available for 7)
2026-02-10 22:45:28,409 - WARNING - Nifty data missing for regime assessment. Defaulting to HIGH_CONVICTION.
2026-02-10 22:45:37,315 - INFO - Indicators GOLDM: price 155298.00, vol 5.00, atr% 0.18, rc 0.52
2026-02-10 22:45:37,319 - INFO - Indicators GOLDMINI: price 155298.00, vol 5.00, atr% 0.18, rc 0.52
2026-02-10 22:45:37,321 - INFO - Indicators SILVER: price 252967.00, vol 5.00, atr% 0.52, rc 0.57
2026-02-10 22:45:37,324 - INFO - Indicators SILVERM: price 260892.00, vol 5.00, atr% 0.55, rc 0.50
2026-02-10 22:45:37,326 - INFO - Indicators SILVERMIC: price 260915.00, vol 5.00, atr% 0.67, rc 0.50
2026-02-10 22:45:37,328 - INFO - Indicators CRUDEOILM: price 5800.00, vol 5.00, atr% 0.20, rc 0.63
2026-02-10 22:45:37,331 - INFO - Indicators CRUDEOILMINI: price 5800.00, vol 5.00, atr% 0.20, rc 0.63
2026-02-10 22:46:12,914 - WARNING - [33m❌ Ignoring switch to GOLDMINI_PINE for COMMODITY instance. Staying on GOLDMINI_PINE.[0m
2026-02-10 22:46:12,916 - INFO - ⚙️ Commodity scan list prepared: 7 symbols (tokens available for 7)
2026-02-10 22:46:12,916 - WARNING - Nifty data missing for regime assessment. Defaulting to HIGH_CONVICTION.
2026-02-10 22:46:21,667 - INFO - Indicators GOLDM: price 155380.00, vol 5.00, atr% 0.18, rc 0.61
2026-02-10 22:46:21,671 - INFO - Indicators GOLDMINI: price 155380.00, vol 5.00, atr% 0.18, rc 0.61
2026-02-10 22:46:21,674 - INFO - Indicators SILVER: price 253361.00, vol 5.00, atr% 0.52, rc 0.52
2026-02-10 22:46:21,677 - INFO - Indicators SILVERM: price 260967.00, vol 5.00, atr% 0.56, rc 0.51
2026-02-10 22:46:21,679 - INFO - Indicators SILVERMIC: price 261015.00, vol 5.00, atr% 0.68, rc 0.50
2026-02-10 22:46:21,681 - INFO - Indicators CRUDEOILM: price 5802.00, vol 5.00, atr% 0.19, rc 0.57
2026-02-10 22:46:21,684 - INFO - Indicators CRUDEOILMINI: price 5802.00, vol 5.00, atr% 0.19, rc 0.57
2026-02-10 22:46:57,464 - WARNING - [33m❌ Ignoring switch to GOLDMINI_PINE for COMMODITY instance. Staying on GOLDMINI_PINE.[0m
2026-02-10 22:46:57,465 - INFO - ⚙️ Commodity scan list prepared: 7 symbols (tokens available for 7)
2026-02-10 22:46:57,465 - WARNING - Nifty data missing for regime assessment. Defaulting to HIGH_CONVICTION.
2026-02-10 22:47:06,511 - INFO - Indicators GOLDM: price 155348.00, vol 5.00, atr% 0.18, rc 0.61
2026-02-10 22:47:06,515 - INFO - Indicators GOLDMINI: price 155348.00, vol 5.00, atr% 0.18, rc 0.61
2026-02-10 22:47:06,519 - INFO - Indicators SILVER: price 253250.00, vol 5.00, atr% 0.51, rc 0.50
2026-02-10 22:47:06,522 - INFO - Indicators SILVERM: price 261001.00, vol 5.00, atr% 0.55, rc 0.54
2026-02-10 22:47:06,525 - INFO - Indicators SILVERMIC: price 261056.00, vol 5.00, atr% 0.67, rc 0.52
2026-02-10 22:47:06,527 - INFO - Indicators CRUDEOILM: price 5801.00, vol 5.00, atr% 0.19, rc 0.66
2026-02-10 22:47:06,530 - INFO - Indicators CRUDEOILMINI: price 5801.00, vol 5.00, atr% 0.19, rc 0.66
2026-02-10 22:47:42,097 - WARNING - [33m❌ Ignoring switch to GOLDMINI_PINE for COMMODITY instance. Staying on GOLDMINI_PINE.[0m
2026-02-10 22:47:42,100 - INFO - ⚙️ Commodity scan list prepared: 7 symbols (tokens available for 7)
2026-02-10 22:47:42,101 - WARNING - Nifty data missing for regime assessment. Defaulting to HIGH_CONVICTION.
2026-02-10 22:47:51,927 - INFO - Indicators GOLDM: price 155490.00, vol 5.00, atr% 0.20, rc 0.77
2026-02-10 22:47:51,931 - INFO - Indicators GOLDMINI: price 155490.00, vol 5.00, atr% 0.20, rc 0.77
2026-02-10 22:47:51,934 - INFO - Indicators SILVER: price 253905.00, vol 5.00, atr% 0.52, rc 0.65
2026-02-10 22:47:51,937 - INFO - Indicators SILVERM: price 261695.00, vol 5.00, atr% 0.57, rc 0.66
2026-02-10 22:47:51,940 - INFO - Indicators SILVERMIC: price 261525.00, vol 5.00, atr% 0.68, rc 0.61
2026-02-10 22:47:51,942 - INFO - Indicators CRUDEOILM: price 5801.00, vol 5.00, atr% 0.19, rc 0.58
2026-02-10 22:47:51,945 - INFO - Indicators CRUDEOILMINI: price 5801.00, vol 5.00, atr% 0.19, rc 0.58
2026-02-10 22:47:53,929 - INFO - MCX cache refreshed: 37947 instruments
2026-02-10 22:47:55,010 - INFO - Strategy Validation - Win Rate: 26.7%, Profit Factor: 2.15
2026-02-10 22:47:57,856 - INFO - ALERT SENT: SILVERM NEW SIGNAL
2026-02-10 22:47:57,857 - INFO - [35mExecution Triggered for SILVERM. Conf >= 7.8 and Position is Closed.[0m
2026-02-10 22:47:57,857 - ERROR - [31mFailed to execute commodity BULLISH strategy for SILVERM[0m
2026-02-10 22:48:33,400 - WARNING - [33m❌ Ignoring switch to GOLDMINI_PINE for COMMODITY instance. Staying on GOLDMINI_PINE.[0m
2026-02-10 22:48:33,402 - INFO - ⚙️ Commodity scan list prepared: 7 symbols (tokens available for 7)
2026-02-10 22:48:33,403 - WARNING - Nifty data missing for regime assessment. Defaulting to HIGH_CONVICTION.
2026-02-10 22:48:42,973 - INFO - Indicators GOLDM: price 155507.00, vol 5.00, atr% 0.19, rc 0.73
2026-02-10 22:48:42,977 - INFO - Indicators GOLDMINI: price 155507.00, vol 5.00, atr% 0.19, rc 0.73
2026-02-10 22:48:42,979 - INFO - Indicators SILVER: price 254800.00, vol 5.00, atr% 0.53, rc 0.84
2026-02-10 22:48:42,982 - INFO - Indicators SILVERM: price 262445.00, vol 5.00, atr% 0.56, rc 0.79
2026-02-10 22:48:42,984 - INFO - Indicators SILVERMIC: price 262406.00, vol 5.00, atr% 0.68, rc 0.73
2026-02-10 22:48:42,986 - INFO - Indicators CRUDEOILM: price 5801.00, vol 5.00, atr% 0.19, rc 0.52
2026-02-10 22:48:42,988 - INFO - Indicators CRUDEOILMINI: price 5801.00, vol 5.00, atr% 0.19, rc 0.52
2026-02-10 22:48:44,404 - INFO - Strategy Validation - Win Rate: 26.7%, Profit Factor: 2.15
2026-02-10 22:48:46,690 - INFO - ALERT SENT: SILVER NEW SIGNAL
2026-02-10 22:48:46,691 - INFO - [35mExecution Triggered for SILVER. Conf >= 7.8 and Position is Closed.[0m
2026-02-10 22:48:46,691 - ERROR - [31mFailed to execute commodity BULLISH strategy for SILVER[0m
2026-02-10 22:49:21,283 - WARNING - [33m❌ Ignoring switch to GOLDMINI_PINE for COMMODITY instance. Staying on GOLDMINI_PINE.[0m
2026-02-10 22:49:21,286 - INFO - ⚙️ Commodity scan list prepared: 7 symbols (tokens available for 7)
2026-02-10 22:49:21,287 - WARNING - Nifty data missing for regime assessment. Defaulting to HIGH_CONVICTION.
2026-02-10 22:49:31,055 - INFO - Indicators GOLDM: price 155466.00, vol 5.00, atr% 0.18, rc 0.66
2026-02-10 22:49:31,057 - INFO - Indicators GOLDMINI: price 155466.00, vol 5.00, atr% 0.18, rc 0.66
2026-02-10 22:49:31,058 - INFO - Indicators SILVER: price 254144.00, vol 5.00, atr% 0.53, rc 0.64
2026-02-10 22:49:31,060 - INFO - Indicators SILVERM: price 261900.00, vol 5.00, atr% 0.55, rc 0.63
2026-02-10 22:49:31,062 - INFO - Indicators SILVERMIC: price 261750.00, vol 5.00, atr% 0.69, rc 0.60
2026-02-10 22:49:31,064 - INFO - Indicators CRUDEOILM: price 5800.00, vol 5.00, atr% 0.18, rc 0.58
2026-02-10 22:49:31,065 - INFO - Indicators CRUDEOILMINI: price 5800.00, vol 5.00, atr% 0.18, rc 0.58
2026-02-10 22:50:07,031 - WARNING - [33m❌ Ignoring switch to GOLDMINI_PINE for COMMODITY instance. Staying on GOLDMINI_PINE.[0m
2026-02-10 22:50:07,033 - INFO - ⚙️ Commodity scan list prepared: 7 symbols (tokens available for 7)
2026-02-10 22:50:07,034 - WARNING - Nifty data missing for regime assessment. Defaulting to HIGH_CONVICTION.
2026-02-10 22:50:16,137 - INFO - Indicators GOLDM: price 155499.00, vol 5.00, atr% 0.18, rc 0.71
2026-02-10 22:50:16,141 - INFO - Indicators GOLDMINI: price 155499.00, vol 5.00, atr% 0.18, rc 0.71
2026-02-10 22:50:16,143 - INFO - Indicators SILVER: price 254431.00, vol 5.00, atr% 0.50, rc 0.84
2026-02-10 22:50:16,146 - INFO - Indicators SILVERM: price 262047.00, vol 5.00, atr% 0.53, rc 0.80
2026-02-10 22:50:16,148 - INFO - Indicators SILVERMIC: price 262200.00, vol 5.00, atr% 0.64, rc 0.76
2026-02-10 22:50:16,150 - INFO - Indicators CRUDEOILM: price 5800.00, vol 5.00, atr% 0.18, rc 0.52
2026-02-10 22:50:16,152 - INFO - Indicators CRUDEOILMINI: price 5800.00, vol 5.00, atr% 0.18, rc 0.52
2026-02-10 22:50:17,823 - INFO - Strategy Validation - Win Rate: 26.7%, Profit Factor: 2.15
2026-02-10 22:50:20,096 - INFO - ALERT SENT: SILVER NEW SIGNAL
2026-02-10 22:50:20,096 - INFO - [35mExecution Triggered for SILVER. Conf >= 7.8 and Position is Closed.[0m
2026-02-10 22:50:20,096 - ERROR - [31mFailed to execute commodity BULLISH strategy for SILVER[0m
2026-02-10 22:50:21,328 - INFO - Strategy Validation - Win Rate: 26.7%, Profit Factor: 2.15
2026-02-10 22:50:23,228 - INFO - ALERT SENT: SILVERM NEW SIGNAL
2026-02-10 22:50:23,228 - INFO - [35mExecution Triggered for SILVERM. Conf >= 7.8 and Position is Closed.[0m
2026-02-10 22:50:23,228 - ERROR - [31mFailed to execute commodity BULLISH strategy for SILVERM[0m
2026-02-10 22:50:24,418 - INFO - Strategy Validation - Win Rate: 26.7%, Profit Factor: 2.15
2026-02-10 22:50:26,296 - INFO - ALERT SENT: SILVERMIC NEW SIGNAL
2026-02-10 22:50:26,296 - INFO - [35mExecution Triggered for SILVERMIC. Conf >= 7.8 and Position is Closed.[0m
2026-02-10 22:50:26,296 - ERROR - [31mFailed to execute commodity BULLISH strategy for SILVERMIC[0m
2026-02-10 22:51:01,636 - WARNING - [33m❌ Ignoring switch to GOLDMINI_PINE for COMMODITY instance. Staying on GOLDMINI_PINE.[0m
2026-02-10 22:51:01,638 - INFO - ⚙️ Commodity scan list prepared: 7 symbols (tokens available for 7)
2026-02-10 22:51:01,638 - WARNING - Nifty data missing for regime assessment. Defaulting to HIGH_CONVICTION.
2026-02-10 22:51:11,049 - INFO - Indicators GOLDM: price 155494.00, vol 5.00, atr% 0.18, rc 0.65
2026-02-10 22:51:11,054 - INFO - Indicators GOLDMINI: price 155494.00, vol 5.00, atr% 0.18, rc 0.65
2026-02-10 22:51:11,067 - INFO - Indicators SILVER: price 254100.00, vol 5.00, atr% 0.52, rc 0.68
2026-02-10 22:51:11,069 - INFO - Indicators SILVERM: price 261777.00, vol 5.00, atr% 0.55, rc 0.62
2026-02-10 22:51:11,078 - INFO - Indicators SILVERMIC: price 261924.00, vol 5.00, atr% 0.67, rc 0.63
2026-02-10 22:51:11,081 - INFO - Indicators CRUDEOILM: price 5802.00, vol 5.00, atr% 0.17, rc 0.49
2026-02-10 22:51:11,083 - INFO - Indicators CRUDEOILMINI: price 5802.00, vol 5.00, atr% 0.17, rc 0.49
2026-02-10 22:51:12,501 - INFO - Strategy Validation - Win Rate: 26.7%, Profit Factor: 2.15
2026-02-10 22:51:14,512 - INFO - ALERT SENT: SILVER NEW SIGNAL
2026-02-10 22:51:14,512 - INFO - [35mExecution Triggered for SILVER. Conf >= 7.8 and Position is Closed.[0m
2026-02-10 22:51:14,512 - ERROR - [31mFailed to execute commodity BULLISH strategy for SILVER[0m
2026-02-10 22:51:15,539 - INFO - Strategy Validation - Win Rate: 26.7%, Profit Factor: 2.15
2026-02-10 22:51:17,519 - INFO - ALERT SENT: SILVERMIC NEW SIGNAL
2026-02-10 22:51:17,520 - INFO - [35mExecution Triggered for SILVERMIC. Conf >= 7.8 and Position is Closed.[0m
2026-02-10 22:51:17,521 - ERROR - [31mFailed to execute commodity BULLISH strategy for SILVERMIC[0m
2026-02-10 22:51:52,770 - WARNING - [33m❌ Ignoring switch to GOLDMINI_PINE for COMMODITY instance. Staying on GOLDMINI_PINE.[0m
2026-02-10 22:51:52,771 - INFO - ⚙️ Commodity scan list prepared: 7 symbols (tokens available for 7)
2026-02-10 22:51:52,771 - WARNING - Nifty data missing for regime assessment. Defaulting to HIGH_CONVICTION.
2026-02-10 22:52:02,402 - INFO - Indicators GOLDM: price 155531.00, vol 5.00, atr% 0.17, rc 0.72
2026-02-10 22:52:02,406 - INFO - Indicators GOLDMINI: price 155531.00, vol 5.00, atr% 0.17, rc 0.72
2026-02-10 22:52:02,409 - INFO - Indicators SILVER: price 254268.00, vol 5.00, atr% 0.50, rc 0.74
2026-02-10 22:52:02,419 - INFO - Indicators SILVERM: price 261999.00, vol 5.00, atr% 0.53, rc 0.71
2026-02-10 22:52:02,421 - INFO - Indicators SILVERMIC: price 261960.00, vol 5.00, atr% 0.65, rc 0.65
2026-02-10 22:52:02,423 - INFO - Indicators CRUDEOILM: price 5802.00, vol 5.00, atr% 0.17, rc 0.53
2026-02-10 22:52:02,425 - INFO - Indicators CRUDEOILMINI: price 5802.00, vol 5.00, atr% 0.17, rc 0.53
2026-02-10 22:52:03,827 - INFO - Strategy Validation - Win Rate: 26.7%, Profit Factor: 2.15
2026-02-10 22:52:06,020 - INFO - ALERT SENT: SILVER NEW SIGNAL
2026-02-10 22:52:06,021 - INFO - [35mExecution Triggered for SILVER. Conf >= 7.8 and Position is Closed.[0m
2026-02-10 22:52:06,021 - ERROR - [31mFailed to execute commodity BULLISH strategy for SILVER[0m
2026-02-10 22:52:06,727 - INFO - Strategy Validation - Win Rate: 26.7%, Profit Factor: 2.15
2026-02-10 22:52:08,618 - INFO - ALERT SENT: SILVERM NEW SIGNAL
2026-02-10 22:52:08,618 - INFO - [35mExecution Triggered for SILVERM. Conf >= 7.8 and Position is Closed.[0m
2026-02-10 22:52:08,618 - ERROR - [31mFailed to execute commodity BULLISH strategy for SILVERM[0m
2026-02-10 22:52:09,743 - INFO - Strategy Validation - Win Rate: 26.7%, Profit Factor: 2.15
2026-02-10 22:52:11,741 - INFO - ALERT SENT: SILVERMIC NEW SIGNAL
2026-02-10 22:52:11,742 - INFO - [35mExecution Triggered for SILVERMIC. Conf >= 7.8 and Position is Closed.[0m
2026-02-10 22:52:11,742 - ERROR - [31mFailed to execute commodity BULLISH strategy for SILVERMIC[0m
2026-02-10 22:52:47,018 - WARNING - [33m❌ Ignoring switch to GOLDMINI_PINE for COMMODITY instance. Staying on GOLDMINI_PINE.[0m
2026-02-10 22:52:47,018 - INFO - ⚙️ Commodity scan list prepared: 7 symbols (tokens available for 7)
2026-02-10 22:52:47,018 - WARNING - Nifty data missing for regime assessment. Defaulting to HIGH_CONVICTION.
2026-02-10 22:52:55,889 - INFO - Indicators GOLDM: price 155509.00, vol 5.00, atr% 0.19, rc 0.51
2026-02-10 22:52:55,892 - INFO - Indicators GOLDMINI: price 155509.00, vol 5.00, atr% 0.19, rc 0.51
2026-02-10 22:52:55,896 - INFO - Indicators SILVER: price 254268.00, vol 5.00, atr% 0.50, rc 0.58
2026-02-10 22:52:55,898 - INFO - Indicators SILVERM: price 262009.00, vol 5.00, atr% 0.54, rc 0.55
2026-02-10 22:52:55,899 - INFO - Indicators SILVERMIC: price 261998.00, vol 5.00, atr% 0.64, rc 0.55
2026-02-10 22:52:55,901 - INFO - Indicators CRUDEOILM: price 5809.00, vol 5.00, atr% 0.18, rc 0.73
2026-02-10 22:52:55,902 - INFO - Indicators CRUDEOILMINI: price 5809.00, vol 5.00, atr% 0.18, rc 0.73
2026-02-10 22:53:12,566 - WARNING - [33m❌ Ignoring switch to GOLDMINI_PINE for COMMODITY instance. Staying on GOLDMINI_PINE.[0m
2026-02-10 22:53:12,568 - INFO - ⚙️ Commodity scan list prepared: 7 symbols (tokens available for 7)
2026-02-10 22:53:12,569 - WARNING - Nifty data missing for regime assessment. Defaulting to HIGH_CONVICTION.
2026-02-10 22:53:21,697 - INFO - Indicators GOLDM: price 155509.00, vol 5.00, atr% 0.18, rc 0.51
2026-02-10 22:53:21,701 - INFO - Indicators GOLDMINI: price 155509.00, vol 5.00, atr% 0.18, rc 0.51
2026-02-10 22:53:21,703 - INFO - Indicators SILVER: price 253992.00, vol 5.00, atr% 0.50, rc 0.50
2026-02-10 22:53:21,705 - INFO - Indicators SILVERM: price 261669.00, vol 5.00, atr% 0.52, rc 0.51
2026-02-10 22:53:21,708 - INFO - Indicators SILVERMIC: price 261723.00, vol 5.00, atr% 0.64, rc 0.50
2026-02-10 22:53:21,710 - INFO - Indicators CRUDEOILM: price 5809.00, vol 5.00, atr% 0.18, rc 0.70
2026-02-10 22:53:21,712 - INFO - Indicators CRUDEOILMINI: price 5809.00, vol 5.00, atr% 0.18, rc 0.70
2026-02-10 22:53:28,362 - WARNING - [33m❌ Ignoring switch to GOLDMINI_PINE for COMMODITY instance. Staying on GOLDMINI_PINE.[0m
2026-02-10 22:53:28,362 - INFO - ⚙️ Commodity scan list prepared: 7 symbols (tokens available for 7)
2026-02-10 22:53:28,363 - WARNING - Nifty data missing for regime assessment. Defaulting to HIGH_CONVICTION.
2026-02-10 22:53:37,244 - INFO - Indicators GOLDM: price 155486.00, vol 5.00, atr% 0.18, rc 0.54
2026-02-10 22:53:37,256 - INFO - Indicators GOLDMINI: price 155486.00, vol 5.00, atr% 0.18, rc 0.54
2026-02-10 22:53:37,263 - INFO - Indicators SILVER: price 253992.00, vol 5.00, atr% 0.51, rc 0.65
2026-02-10 22:53:37,265 - INFO - Indicators SILVERM: price 261618.00, vol 5.00, atr% 0.54, rc 0.64
2026-02-10 22:53:37,268 - INFO - Indicators SILVERMIC: price 261798.00, vol 5.00, atr% 0.66, rc 0.60
2026-02-10 22:53:37,270 - INFO - Indicators CRUDEOILM: price 5812.00, vol 5.00, atr% 0.18, rc 0.76
2026-02-10 22:53:37,272 - INFO - Indicators CRUDEOILMINI: price 5812.00, vol 5.00, atr% 0.18, rc 0.76
2026-02-10 22:54:12,908 - WARNING - [33m❌ Ignoring switch to GOLDMINI_PINE for COMMODITY instance. Staying on GOLDMINI_PINE.[0m
2026-02-10 22:54:12,911 - INFO - ⚙️ Commodity scan list prepared: 7 symbols (tokens available for 7)
2026-02-10 22:54:12,911 - WARNING - Nifty data missing for regime assessment. Defaulting to HIGH_CONVICTION.
2026-02-10 22:54:22,504 - INFO - Indicators GOLDM: price 155503.00, vol 5.00, atr% 0.17, rc 0.57
2026-02-10 22:54:22,506 - INFO - Indicators GOLDMINI: price 155503.00, vol 5.00, atr% 0.17, rc 0.57
2026-02-10 22:54:22,508 - INFO - Indicators SILVER: price 253992.00, vol 5.00, atr% 0.48, rc 0.59
2026-02-10 22:54:22,510 - INFO - Indicators SILVERM: price 261827.00, vol 5.00, atr% 0.51, rc 0.51
2026-02-10 22:54:22,511 - INFO - Indicators SILVERMIC: price 261955.00, vol 5.00, atr% 0.63, rc 0.50
2026-02-10 22:54:22,513 - INFO - Indicators CRUDEOILM: price 5811.00, vol 5.00, atr% 0.18, rc 0.73
2026-02-10 22:54:22,514 - INFO - Indicators CRUDEOILMINI: price 5811.00, vol 5.00, atr% 0.18, rc 0.73
2026-02-10 22:54:58,088 - WARNING - [33m❌ Ignoring switch to GOLDMINI_PINE for COMMODITY instance. Staying on GOLDMINI_PINE.[0m
2026-02-10 22:54:58,088 - INFO - ⚙️ Commodity scan list prepared: 7 symbols (tokens available for 7)
2026-02-10 22:54:58,089 - WARNING - Nifty data missing for regime assessment. Defaulting to HIGH_CONVICTION.
2026-02-10 22:55:07,810 - INFO - Indicators GOLDM: price 155530.00, vol 5.00, atr% 0.17, rc 0.50
2026-02-10 22:55:07,814 - INFO - Indicators GOLDMINI: price 155530.00, vol 5.00, atr% 0.17, rc 0.50
2026-02-10 22:55:07,817 - INFO - Indicators SILVER: price 253992.00, vol 5.00, atr% 0.48, rc 0.54
2026-02-10 22:55:07,820 - INFO - Indicators SILVERM: price 262088.00, vol 5.00, atr% 0.51, rc 0.50
2026-02-10 22:55:07,822 - INFO - Indicators SILVERMIC: price 262300.00, vol 5.00, atr% 0.63, rc 0.54
2026-02-10 22:55:07,825 - INFO - Indicators CRUDEOILM: price 5810.00, vol 5.00, atr% 0.17, rc 0.76
2026-02-10 22:55:07,827 - INFO - Indicators CRUDEOILMINI: price 5810.00, vol 5.00, atr% 0.17, rc 0.76
2026-02-10 22:55:43,401 - WARNING - [33m❌ Ignoring switch to GOLDMINI_PINE for COMMODITY instance. Staying on GOLDMINI_PINE.[0m
2026-02-10 22:55:43,403 - INFO - ⚙️ Commodity scan list prepared: 7 symbols (tokens available for 7)
2026-02-10 22:55:43,403 - WARNING - Nifty data missing for regime assessment. Defaulting to HIGH_CONVICTION.
2026-02-10 22:55:52,280 - INFO - Indicators GOLDM: price 155550.00, vol 5.00, atr% 0.17, rc 0.55
2026-02-10 22:55:52,282 - INFO - Indicators GOLDMINI: price 155550.00, vol 5.00, atr% 0.17, rc 0.55
2026-02-10 22:55:52,284 - INFO - Indicators SILVER: price 254217.00, vol 5.00, atr% 0.51, rc 0.52
2026-02-10 22:55:52,285 - INFO - Indicators SILVERM: price 262400.00, vol 5.00, atr% 0.53, rc 0.63
2026-02-10 22:55:52,287 - INFO - Indicators SILVERMIC: price 262354.00, vol 5.00, atr% 0.66, rc 0.56
2026-02-10 22:55:52,289 - INFO - Indicators CRUDEOILM: price 5811.00, vol 5.00, atr% 0.17, rc 0.78
2026-02-10 22:55:52,290 - INFO - Indicators CRUDEOILMINI: price 5811.00, vol 5.00, atr% 0.17, rc 0.78
2026-02-10 22:56:28,126 - WARNING - [33m❌ Ignoring switch to GOLDMINI_PINE for COMMODITY instance. Staying on GOLDMINI_PINE.[0m
2026-02-10 22:56:28,126 - INFO - ⚙️ Commodity scan list prepared: 7 symbols (tokens available for 7)
2026-02-10 22:56:28,126 - WARNING - Nifty data missing for regime assessment. Defaulting to HIGH_CONVICTION.
2026-02-10 22:56:38,103 - INFO - Indicators GOLDM: price 155674.00, vol 5.00, atr% 0.17, rc 0.64
2026-02-10 22:56:38,105 - INFO - Indicators GOLDMINI: price 155674.00, vol 5.00, atr% 0.17, rc 0.64
2026-02-10 22:56:38,107 - INFO - Indicators SILVER: price 254816.00, vol 5.00, atr% 0.51, rc 0.62
2026-02-10 22:56:38,108 - INFO - Indicators SILVERM: price 262432.00, vol 5.00, atr% 0.53, rc 0.56
2026-02-10 22:56:38,110 - INFO - Indicators SILVERMIC: price 262458.00, vol 5.00, atr% 0.66, rc 0.53
2026-02-10 22:56:38,111 - INFO - Indicators CRUDEOILM: price 5815.00, vol 5.00, atr% 0.17, rc 0.89
2026-02-10 22:56:38,113 - INFO - Indicators CRUDEOILMINI: price 5815.00, vol 5.00, atr% 0.17, rc 0.89
2026-02-10 22:57:13,748 - WARNING - [33m❌ Ignoring switch to GOLDMINI_PINE for COMMODITY instance. Staying on GOLDMINI_PINE.[0m
2026-02-10 22:57:13,750 - INFO - ⚙️ Commodity scan list prepared: 7 symbols (tokens available for 7)
2026-02-10 22:57:13,750 - WARNING - Nifty data missing for regime assessment. Defaulting to HIGH_CONVICTION.
2026-02-10 22:57:23,317 - INFO - Indicators GOLDM: price 155663.00, vol 5.00, atr% 0.17, rc 0.70
2026-02-10 22:57:23,319 - INFO - Indicators GOLDMINI: price 155663.00, vol 5.00, atr% 0.17, rc 0.70
2026-02-10 22:57:23,327 - INFO - Indicators SILVER: price 254984.00, vol 5.00, atr% 0.51, rc 0.66
2026-02-10 22:57:23,329 - INFO - Indicators SILVERM: price 262500.00, vol 5.00, atr% 0.54, rc 0.63
2026-02-10 22:57:23,336 - INFO - Indicators SILVERMIC: price 262402.00, vol 5.00, atr% 0.66, rc 0.57
2026-02-10 22:57:23,338 - INFO - Indicators CRUDEOILM: price 5814.00, vol 5.00, atr% 0.16, rc 0.69
2026-02-10 22:57:23,339 - INFO - Indicators CRUDEOILMINI: price 5814.00, vol 5.00, atr% 0.16, rc 0.69
2026-02-10 22:57:58,892 - WARNING - [33m❌ Ignoring switch to GOLDMINI_PINE for COMMODITY instance. Staying on GOLDMINI_PINE.[0m
2026-02-10 22:57:58,893 - INFO - ⚙️ Commodity scan list prepared: 7 symbols (tokens available for 7)
2026-02-10 22:57:58,894 - WARNING - Nifty data missing for regime assessment. Defaulting to HIGH_CONVICTION.
2026-02-10 22:58:08,144 - INFO - Indicators GOLDM: price 155719.00, vol 5.00, atr% 0.19, rc 0.73
2026-02-10 22:58:08,148 - INFO - Indicators GOLDMINI: price 155719.00, vol 5.00, atr% 0.19, rc 0.73
2026-02-10 22:58:08,153 - INFO - Indicators SILVER: price 255136.00, vol 5.00, atr% 0.51, rc 0.70
2026-02-10 22:58:08,155 - INFO - Indicators SILVERM: price 262665.00, vol 5.00, atr% 0.54, rc 0.64
2026-02-10 22:58:08,156 - INFO - Indicators SILVERMIC: price 262650.00, vol 5.00, atr% 0.65, rc 0.63
2026-02-10 22:58:08,158 - INFO - Indicators CRUDEOILM: price 5816.00, vol 5.00, atr% 0.16, rc 0.75
2026-02-10 22:58:08,160 - INFO - Indicators CRUDEOILMINI: price 5816.00, vol 5.00, atr% 0.16, rc 0.75
2026-02-10 22:58:09,874 - INFO - Strategy Validation - Win Rate: 26.7%, Profit Factor: 2.15
2026-02-10 22:58:12,481 - INFO - ALERT SENT: SILVER NEW SIGNAL
2026-02-10 22:58:12,482 - INFO - [35mExecution Triggered for SILVER. Conf >= 7.8 and Position is Closed.[0m
2026-02-10 22:58:12,482 - ERROR - [31mFailed to execute commodity BULLISH strategy for SILVER[0m
2026-02-10 22:58:47,134 - WARNING - [33m❌ Ignoring switch to GOLDMINI_PINE for COMMODITY instance. Staying on GOLDMINI_PINE.[0m
2026-02-10 22:58:47,136 - INFO - ⚙️ Commodity scan list prepared: 7 symbols (tokens available for 7)
2026-02-10 22:58:47,136 - WARNING - Nifty data missing for regime assessment. Defaulting to HIGH_CONVICTION.
2026-02-10 22:58:57,246 - INFO - Indicators GOLDM: price 155700.00, vol 5.00, atr% 0.17, rc 0.69
2026-02-10 22:58:57,249 - INFO - Indicators GOLDMINI: price 155700.00, vol 5.00, atr% 0.17, rc 0.69
2026-02-10 22:58:57,253 - INFO - Indicators SILVER: price 255375.00, vol 5.00, atr% 0.50, rc 0.82
2026-02-10 22:58:57,256 - INFO - Indicators SILVERM: price 263012.00, vol 5.00, atr% 0.55, rc 0.75
2026-02-10 22:58:57,258 - INFO - Indicators SILVERMIC: price 262990.00, vol 5.00, atr% 0.66, rc 0.70
2026-02-10 22:58:57,260 - INFO - Indicators CRUDEOILM: price 5817.00, vol 5.00, atr% 0.16, rc 0.68
2026-02-10 22:58:57,262 - INFO - Indicators CRUDEOILMINI: price 5817.00, vol 5.00, atr% 0.16, rc 0.68
2026-02-10 22:58:58,684 - INFO - Strategy Validation - Win Rate: 26.7%, Profit Factor: 2.15
2026-02-10 22:59:00,886 - INFO - ALERT SENT: SILVER NEW SIGNAL
2026-02-10 22:59:00,886 - INFO - [35mExecution Triggered for SILVER. Conf >= 7.8 and Position is Closed.[0m
2026-02-10 22:59:00,886 - ERROR - [31mFailed to execute commodity BULLISH strategy for SILVER[0m
2026-02-10 22:59:01,600 - INFO - Strategy Validation - Win Rate: 26.7%, Profit Factor: 2.15
2026-02-10 22:59:03,480 - INFO - ALERT SENT: SILVERM NEW SIGNAL
2026-02-10 22:59:03,480 - INFO - [35mExecution Triggered for SILVERM. Conf >= 7.8 and Position is Closed.[0m
2026-02-10 22:59:03,480 - ERROR - [31mFailed to execute commodity BULLISH strategy for SILVERM[0m
2026-02-10 22:59:04,354 - INFO - Strategy Validation - Win Rate: 26.7%, Profit Factor: 2.15
2026-02-10 22:59:06,319 - INFO - ALERT SENT: SILVERMIC NEW SIGNAL
2026-02-10 22:59:06,320 - INFO - [35mExecution Triggered for SILVERMIC. Conf >= 7.8 and Position is Closed.[0m
2026-02-10 22:59:06,320 - ERROR - [31mFailed to execute commodity BULLISH strategy for SILVERMIC[0m
2026-02-10 22:59:41,315 - WARNING - [33m❌ Ignoring switch to GOLDMINI_PINE for COMMODITY instance. Staying on GOLDMINI_PINE.[0m
2026-02-10 22:59:41,317 - INFO - ⚙️ Commodity scan list prepared: 7 symbols (tokens available for 7)
2026-02-10 22:59:41,317 - WARNING - Nifty data missing for regime assessment. Defaulting to HIGH_CONVICTION.
2026-02-10 22:59:50,699 - INFO - Indicators GOLDM: price 155638.00, vol 5.00, atr% 0.17, rc 0.65
2026-02-10 22:59:50,701 - INFO - Indicators GOLDMINI: price 155638.00, vol 5.00, atr% 0.17, rc 0.65
2026-02-10 22:59:50,703 - INFO - Indicators SILVER: price 255000.00, vol 5.00, atr% 0.50, rc 0.74
2026-02-10 22:59:50,704 - INFO - Indicators SILVERM: price 262693.00, vol 5.00, atr% 0.52, rc 0.65
2026-02-10 22:59:50,706 - INFO - Indicators SILVERMIC: price 262754.00, vol 5.00, atr% 0.65, rc 0.60
2026-02-10 22:59:50,708 - INFO - Indicators CRUDEOILM: price 5815.00, vol 5.00, atr% 0.17, rc 0.64
2026-02-10 22:59:50,709 - INFO - Indicators CRUDEOILMINI: price 5815.00, vol 5.00, atr% 0.17, rc 0.64
2026-02-10 22:59:52,149 - INFO - Strategy Validation - Win Rate: 26.7%, Profit Factor: 2.15
2026-02-10 22:59:54,431 - INFO - ALERT SENT: SILVER NEW SIGNAL
2026-02-10 22:59:54,431 - INFO - [35mExecution Triggered for SILVER. Conf >= 7.8 and Position is Closed.[0m
2026-02-10 22:59:54,431 - ERROR - [31mFailed to execute commodity BULLISH strategy for SILVER[0m
2026-02-10 23:00:29,100 - WARNING - [33m❌ Ignoring switch to GOLDMINI_PINE for COMMODITY instance. Staying on GOLDMINI_PINE.[0m
2026-02-10 23:00:29,101 - INFO - ⚙️ Commodity scan list prepared: 7 symbols (tokens available for 7)
2026-02-10 23:00:29,101 - WARNING - Nifty data missing for regime assessment. Defaulting to HIGH_CONVICTION.
2026-02-10 23:00:37,807 - INFO - Indicators GOLDM: price 155656.00, vol 5.00, atr% 0.16, rc 0.62
2026-02-10 23:00:37,809 - INFO - Indicators GOLDMINI: price 155656.00, vol 5.00, atr% 0.16, rc 0.62
2026-02-10 23:00:37,811 - INFO - Indicators SILVER: price 254999.00, vol 5.00, atr% 0.49, rc 0.68
2026-02-10 23:00:37,815 - INFO - Indicators SILVERM: price 262904.00, vol 5.00, atr% 0.51, rc 0.65
2026-02-10 23:00:37,818 - INFO - Indicators SILVERMIC: price 262965.00, vol 5.00, atr% 0.63, rc 0.60
2026-02-10 23:00:37,820 - INFO - Indicators CRUDEOILM: price 5811.00, vol 5.00, atr% 0.16, rc 0.53
2026-02-10 23:00:37,824 - INFO - Indicators CRUDEOILMINI: price 5811.00, vol 5.00, atr% 0.16, rc 0.53
2026-02-10 23:00:39,205 - INFO - Strategy Validation - Win Rate: 26.7%, Profit Factor: 2.15
2026-02-10 23:00:41,457 - INFO - ALERT SENT: SILVER NEW SIGNAL
2026-02-10 23:00:41,457 - INFO - [35mExecution Triggered for SILVER. Conf >= 7.8 and Position is Closed.[0m
2026-02-10 23:00:41,457 - ERROR - [31mFailed to execute commodity BULLISH strategy for SILVER[0m
2026-02-10 23:01:16,628 - WARNING - [33m❌ Ignoring switch to GOLDMINI_PINE for COMMODITY instance. Staying on GOLDMINI_PINE.[0m
2026-02-10 23:01:16,629 - INFO - ⚙️ Commodity scan list prepared: 7 symbols (tokens available for 7)
2026-02-10 23:01:16,629 - WARNING - Nifty data missing for regime assessment. Defaulting to HIGH_CONVICTION.
2026-02-10 23:01:25,991 - INFO - Indicators GOLDM: price 155665.00, vol 5.00, atr% 0.16, rc 0.51
2026-02-10 23:01:25,996 - INFO - Indicators GOLDMINI: price 155665.00, vol 5.00, atr% 0.16, rc 0.51
2026-02-10 23:01:26,000 - INFO - Indicators SILVER: price 255100.00, vol 5.00, atr% 0.47, rc 0.57
2026-02-10 23:01:26,003 - INFO - Indicators SILVERM: price 262750.00, vol 5.00, atr% 0.51, rc 0.57
2026-02-10 23:01:26,006 - INFO - Indicators SILVERMIC: price 262711.00, vol 5.00, atr% 0.63, rc 0.53
2026-02-10 23:01:26,009 - INFO - Indicators CRUDEOILM: price 5813.00, vol 5.00, atr% 0.17, rc 0.52
2026-02-10 23:01:26,012 - INFO - Indicators CRUDEOILMINI: price 5813.00, vol 5.00, atr% 0.17, rc 0.52
2026-02-10 23:02:01,491 - WARNING - [33m❌ Ignoring switch to GOLDMINI_PINE for COMMODITY instance. Staying on GOLDMINI_PINE.[0m
2026-02-10 23:02:01,492 - INFO - ⚙️ Commodity scan list prepared: 7 symbols (tokens available for 7)
2026-02-10 23:02:01,492 - WARNING - Nifty data missing for regime assessment. Defaulting to HIGH_CONVICTION.
2026-02-10 23:02:11,356 - INFO - Indicators GOLDM: price 155601.00, vol 5.00, atr% 0.16, rc 0.55
2026-02-10 23:02:11,359 - INFO - Indicators GOLDMINI: price 155601.00, vol 5.00, atr% 0.16, rc 0.55
2026-02-10 23:02:11,361 - INFO - Indicators SILVER: price 255166.00, vol 5.00, atr% 0.46, rc 0.54
2026-02-10 23:02:11,362 - INFO - Indicators SILVERM: price 262697.00, vol 5.00, atr% 0.50, rc 0.53
2026-02-10 23:02:11,364 - INFO - Indicators SILVERMIC: price 262628.00, vol 5.00, atr% 0.62, rc 0.52
2026-02-10 23:02:11,366 - INFO - Indicators CRUDEOILM: price 5811.00, vol 5.00, atr% 0.16, rc 0.59
2026-02-10 23:02:11,367 - INFO - Indicators CRUDEOILMINI: price 5811.00, vol 5.00, atr% 0.16, rc 0.59
2026-02-10 23:02:47,132 - WARNING - [33m❌ Ignoring switch to GOLDMINI_PINE for COMMODITY instance. Staying on GOLDMINI_PINE.[0m
2026-02-10 23:02:47,133 - INFO - ⚙️ Commodity scan list prepared: 7 symbols (tokens available for 7)
2026-02-10 23:02:47,133 - WARNING - Nifty data missing for regime assessment. Defaulting to HIGH_CONVICTION.
2026-02-10 23:02:56,621 - INFO - Indicators GOLDM: price 155600.00, vol 5.00, atr% 0.17, rc 0.60
2026-02-10 23:02:56,626 - INFO - Indicators GOLDMINI: price 155600.00, vol 5.00, atr% 0.17, rc 0.60
2026-02-10 23:02:56,629 - INFO - Indicators SILVER: price 255007.00, vol 5.00, atr% 0.44, rc 0.53
2026-02-10 23:02:56,632 - INFO - Indicators SILVERM: price 262600.00, vol 5.00, atr% 0.49, rc 0.50
2026-02-10 23:02:56,634 - INFO - Indicators SILVERMIC: price 262672.00, vol 5.00, atr% 0.59, rc 0.50
2026-02-10 23:02:56,636 - INFO - Indicators CRUDEOILM: price 5813.00, vol 5.00, atr% 0.16, rc 0.59
2026-02-10 23:02:56,639 - INFO - Indicators CRUDEOILMINI: price 5813.00, vol 5.00, atr% 0.16, rc 0.59
2026-02-10 23:03:21,919 - WARNING - [33m❌ Ignoring switch to GOLDMINI_PINE for COMMODITY instance. Staying on GOLDMINI_PINE.[0m
2026-02-10 23:03:28,921 - WARNING - [33m❌ Ignoring switch to GOLDMINI_PINE for COMMODITY instance. Staying on GOLDMINI_PINE.[0m
2026-02-10 23:03:28,922 - INFO - ⚙️ Commodity scan list prepared: 7 symbols (tokens available for 7)
2026-02-10 23:03:28,922 - WARNING - Nifty data missing for regime assessment. Defaulting to HIGH_CONVICTION.
2026-02-10 23:03:38,337 - INFO - Indicators GOLDM: price 155576.00, vol 5.00, atr% 0.16, rc 0.66
2026-02-10 23:03:38,339 - INFO - Indicators GOLDMINI: price 155576.00, vol 5.00, atr% 0.16, rc 0.66
2026-02-10 23:03:38,341 - INFO - Indicators SILVER: price 255021.00, vol 5.00, atr% 0.47, rc 0.55
2026-02-10 23:03:38,343 - INFO - Indicators SILVERM: price 262417.00, vol 5.00, atr% 0.49, rc 0.60
2026-02-10 23:03:38,345 - INFO - Indicators SILVERMIC: price 262480.00, vol 5.00, atr% 0.61, rc 0.57
2026-02-10 23:03:38,348 - INFO - Indicators CRUDEOILM: price 5817.00, vol 5.00, atr% 0.17, rc 0.56
2026-02-10 23:03:38,350 - INFO - Indicators CRUDEOILMINI: price 5817.00, vol 5.00, atr% 0.17, rc 0.56
2026-02-10 23:03:45,322 - WARNING - [33m❌ Ignoring switch to GOLDMINI_PINE for COMMODITY instance. Staying on GOLDMINI_PINE.[0m
2026-02-10 23:03:45,322 - INFO - ⚙️ Commodity scan list prepared: 7 symbols (tokens available for 7)
2026-02-10 23:03:45,322 - WARNING - Nifty data missing for regime assessment. Defaulting to HIGH_CONVICTION.
2026-02-10 23:03:54,197 - INFO - Indicators GOLDM: price 155498.00, vol 5.00, atr% 0.16, rc 0.73
2026-02-10 23:03:54,205 - INFO - Indicators GOLDMINI: price 155498.00, vol 5.00, atr% 0.16, rc 0.73
2026-02-10 23:03:54,208 - INFO - Indicators SILVER: price 254800.00, vol 5.00, atr% 0.45, rc 0.64
2026-02-10 23:03:54,214 - INFO - Indicators SILVERM: price 262315.00, vol 5.00, atr% 0.49, rc 0.70
2026-02-10 23:03:54,218 - INFO - Indicators SILVERMIC: price 262409.00, vol 5.00, atr% 0.61, rc 0.65
2026-02-10 23:03:54,224 - INFO - Indicators CRUDEOILM: price 5816.00, vol 5.00, atr% 0.17, rc 0.49
2026-02-10 23:03:54,226 - INFO - Indicators CRUDEOILMINI: price 5816.00, vol 5.00, atr% 0.17, rc 0.49
2026-02-10 23:04:29,808 - WARNING - [33m❌ Ignoring switch to GOLDMINI_PINE for COMMODITY instance. Staying on GOLDMINI_PINE.[0m
2026-02-10 23:04:29,811 - INFO - ⚙️ Commodity scan list prepared: 7 symbols (tokens available for 7)
2026-02-10 23:04:29,811 - WARNING - Nifty data missing for regime assessment. Defaulting to HIGH_CONVICTION.
2026-02-10 23:04:38,628 - INFO - Indicators GOLDM: price 155534.00, vol 5.00, atr% 0.16, rc 0.73
2026-02-10 23:04:38,632 - INFO - Indicators GOLDMINI: price 155534.00, vol 5.00, atr% 0.16, rc 0.73
2026-02-10 23:04:38,634 - INFO - Indicators SILVER: price 254978.00, vol 5.00, atr% 0.46, rc 0.59
2026-02-10 23:04:38,638 - INFO - Indicators SILVERM: price 262348.00, vol 5.00, atr% 0.48, rc 0.67
2026-02-10 23:04:38,641 - INFO - Indicators SILVERMIC: price 262533.00, vol 5.00, atr% 0.62, rc 0.59
2026-02-10 23:04:38,645 - INFO - Indicators CRUDEOILM: price 5814.00, vol 5.00, atr% 0.17, rc 0.56
2026-02-10 23:04:38,649 - INFO - Indicators CRUDEOILMINI: price 5814.00, vol 5.00, atr% 0.17, rc 0.56
2026-02-10 23:05:14,199 - WARNING - [33m❌ Ignoring switch to GOLDMINI_PINE for COMMODITY instance. Staying on GOLDMINI_PINE.[0m
2026-02-10 23:05:14,201 - INFO - ⚙️ Commodity scan list prepared: 7 symbols (tokens available for 7)
2026-02-10 23:05:14,202 - WARNING - Nifty data missing for regime assessment. Defaulting to HIGH_CONVICTION.
2026-02-10 23:05:23,348 - INFO - Indicators GOLDM: price 155560.00, vol 5.00, atr% 0.16, rc 0.63
2026-02-10 23:05:23,351 - INFO - Indicators GOLDMINI: price 155560.00, vol 5.00, atr% 0.16, rc 0.63
2026-02-10 23:05:23,355 - INFO - Indicators SILVER: price 254964.00, vol 5.00, atr% 0.47, rc 0.50
2026-02-10 23:05:23,361 - INFO - Indicators SILVERM: price 262534.00, vol 5.00, atr% 0.48, rc 0.59
2026-02-10 23:05:23,364 - INFO - Indicators SILVERMIC: price 262770.00, vol 5.00, atr% 0.59, rc 0.52
2026-02-10 23:05:23,372 - INFO - Indicators CRUDEOILM: price 5818.00, vol 5.00, atr% 0.16, rc 0.53
2026-02-10 23:05:23,383 - INFO - Indicators CRUDEOILMINI: price 5818.00, vol 5.00, atr% 0.16, rc 0.53
2026-02-10 23:05:59,202 - WARNING - [33m❌ Ignoring switch to GOLDMINI_PINE for COMMODITY instance. Staying on GOLDMINI_PINE.[0m
2026-02-10 23:05:59,206 - INFO - ⚙️ Commodity scan list prepared: 7 symbols (tokens available for 7)
2026-02-10 23:05:59,207 - WARNING - Nifty data missing for regime assessment. Defaulting to HIGH_CONVICTION.
2026-02-10 23:06:08,690 - INFO - Indicators GOLDM: price 155520.00, vol 5.00, atr% 0.15, rc 0.70
2026-02-10 23:06:08,694 - INFO - Indicators GOLDMINI: price 155520.00, vol 5.00, atr% 0.15, rc 0.70
2026-02-10 23:06:08,697 - INFO - Indicators SILVER: price 254964.00, vol 5.00, atr% 0.46, rc 0.55
2026-02-10 23:06:08,699 - INFO - Indicators SILVERM: price 262296.00, vol 5.00, atr% 0.50, rc 0.61
2026-02-10 23:06:08,702 - INFO - Indicators SILVERMIC: price 262528.00, vol 5.00, atr% 0.62, rc 0.57
2026-02-10 23:06:08,707 - INFO - Indicators CRUDEOILM: price 5815.00, vol 5.00, atr% 0.17, rc 0.62
2026-02-10 23:06:08,709 - INFO - Indicators CRUDEOILMINI: price 5815.00, vol 5.00, atr% 0.17, rc 0.62
2026-02-10 23:06:44,239 - WARNING - [33m❌ Ignoring switch to GOLDMINI_PINE for COMMODITY instance. Staying on GOLDMINI_PINE.[0m
2026-02-10 23:06:44,244 - INFO - ⚙️ Commodity scan list prepared: 7 symbols (tokens available for 7)
2026-02-10 23:06:44,244 - WARNING - Nifty data missing for regime assessment. Defaulting to HIGH_CONVICTION.
2026-02-10 23:06:53,955 - INFO - Indicators GOLDM: price 155505.00, vol 5.00, atr% 0.15, rc 0.62
2026-02-10 23:06:53,961 - INFO - Indicators GOLDMINI: price 155505.00, vol 5.00, atr% 0.15, rc 0.62
2026-02-10 23:06:53,964 - INFO - Indicators SILVER: price 254900.00, vol 5.00, atr% 0.44, rc 0.52
2026-02-10 23:06:53,979 - INFO - Indicators SILVERM: price 262204.00, vol 5.00, atr% 0.47, rc 0.54
2026-02-10 23:06:54,006 - INFO - Indicators SILVERMIC: price 262324.00, vol 5.00, atr% 0.59, rc 0.50
2026-02-10 23:06:54,014 - INFO - Indicators CRUDEOILM: price 5814.00, vol 5.00, atr% 0.16, rc 0.56
2026-02-10 23:06:54,019 - INFO - Indicators CRUDEOILMINI: price 5814.00, vol 5.00, atr% 0.16, rc 0.56
2026-02-10 23:06:59,586 - WARNING - [33m❌ Ignoring switch to GOLDMINI_PINE for COMMODITY instance. Staying on GOLDMINI_PINE.[0m
2026-02-10 23:07:05,897 - INFO - 🛑 Automatic scheduler stopped.
2026-02-10 23:07:11,499 - WARNING - [33m❌ Ignoring switch to GOLDMINI_PINE for COMMODITY instance. Staying on GOLDMINI_PINE.[0m
2026-02-10 23:07:11,501 - INFO - ✅ Automatic utility schedule setup complete.
2026-02-10 23:07:11,501 - INFO - 📋 Scheduled daily audit summary at 15:20.
2026-02-10 23:07:11,501 - INFO - 🔄 Scheduled hourly broker reconciliation.
2026-02-10 23:07:11,501 - INFO - [32m🚀 Starting continuous scanner and utility threads.[0m
2026-02-10 23:07:11,502 - WARNING - [33m❌ Ignoring switch to GOLDMINI_PINE for COMMODITY instance. Staying on GOLDMINI_PINE.[0m
2026-02-10 23:07:11,502 - INFO - ⚙️ Commodity scan list prepared: 7 symbols (tokens available for 7)
2026-02-10 23:07:11,503 - WARNING - Nifty data missing for regime assessment. Defaulting to HIGH_CONVICTION.
2026-02-10 23:07:22,041 - INFO - Indicators GOLDM: price 155458.00, vol 5.00, atr% 0.15, rc 0.70
2026-02-10 23:07:22,049 - INFO - Indicators GOLDMINI: price 155458.00, vol 5.00, atr% 0.15, rc 0.70
2026-02-10 23:07:22,065 - INFO - Indicators SILVER: price 254900.00, vol 5.00, atr% 0.45, rc 0.57
2026-02-10 23:07:22,070 - INFO - Indicators SILVERM: price 262360.00, vol 5.00, atr% 0.48, rc 0.54
2026-02-10 23:07:22,086 - INFO - Indicators SILVERMIC: price 262302.00, vol 5.00, atr% 0.60, rc 0.57
2026-02-10 23:07:22,095 - INFO - Indicators CRUDEOILM: price 5816.00, vol 5.00, atr% 0.16, rc 0.66
2026-02-10 23:07:22,111 - INFO - Indicators CRUDEOILMINI: price 5816.00, vol 5.00, atr% 0.16, rc 0.66
2026-02-10 23:07:29,534 - WARNING - [33m❌ Ignoring switch to GOLDMINI_PINE for COMMODITY instance. Staying on GOLDMINI_PINE.[0m
2026-02-10 23:07:29,535 - INFO - ⚙️ Commodity scan list prepared: 7 symbols (tokens available for 7)
2026-02-10 23:07:29,535 - WARNING - Nifty data missing for regime assessment. Defaulting to HIGH_CONVICTION.
2026-02-10 23:07:39,389 - INFO - Indicators GOLDM: price 155477.00, vol 5.00, atr% 0.15, rc 0.65
2026-02-10 23:07:39,393 - INFO - Indicators GOLDMINI: price 155477.00, vol 5.00, atr% 0.15, rc 0.65
2026-02-10 23:07:39,397 - INFO - Indicators SILVER: price 254900.00, vol 5.00, atr% 0.45, rc 0.56
2026-02-10 23:07:39,400 - INFO - Indicators SILVERM: price 262281.00, vol 5.00, atr% 0.49, rc 0.55
2026-02-10 23:07:39,404 - INFO - Indicators SILVERMIC: price 262300.00, vol 5.00, atr% 0.60, rc 0.54
2026-02-10 23:07:39,412 - INFO - Indicators CRUDEOILM: price 5814.00, vol 5.00, atr% 0.16, rc 0.56
2026-02-10 23:07:39,420 - INFO - Indicators CRUDEOILMINI: price 5814.00, vol 5.00, atr% 0.16, rc 0.56
2026-02-10 23:07:57,582 - WARNING - [33m❌ Ignoring switch to GOLDMINI_PINE for COMMODITY instance. Staying on GOLDMINI_PINE.[0m
2026-02-10 23:07:57,583 - INFO - ⚙️ Commodity scan list prepared: 7 symbols (tokens available for 7)
2026-02-10 23:07:57,583 - WARNING - Nifty data missing for regime assessment. Defaulting to HIGH_CONVICTION.
2026-02-10 23:08:06,671 - INFO - Indicators GOLDM: price 155517.00, vol 5.00, atr% 0.16, rc 0.56
2026-02-10 23:08:06,674 - INFO - Indicators GOLDMINI: price 155517.00, vol 5.00, atr% 0.16, rc 0.56
2026-02-10 23:08:06,677 - INFO - Indicators SILVER: price 254900.00, vol 5.00, atr% 0.45, rc 0.51
2026-02-10 23:08:06,682 - INFO - Indicators SILVERM: price 262524.00, vol 5.00, atr% 0.49, rc 0.50
2026-02-10 23:08:06,688 - INFO - Indicators SILVERMIC: price 262600.00, vol 5.00, atr% 0.61, rc 0.50
2026-02-10 23:08:06,702 - INFO - Indicators CRUDEOILM: price 5815.00, vol 5.00, atr% 0.16, rc 0.53
2026-02-10 23:08:06,708 - INFO - Indicators CRUDEOILMINI: price 5815.00, vol 5.00, atr% 0.16, rc 0.53
2026-02-10 23:08:14,950 - WARNING - [33m❌ Ignoring switch to GOLDMINI_PINE for COMMODITY instance. Staying on GOLDMINI_PINE.[0m
2026-02-10 23:08:14,952 - INFO - ⚙️ Commodity scan list prepared: 7 symbols (tokens available for 7)
2026-02-10 23:08:14,952 - WARNING - Nifty data missing for regime assessment. Defaulting to HIGH_CONVICTION.
2026-02-10 23:08:23,940 - INFO - Indicators GOLDM: price 155517.00, vol 5.00, atr% 0.15, rc 0.58
2026-02-10 23:08:23,945 - INFO - Indicators GOLDMINI: price 155517.00, vol 5.00, atr% 0.15, rc 0.58
2026-02-10 23:08:23,951 - INFO - Indicators SILVER: price 254900.00, vol 5.00, atr% 0.45, rc 0.53
2026-02-10 23:08:23,959 - INFO - Indicators SILVERM: price 262640.00, vol 5.00, atr% 0.49, rc 0.52
2026-02-10 23:08:23,964 - INFO - Indicators SILVERMIC: price 262572.00, vol 5.00, atr% 0.60, rc 0.52
2026-02-10 23:08:23,971 - INFO - Indicators CRUDEOILM: price 5815.00, vol 5.00, atr% 0.16, rc 0.56
2026-02-10 23:08:23,974 - INFO - Indicators CRUDEOILMINI: price 5815.00, vol 5.00, atr% 0.16, rc 0.56
2026-02-10 23:08:42,629 - WARNING - [33m❌ Ignoring switch to GOLDMINI_PINE for COMMODITY instance. Staying on GOLDMINI_PINE.[0m
2026-02-10 23:08:42,630 - INFO - ⚙️ Commodity scan list prepared: 7 symbols (tokens available for 7)
2026-02-10 23:08:42,631 - WARNING - Nifty data missing for regime assessment. Defaulting to HIGH_CONVICTION.
2026-02-10 23:08:52,863 - INFO - Indicators GOLDM: price 155527.00, vol 5.00, atr% 0.15, rc 0.56
2026-02-10 23:08:52,867 - INFO - Indicators GOLDMINI: price 155527.00, vol 5.00, atr% 0.15, rc 0.56
2026-02-10 23:08:52,870 - INFO - Indicators SILVER: price 254900.00, vol 5.00, atr% 0.46, rc 0.52
2026-02-10 23:08:52,873 - INFO - Indicators SILVERM: price 262544.00, vol 5.00, atr% 0.51, rc 0.52
2026-02-10 23:08:52,876 - INFO - Indicators SILVERMIC: price 262341.00, vol 5.00, atr% 0.62, rc 0.51
2026-02-10 23:08:52,881 - INFO - Indicators CRUDEOILM: price 5812.00, vol 5.00, atr% 0.17, rc 0.62
2026-02-10 23:08:52,888 - INFO - Indicators CRUDEOILMINI: price 5812.00, vol 5.00, atr% 0.17, rc 0.62
2026-02-10 23:08:59,853 - WARNING - [33m❌ Ignoring switch to GOLDMINI_PINE for COMMODITY instance. Staying on GOLDMINI_PINE.[0m
2026-02-10 23:08:59,855 - INFO - ⚙️ Commodity scan list prepared: 7 symbols (tokens available for 7)
2026-02-10 23:08:59,855 - WARNING - Nifty data missing for regime assessment. Defaulting to HIGH_CONVICTION.
2026-02-10 23:09:09,864 - INFO - Indicators GOLDM: price 155480.00, vol 5.00, atr% 0.15, rc 0.53
2026-02-10 23:09:09,866 - INFO - Indicators GOLDMINI: price 155480.00, vol 5.00, atr% 0.15, rc 0.53
2026-02-10 23:09:09,868 - INFO - Indicators SILVER: price 254900.00, vol 5.00, atr% 0.45, rc 0.52
2026-02-10 23:09:09,870 - INFO - Indicators SILVERM: price 262544.00, vol 5.00, atr% 0.50, rc 0.53
2026-02-10 23:09:09,872 - INFO - Indicators SILVERMIC: price 262475.00, vol 5.00, atr% 0.61, rc 0.50
2026-02-10 23:09:09,873 - INFO - Indicators CRUDEOILM: price 5813.00, vol 5.00, atr% 0.17, rc 0.59
2026-02-10 23:09:09,875 - INFO - Indicators CRUDEOILMINI: price 5813.00, vol 5.00, atr% 0.17, rc 0.59
2026-02-10 23:09:28,740 - WARNING - [33m❌ Ignoring switch to GOLDMINI_PINE for COMMODITY instance. Staying on GOLDMINI_PINE.[0m
2026-02-10 23:09:28,742 - INFO - ⚙️ Commodity scan list prepared: 7 symbols (tokens available for 7)
2026-02-10 23:09:28,742 - WARNING - Nifty data missing for regime assessment. Defaulting to HIGH_CONVICTION.
2026-02-10 23:09:38,188 - INFO - Indicators GOLDM: price 155498.00, vol 5.00, atr% 0.15, rc 0.54
2026-02-10 23:09:38,192 - INFO - Indicators GOLDMINI: price 155498.00, vol 5.00, atr% 0.15, rc 0.54
2026-02-10 23:09:38,195 - INFO - Indicators SILVER: price 254841.00, vol 5.00, atr% 0.43, rc 0.53
2026-02-10 23:09:38,214 - INFO - Indicators SILVERM: price 262382.00, vol 5.00, atr% 0.47, rc 0.50
2026-02-10 23:09:38,227 - INFO - Indicators SILVERMIC: price 262507.00, vol 5.00, atr% 0.49, rc 0.50
2026-02-10 23:09:38,232 - INFO - Indicators CRUDEOILM: price 5809.00, vol 5.00, atr% 0.17, rc 0.65
2026-02-10 23:09:38,237 - INFO - Indicators CRUDEOILMINI: price 5809.00, vol 5.00, atr% 0.17, rc 0.65
2026-02-10 23:09:45,432 - WARNING - [33m❌ Ignoring switch to GOLDMINI_PINE for COMMODITY instance. Staying on GOLDMINI_PINE.[0m
2026-02-10 23:09:45,438 - INFO - ⚙️ Commodity scan list prepared: 7 symbols (tokens available for 7)
2026-02-10 23:09:45,452 - WARNING - Nifty data missing for regime assessment. Defaulting to HIGH_CONVICTION.
2026-02-10 23:09:55,860 - INFO - Indicators GOLDM: price 155484.00, vol 5.00, atr% 0.14, rc 0.59
2026-02-10 23:09:55,863 - INFO - Indicators GOLDMINI: price 155484.00, vol 5.00, atr% 0.14, rc 0.59
2026-02-10 23:09:55,865 - INFO - Indicators SILVER: price 255050.00, vol 5.00, atr% 0.42, rc 0.51
2026-02-10 23:09:55,869 - INFO - Indicators SILVERM: price 262376.00, vol 5.00, atr% 0.45, rc 0.53
2026-02-10 23:09:55,872 - INFO - Indicators SILVERMIC: price 262482.00, vol 5.00, atr% 0.48, rc 0.51
2026-02-10 23:09:55,875 - INFO - Indicators CRUDEOILM: price 5810.00, vol 5.00, atr% 0.17, rc 0.73
2026-02-10 23:09:55,877 - INFO - Indicators CRUDEOILMINI: price 5810.00, vol 5.00, atr% 0.17, rc 0.73
2026-02-10 23:10:14,027 - WARNING - [33m❌ Ignoring switch to GOLDMINI_PINE for COMMODITY instance. Staying on GOLDMINI_PINE.[0m
2026-02-10 23:10:14,028 - INFO - ⚙️ Commodity scan list prepared: 7 symbols (tokens available for 7)
2026-02-10 23:10:14,029 - WARNING - Nifty data missing for regime assessment. Defaulting to HIGH_CONVICTION.
2026-02-10 23:10:23,532 - INFO - Indicators GOLDM: price 155409.00, vol 5.00, atr% 0.14, rc 0.70
2026-02-10 23:10:23,535 - INFO - Indicators GOLDMINI: price 155409.00, vol 5.00, atr% 0.14, rc 0.70
2026-02-10 23:10:23,537 - INFO - Indicators SILVER: price 254663.00, vol 5.00, atr% 0.42, rc 0.58
2026-02-10 23:10:23,539 - INFO - Indicators SILVERM: price 262179.00, vol 5.00, atr% 0.45, rc 0.59
2026-02-10 23:10:23,541 - INFO - Indicators SILVERMIC: price 262176.00, vol 5.00, atr% 0.47, rc 0.64
2026-02-10 23:10:23,543 - INFO - Indicators CRUDEOILM: price 5812.00, vol 5.00, atr% 0.16, rc 0.69
2026-02-10 23:10:23,545 - INFO - Indicators CRUDEOILMINI: price 5812.00, vol 5.00, atr% 0.16, rc 0.69
2026-02-10 23:10:31,488 - WARNING - [33m❌ Ignoring switch to GOLDMINI_PINE for COMMODITY instance. Staying on GOLDMINI_PINE.[0m
2026-02-10 23:10:31,490 - INFO - ⚙️ Commodity scan list prepared: 7 symbols (tokens available for 7)
2026-02-10 23:10:31,490 - WARNING - Nifty data missing for regime assessment. Defaulting to HIGH_CONVICTION.
2026-02-10 23:10:40,929 - INFO - Indicators GOLDM: price 155452.00, vol 5.00, atr% 0.14, rc 0.63
2026-02-10 23:10:40,939 - INFO - Indicators GOLDMINI: price 155452.00, vol 5.00, atr% 0.14, rc 0.63
2026-02-10 23:10:40,943 - INFO - Indicators SILVER: price 254738.00, vol 5.00, atr% 0.43, rc 0.56
2026-02-10 23:10:40,946 - INFO - Indicators SILVERM: price 262180.00, vol 5.00, atr% 0.45, rc 0.62
2026-02-10 23:10:40,949 - INFO - Indicators SILVERMIC: price 262161.00, vol 5.00, atr% 0.48, rc 0.64
2026-02-10 23:10:40,952 - INFO - Indicators CRUDEOILM: price 5815.00, vol 5.00, atr% 0.16, rc 0.49
2026-02-10 23:10:40,955 - INFO - Indicators CRUDEOILMINI: price 5815.00, vol 5.00, atr% 0.16, rc 0.49
2026-02-10 23:10:59,135 - WARNING - [33m❌ Ignoring switch to GOLDMINI_PINE for COMMODITY instance. Staying on GOLDMINI_PINE.[0m
2026-02-10 23:10:59,137 - INFO - ⚙️ Commodity scan list prepared: 7 symbols (tokens available for 7)
2026-02-10 23:10:59,138 - WARNING - Nifty data missing for regime assessment. Defaulting to HIGH_CONVICTION.
2026-02-10 23:11:08,086 - INFO - Indicators GOLDM: price 155467.00, vol 5.00, atr% 0.14, rc 0.54
2026-02-10 23:11:08,094 - INFO - Indicators GOLDMINI: price 155467.00, vol 5.00, atr% 0.14, rc 0.54
2026-02-10 23:11:08,126 - INFO - Indicators SILVER: price 254543.00, vol 5.00, atr% 0.42, rc 0.61
2026-02-10 23:11:08,134 - INFO - Indicators SILVERM: price 261998.00, vol 5.00, atr% 0.46, rc 0.57
2026-02-10 23:11:08,136 - INFO - Indicators SILVERMIC: price 262066.00, vol 5.00, atr% 0.49, rc 0.60
2026-02-10 23:11:08,138 - INFO - Indicators CRUDEOILM: price 5816.00, vol 5.00, atr% 0.16, rc 0.53
2026-02-10 23:11:08,141 - INFO - Indicators CRUDEOILMINI: price 5816.00, vol 5.00, atr% 0.16, rc 0.53
2026-02-10 23:11:16,509 - WARNING - [33m❌ Ignoring switch to GOLDMINI_PINE for COMMODITY instance. Staying on GOLDMINI_PINE.[0m
2026-02-10 23:11:16,509 - INFO - ⚙️ Commodity scan list prepared: 7 symbols (tokens available for 7)
2026-02-10 23:11:16,510 - WARNING - Nifty data missing for regime assessment. Defaulting to HIGH_CONVICTION.
2026-02-10 23:11:26,286 - INFO - Indicators GOLDM: price 155475.00, vol 5.00, atr% 0.14, rc 0.52
2026-02-10 23:11:26,326 - INFO - Indicators GOLDMINI: price 155475.00, vol 5.00, atr% 0.14, rc 0.52
2026-02-10 23:11:26,328 - INFO - Indicators SILVER: price 254601.00, vol 5.00, atr% 0.41, rc 0.60
2026-02-10 23:11:26,331 - INFO - Indicators SILVERM: price 261982.00, vol 5.00, atr% 0.45, rc 0.63
2026-02-10 23:11:26,335 - INFO - Indicators SILVERMIC: price 262034.00, vol 5.00, atr% 0.47, rc 0.59
2026-02-10 23:11:26,336 - INFO - Indicators CRUDEOILM: price 5818.00, vol 5.00, atr% 0.16, rc 0.59
2026-02-10 23:11:26,338 - INFO - Indicators CRUDEOILMINI: price 5818.00, vol 5.00, atr% 0.16, rc 0.59
2026-02-10 23:11:43,649 - WARNING - [33m❌ Ignoring switch to GOLDMINI_PINE for COMMODITY instance. Staying on GOLDMINI_PINE.[0m
2026-02-10 23:11:43,651 - INFO - ⚙️ Commodity scan list prepared: 7 symbols (tokens available for 7)
2026-02-10 23:11:43,651 - WARNING - Nifty data missing for regime assessment. Defaulting to HIGH_CONVICTION.
2026-02-10 23:11:53,554 - INFO - Indicators GOLDM: price 155431.00, vol 5.00, atr% 0.14, rc 0.59
2026-02-10 23:11:53,556 - INFO - Indicators GOLDMINI: price 155431.00, vol 5.00, atr% 0.14, rc 0.59
2026-02-10 23:11:53,560 - INFO - Indicators SILVER: price 254601.00, vol 5.00, atr% 0.40, rc 0.58
2026-02-10 23:11:53,564 - INFO - Indicators SILVERM: price 262148.00, vol 5.00, atr% 0.43, rc 0.51
2026-02-10 23:11:53,583 - INFO - Indicators SILVERMIC: price 262112.00, vol 5.00, atr% 0.46, rc 0.53
2026-02-10 23:11:53,589 - INFO - Indicators CRUDEOILM: price 5821.00, vol 5.00, atr% 0.16, rc 0.72
2026-02-10 23:11:53,591 - INFO - Indicators CRUDEOILMINI: price 5821.00, vol 5.00, atr% 0.16, rc 0.72
2026-02-10 23:12:02,227 - WARNING - [33m❌ Ignoring switch to GOLDMINI_PINE for COMMODITY instance. Staying on GOLDMINI_PINE.[0m
2026-02-10 23:12:02,229 - INFO - ⚙️ Commodity scan list prepared: 7 symbols (tokens available for 7)
2026-02-10 23:12:02,229 - WARNING - Nifty data missing for regime assessment. Defaulting to HIGH_CONVICTION.
2026-02-10 23:12:12,210 - INFO - Indicators GOLDM: price 155437.00, vol 5.00, atr% 0.14, rc 0.52
2026-02-10 23:12:12,213 - INFO - Indicators GOLDMINI: price 155437.00, vol 5.00, atr% 0.14, rc 0.52
2026-02-10 23:12:12,215 - INFO - Indicators SILVER: price 254710.00, vol 5.00, atr% 0.41, rc 0.55
2026-02-10 23:12:12,217 - INFO - Indicators SILVERM: price 262101.00, vol 5.00, atr% 0.45, rc 0.52
2026-02-10 23:12:12,219 - INFO - Indicators SILVERMIC: price 262199.00, vol 5.00, atr% 0.47, rc 0.50
2026-02-10 23:12:12,222 - INFO - Indicators CRUDEOILM: price 5821.00, vol 5.00, atr% 0.15, rc 0.70
2026-02-10 23:12:12,224 - INFO - Indicators CRUDEOILMINI: price 5821.00, vol 5.00, atr% 0.15, rc 0.70
2026-02-10 23:12:29,195 - WARNING - [33m❌ Ignoring switch to GOLDMINI_PINE for COMMODITY instance. Staying on GOLDMINI_PINE.[0m
2026-02-10 23:12:29,199 - INFO - ⚙️ Commodity scan list prepared: 7 symbols (tokens available for 7)
2026-02-10 23:12:29,200 - WARNING - Nifty data missing for regime assessment. Defaulting to HIGH_CONVICTION.
2026-02-10 23:12:38,773 - INFO - Indicators GOLDM: price 155470.00, vol 5.00, atr% 0.14, rc 0.52
2026-02-10 23:12:38,779 - INFO - Indicators GOLDMINI: price 155470.00, vol 5.00, atr% 0.14, rc 0.52
2026-02-10 23:12:38,783 - INFO - Indicators SILVER: price 254710.00, vol 5.00, atr% 0.41, rc 0.55
2026-02-10 23:12:38,796 - INFO - Indicators SILVERM: price 262116.00, vol 5.00, atr% 0.45, rc 0.54
2026-02-10 23:12:38,804 - INFO - Indicators SILVERMIC: price 262077.00, vol 5.00, atr% 0.47, rc 0.55
2026-02-10 23:12:38,806 - INFO - Indicators CRUDEOILM: price 5820.00, vol 5.00, atr% 0.15, rc 0.70
2026-02-10 23:12:38,808 - INFO - Indicators CRUDEOILMINI: price 5820.00, vol 5.00, atr% 0.15, rc 0.70
2026-02-10 23:12:47,922 - WARNING - [33m❌ Ignoring switch to GOLDMINI_PINE for COMMODITY instance. Staying on GOLDMINI_PINE.[0m
2026-02-10 23:12:47,922 - INFO - ⚙️ Commodity scan list prepared: 7 symbols (tokens available for 7)
2026-02-10 23:12:47,922 - WARNING - Nifty data missing for regime assessment. Defaulting to HIGH_CONVICTION.
2026-02-10 23:12:57,753 - INFO - Indicators GOLDM: price 155440.00, vol 5.00, atr% 0.15, rc 0.59
2026-02-10 23:12:57,757 - INFO - Indicators GOLDMINI: price 155440.00, vol 5.00, atr% 0.15, rc 0.59
2026-02-10 23:12:57,760 - INFO - Indicators SILVER: price 254710.00, vol 5.00, atr% 0.40, rc 0.55
2026-02-10 23:12:57,765 - INFO - Indicators SILVERM: price 262160.00, vol 5.00, atr% 0.45, rc 0.59
2026-02-10 23:12:57,769 - INFO - Indicators SILVERMIC: price 262079.00, vol 5.00, atr% 0.47, rc 0.62
2026-02-10 23:12:57,772 - INFO - Indicators CRUDEOILM: price 5819.00, vol 5.00, atr% 0.15, rc 0.63
2026-02-10 23:12:57,776 - INFO - Indicators CRUDEOILMINI: price 5819.00, vol 5.00, atr% 0.15, rc 0.63
2026-02-10 23:13:14,379 - WARNING - [33m❌ Ignoring switch to GOLDMINI_PINE for COMMODITY instance. Staying on GOLDMINI_PINE.[0m
2026-02-10 23:13:14,379 - INFO - ⚙️ Commodity scan list prepared: 7 symbols (tokens available for 7)
2026-02-10 23:13:14,379 - WARNING - Nifty data missing for regime assessment. Defaulting to HIGH_CONVICTION.
2026-02-10 23:13:24,071 - INFO - Indicators GOLDM: price 155500.00, vol 5.00, atr% 0.14, rc 0.52
2026-02-10 23:13:24,074 - INFO - Indicators GOLDMINI: price 155500.00, vol 5.00, atr% 0.14, rc 0.52
2026-02-10 23:13:24,076 - INFO - Indicators SILVER: price 254774.00, vol 5.00, atr% 0.41, rc 0.53
2026-02-10 23:13:24,078 - INFO - Indicators SILVERM: price 262184.00, vol 5.00, atr% 0.45, rc 0.56
2026-02-10 23:13:24,080 - INFO - Indicators SILVERMIC: price 262011.00, vol 5.00, atr% 0.47, rc 0.63
2026-02-10 23:13:24,084 - INFO - Indicators CRUDEOILM: price 5826.00, vol 5.00, atr% 0.17, rc 0.84
2026-02-10 23:13:24,086 - INFO - Indicators CRUDEOILMINI: price 5826.00, vol 5.00, atr% 0.17, rc 0.84
2026-02-10 23:13:33,264 - WARNING - [33m❌ Ignoring switch to GOLDMINI_PINE for COMMODITY instance. Staying on GOLDMINI_PINE.[0m
2026-02-10 23:13:33,265 - INFO - ⚙️ Commodity scan list prepared: 7 symbols (tokens available for 7)
2026-02-10 23:13:33,265 - WARNING - Nifty data missing for regime assessment. Defaulting to HIGH_CONVICTION.
2026-02-10 23:13:43,231 - INFO - Indicators GOLDM: price 155534.00, vol 5.00, atr% 0.14, rc 0.50
2026-02-10 23:13:43,236 - INFO - Indicators GOLDMINI: price 155534.00, vol 5.00, atr% 0.14, rc 0.50
2026-02-10 23:13:43,238 - INFO - Indicators SILVER: price 255073.00, vol 5.00, atr% 0.43, rc 0.54
2026-02-10 23:13:43,241 - INFO - Indicators SILVERM: price 262436.00, vol 5.00, atr% 0.46, rc 0.50
2026-02-10 23:13:43,243 - INFO - Indicators SILVERMIC: price 262377.00, vol 5.00, atr% 0.48, rc 0.51
2026-02-10 23:13:43,246 - INFO - Indicators CRUDEOILM: price 5825.00, vol 5.00, atr% 0.17, rc 0.89
2026-02-10 23:13:43,249 - INFO - Indicators CRUDEOILMINI: price 5825.00, vol 5.00, atr% 0.17, rc 0.89
2026-02-10 23:13:45,856 - WARNING - [33m❌ Ignoring switch to GOLDMINI_PINE for COMMODITY instance. Staying on GOLDMINI_PINE.[0m
2026-02-10 23:13:45,856 - INFO - ⚙️ Commodity scan list prepared: 7 symbols (tokens available for 7)
2026-02-10 23:13:45,856 - WARNING - Nifty data missing for regime assessment. Defaulting to HIGH_CONVICTION.
2026-02-10 23:13:49,823 - WARNING - [33m❌ Ignoring switch to GOLDMINI_PINE for COMMODITY instance. Staying on GOLDMINI_PINE.[0m
2026-02-10 23:13:49,825 - INFO - ⚙️ Commodity scan list prepared: 7 symbols (tokens available for 7)
2026-02-10 23:13:49,827 - WARNING - Nifty data missing for regime assessment. Defaulting to HIGH_CONVICTION.
2026-02-10 23:13:54,692 - INFO - Indicators GOLDM: price 155511.00, vol 5.00, atr% 0.14, rc 0.54
2026-02-10 23:13:54,694 - INFO - Indicators GOLDMINI: price 155511.00, vol 5.00, atr% 0.14, rc 0.54
2026-02-10 23:13:54,697 - INFO - Indicators SILVER: price 255073.00, vol 5.00, atr% 0.41, rc 0.54
2026-02-10 23:13:54,699 - INFO - Indicators SILVERM: price 262448.00, vol 5.00, atr% 0.47, rc 0.52
2026-02-10 23:13:54,701 - INFO - Indicators SILVERMIC: price 262471.00, vol 5.00, atr% 0.49, rc 0.50
2026-02-10 23:13:54,704 - INFO - Indicators CRUDEOILM: price 5824.00, vol 5.00, atr% 0.17, rc 0.86
2026-02-10 23:13:54,707 - INFO - Indicators CRUDEOILMINI: price 5824.00, vol 5.00, atr% 0.17, rc 0.86
2026-02-10 23:13:58,830 - INFO - Indicators GOLDM: price 155511.00, vol 5.00, atr% 0.14, rc 0.55
2026-02-10 23:13:58,834 - INFO - Indicators GOLDMINI: price 155511.00, vol 5.00, atr% 0.14, rc 0.55
2026-02-10 23:13:58,837 - INFO - Indicators SILVER: price 255073.00, vol 5.00, atr% 0.41, rc 0.54
2026-02-10 23:13:58,840 - INFO - Indicators SILVERM: price 262640.00, vol 5.00, atr% 0.47, rc 0.52
2026-02-10 23:13:58,843 - INFO - Indicators SILVERMIC: price 262501.00, vol 5.00, atr% 0.48, rc 0.53
2026-02-10 23:13:58,846 - INFO - Indicators CRUDEOILM: price 5825.00, vol 5.00, atr% 0.17, rc 0.89
2026-02-10 23:13:58,849 - INFO - Indicators CRUDEOILMINI: price 5825.00, vol 5.00, atr% 0.17, rc 0.89
2026-02-10 23:14:30,335 - WARNING - [33m❌ Ignoring switch to GOLDMINI_PINE for COMMODITY instance. Staying on GOLDMINI_PINE.[0m
2026-02-10 23:14:30,337 - INFO - ⚙️ Commodity scan list prepared: 7 symbols (tokens available for 7)
2026-02-10 23:14:30,337 - WARNING - Nifty data missing for regime assessment. Defaulting to HIGH_CONVICTION.
2026-02-10 23:14:34,495 - WARNING - [33m❌ Ignoring switch to GOLDMINI_PINE for COMMODITY instance. Staying on GOLDMINI_PINE.[0m
2026-02-10 23:14:34,495 - INFO - ⚙️ Commodity scan list prepared: 7 symbols (tokens available for 7)
2026-02-10 23:14:34,496 - WARNING - Nifty data missing for regime assessment. Defaulting to HIGH_CONVICTION.
2026-02-10 23:14:40,203 - INFO - Indicators GOLDM: price 155577.00, vol 5.00, atr% 0.14, rc 0.60
2026-02-10 23:14:40,209 - INFO - Indicators GOLDMINI: price 155577.00, vol 5.00, atr% 0.14, rc 0.60
2026-02-10 23:14:40,214 - INFO - Indicators SILVER: price 255447.00, vol 5.00, atr% 0.42, rc 0.61
2026-02-10 23:14:40,217 - INFO - Indicators SILVERM: price 262851.00, vol 5.00, atr% 0.45, rc 0.62
2026-02-10 23:14:40,220 - INFO - Indicators SILVERMIC: price 262850.00, vol 5.00, atr% 0.47, rc 0.57
2026-02-10 23:14:40,235 - INFO - Indicators CRUDEOILM: price 5824.00, vol 5.00, atr% 0.17, rc 0.95
2026-02-10 23:14:40,238 - INFO - Indicators CRUDEOILMINI: price 5824.00, vol 5.00, atr% 0.17, rc 0.95
2026-02-10 23:14:44,072 - INFO - Indicators GOLDM: price 155562.00, vol 5.00, atr% 0.13, rc 0.58
2026-02-10 23:14:44,073 - INFO - Indicators GOLDMINI: price 155562.00, vol 5.00, atr% 0.13, rc 0.58
2026-02-10 23:14:44,075 - INFO - Indicators SILVER: price 255431.00, vol 5.00, atr% 0.42, rc 0.60
2026-02-10 23:14:44,076 - INFO - Indicators SILVERM: price 262930.00, vol 5.00, atr% 0.44, rc 0.64
2026-02-10 23:14:44,078 - INFO - Indicators SILVERMIC: price 262888.00, vol 5.00, atr% 0.47, rc 0.60
2026-02-10 23:14:44,080 - INFO - Indicators CRUDEOILM: price 5824.00, vol 5.00, atr% 0.18, rc 0.94
2026-02-10 23:14:44,082 - INFO - Indicators CRUDEOILMINI: price 5824.00, vol 5.00, atr% 0.18, rc 0.94
2026-02-10 23:15:15,812 - WARNING - [33m❌ Ignoring switch to GOLDMINI_PINE for COMMODITY instance. Staying on GOLDMINI_PINE.[0m
2026-02-10 23:15:15,813 - INFO - ⚙️ Commodity scan list prepared: 7 symbols (tokens available for 7)
2026-02-10 23:15:15,813 - WARNING - Nifty data missing for regime assessment. Defaulting to HIGH_CONVICTION.
2026-02-10 23:15:20,288 - WARNING - [33m❌ Ignoring switch to GOLDMINI_PINE for COMMODITY instance. Staying on GOLDMINI_PINE.[0m
2026-02-10 23:15:20,288 - INFO - ⚙️ Commodity scan list prepared: 7 symbols (tokens available for 7)
2026-02-10 23:15:20,289 - WARNING - Nifty data missing for regime assessment. Defaulting to HIGH_CONVICTION.
2026-02-10 23:15:25,476 - INFO - Indicators GOLDM: price 155639.00, vol 5.00, atr% 0.14, rc 0.76
2026-02-10 23:15:25,482 - INFO - Indicators GOLDMINI: price 155639.00, vol 5.00, atr% 0.14, rc 0.76
2026-02-10 23:15:25,486 - INFO - Indicators SILVER: price 255473.00, vol 5.00, atr% 0.41, rc 0.71
2026-02-10 23:15:25,490 - INFO - Indicators SILVERM: price 262969.00, vol 5.00, atr% 0.43, rc 0.70
2026-02-10 23:15:25,495 - INFO - Indicators SILVERMIC: price 262851.00, vol 5.00, atr% 0.45, rc 0.66
2026-02-10 23:15:25,498 - INFO - Indicators CRUDEOILM: price 5820.00, vol 5.00, atr% 0.17, rc 0.74
2026-02-10 23:15:25,501 - INFO - Indicators CRUDEOILMINI: price 5820.00, vol 5.00, atr% 0.17, rc 0.74
2026-02-10 23:15:26,901 - INFO - Strategy Validation - Win Rate: 26.7%, Profit Factor: 2.15
2026-02-10 23:15:29,391 - INFO - ALERT SENT: SILVERM NEW SIGNAL
2026-02-10 23:15:29,391 - INFO - [35mExecution Triggered for SILVERM. Conf >= 7.8 and Position is Closed.[0m
2026-02-10 23:15:29,392 - ERROR - [31mFailed to execute commodity BULLISH strategy for SILVERM[0m
2026-02-10 23:15:30,101 - INFO - Indicators GOLDM: price 155639.00, vol 5.00, atr% 0.14, rc 0.76
2026-02-10 23:15:30,142 - INFO - Indicators GOLDMINI: price 155639.00, vol 5.00, atr% 0.14, rc 0.76
2026-02-10 23:15:30,158 - INFO - Indicators SILVER: price 255473.00, vol 5.00, atr% 0.42, rc 0.70
2026-02-10 23:15:30,168 - INFO - Indicators SILVERM: price 262884.00, vol 5.00, atr% 0.43, rc 0.72
2026-02-10 23:15:30,176 - INFO - Indicators SILVERMIC: price 262812.00, vol 5.00, atr% 0.46, rc 0.67
2026-02-10 23:15:30,182 - INFO - Indicators CRUDEOILM: price 5820.00, vol 5.00, atr% 0.17, rc 0.71
2026-02-10 23:15:30,187 - INFO - Indicators CRUDEOILMINI: price 5820.00, vol 5.00, atr% 0.17, rc 0.71
2026-02-10 23:15:31,511 - INFO - Strategy Validation - Win Rate: 26.7%, Profit Factor: 2.15
2026-02-10 23:15:33,362 - INFO - ALERT SENT: SILVERM NEW SIGNAL
2026-02-10 23:15:33,362 - INFO - [35mExecution Triggered for SILVERM. Conf >= 7.8 and Position is Closed.[0m
2026-02-10 23:15:33,362 - ERROR - [31mFailed to execute commodity BULLISH strategy for SILVERM[0m
2026-02-10 23:16:05,018 - WARNING - [33m❌ Ignoring switch to GOLDMINI_PINE for COMMODITY instance. Staying on GOLDMINI_PINE.[0m
2026-02-10 23:16:05,019 - INFO - ⚙️ Commodity scan list prepared: 7 symbols (tokens available for 7)
2026-02-10 23:16:05,019 - WARNING - Nifty data missing for regime assessment. Defaulting to HIGH_CONVICTION.
2026-02-10 23:16:08,574 - WARNING - [33m❌ Ignoring switch to GOLDMINI_PINE for COMMODITY instance. Staying on GOLDMINI_PINE.[0m
2026-02-10 23:16:08,574 - INFO - ⚙️ Commodity scan list prepared: 7 symbols (tokens available for 7)
2026-02-10 23:16:08,574 - WARNING - Nifty data missing for regime assessment. Defaulting to HIGH_CONVICTION.
2026-02-10 23:16:14,438 - INFO - Indicators GOLDM: price 155525.00, vol 5.00, atr% 0.14, rc 0.63
2026-02-10 23:16:14,443 - INFO - Indicators GOLDMINI: price 155525.00, vol 5.00, atr% 0.14, rc 0.63
2026-02-10 23:16:14,447 - INFO - Indicators SILVER: price 255024.00, vol 5.00, atr% 0.41, rc 0.63
2026-02-10 23:16:14,451 - INFO - Indicators SILVERM: price 262462.00, vol 5.00, atr% 0.45, rc 0.63
2026-02-10 23:16:14,455 - INFO - Indicators SILVERMIC: price 262516.00, vol 5.00, atr% 0.48, rc 0.64
2026-02-10 23:16:14,460 - INFO - Indicators CRUDEOILM: price 5817.00, vol 5.00, atr% 0.16, rc 0.53
2026-02-10 23:16:14,464 - INFO - Indicators CRUDEOILMINI: price 5817.00, vol 5.00, atr% 0.16, rc 0.53
2026-02-10 23:16:18,475 - INFO - Indicators GOLDM: price 155525.00, vol 5.00, atr% 0.14, rc 0.63
2026-02-10 23:16:18,476 - INFO - Indicators GOLDMINI: price 155525.00, vol 5.00, atr% 0.14, rc 0.63
2026-02-10 23:16:18,478 - INFO - Indicators SILVER: price 255024.00, vol 5.00, atr% 0.41, rc 0.62
2026-02-10 23:16:18,479 - INFO - Indicators SILVERM: price 262462.00, vol 5.00, atr% 0.44, rc 0.56
2026-02-10 23:16:18,481 - INFO - Indicators SILVERMIC: price 262504.00, vol 5.00, atr% 0.47, rc 0.59
2026-02-10 23:16:18,483 - INFO - Indicators CRUDEOILM: price 5817.00, vol 5.00, atr% 0.17, rc 0.53
2026-02-10 23:16:18,485 - INFO - Indicators CRUDEOILMINI: price 5817.00, vol 5.00, atr% 0.17, rc 0.53
2026-02-10 23:16:27,437 - INFO - 
Ctrl+C detected. Shutting down system.
2026-02-10 23:16:27,439 - INFO - 🛑 Automatic scheduler stopped.
2026-02-10 23:16:33,173 - INFO - ╔══════════════════════════════════════════════════════════╗
2026-02-10 23:16:33,173 - INFO - ║   ULTIMATE F&O OPTIONS TRADER - LIVE READY VERSION       ║
2026-02-10 23:16:33,173 - INFO - ╚══════════════════════════════════════════════════════════╝
2026-02-10 23:16:33,207 - INFO - Kite access token loaded from file.
2026-02-10 23:16:34,113 - INFO - Kite session verified for user: Anju Kumari
2026-02-10 23:16:36,511 - INFO - Dynamically fetched 212 F&O symbols.
2026-02-10 23:16:38,599 - INFO - Dynamically fetched 29 commodity symbols from MCX.
2026-02-10 23:16:38,613 - INFO - Lot sizes verified and cached from Kite.
2026-02-10 23:16:40,193 - INFO - NFO cache refreshed: 46778 instruments
2026-02-10 23:16:41,567 - INFO - MCX cache refreshed: 37947 instruments
2026-02-10 23:16:41,568 - INFO - Fetching all NSE equity instruments for token mapping...
2026-02-10 23:16:42,076 - INFO - NSE instrument map loaded: 16429 mappings
2026-02-10 23:16:42,084 - INFO - 📊 Trader Initialized. F&O Stocks: 212
2026-02-10 23:16:42,084 - INFO - 💰 Mode: PAPER. Capital: ₹250,000
2026-02-10 23:16:42,084 - INFO - 🎯 Strategy: GOLDMINI_PINE (Conf=7.8, R:R=1.7, Lots=2x)
2026-02-10 23:16:44,074 - INFO - Dynamic Telegram Chat ID detected: 8431274192
2026-02-10 23:16:44,077 - INFO - 🤖 Telegram alerts ENABLED. Chat ID: 8431274192
2026-02-10 23:16:46,755 - WARNING - [33m❌ Ignoring switch to GOLDMINI_PINE for COMMODITY instance. Staying on GOLDMINI_PINE.[0m
2026-02-10 23:16:46,755 - INFO - [36m--- MANUAL START: Strategy forced to GOLDMINI_PINE ---[0m
2026-02-10 23:16:46,756 - INFO - [32mEmitting initial dashboard data on startup...[0m
2026-02-10 23:16:49,674 - INFO - ✅ Automatic utility schedule setup complete.
2026-02-10 23:16:49,674 - INFO - 📋 Scheduled daily audit summary at 15:20.
2026-02-10 23:16:49,674 - INFO - 🔄 Scheduled hourly broker reconciliation.
2026-02-10 23:16:49,674 - INFO - [32m🚀 Starting continuous scanner and utility threads.[0m
2026-02-10 23:16:49,674 - WARNING - [33m❌ Ignoring switch to GOLDMINI_PINE for COMMODITY instance. Staying on GOLDMINI_PINE.[0m
2026-02-10 23:16:49,674 - INFO - ⚙️ Commodity scan list prepared: 7 symbols (tokens available for 7)
2026-02-10 23:16:49,674 - WARNING - Nifty data missing for regime assessment. Defaulting to HIGH_CONVICTION.
2026-02-10 23:16:51,565 - INFO - 🌐 Starting Dashboard at http://0.0.0.0:5024/
2026-02-10 23:16:51,566 - INFO - [32mSystem running continuously. Access dashboard at http://0.0.0.0:5024/. Press Ctrl+C to stop.[0m
2026-02-10 23:16:59,665 - INFO - Indicators GOLDM: price 155511.00, vol 5.00, atr% 0.14, rc 0.60
2026-02-10 23:16:59,668 - INFO - Indicators GOLDMINI: price 155511.00, vol 5.00, atr% 0.14, rc 0.60
2026-02-10 23:16:59,670 - INFO - Indicators SILVER: price 255328.00, vol 5.00, atr% 0.39, rc 0.68
2026-02-10 23:16:59,673 - INFO - Indicators SILVERM: price 262640.00, vol 5.00, atr% 0.42, rc 0.60
2026-02-10 23:16:59,678 - INFO - Indicators SILVERMIC: price 262630.00, vol 5.00, atr% 0.45, rc 0.61
2026-02-10 23:16:59,690 - INFO - Indicators CRUDEOILM: price 5819.00, vol 5.00, atr% 0.16, rc 0.56
2026-02-10 23:16:59,693 - INFO - Indicators CRUDEOILMINI: price 5819.00, vol 5.00, atr% 0.16, rc 0.56
2026-02-10 23:17:06,278 - WARNING - [33m❌ Ignoring switch to GOLDMINI_PINE for COMMODITY instance. Staying on GOLDMINI_PINE.[0m
2026-02-10 23:17:06,282 - INFO - ⚙️ Commodity scan list prepared: 7 symbols (tokens available for 7)
2026-02-10 23:17:06,283 - WARNING - Nifty data missing for regime assessment. Defaulting to HIGH_CONVICTION.
2026-02-10 23:17:15,914 - INFO - Indicators GOLDM: price 155510.00, vol 5.00, atr% 0.14, rc 0.60
2026-02-10 23:17:15,917 - INFO - Indicators GOLDMINI: price 155510.00, vol 5.00, atr% 0.14, rc 0.60
2026-02-10 23:17:15,918 - INFO - Indicators SILVER: price 255328.00, vol 5.00, atr% 0.40, rc 0.68
2026-02-10 23:17:15,920 - INFO - Indicators SILVERM: price 262658.00, vol 5.00, atr% 0.44, rc 0.64
2026-02-10 23:17:15,922 - INFO - Indicators SILVERMIC: price 262677.00, vol 5.00, atr% 0.47, rc 0.65
2026-02-10 23:17:15,925 - INFO - Indicators CRUDEOILM: price 5822.00, vol 5.00, atr% 0.15, rc 0.60
2026-02-10 23:17:15,927 - INFO - Indicators CRUDEOILMINI: price 5822.00, vol 5.00, atr% 0.15, rc 0.60
2026-02-10 23:17:51,549 - WARNING - [33m❌ Ignoring switch to GOLDMINI_PINE for COMMODITY instance. Staying on GOLDMINI_PINE.[0m
2026-02-10 23:17:51,552 - INFO - ⚙️ Commodity scan list prepared: 7 symbols (tokens available for 7)
2026-02-10 23:17:51,553 - WARNING - Nifty data missing for regime assessment. Defaulting to HIGH_CONVICTION.
2026-02-10 23:18:00,543 - INFO - Indicators GOLDM: price 155480.00, vol 5.00, atr% 0.14, rc 0.51
2026-02-10 23:18:00,547 - INFO - Indicators GOLDMINI: price 155480.00, vol 5.00, atr% 0.14, rc 0.51
2026-02-10 23:18:00,551 - INFO - Indicators SILVER: price 255317.00, vol 5.00, atr% 0.40, rc 0.67
2026-02-10 23:18:00,554 - INFO - Indicators SILVERM: price 262872.00, vol 5.00, atr% 0.44, rc 0.68
2026-02-10 23:18:00,557 - INFO - Indicators SILVERMIC: price 262803.00, vol 5.00, atr% 0.47, rc 0.68
2026-02-10 23:18:00,559 - INFO - Indicators CRUDEOILM: price 5818.00, vol 5.00, atr% 0.16, rc 0.53
2026-02-10 23:18:00,561 - INFO - Indicators CRUDEOILMINI: price 5818.00, vol 5.00, atr% 0.16, rc 0.53
2026-02-10 23:18:36,124 - WARNING - [33m❌ Ignoring switch to GOLDMINI_PINE for COMMODITY instance. Staying on GOLDMINI_PINE.[0m
2026-02-10 23:18:36,125 - INFO - ⚙️ Commodity scan list prepared: 7 symbols (tokens available for 7)
2026-02-10 23:18:36,125 - WARNING - Nifty data missing for regime assessment. Defaulting to HIGH_CONVICTION.
2026-02-10 23:18:45,481 - INFO - Indicators GOLDM: price 155449.00, vol 5.00, atr% 0.13, rc 0.62
2026-02-10 23:18:45,491 - INFO - Indicators GOLDMINI: price 155449.00, vol 5.00, atr% 0.13, rc 0.62
2026-02-10 23:18:45,493 - INFO - Indicators SILVER: price 255110.00, vol 5.00, atr% 0.39, rc 0.51
2026-02-10 23:18:45,495 - INFO - Indicators SILVERM: price 262432.00, vol 5.00, atr% 0.43, rc 0.50
2026-02-10 23:18:45,496 - INFO - Indicators SILVERMIC: price 262425.00, vol 5.00, atr% 0.46, rc 0.51
2026-02-10 23:18:45,498 - INFO - Indicators CRUDEOILM: price 5817.00, vol 5.00, atr% 0.17, rc 0.74
2026-02-10 23:18:45,499 - INFO - Indicators CRUDEOILMINI: price 5817.00, vol 5.00, atr% 0.17, rc 0.74
2026-02-10 23:19:21,043 - WARNING - [33m❌ Ignoring switch to GOLDMINI_PINE for COMMODITY instance. Staying on GOLDMINI_PINE.[0m
2026-02-10 23:19:21,044 - INFO - ⚙️ Commodity scan list prepared: 7 symbols (tokens available for 7)
2026-02-10 23:19:21,044 - WARNING - Nifty data missing for regime assessment. Defaulting to HIGH_CONVICTION.
2026-02-10 23:19:29,895 - INFO - Indicators GOLDM: price 155428.00, vol 5.00, atr% 0.13, rc 0.71
2026-02-10 23:19:29,899 - INFO - Indicators GOLDMINI: price 155428.00, vol 5.00, atr% 0.13, rc 0.71
2026-02-10 23:19:29,903 - INFO - Indicators SILVER: price 255110.00, vol 5.00, atr% 0.40, rc 0.59
2026-02-10 23:19:29,906 - INFO - Indicators SILVERM: price 262406.00, vol 5.00, atr% 0.43, rc 0.64
2026-02-10 23:19:29,908 - INFO - Indicators SILVERMIC: price 262438.00, vol 5.00, atr% 0.46, rc 0.64
2026-02-10 23:19:29,911 - INFO - Indicators CRUDEOILM: price 5818.00, vol 5.00, atr% 0.17, rc 0.67
2026-02-10 23:19:29,913 - INFO - Indicators CRUDEOILMINI: price 5818.00, vol 5.00, atr% 0.17, rc 0.67
2026-02-10 23:20:06,350 - WARNING - [33m❌ Ignoring switch to GOLDMINI_PINE for COMMODITY instance. Staying on GOLDMINI_PINE.[0m
2026-02-10 23:20:06,351 - INFO - ⚙️ Commodity scan list prepared: 7 symbols (tokens available for 7)
2026-02-10 23:20:06,351 - WARNING - Nifty data missing for regime assessment. Defaulting to HIGH_CONVICTION.
2026-02-10 23:20:16,206 - INFO - Indicators GOLDM: price 155364.00, vol 5.00, atr% 0.13, rc 0.80
2026-02-10 23:20:16,210 - INFO - Indicators GOLDMINI: price 155364.00, vol 5.00, atr% 0.13, rc 0.80
2026-02-10 23:20:16,224 - INFO - Indicators SILVER: price 255110.00, vol 5.00, atr% 0.38, rc 0.63
2026-02-10 23:20:16,226 - INFO - Indicators SILVERM: price 262381.00, vol 5.00, atr% 0.40, rc 0.67
2026-02-10 23:20:16,229 - INFO - Indicators SILVERMIC: price 262386.00, vol 5.00, atr% 0.43, rc 0.62
2026-02-10 23:20:16,231 - INFO - Indicators CRUDEOILM: price 5818.00, vol 5.00, atr% 0.17, rc 0.61
2026-02-10 23:20:16,232 - INFO - Indicators CRUDEOILMINI: price 5818.00, vol 5.00, atr% 0.17, rc 0.61
2026-02-10 23:20:52,650 - WARNING - [33m❌ Ignoring switch to GOLDMINI_PINE for COMMODITY instance. Staying on GOLDMINI_PINE.[0m
2026-02-10 23:20:52,651 - INFO - ⚙️ Commodity scan list prepared: 7 symbols (tokens available for 7)
2026-02-10 23:20:52,652 - WARNING - Nifty data missing for regime assessment. Defaulting to HIGH_CONVICTION.
2026-02-10 23:21:07,273 - INFO - Indicators GOLDM: price 155382.00, vol 5.00, atr% 0.13, rc 0.71
2026-02-10 23:21:07,335 - INFO - Indicators GOLDMINI: price 155382.00, vol 5.00, atr% 0.13, rc 0.71
2026-02-10 23:21:07,395 - INFO - Indicators SILVER: price 255001.00, vol 5.00, atr% 0.41, rc 0.54
2026-02-10 23:21:07,414 - INFO - Indicators SILVERM: price 262402.00, vol 5.00, atr% 0.43, rc 0.57
2026-02-10 23:21:07,420 - INFO - Indicators SILVERMIC: price 262489.00, vol 5.00, atr% 0.45, rc 0.53
2026-02-10 23:21:07,428 - INFO - Indicators CRUDEOILM: price 5816.00, vol 5.00, atr% 0.16, rc 0.62
2026-02-10 23:21:07,433 - INFO - Indicators CRUDEOILMINI: price 5816.00, vol 5.00, atr% 0.16, rc 0.62
2026-02-10 23:21:43,121 - WARNING - [33m❌ Ignoring switch to GOLDMINI_PINE for COMMODITY instance. Staying on GOLDMINI_PINE.[0m
2026-02-10 23:21:43,121 - INFO - ⚙️ Commodity scan list prepared: 7 symbols (tokens available for 7)
2026-02-10 23:21:43,122 - WARNING - Nifty data missing for regime assessment. Defaulting to HIGH_CONVICTION.
2026-02-10 23:21:52,826 - INFO - Indicators GOLDM: price 155399.00, vol 5.00, atr% 0.13, rc 0.66
2026-02-10 23:21:52,830 - INFO - Indicators GOLDMINI: price 155399.00, vol 5.00, atr% 0.13, rc 0.66
2026-02-10 23:21:52,832 - INFO - Indicators SILVER: price 255001.00, vol 5.00, atr% 0.37, rc 0.60
2026-02-10 23:21:52,835 - INFO - Indicators SILVERM: price 262483.00, vol 5.00, atr% 0.40, rc 0.54
2026-02-10 23:21:52,837 - INFO - Indicators SILVERMIC: price 262436.00, vol 5.00, atr% 0.43, rc 0.56
2026-02-10 23:21:52,843 - INFO - Indicators CRUDEOILM: price 5814.00, vol 5.00, atr% 0.17, rc 0.65
2026-02-10 23:21:52,846 - INFO - Indicators CRUDEOILMINI: price 5814.00, vol 5.00, atr% 0.17, rc 0.65
2026-02-10 23:22:24,589 - WARNING - [33m❌ Ignoring switch to GOLDMINI_PINE for COMMODITY instance. Staying on GOLDMINI_PINE.[0m
2026-02-10 23:22:28,369 - WARNING - [33m❌ Ignoring switch to GOLDMINI_PINE for COMMODITY instance. Staying on GOLDMINI_PINE.[0m
2026-02-10 23:22:28,369 - INFO - ⚙️ Commodity scan list prepared: 7 symbols (tokens available for 7)
2026-02-10 23:22:28,370 - WARNING - Nifty data missing for regime assessment. Defaulting to HIGH_CONVICTION.
2026-02-10 23:22:38,030 - INFO - Indicators GOLDM: price 155390.00, vol 5.00, atr% 0.13, rc 0.66
2026-02-10 23:22:38,034 - INFO - Indicators GOLDMINI: price 155390.00, vol 5.00, atr% 0.13, rc 0.66
2026-02-10 23:22:38,037 - INFO - Indicators SILVER: price 254914.00, vol 5.00, atr% 0.37, rc 0.62
2026-02-10 23:22:38,040 - INFO - Indicators SILVERM: price 262348.00, vol 5.00, atr% 0.41, rc 0.61
2026-02-10 23:22:38,043 - INFO - Indicators SILVERMIC: price 262364.00, vol 5.00, atr% 0.44, rc 0.59
2026-02-10 23:22:38,047 - INFO - Indicators CRUDEOILM: price 5815.00, vol 5.00, atr% 0.15, rc 0.60
2026-02-10 23:22:38,051 - INFO - Indicators CRUDEOILMINI: price 5815.00, vol 5.00, atr% 0.15, rc 0.60
2026-02-10 23:23:13,598 - WARNING - [33m❌ Ignoring switch to GOLDMINI_PINE for COMMODITY instance. Staying on GOLDMINI_PINE.[0m
2026-02-10 23:23:13,603 - INFO - ⚙️ Commodity scan list prepared: 7 symbols (tokens available for 7)
2026-02-10 23:23:13,604 - WARNING - Nifty data missing for regime assessment. Defaulting to HIGH_CONVICTION.
2026-02-10 23:23:22,594 - INFO - Indicators GOLDM: price 155392.00, vol 5.00, atr% 0.13, rc 0.62
2026-02-10 23:23:22,615 - INFO - Indicators GOLDMINI: price 155392.00, vol 5.00, atr% 0.13, rc 0.62
2026-02-10 23:23:22,639 - INFO - Indicators SILVER: price 254978.00, vol 5.00, atr% 0.37, rc 0.58
2026-02-10 23:23:22,642 - INFO - Indicators SILVERM: price 262500.00, vol 5.00, atr% 0.41, rc 0.52
2026-02-10 23:23:22,645 - INFO - Indicators SILVERMIC: price 262387.00, vol 5.00, atr% 0.42, rc 0.57
2026-02-10 23:23:22,648 - INFO - Indicators CRUDEOILM: price 5818.00, vol 5.00, atr% 0.16, rc 0.56
2026-02-10 23:23:22,651 - INFO - Indicators CRUDEOILMINI: price 5818.00, vol 5.00, atr% 0.16, rc 0.56
2026-02-10 23:23:59,278 - WARNING - [33m❌ Ignoring switch to GOLDMINI_PINE for COMMODITY instance. Staying on GOLDMINI_PINE.[0m
2026-02-10 23:23:59,279 - INFO - ⚙️ Commodity scan list prepared: 7 symbols (tokens available for 7)
2026-02-10 23:23:59,279 - WARNING - Nifty data missing for regime assessment. Defaulting to HIGH_CONVICTION.
2026-02-10 23:24:08,424 - INFO - Indicators GOLDM: price 155387.00, vol 5.00, atr% 0.13, rc 0.60
2026-02-10 23:24:08,427 - INFO - Indicators GOLDMINI: price 155387.00, vol 5.00, atr% 0.13, rc 0.60
2026-02-10 23:24:08,429 - INFO - Indicators SILVER: price 255209.00, vol 5.00, atr% 0.38, rc 0.53
2026-02-10 23:24:08,433 - INFO - Indicators SILVERM: price 262509.00, vol 5.00, atr% 0.42, rc 0.53
2026-02-10 23:24:08,438 - INFO - Indicators SILVERMIC: price 262365.00, vol 5.00, atr% 0.44, rc 0.53
2026-02-10 23:24:08,441 - INFO - Indicators CRUDEOILM: price 5818.00, vol 5.00, atr% 0.16, rc 0.53
2026-02-10 23:24:08,443 - INFO - Indicators CRUDEOILMINI: price 5818.00, vol 5.00, atr% 0.16, rc 0.53
2026-02-10 23:24:44,023 - WARNING - [33m❌ Ignoring switch to GOLDMINI_PINE for COMMODITY instance. Staying on GOLDMINI_PINE.[0m
2026-02-10 23:24:44,025 - INFO - ⚙️ Commodity scan list prepared: 7 symbols (tokens available for 7)
2026-02-10 23:24:44,025 - WARNING - Nifty data missing for regime assessment. Defaulting to HIGH_CONVICTION.
2026-02-10 23:24:53,934 - INFO - Indicators GOLDM: price 155320.00, vol 5.00, atr% 0.12, rc 0.65
2026-02-10 23:24:53,940 - INFO - Indicators GOLDMINI: price 155320.00, vol 5.00, atr% 0.12, rc 0.65
2026-02-10 23:24:53,942 - INFO - Indicators SILVER: price 254425.00, vol 5.00, atr% 0.39, rc 0.70
2026-02-10 23:24:53,944 - INFO - Indicators SILVERM: price 261895.00, vol 5.00, atr% 0.40, rc 0.67
2026-02-10 23:24:53,948 - INFO - Indicators SILVERMIC: price 261864.00, vol 5.00, atr% 0.43, rc 0.65
2026-02-10 23:24:53,950 - INFO - Indicators CRUDEOILM: price 5817.00, vol 5.00, atr% 0.17, rc 0.49
2026-02-10 23:24:53,952 - INFO - Indicators CRUDEOILMINI: price 5817.00, vol 5.00, atr% 0.17, rc 0.49
2026-02-10 23:25:29,791 - WARNING - [33m❌ Ignoring switch to GOLDMINI_PINE for COMMODITY instance. Staying on GOLDMINI_PINE.[0m
2026-02-10 23:25:29,792 - INFO - ⚙️ Commodity scan list prepared: 7 symbols (tokens available for 7)
2026-02-10 23:25:29,793 - WARNING - Nifty data missing for regime assessment. Defaulting to HIGH_CONVICTION.
2026-02-10 23:25:39,181 - WARNING - [33m❌ Ignoring switch to GOLDMINI_PINE for COMMODITY instance. Staying on GOLDMINI_PINE.[0m
2026-02-10 23:25:39,415 - INFO - Indicators GOLDM: price 155326.00, vol 5.00, atr% 0.12, rc 0.56
2026-02-10 23:25:39,417 - INFO - Indicators GOLDMINI: price 155326.00, vol 5.00, atr% 0.12, rc 0.56
2026-02-10 23:25:39,418 - INFO - Indicators SILVER: price 254646.00, vol 5.00, atr% 0.37, rc 0.61
2026-02-10 23:25:39,420 - INFO - Indicators SILVERM: price 262073.00, vol 5.00, atr% 0.38, rc 0.60
2026-02-10 23:25:39,422 - INFO - Indicators SILVERMIC: price 261929.00, vol 5.00, atr% 0.40, rc 0.62
2026-02-10 23:25:39,424 - INFO - Indicators CRUDEOILM: price 5815.00, vol 5.00, atr% 0.16, rc 0.56
2026-02-10 23:25:39,426 - INFO - Indicators CRUDEOILMINI: price 5815.00, vol 5.00, atr% 0.16, rc 0.56
2026-02-10 23:26:15,505 - WARNING - [33m❌ Ignoring switch to GOLDMINI_PINE for COMMODITY instance. Staying on GOLDMINI_PINE.[0m
2026-02-10 23:26:15,508 - INFO - ⚙️ Commodity scan list prepared: 7 symbols (tokens available for 7)
2026-02-10 23:26:15,508 - WARNING - Nifty data missing for regime assessment. Defaulting to HIGH_CONVICTION.
2026-02-10 23:26:24,385 - INFO - Indicators GOLDM: price 155301.00, vol 5.00, atr% 0.12, rc 0.63
2026-02-10 23:26:24,387 - INFO - Indicators GOLDMINI: price 155301.00, vol 5.00, atr% 0.12, rc 0.63
2026-02-10 23:26:24,389 - INFO - Indicators SILVER: price 254443.00, vol 5.00, atr% 0.34, rc 0.69
2026-02-10 23:26:24,390 - INFO - Indicators SILVERM: price 261801.00, vol 5.00, atr% 0.37, rc 0.67
2026-02-10 23:26:24,395 - INFO - Indicators SILVERMIC: price 261702.00, vol 5.00, atr% 0.39, rc 0.67
2026-02-10 23:26:24,397 - INFO - Indicators CRUDEOILM: price 5817.00, vol 5.00, atr% 0.16, rc 0.53
2026-02-10 23:26:24,399 - INFO - Indicators CRUDEOILMINI: price 5817.00, vol 5.00, atr% 0.16, rc 0.53
2026-02-10 23:27:00,485 - WARNING - [33m❌ Ignoring switch to GOLDMINI_PINE for COMMODITY instance. Staying on GOLDMINI_PINE.[0m
2026-02-10 23:27:00,487 - INFO - ⚙️ Commodity scan list prepared: 7 symbols (tokens available for 7)
2026-02-10 23:27:00,487 - WARNING - Nifty data missing for regime assessment. Defaulting to HIGH_CONVICTION.
2026-02-10 23:27:09,454 - INFO - Indicators GOLDM: price 155267.00, vol 5.00, atr% 0.12, rc 0.68
2026-02-10 23:27:09,456 - INFO - Indicators GOLDMINI: price 155267.00, vol 5.00, atr% 0.12, rc 0.68
2026-02-10 23:27:09,457 - INFO - Indicators SILVER: price 254296.00, vol 5.00, atr% 0.35, rc 0.74
2026-02-10 23:27:09,464 - INFO - Indicators SILVERM: price 261583.00, vol 5.00, atr% 0.38, rc 0.73
2026-02-10 23:27:09,466 - INFO - Indicators SILVERMIC: price 261700.00, vol 5.00, atr% 0.40, rc 0.71
2026-02-10 23:27:09,472 - INFO - Indicators CRUDEOILM: price 5819.00, vol 5.00, atr% 0.16, rc 0.66
2026-02-10 23:27:09,482 - INFO - Indicators CRUDEOILMINI: price 5819.00, vol 5.00, atr% 0.16, rc 0.66
2026-02-10 23:27:16,044 - WARNING - [33m❌ Ignoring switch to GOLDMINI_PINE for COMMODITY instance. Staying on GOLDMINI_PINE.[0m
2026-02-10 23:27:16,045 - INFO - ⚙️ Commodity scan list prepared: 7 symbols (tokens available for 7)
2026-02-10 23:27:16,045 - WARNING - Nifty data missing for regime assessment. Defaulting to HIGH_CONVICTION.
2026-02-10 23:27:25,355 - INFO - Indicators GOLDM: price 155274.00, vol 5.00, atr% 0.12, rc 0.73
2026-02-10 23:27:25,360 - INFO - Indicators GOLDMINI: price 155274.00, vol 5.00, atr% 0.12, rc 0.73
2026-02-10 23:27:25,364 - INFO - Indicators SILVER: price 254200.00, vol 5.00, atr% 0.35, rc 0.76
2026-02-10 23:27:25,368 - INFO - Indicators SILVERM: price 261405.00, vol 5.00, atr% 0.38, rc 0.78
2026-02-10 23:27:25,373 - INFO - Indicators SILVERMIC: price 261380.00, vol 5.00, atr% 0.40, rc 0.76
2026-02-10 23:27:25,396 - INFO - Indicators CRUDEOILM: price 5818.00, vol 5.00, atr% 0.15, rc 0.60
2026-02-10 23:27:25,398 - INFO - Indicators CRUDEOILMINI: price 5818.00, vol 5.00, atr% 0.15, rc 0.60
2026-02-10 23:28:00,929 - WARNING - [33m❌ Ignoring switch to GOLDMINI_PINE for COMMODITY instance. Staying on GOLDMINI_PINE.[0m
2026-02-10 23:28:00,929 - INFO - ⚙️ Commodity scan list prepared: 7 symbols (tokens available for 7)
2026-02-10 23:28:00,929 - WARNING - Nifty data missing for regime assessment. Defaulting to HIGH_CONVICTION.
2026-02-10 23:28:10,030 - INFO - Indicators GOLDM: price 155211.00, vol 5.00, atr% 0.12, rc 0.78
2026-02-10 23:28:10,032 - INFO - Indicators GOLDMINI: price 155211.00, vol 5.00, atr% 0.12, rc 0.78
2026-02-10 23:28:10,034 - INFO - Indicators SILVER: price 253624.00, vol 5.00, atr% 0.36, rc 0.94
2026-02-10 23:28:10,036 - INFO - Indicators SILVERM: price 261178.00, vol 5.00, atr% 0.39, rc 0.87
2026-02-10 23:28:10,038 - INFO - Indicators SILVERMIC: price 261193.00, vol 5.00, atr% 0.40, rc 0.84
2026-02-10 23:28:10,040 - INFO - Indicators CRUDEOILM: price 5816.00, vol 5.00, atr% 0.14, rc 0.57
2026-02-10 23:28:10,042 - INFO - Indicators CRUDEOILMINI: price 5816.00, vol 5.00, atr% 0.14, rc 0.57
2026-02-10 23:28:45,612 - WARNING - [33m❌ Ignoring switch to GOLDMINI_PINE for COMMODITY instance. Staying on GOLDMINI_PINE.[0m
2026-02-10 23:28:45,615 - INFO - ⚙️ Commodity scan list prepared: 7 symbols (tokens available for 7)
2026-02-10 23:28:45,615 - WARNING - Nifty data missing for regime assessment. Defaulting to HIGH_CONVICTION.
2026-02-10 23:28:54,696 - INFO - Indicators GOLDM: price 155326.00, vol 5.00, atr% 0.12, rc 0.61
2026-02-10 23:28:54,698 - INFO - Indicators GOLDMINI: price 155326.00, vol 5.00, atr% 0.12, rc 0.61
2026-02-10 23:28:54,700 - INFO - Indicators SILVER: price 253778.00, vol 5.00, atr% 0.36, rc 0.96
2026-02-10 23:28:54,702 - INFO - Indicators SILVERM: price 261248.00, vol 5.00, atr% 0.39, rc 0.89
2026-02-10 23:28:54,704 - INFO - Indicators SILVERMIC: price 261317.00, vol 5.00, atr% 0.41, rc 0.84
2026-02-10 23:28:54,708 - INFO - Indicators CRUDEOILM: price 5812.00, vol 5.00, atr% 0.16, rc 0.65
2026-02-10 23:28:54,711 - INFO - Indicators CRUDEOILMINI: price 5812.00, vol 5.00, atr% 0.16, rc 0.65
2026-02-10 23:29:30,637 - WARNING - [33m❌ Ignoring switch to GOLDMINI_PINE for COMMODITY instance. Staying on GOLDMINI_PINE.[0m
2026-02-10 23:29:30,638 - INFO - ⚙️ Commodity scan list prepared: 7 symbols (tokens available for 7)
2026-02-10 23:29:30,638 - WARNING - Nifty data missing for regime assessment. Defaulting to HIGH_CONVICTION.
2026-02-10 23:29:39,435 - INFO - Indicators GOLDM: price 155212.00, vol 5.00, atr% 0.12, rc 0.80
2026-02-10 23:29:39,440 - INFO - Indicators GOLDMINI: price 155212.00, vol 5.00, atr% 0.12, rc 0.80
2026-02-10 23:29:39,444 - INFO - Indicators SILVER: price 253425.00, vol 5.00, atr% 0.37, rc 0.83
2026-02-10 23:29:39,448 - INFO - Indicators SILVERM: price 260726.00, vol 5.00, atr% 0.40, rc 0.82
2026-02-10 23:29:39,452 - INFO - Indicators SILVERMIC: price 260769.00, vol 5.00, atr% 0.42, rc 0.83
2026-02-10 23:29:39,455 - INFO - Indicators CRUDEOILM: price 5810.00, vol 5.00, atr% 0.17, rc 0.77
2026-02-10 23:29:39,459 - INFO - Indicators CRUDEOILMINI: price 5810.00, vol 5.00, atr% 0.17, rc 0.77
2026-02-10 23:30:15,217 - WARNING - [33m❌ Ignoring switch to GOLDMINI_PINE for COMMODITY instance. Staying on GOLDMINI_PINE.[0m
2026-02-10 23:30:15,218 - INFO - ⚙️ Commodity scan list prepared: 7 symbols (tokens available for 7)
2026-02-10 23:30:15,218 - WARNING - Nifty data missing for regime assessment. Defaulting to HIGH_CONVICTION.
2026-02-10 23:30:24,033 - INFO - Indicators GOLDM: price 155230.00, vol 5.00, atr% 0.12, rc 0.64
2026-02-10 23:30:24,036 - INFO - Indicators GOLDMINI: price 155230.00, vol 5.00, atr% 0.12, rc 0.64
2026-02-10 23:30:24,040 - INFO - Indicators SILVER: price 252729.00, vol 5.00, atr% 0.40, rc 1.00
2026-02-10 23:30:24,064 - INFO - Indicators SILVERM: price 260102.00, vol 5.00, atr% 0.40, rc 1.00
2026-02-10 23:30:24,071 - INFO - Indicators SILVERMIC: price 260139.00, vol 5.00, atr% 0.42, rc 0.98
2026-02-10 23:30:24,084 - INFO - Indicators CRUDEOILM: price 5810.00, vol 5.00, atr% 0.16, rc 0.65
2026-02-10 23:30:24,092 - INFO - Indicators CRUDEOILMINI: price 5810.00, vol 5.00, atr% 0.16, rc 0.65
2026-02-10 23:30:59,760 - WARNING - [33m❌ Ignoring switch to GOLDMINI_PINE for COMMODITY instance. Staying on GOLDMINI_PINE.[0m
2026-02-10 23:30:59,762 - INFO - ⚙️ Commodity scan list prepared: 7 symbols (tokens available for 7)
2026-02-10 23:30:59,763 - WARNING - Nifty data missing for regime assessment. Defaulting to HIGH_CONVICTION.
2026-02-10 23:31:08,955 - INFO - Indicators GOLDM: price 155197.00, vol 5.00, atr% 0.11, rc 0.75
2026-02-10 23:31:08,959 - INFO - Indicators GOLDMINI: price 155197.00, vol 5.00, atr% 0.11, rc 0.75
2026-02-10 23:31:08,962 - INFO - Indicators SILVER: price 252466.00, vol 5.00, atr% 0.39, rc 1.00
2026-02-10 23:31:08,966 - INFO - Indicators SILVERM: price 260051.00, vol 5.00, atr% 0.40, rc 1.00
2026-02-10 23:31:08,970 - INFO - Indicators SILVERMIC: price 260116.00, vol 5.00, atr% 0.42, rc 0.94
2026-02-10 23:31:08,974 - INFO - Indicators CRUDEOILM: price 5810.00, vol 5.00, atr% 0.16, rc 0.72
2026-02-10 23:31:08,984 - INFO - Indicators CRUDEOILMINI: price 5810.00, vol 5.00, atr% 0.16, rc 0.72
2026-02-10 23:31:44,518 - WARNING - [33m❌ Ignoring switch to GOLDMINI_PINE for COMMODITY instance. Staying on GOLDMINI_PINE.[0m
2026-02-10 23:31:44,520 - INFO - ⚙️ Commodity scan list prepared: 7 symbols (tokens available for 7)
2026-02-10 23:31:44,520 - WARNING - Nifty data missing for regime assessment. Defaulting to HIGH_CONVICTION.
2026-02-10 23:31:53,643 - INFO - Indicators GOLDM: price 155235.00, vol 5.00, atr% 0.12, rc 0.57
2026-02-10 23:31:53,646 - INFO - Indicators GOLDMINI: price 155235.00, vol 5.00, atr% 0.12, rc 0.57
2026-02-10 23:31:53,653 - INFO - Indicators SILVER: price 253475.00, vol 5.00, atr% 0.36, rc 0.75
2026-02-10 23:31:53,661 - INFO - Indicators SILVERM: price 260558.00, vol 5.00, atr% 0.37, rc 0.80
2026-02-10 23:31:53,708 - INFO - Indicators SILVERMIC: price 260647.00, vol 5.00, atr% 0.39, rc 0.78
2026-02-10 23:31:53,726 - INFO - Indicators CRUDEOILM: price 5807.00, vol 5.00, atr% 0.17, rc 0.83
2026-02-10 23:31:53,730 - INFO - Indicators CRUDEOILMINI: price 5807.00, vol 5.00, atr% 0.17, rc 0.83
2026-02-10 23:32:29,517 - WARNING - [33m❌ Ignoring switch to GOLDMINI_PINE for COMMODITY instance. Staying on GOLDMINI_PINE.[0m
2026-02-10 23:32:29,519 - INFO - ⚙️ Commodity scan list prepared: 7 symbols (tokens available for 7)
2026-02-10 23:32:29,519 - WARNING - Nifty data missing for regime assessment. Defaulting to HIGH_CONVICTION.
2026-02-10 23:32:38,429 - INFO - Indicators GOLDM: price 155267.00, vol 5.00, atr% 0.11, rc 0.52
2026-02-10 23:32:38,434 - INFO - Indicators GOLDMINI: price 155267.00, vol 5.00, atr% 0.11, rc 0.52
2026-02-10 23:32:38,438 - INFO - Indicators SILVER: price 252959.00, vol 5.00, atr% 0.36, rc 0.79
2026-02-10 23:32:38,442 - INFO - Indicators SILVERM: price 260400.00, vol 5.00, atr% 0.39, rc 0.77
2026-02-10 23:32:38,445 - INFO - Indicators SILVERMIC: price 260365.00, vol 5.00, atr% 0.40, rc 0.73
2026-02-10 23:32:38,448 - INFO - Indicators CRUDEOILM: price 5803.00, vol 5.00, atr% 0.16, rc 0.88
2026-02-10 23:32:38,451 - INFO - Indicators CRUDEOILMINI: price 5803.00, vol 5.00, atr% 0.16, rc 0.88
2026-02-10 23:33:14,462 - WARNING - [33m❌ Ignoring switch to GOLDMINI_PINE for COMMODITY instance. Staying on GOLDMINI_PINE.[0m
2026-02-10 23:33:14,463 - INFO - ⚙️ Commodity scan list prepared: 7 symbols (tokens available for 7)
2026-02-10 23:33:14,464 - WARNING - Nifty data missing for regime assessment. Defaulting to HIGH_CONVICTION.
2026-02-10 23:33:23,958 - INFO - Indicators GOLDM: price 155230.00, vol 5.00, atr% 0.12, rc 0.58
2026-02-10 23:33:24,024 - INFO - Indicators GOLDMINI: price 155230.00, vol 5.00, atr% 0.12, rc 0.58
2026-02-10 23:33:24,061 - INFO - Indicators SILVER: price 252959.00, vol 5.00, atr% 0.37, rc 0.71
2026-02-10 23:33:24,098 - INFO - Indicators SILVERM: price 260302.00, vol 5.00, atr% 0.40, rc 0.74
2026-02-10 23:33:24,440 - INFO - Indicators SILVERMIC: price 260234.00, vol 5.00, atr% 0.41, rc 0.74
2026-02-10 23:33:24,456 - INFO - Indicators CRUDEOILM: price 5805.00, vol 5.00, atr% 0.17, rc 0.90
2026-02-10 23:33:24,465 - INFO - Indicators CRUDEOILMINI: price 5805.00, vol 5.00, atr% 0.17, rc 0.90
2026-02-10 23:33:51,467 - INFO - 
Ctrl+C detected. Shutting down system.
2026-02-10 23:33:51,469 - INFO - 🛑 Automatic scheduler stopped.
2026-02-10 23:33:56,787 - INFO - ╔══════════════════════════════════════════════════════════╗
2026-02-10 23:33:56,787 - INFO - ║   ULTIMATE F&O OPTIONS TRADER - LIVE READY VERSION       ║
2026-02-10 23:33:56,787 - INFO - ╚══════════════════════════════════════════════════════════╝
2026-02-10 23:33:56,822 - INFO - Kite access token loaded from file.
2026-02-10 23:33:57,983 - INFO - Kite session verified for user: Anju Kumari
2026-02-10 23:34:00,088 - INFO - Dynamically fetched 212 F&O symbols.
2026-02-10 23:34:01,674 - INFO - Dynamically fetched 29 commodity symbols from MCX.
2026-02-10 23:34:01,679 - INFO - Lot sizes verified and cached from Kite.
2026-02-10 23:34:03,213 - INFO - NFO cache refreshed: 46778 instruments
2026-02-10 23:34:04,818 - INFO - MCX cache refreshed: 37947 instruments
2026-02-10 23:34:04,819 - INFO - Fetching all NSE equity instruments for token mapping...
2026-02-10 23:34:05,315 - INFO - NSE instrument map loaded: 16429 mappings
2026-02-10 23:34:05,322 - INFO - 📊 Trader Initialized. F&O Stocks: 212
2026-02-10 23:34:05,322 - INFO - 💰 Mode: PAPER. Capital: ₹250,000
2026-02-10 23:34:05,322 - INFO - 🎯 Strategy: GOLDMINI_PINE (Conf=7.8, R:R=1.7, Lots=2x)
2026-02-10 23:34:07,020 - INFO - Dynamic Telegram Chat ID detected: 8431274192
2026-02-10 23:34:07,024 - INFO - 🤖 Telegram alerts ENABLED. Chat ID: 8431274192
2026-02-10 23:34:09,379 - WARNING - [33m❌ Ignoring switch to GOLDMINI_PINE for COMMODITY instance. Staying on GOLDMINI_PINE.[0m
2026-02-10 23:34:09,379 - INFO - [36m--- MANUAL START: Strategy forced to GOLDMINI_PINE ---[0m
2026-02-10 23:34:09,379 - INFO - [32mEmitting initial dashboard data on startup...[0m
2026-02-10 23:34:12,199 - INFO - ✅ Automatic utility schedule setup complete.
2026-02-10 23:34:12,200 - INFO - 📋 Scheduled daily audit summary at 15:20.
2026-02-10 23:34:12,200 - INFO - 🔄 Scheduled hourly broker reconciliation.
2026-02-10 23:34:12,200 - INFO - [32m🚀 Starting continuous scanner and utility threads.[0m
2026-02-10 23:34:12,201 - WARNING - [33m❌ Ignoring switch to GOLDMINI_PINE for COMMODITY instance. Staying on GOLDMINI_PINE.[0m
2026-02-10 23:34:12,202 - INFO - ⚙️ Commodity scan list prepared: 7 symbols (tokens available for 7)
2026-02-10 23:34:12,204 - WARNING - Nifty data missing for regime assessment. Defaulting to HIGH_CONVICTION.
2026-02-10 23:34:14,041 - INFO - 🌐 Starting Dashboard at http://0.0.0.0:5024/
2026-02-10 23:34:14,042 - INFO - [32mSystem running continuously. Access dashboard at http://0.0.0.0:5024/. Press Ctrl+C to stop.[0m
2026-02-10 23:34:21,994 - INFO - Indicators GOLDM: price 155150.00, vol 5.00, atr% 0.12, rc 0.70
2026-02-10 23:34:22,001 - INFO - Indicators GOLDMINI: price 155150.00, vol 5.00, atr% 0.12, rc 0.70
2026-02-10 23:34:22,003 - INFO - Indicators SILVER: price 252664.00, vol 5.00, atr% 0.37, rc 0.80
2026-02-10 23:34:22,006 - INFO - Indicators SILVERM: price 260153.00, vol 5.00, atr% 0.39, rc 0.75
2026-02-10 23:34:22,011 - INFO - Indicators SILVERMIC: price 260167.00, vol 5.00, atr% 0.42, rc 0.76
2026-02-10 23:34:22,021 - INFO - Indicators CRUDEOILM: price 5802.00, vol 5.00, atr% 0.17, rc 0.84
2026-02-10 23:34:22,027 - INFO - Indicators CRUDEOILMINI: price 5802.00, vol 5.00, atr% 0.17, rc 0.84
2026-02-10 23:34:28,837 - WARNING - [33m❌ Ignoring switch to GOLDMINI_PINE for COMMODITY instance. Staying on GOLDMINI_PINE.[0m
2026-02-10 23:34:28,837 - INFO - ⚙️ Commodity scan list prepared: 7 symbols (tokens available for 7)
2026-02-10 23:34:28,838 - WARNING - Nifty data missing for regime assessment. Defaulting to HIGH_CONVICTION.
2026-02-10 23:34:38,884 - INFO - Indicators GOLDM: price 155140.00, vol 5.00, atr% 0.12, rc 0.61
2026-02-10 23:34:38,887 - INFO - Indicators GOLDMINI: price 155140.00, vol 5.00, atr% 0.12, rc 0.61
2026-02-10 23:34:38,889 - INFO - Indicators SILVER: price 252614.00, vol 5.00, atr% 0.38, rc 0.68
2026-02-10 23:34:38,893 - INFO - Indicators SILVERM: price 260000.00, vol 5.00, atr% 0.40, rc 0.67
2026-02-10 23:34:38,896 - INFO - Indicators SILVERMIC: price 259988.00, vol 5.00, atr% 0.42, rc 0.69
2026-02-10 23:34:38,900 - INFO - Indicators CRUDEOILM: price 5802.00, vol 5.00, atr% 0.17, rc 0.74
2026-02-10 23:34:38,906 - INFO - Indicators CRUDEOILMINI: price 5802.00, vol 5.00, atr% 0.17, rc 0.74
2026-02-10 23:35:14,423 - WARNING - [33m❌ Ignoring switch to GOLDMINI_PINE for COMMODITY instance. Staying on GOLDMINI_PINE.[0m
2026-02-10 23:35:14,425 - INFO - ⚙️ Commodity scan list prepared: 7 symbols (tokens available for 7)
2026-02-10 23:35:14,425 - WARNING - Nifty data missing for regime assessment. Defaulting to HIGH_CONVICTION.
2026-02-10 23:35:24,202 - INFO - Indicators GOLDM: price 155116.00, vol 5.00, atr% 0.12, rc 0.73
2026-02-10 23:35:24,214 - INFO - Indicators GOLDMINI: price 155116.00, vol 5.00, atr% 0.12, rc 0.73
2026-02-10 23:35:24,216 - INFO - Indicators SILVER: price 252398.00, vol 5.00, atr% 0.40, rc 0.59
2026-02-10 23:35:24,218 - INFO - Indicators SILVERM: price 259601.00, vol 5.00, atr% 0.41, rc 0.69
2026-02-10 23:35:24,220 - INFO - Indicators SILVERMIC: price 259644.00, vol 5.00, atr% 0.42, rc 0.63
2026-02-10 23:35:24,222 - INFO - Indicators CRUDEOILM: price 5804.00, vol 5.00, atr% 0.17, rc 0.68
2026-02-10 23:35:24,225 - INFO - Indicators CRUDEOILMINI: price 5804.00, vol 5.00, atr% 0.17, rc 0.68
2026-02-10 23:36:00,077 - WARNING - [33m❌ Ignoring switch to GOLDMINI_PINE for COMMODITY instance. Staying on GOLDMINI_PINE.[0m
2026-02-10 23:36:00,077 - INFO - ⚙️ Commodity scan list prepared: 7 symbols (tokens available for 7)
2026-02-10 23:36:00,077 - WARNING - Nifty data missing for regime assessment. Defaulting to HIGH_CONVICTION.
2026-02-10 23:36:10,547 - INFO - Indicators GOLDM: price 155035.00, vol 5.00, atr% 0.11, rc 0.68
2026-02-10 23:36:10,551 - INFO - Indicators GOLDMINI: price 155035.00, vol 5.00, atr% 0.11, rc 0.68
2026-02-10 23:36:10,553 - INFO - Indicators SILVER: price 252500.00, vol 5.00, atr% 0.39, rc 0.51
2026-02-10 23:36:10,556 - INFO - Indicators SILVERM: price 259683.00, vol 5.00, atr% 0.40, rc 0.58
2026-02-10 23:36:10,557 - INFO - Indicators SILVERMIC: price 259700.00, vol 5.00, atr% 0.41, rc 0.58
2026-02-10 23:36:10,560 - INFO - Indicators CRUDEOILM: price 5805.00, vol 5.00, atr% 0.16, rc 0.66
2026-02-10 23:36:10,571 - INFO - Indicators CRUDEOILMINI: price 5805.00, vol 5.00, atr% 0.16, rc 0.66
2026-02-10 23:36:46,407 - WARNING - [33m❌ Ignoring switch to GOLDMINI_PINE for COMMODITY instance. Staying on GOLDMINI_PINE.[0m
2026-02-10 23:36:46,408 - INFO - ⚙️ Commodity scan list prepared: 7 symbols (tokens available for 7)
2026-02-10 23:36:46,408 - WARNING - Nifty data missing for regime assessment. Defaulting to HIGH_CONVICTION.
2026-02-10 23:36:55,884 - INFO - Indicators GOLDM: price 154999.00, vol 5.00, atr% 0.13, rc 0.86
2026-02-10 23:36:55,888 - INFO - Indicators GOLDMINI: price 154999.00, vol 5.00, atr% 0.13, rc 0.86
2026-02-10 23:36:55,898 - INFO - Indicators SILVER: price 252294.00, vol 5.00, atr% 0.39, rc 0.85
2026-02-10 23:36:55,904 - INFO - Indicators SILVERM: price 259632.00, vol 5.00, atr% 0.40, rc 0.72
2026-02-10 23:36:55,906 - INFO - Indicators SILVERMIC: price 259687.00, vol 5.00, atr% 0.42, rc 0.72
2026-02-10 23:36:55,909 - INFO - Indicators CRUDEOILM: price 5805.00, vol 5.00, atr% 0.17, rc 0.56
2026-02-10 23:36:55,911 - INFO - Indicators CRUDEOILMINI: price 5805.00, vol 5.00, atr% 0.17, rc 0.56
2026-02-10 23:37:31,982 - WARNING - [33m❌ Ignoring switch to GOLDMINI_PINE for COMMODITY instance. Staying on GOLDMINI_PINE.[0m
2026-02-10 23:37:31,983 - INFO - ⚙️ Commodity scan list prepared: 7 symbols (tokens available for 7)
2026-02-10 23:37:31,983 - WARNING - Nifty data missing for regime assessment. Defaulting to HIGH_CONVICTION.
2026-02-10 23:37:42,010 - INFO - Indicators GOLDM: price 154977.00, vol 5.00, atr% 0.13, rc 0.87
2026-02-10 23:37:42,021 - INFO - Indicators GOLDMINI: price 154977.00, vol 5.00, atr% 0.13, rc 0.87
2026-02-10 23:37:42,029 - INFO - Indicators SILVER: price 252339.00, vol 5.00, atr% 0.36, rc 0.70
2026-02-10 23:37:42,034 - INFO - Indicators SILVERM: price 259742.00, vol 5.00, atr% 0.39, rc 0.66
2026-02-10 23:37:42,040 - INFO - Indicators SILVERMIC: price 259866.00, vol 5.00, atr% 0.41, rc 0.60
2026-02-10 23:37:42,045 - INFO - Indicators CRUDEOILM: price 5803.00, vol 5.00, atr% 0.16, rc 0.49
2026-02-10 23:37:42,049 - INFO - Indicators CRUDEOILMINI: price 5803.00, vol 5.00, atr% 0.16, rc 0.49
2026-02-10 23:38:18,063 - WARNING - [33m❌ Ignoring switch to GOLDMINI_PINE for COMMODITY instance. Staying on GOLDMINI_PINE.[0m
2026-02-10 23:38:18,064 - INFO - ⚙️ Commodity scan list prepared: 7 symbols (tokens available for 7)
2026-02-10 23:38:18,064 - WARNING - Nifty data missing for regime assessment. Defaulting to HIGH_CONVICTION.
2026-02-10 23:38:27,622 - INFO - Indicators GOLDM: price 155099.00, vol 5.00, atr% 0.12, rc 0.59
2026-02-10 23:38:27,625 - INFO - Indicators GOLDMINI: price 155099.00, vol 5.00, atr% 0.12, rc 0.59
2026-02-10 23:38:27,627 - INFO - Indicators SILVER: price 252747.00, vol 5.00, atr% 0.38, rc 0.56
2026-02-10 23:38:27,628 - INFO - Indicators SILVERM: price 260290.00, vol 5.00, atr% 0.40, rc 0.50
2026-02-10 23:38:27,632 - INFO - Indicators SILVERMIC: price 260091.00, vol 5.00, atr% 0.42, rc 0.52
2026-02-10 23:38:27,634 - INFO - Indicators CRUDEOILM: price 5800.00, vol 5.00, atr% 0.17, rc 0.62
2026-02-10 23:38:27,636 - INFO - Indicators CRUDEOILMINI: price 5800.00, vol 5.00, atr% 0.17, rc 0.62
2026-02-10 23:39:03,568 - WARNING - [33m❌ Ignoring switch to GOLDMINI_PINE for COMMODITY instance. Staying on GOLDMINI_PINE.[0m
2026-02-10 23:39:03,569 - INFO - ⚙️ Commodity scan list prepared: 7 symbols (tokens available for 7)
2026-02-10 23:39:03,569 - WARNING - Nifty data missing for regime assessment. Defaulting to HIGH_CONVICTION.
2026-02-10 23:39:12,741 - INFO - Indicators GOLDM: price 155030.00, vol 5.00, atr% 0.13, rc 0.68
2026-02-10 23:39:12,743 - INFO - Indicators GOLDMINI: price 155030.00, vol 5.00, atr% 0.13, rc 0.68
2026-02-10 23:39:12,745 - INFO - Indicators SILVER: price 252747.00, vol 5.00, atr% 0.38, rc 0.54
2026-02-10 23:39:12,746 - INFO - Indicators SILVERM: price 260098.00, vol 5.00, atr% 0.40, rc 0.51
2026-02-10 23:39:12,748 - INFO - Indicators SILVERMIC: price 260010.00, vol 5.00, atr% 0.43, rc 0.56
2026-02-10 23:39:12,750 - INFO - Indicators CRUDEOILM: price 5801.00, vol 5.00, atr% 0.17, rc 0.56
2026-02-10 23:39:12,752 - INFO - Indicators CRUDEOILMINI: price 5801.00, vol 5.00, atr% 0.17, rc 0.56
2026-02-10 23:39:48,418 - WARNING - [33m❌ Ignoring switch to GOLDMINI_PINE for COMMODITY instance. Staying on GOLDMINI_PINE.[0m
2026-02-10 23:39:48,420 - INFO - ⚙️ Commodity scan list prepared: 7 symbols (tokens available for 7)
2026-02-10 23:39:48,420 - WARNING - Nifty data missing for regime assessment. Defaulting to HIGH_CONVICTION.
2026-02-10 23:39:57,749 - INFO - Indicators GOLDM: price 155009.00, vol 5.00, atr% 0.12, rc 0.66
2026-02-10 23:39:57,764 - INFO - Indicators GOLDMINI: price 155009.00, vol 5.00, atr% 0.12, rc 0.66
2026-02-10 23:39:57,767 - INFO - Indicators SILVER: price 252794.00, vol 5.00, atr% 0.40, rc 0.55
2026-02-10 23:39:57,771 - INFO - Indicators SILVERM: price 260204.00, vol 5.00, atr% 0.39, rc 0.59
2026-02-10 23:39:57,773 - INFO - Indicators SILVERMIC: price 260200.00, vol 5.00, atr% 0.42, rc 0.59
2026-02-10 23:39:57,776 - INFO - Indicators CRUDEOILM: price 5798.00, vol 5.00, atr% 0.17, rc 0.67
2026-02-10 23:39:57,779 - INFO - Indicators CRUDEOILMINI: price 5798.00, vol 5.00, atr% 0.17, rc 0.67
2026-02-10 23:40:33,320 - WARNING - [33m❌ Ignoring switch to GOLDMINI_PINE for COMMODITY instance. Staying on GOLDMINI_PINE.[0m
2026-02-10 23:40:33,321 - INFO - ⚙️ Commodity scan list prepared: 7 symbols (tokens available for 7)
2026-02-10 23:40:33,321 - WARNING - Nifty data missing for regime assessment. Defaulting to HIGH_CONVICTION.
2026-02-10 23:40:42,497 - INFO - Indicators GOLDM: price 155025.00, vol 5.00, atr% 0.12, rc 0.53
2026-02-10 23:40:42,499 - INFO - Indicators GOLDMINI: price 155025.00, vol 5.00, atr% 0.12, rc 0.53
2026-02-10 23:40:42,500 - INFO - Indicators SILVER: price 252747.00, vol 5.00, atr% 0.40, rc 0.60
2026-02-10 23:40:42,502 - INFO - Indicators SILVERM: price 259890.00, vol 5.00, atr% 0.41, rc 0.51
2026-02-10 23:40:42,503 - INFO - Indicators SILVERMIC: price 259850.00, vol 5.00, atr% 0.42, rc 0.58
2026-02-10 23:40:42,505 - INFO - Indicators CRUDEOILM: price 5798.00, vol 5.00, atr% 0.17, rc 0.74
2026-02-10 23:40:42,507 - INFO - Indicators CRUDEOILMINI: price 5798.00, vol 5.00, atr% 0.17, rc 0.74
2026-02-10 23:41:18,150 - WARNING - [33m❌ Ignoring switch to GOLDMINI_PINE for COMMODITY instance. Staying on GOLDMINI_PINE.[0m
2026-02-10 23:41:18,152 - INFO - ⚙️ Commodity scan list prepared: 7 symbols (tokens available for 7)
2026-02-10 23:41:18,152 - WARNING - Nifty data missing for regime assessment. Defaulting to HIGH_CONVICTION.
2026-02-10 23:41:27,458 - INFO - Indicators GOLDM: price 154860.00, vol 5.00, atr% 0.13, rc 0.55
2026-02-10 23:41:27,460 - INFO - Indicators GOLDMINI: price 154860.00, vol 5.00, atr% 0.13, rc 0.55
2026-02-10 23:41:27,462 - INFO - Indicators SILVER: price 252077.00, vol 5.00, atr% 0.39, rc 0.52
2026-02-10 23:41:27,464 - INFO - Indicators SILVERM: price 259250.00, vol 5.00, atr% 0.39, rc 0.53
2026-02-10 23:41:27,466 - INFO - Indicators SILVERMIC: price 259271.00, vol 5.00, atr% 0.41, rc 0.55
2026-02-10 23:41:27,468 - INFO - Indicators CRUDEOILM: price 5796.00, vol 5.00, atr% 0.17, rc 0.81
2026-02-10 23:41:27,471 - INFO - Indicators CRUDEOILMINI: price 5796.00, vol 5.00, atr% 0.17, rc 0.81
2026-02-10 23:42:03,051 - WARNING - [33m❌ Ignoring switch to GOLDMINI_PINE for COMMODITY instance. Staying on GOLDMINI_PINE.[0m
2026-02-10 23:42:03,052 - INFO - ⚙️ Commodity scan list prepared: 7 symbols (tokens available for 7)
2026-02-10 23:42:03,052 - WARNING - Nifty data missing for regime assessment. Defaulting to HIGH_CONVICTION.
2026-02-10 23:42:13,486 - INFO - Indicators GOLDM: price 154900.00, vol 5.00, atr% 0.13, rc 0.64
2026-02-10 23:42:13,489 - INFO - Indicators GOLDMINI: price 154900.00, vol 5.00, atr% 0.13, rc 0.64
2026-02-10 23:42:13,490 - INFO - Indicators SILVER: price 252450.00, vol 5.00, atr% 0.37, rc 0.54
2026-02-10 23:42:13,491 - INFO - Indicators SILVERM: price 259551.00, vol 5.00, atr% 0.39, rc 0.50
2026-02-10 23:42:13,493 - INFO - Indicators SILVERMIC: price 259704.00, vol 5.00, atr% 0.41, rc 0.51
2026-02-10 23:42:13,495 - INFO - Indicators CRUDEOILM: price 5795.00, vol 5.00, atr% 0.17, rc 0.59
2026-02-10 23:42:13,496 - INFO - Indicators CRUDEOILMINI: price 5795.00, vol 5.00, atr% 0.17, rc 0.59
2026-02-10 23:42:49,579 - WARNING - [33m❌ Ignoring switch to GOLDMINI_PINE for COMMODITY instance. Staying on GOLDMINI_PINE.[0m
2026-02-10 23:42:49,580 - INFO - ⚙️ Commodity scan list prepared: 7 symbols (tokens available for 7)
2026-02-10 23:42:49,580 - WARNING - Nifty data missing for regime assessment. Defaulting to HIGH_CONVICTION.
2026-02-10 23:42:58,727 - INFO - Indicators GOLDM: price 154883.00, vol 5.00, atr% 0.14, rc 0.74
2026-02-10 23:42:58,732 - INFO - Indicators GOLDMINI: price 154883.00, vol 5.00, atr% 0.14, rc 0.74
2026-02-10 23:42:58,734 - INFO - Indicators SILVER: price 252450.00, vol 5.00, atr% 0.36, rc 0.53
2026-02-10 23:42:58,736 - INFO - Indicators SILVERM: price 259454.00, vol 5.00, atr% 0.39, rc 0.61
2026-02-10 23:42:58,739 - INFO - Indicators SILVERMIC: price 259320.00, vol 5.00, atr% 0.41, rc 0.67
2026-02-10 23:42:58,741 - INFO - Indicators CRUDEOILM: price 5793.00, vol 5.00, atr% 0.17, rc 0.78
2026-02-10 23:42:58,744 - INFO - Indicators CRUDEOILMINI: price 5793.00, vol 5.00, atr% 0.17, rc 0.78
2026-02-10 23:43:34,402 - WARNING - [33m❌ Ignoring switch to GOLDMINI_PINE for COMMODITY instance. Staying on GOLDMINI_PINE.[0m
2026-02-10 23:43:34,403 - INFO - ⚙️ Commodity scan list prepared: 7 symbols (tokens available for 7)
2026-02-10 23:43:34,403 - WARNING - Nifty data missing for regime assessment. Defaulting to HIGH_CONVICTION.
2026-02-10 23:43:44,469 - INFO - Indicators GOLDM: price 154844.00, vol 5.00, atr% 0.13, rc 0.76
2026-02-10 23:43:44,474 - INFO - Indicators GOLDMINI: price 154844.00, vol 5.00, atr% 0.13, rc 0.76
2026-02-10 23:43:44,476 - INFO - Indicators SILVER: price 252148.00, vol 5.00, atr% 0.37, rc 0.69
2026-02-10 23:43:44,477 - INFO - Indicators SILVERM: price 259363.00, vol 5.00, atr% 0.39, rc 0.67
2026-02-10 23:43:44,481 - INFO - Indicators SILVERMIC: price 259441.00, vol 5.00, atr% 0.41, rc 0.65
2026-02-10 23:43:44,483 - INFO - Indicators CRUDEOILM: price 5794.00, vol 5.00, atr% 0.17, rc 0.73
2026-02-10 23:43:44,488 - INFO - Indicators CRUDEOILMINI: price 5794.00, vol 5.00, atr% 0.17, rc 0.73
2026-02-10 23:44:20,133 - WARNING - [33m❌ Ignoring switch to GOLDMINI_PINE for COMMODITY instance. Staying on GOLDMINI_PINE.[0m
2026-02-10 23:44:20,134 - INFO - ⚙️ Commodity scan list prepared: 7 symbols (tokens available for 7)
2026-02-10 23:44:20,134 - WARNING - Nifty data missing for regime assessment. Defaulting to HIGH_CONVICTION.
2026-02-10 23:44:29,339 - INFO - Indicators GOLDM: price 154799.00, vol 5.00, atr% 0.13, rc 0.83
2026-02-10 23:44:29,344 - INFO - Indicators GOLDMINI: price 154799.00, vol 5.00, atr% 0.13, rc 0.83
2026-02-10 23:44:29,349 - INFO - Indicators SILVER: price 252000.00, vol 5.00, atr% 0.37, rc 0.74
2026-02-10 23:44:29,354 - INFO - Indicators SILVERM: price 259203.00, vol 5.00, atr% 0.40, rc 0.79
2026-02-10 23:44:29,359 - INFO - Indicators SILVERMIC: price 259441.00, vol 5.00, atr% 0.42, rc 0.70
2026-02-10 23:44:29,368 - INFO - Indicators CRUDEOILM: price 5797.00, vol 5.00, atr% 0.17, rc 0.58
2026-02-10 23:44:29,378 - INFO - Indicators CRUDEOILMINI: price 5797.00, vol 5.00, atr% 0.17, rc 0.58
2026-02-10 23:44:35,966 - WARNING - [33m❌ Ignoring switch to GOLDMINI_PINE for COMMODITY instance. Staying on GOLDMINI_PINE.[0m
2026-02-10 23:44:35,968 - INFO - ⚙️ Commodity scan list prepared: 7 symbols (tokens available for 7)
2026-02-10 23:44:35,968 - WARNING - Nifty data missing for regime assessment. Defaulting to HIGH_CONVICTION.
2026-02-10 23:44:45,714 - INFO - Indicators GOLDM: price 154798.00, vol 5.00, atr% 0.13, rc 0.82
2026-02-10 23:44:45,730 - INFO - Indicators GOLDMINI: price 154798.00, vol 5.00, atr% 0.13, rc 0.82
2026-02-10 23:44:45,752 - INFO - Indicators SILVER: price 252000.00, vol 5.00, atr% 0.39, rc 0.80
2026-02-10 23:44:45,755 - INFO - Indicators SILVERM: price 259202.00, vol 5.00, atr% 0.40, rc 0.79
2026-02-10 23:44:45,759 - INFO - Indicators SILVERMIC: price 259323.00, vol 5.00, atr% 0.42, rc 0.73
2026-02-10 23:44:45,762 - INFO - Indicators CRUDEOILM: price 5794.00, vol 5.00, atr% 0.18, rc 0.64
2026-02-10 23:44:45,765 - INFO - Indicators CRUDEOILMINI: price 5794.00, vol 5.00, atr% 0.18, rc 0.64
2026-02-10 23:44:47,159 - INFO - Strategy Validation - Win Rate: 26.7%, Profit Factor: 2.15
2026-02-10 23:44:49,708 - INFO - ALERT SENT: SILVER NEW SIGNAL
2026-02-10 23:44:49,708 - INFO - [35mExecution Triggered for SILVER. Conf >= 7.8 and Position is Closed.[0m
2026-02-10 23:44:49,821 - ERROR - [31mFailed to execute commodity BEARISH strategy for SILVER[0m
2026-02-10 23:45:24,533 - WARNING - [33m❌ Ignoring switch to GOLDMINI_PINE for COMMODITY instance. Staying on GOLDMINI_PINE.[0m
2026-02-10 23:45:24,534 - INFO - ⚙️ Commodity scan list prepared: 7 symbols (tokens available for 7)
2026-02-10 23:45:24,534 - WARNING - Nifty data missing for regime assessment. Defaulting to HIGH_CONVICTION.
2026-02-10 23:45:34,337 - INFO - Indicators GOLDM: price 154846.00, vol 5.00, atr% 0.12, rc 0.78
2026-02-10 23:45:34,341 - INFO - Indicators GOLDMINI: price 154846.00, vol 5.00, atr% 0.12, rc 0.78
2026-02-10 23:45:34,344 - INFO - Indicators SILVER: price 252011.00, vol 5.00, atr% 0.40, rc 0.71
2026-02-10 23:45:34,347 - INFO - Indicators SILVERM: price 259200.00, vol 5.00, atr% 0.40, rc 0.70
2026-02-10 23:45:34,350 - INFO - Indicators SILVERMIC: price 259354.00, vol 5.00, atr% 0.42, rc 0.62
2026-02-10 23:45:34,357 - INFO - Indicators CRUDEOILM: price 5792.00, vol 5.00, atr% 0.17, rc 0.62
2026-02-10 23:45:34,360 - INFO - Indicators CRUDEOILMINI: price 5792.00, vol 5.00, atr% 0.17, rc 0.62
2026-02-10 23:46:09,904 - WARNING - [33m❌ Ignoring switch to GOLDMINI_PINE for COMMODITY instance. Staying on GOLDMINI_PINE.[0m
2026-02-10 23:46:09,905 - INFO - ⚙️ Commodity scan list prepared: 7 symbols (tokens available for 7)
2026-02-10 23:46:09,905 - WARNING - Nifty data missing for regime assessment. Defaulting to HIGH_CONVICTION.
2026-02-10 23:46:19,842 - INFO - Indicators GOLDM: price 154850.00, vol 5.00, atr% 0.12, rc 0.57
2026-02-10 23:46:19,876 - INFO - Indicators GOLDMINI: price 154850.00, vol 5.00, atr% 0.12, rc 0.57
2026-02-10 23:46:19,878 - INFO - Indicators SILVER: price 251847.00, vol 5.00, atr% 0.39, rc 0.64
2026-02-10 23:46:19,880 - INFO - Indicators SILVERM: price 259076.00, vol 5.00, atr% 0.39, rc 0.61
2026-02-10 23:46:19,882 - INFO - Indicators SILVERMIC: price 259000.00, vol 5.00, atr% 0.42, rc 0.64
2026-02-10 23:46:19,883 - INFO - Indicators CRUDEOILM: price 5796.00, vol 5.00, atr% 0.17, rc 0.55
2026-02-10 23:46:19,885 - INFO - Indicators CRUDEOILMINI: price 5796.00, vol 5.00, atr% 0.17, rc 0.55
2026-02-10 23:46:29,099 - INFO - Kite access token loaded from file.
2026-02-10 23:46:30,301 - INFO - Kite session verified for user: Anju Kumari
2026-02-10 23:46:32,689 - INFO - Dynamically fetched 212 F&O symbols.
2026-02-10 23:46:34,115 - INFO - Dynamically fetched 29 commodity symbols from MCX.
2026-02-10 23:46:34,121 - INFO - Lot sizes verified and cached from Kite.
2026-02-10 23:46:35,830 - INFO - NFO cache refreshed: 46778 instruments
2026-02-10 23:46:37,716 - INFO - MCX cache refreshed: 37947 instruments
2026-02-10 23:46:37,717 - INFO - Fetching all NSE equity instruments for token mapping...
2026-02-10 23:46:38,207 - INFO - NSE instrument map loaded: 16429 mappings
2026-02-10 23:46:38,210 - INFO - 📊 Trader Initialized. F&O Stocks: 212
2026-02-10 23:46:38,210 - INFO - 💰 Mode: PAPER. Capital: ₹250,000
2026-02-10 23:46:38,210 - INFO - 🎯 Strategy: HIGH_CONVICTION (Conf=8.5, R:R=2.0, Lots=2x)
2026-02-10 23:46:40,512 - INFO - Dynamic Telegram Chat ID detected: 8431274192
2026-02-10 23:46:40,518 - INFO - 🤖 Telegram alerts ENABLED. Chat ID: 8431274192
2026-02-10 23:46:55,834 - WARNING - [33m❌ Ignoring switch to GOLDMINI_PINE for COMMODITY instance. Staying on GOLDMINI_PINE.[0m
2026-02-10 23:46:55,835 - INFO - ⚙️ Commodity scan list prepared: 7 symbols (tokens available for 7)
2026-02-10 23:46:55,835 - WARNING - Nifty data missing for regime assessment. Defaulting to HIGH_CONVICTION.
2026-02-10 23:47:05,021 - INFO - Indicators GOLDM: price 154821.00, vol 5.00, atr% 0.13, rc 0.57
2026-02-10 23:47:05,032 - INFO - Indicators GOLDMINI: price 154821.00, vol 5.00, atr% 0.13, rc 0.57
2026-02-10 23:47:05,044 - INFO - Indicators SILVER: price 251594.00, vol 5.00, atr% 0.39, rc 0.72
2026-02-10 23:47:05,050 - INFO - Indicators SILVERM: price 258509.00, vol 5.00, atr% 0.41, rc 0.83
2026-02-10 23:47:05,053 - INFO - Indicators SILVERMIC: price 258462.00, vol 5.00, atr% 0.43, rc 0.86
2026-02-10 23:47:05,057 - INFO - Indicators CRUDEOILM: price 5802.00, vol 5.00, atr% 0.17, rc 0.70
2026-02-10 23:47:05,059 - INFO - Indicators CRUDEOILMINI: price 5802.00, vol 5.00, atr% 0.17, rc 0.70
2026-02-10 23:47:40,546 - WARNING - [33m❌ Ignoring switch to GOLDMINI_PINE for COMMODITY instance. Staying on GOLDMINI_PINE.[0m
2026-02-10 23:47:40,549 - INFO - ⚙️ Commodity scan list prepared: 7 symbols (tokens available for 7)
2026-02-10 23:47:40,549 - WARNING - Nifty data missing for regime assessment. Defaulting to HIGH_CONVICTION.
2026-02-10 23:47:50,138 - INFO - Indicators GOLDM: price 154781.00, vol 5.00, atr% 0.14, rc 0.65
2026-02-10 23:47:50,142 - INFO - Indicators GOLDMINI: price 154781.00, vol 5.00, atr% 0.14, rc 0.65
2026-02-10 23:47:50,145 - INFO - Indicators SILVER: price 251789.00, vol 5.00, atr% 0.37, rc 0.71
2026-02-10 23:47:50,148 - INFO - Indicators SILVERM: price 258618.00, vol 5.00, atr% 0.39, rc 0.75
2026-02-10 23:47:50,150 - INFO - Indicators SILVERMIC: price 258696.00, vol 5.00, atr% 0.42, rc 0.69
2026-02-10 23:47:50,153 - INFO - Indicators CRUDEOILM: price 5802.00, vol 5.00, atr% 0.17, rc 0.76
2026-02-10 23:47:50,156 - INFO - Indicators CRUDEOILMINI: price 5802.00, vol 5.00, atr% 0.17, rc 0.76
2026-02-10 23:48:07,301 - INFO - Kite access token loaded from file.
2026-02-10 23:48:08,272 - INFO - Kite session verified for user: Anju Kumari
2026-02-10 23:48:10,523 - INFO - Dynamically fetched 212 F&O symbols.
2026-02-10 23:48:12,373 - INFO - Dynamically fetched 29 commodity symbols from MCX.
2026-02-10 23:48:12,380 - INFO - Lot sizes verified and cached from Kite.
2026-02-10 23:48:14,262 - INFO - NFO cache refreshed: 46778 instruments
2026-02-10 23:48:15,676 - INFO - MCX cache refreshed: 37947 instruments
2026-02-10 23:48:15,676 - INFO - Fetching all NSE equity instruments for token mapping...
2026-02-10 23:48:16,180 - INFO - NSE instrument map loaded: 16429 mappings
2026-02-10 23:48:16,183 - INFO - 📊 Trader Initialized. F&O Stocks: 212
2026-02-10 23:48:16,183 - INFO - 💰 Mode: PAPER. Capital: ₹250,000
2026-02-10 23:48:16,183 - INFO - 🎯 Strategy: HIGH_CONVICTION (Conf=8.5, R:R=2.0, Lots=2x)
2026-02-10 23:48:18,581 - INFO - Dynamic Telegram Chat ID detected: 8431274192
2026-02-10 23:48:18,586 - INFO - 🤖 Telegram alerts ENABLED. Chat ID: 8431274192
2026-02-10 23:48:25,725 - WARNING - [33m❌ Ignoring switch to GOLDMINI_PINE for COMMODITY instance. Staying on GOLDMINI_PINE.[0m
2026-02-10 23:48:25,725 - INFO - ⚙️ Commodity scan list prepared: 7 symbols (tokens available for 7)
2026-02-10 23:48:25,725 - WARNING - Nifty data missing for regime assessment. Defaulting to HIGH_CONVICTION.
2026-02-10 23:48:35,834 - INFO - Indicators GOLDM: price 154814.00, vol 5.00, atr% 0.13, rc 0.51
2026-02-10 23:48:35,839 - INFO - Indicators GOLDMINI: price 154814.00, vol 5.00, atr% 0.13, rc 0.51
2026-02-10 23:48:35,846 - INFO - Indicators SILVER: price 251789.00, vol 5.00, atr% 0.38, rc 0.61
2026-02-10 23:48:35,862 - INFO - Indicators SILVERM: price 258795.00, vol 5.00, atr% 0.40, rc 0.68
2026-02-10 23:48:35,869 - INFO - Indicators SILVERMIC: price 258705.00, vol 5.00, atr% 0.43, rc 0.69
2026-02-10 23:48:35,875 - INFO - Indicators CRUDEOILM: price 5806.00, vol 5.00, atr% 0.18, rc 0.86
2026-02-10 23:48:35,879 - INFO - Indicators CRUDEOILMINI: price 5806.00, vol 5.00, atr% 0.18, rc 0.86
2026-02-10 23:49:11,814 - WARNING - [33m❌ Ignoring switch to GOLDMINI_PINE for COMMODITY instance. Staying on GOLDMINI_PINE.[0m
2026-02-10 23:49:11,816 - INFO - ⚙️ Commodity scan list prepared: 7 symbols (tokens available for 7)
2026-02-10 23:49:11,816 - WARNING - Nifty data missing for regime assessment. Defaulting to HIGH_CONVICTION.
2026-02-10 23:49:21,303 - INFO - Indicators GOLDM: price 154771.00, vol 5.00, atr% 0.13, rc 0.51
2026-02-10 23:49:21,307 - INFO - Indicators GOLDMINI: price 154771.00, vol 5.00, atr% 0.13, rc 0.51
2026-02-10 23:49:21,309 - INFO - Indicators SILVER: price 251550.00, vol 5.00, atr% 0.38, rc 0.64
2026-02-10 23:49:21,312 - INFO - Indicators SILVERM: price 258865.00, vol 5.00, atr% 0.40, rc 0.59
2026-02-10 23:49:21,315 - INFO - Indicators SILVERMIC: price 258746.00, vol 5.00, atr% 0.43, rc 0.63
2026-02-10 23:49:21,317 - INFO - Indicators CRUDEOILM: price 5803.00, vol 5.00, atr% 0.18, rc 0.66
2026-02-10 23:49:21,319 - INFO - Indicators CRUDEOILMINI: price 5803.00, vol 5.00, atr% 0.18, rc 0.66
2026-02-10 23:49:57,178 - WARNING - [33m❌ Ignoring switch to GOLDMINI_PINE for COMMODITY instance. Staying on GOLDMINI_PINE.[0m
2026-02-10 23:49:57,178 - INFO - ⚙️ Commodity scan list prepared: 7 symbols (tokens available for 7)
2026-02-10 23:49:57,179 - WARNING - Nifty data missing for regime assessment. Defaulting to HIGH_CONVICTION.
2026-02-10 23:50:00,274 - INFO - EOD commodity close utility running...
2026-02-10 23:50:00,274 - INFO - No commodity positions to close at EOD.
2026-02-10 23:50:06,523 - INFO - Indicators GOLDM: price 154750.00, vol 5.00, atr% 0.13, rc 0.59
2026-02-10 23:50:06,529 - INFO - Indicators GOLDMINI: price 154750.00, vol 5.00, atr% 0.13, rc 0.59
2026-02-10 23:50:06,536 - INFO - Indicators SILVER: price 251101.00, vol 5.00, atr% 0.40, rc 0.76
2026-02-10 23:50:06,540 - INFO - Indicators SILVERM: price 258434.00, vol 5.00, atr% 0.41, rc 0.74
2026-02-10 23:50:06,546 - INFO - Indicators SILVERMIC: price 258511.00, vol 5.00, atr% 0.43, rc 0.68
2026-02-10 23:50:06,551 - INFO - Indicators CRUDEOILM: price 5806.00, vol 5.00, atr% 0.19, rc 0.75
2026-02-10 23:50:06,553 - INFO - Indicators CRUDEOILMINI: price 5806.00, vol 5.00, atr% 0.19, rc 0.75
2026-02-10 23:50:42,454 - WARNING - [33m❌ Ignoring switch to GOLDMINI_PINE for COMMODITY instance. Staying on GOLDMINI_PINE.[0m
2026-02-10 23:50:42,455 - INFO - ⚙️ Commodity scan list prepared: 7 symbols (tokens available for 7)
2026-02-10 23:50:42,455 - WARNING - Nifty data missing for regime assessment. Defaulting to HIGH_CONVICTION.
2026-02-10 23:50:51,687 - INFO - Indicators GOLDM: price 154755.00, vol 5.00, atr% 0.12, rc 0.68
2026-02-10 23:50:51,690 - INFO - Indicators GOLDMINI: price 154755.00, vol 5.00, atr% 0.12, rc 0.68
2026-02-10 23:50:51,691 - INFO - Indicators SILVER: price 251400.00, vol 5.00, atr% 0.42, rc 0.72
2026-02-10 23:50:51,695 - INFO - Indicators SILVERM: price 258531.00, vol 5.00, atr% 0.40, rc 0.74
2026-02-10 23:50:51,697 - INFO - Indicators SILVERMIC: price 258749.00, vol 5.00, atr% 0.42, rc 0.64
2026-02-10 23:50:51,699 - INFO - Indicators CRUDEOILM: price 5805.00, vol 5.00, atr% 0.17, rc 0.82
2026-02-10 23:50:51,701 - INFO - Indicators CRUDEOILMINI: price 5805.00, vol 5.00, atr% 0.17, rc 0.82
2026-02-10 23:50:51,990 - INFO - Kite access token loaded from file.
2026-02-10 23:50:52,879 - INFO - Kite session verified for user: Anju Kumari
2026-02-10 23:50:53,394 - INFO - Strategy Validation - Win Rate: 26.7%, Profit Factor: 2.15
2026-02-10 23:50:57,070 - INFO - Dynamically fetched 212 F&O symbols.
2026-02-10 23:50:57,962 - INFO - ALERT SENT: SILVER NEW SIGNAL
2026-02-10 23:50:57,964 - INFO - [35mExecution Triggered for SILVER. Conf >= 7.8 and Position is Closed.[0m
2026-02-10 23:50:58,109 - ERROR - [31mFailed to execute commodity BEARISH strategy for SILVER[0m
2026-02-10 23:50:58,894 - INFO - Dynamically fetched 29 commodity symbols from MCX.
2026-02-10 23:50:58,900 - INFO - Lot sizes verified and cached from Kite.
2026-02-10 23:51:00,852 - INFO - NFO cache refreshed: 46778 instruments
2026-02-10 23:51:03,485 - INFO - MCX cache refreshed: 37947 instruments
2026-02-10 23:51:03,487 - INFO - Fetching all NSE equity instruments for token mapping...
2026-02-10 23:51:04,004 - INFO - NSE instrument map loaded: 16429 mappings
2026-02-10 23:51:04,009 - INFO - 📊 Trader Initialized. F&O Stocks: 212
2026-02-10 23:51:04,009 - INFO - 💰 Mode: PAPER. Capital: ₹250,000
2026-02-10 23:51:04,009 - INFO - 🎯 Strategy: HIGH_CONVICTION (Conf=8.5, R:R=2.0, Lots=2x)
2026-02-10 23:51:05,786 - INFO - Dynamic Telegram Chat ID detected: 8431274192
2026-02-10 23:51:05,848 - INFO - 🤖 Telegram alerts ENABLED. Chat ID: 8431274192
2026-02-10 23:51:33,191 - WARNING - [33m❌ Ignoring switch to GOLDMINI_PINE for COMMODITY instance. Staying on GOLDMINI_PINE.[0m
2026-02-10 23:51:33,198 - INFO - ⚙️ Commodity scan list prepared: 7 symbols (tokens available for 7)
2026-02-10 23:51:33,199 - WARNING - Nifty data missing for regime assessment. Defaulting to HIGH_CONVICTION.
2026-02-10 23:51:42,089 - INFO - Indicators GOLDM: price 154747.00, vol 5.00, atr% 0.13, rc 0.61
2026-02-10 23:51:42,092 - INFO - Indicators GOLDMINI: price 154747.00, vol 5.00, atr% 0.13, rc 0.61
2026-02-10 23:51:42,095 - INFO - Indicators SILVER: price 251100.00, vol 5.00, atr% 0.40, rc 0.64
2026-02-10 23:51:42,097 - INFO - Indicators SILVERM: price 258456.00, vol 5.00, atr% 0.40, rc 0.59
2026-02-10 23:51:42,099 - INFO - Indicators SILVERMIC: price 258650.00, vol 5.00, atr% 0.43, rc 0.53
2026-02-10 23:51:42,102 - INFO - Indicators CRUDEOILM: price 5804.00, vol 5.00, atr% 0.18, rc 0.49
2026-02-10 23:51:42,104 - INFO - Indicators CRUDEOILMINI: price 5804.00, vol 5.00, atr% 0.18, rc 0.49
2026-02-10 23:52:17,704 - WARNING - [33m❌ Ignoring switch to GOLDMINI_PINE for COMMODITY instance. Staying on GOLDMINI_PINE.[0m
2026-02-10 23:52:17,707 - INFO - ⚙️ Commodity scan list prepared: 7 symbols (tokens available for 7)
2026-02-10 23:52:17,707 - WARNING - Nifty data missing for regime assessment. Defaulting to HIGH_CONVICTION.
2026-02-10 23:52:27,078 - INFO - Indicators GOLDM: price 154679.00, vol 5.00, atr% 0.13, rc 0.68
2026-02-10 23:52:27,081 - INFO - Indicators GOLDMINI: price 154679.00, vol 5.00, atr% 0.13, rc 0.68
2026-02-10 23:52:27,084 - INFO - Indicators SILVER: price 251162.00, vol 5.00, atr% 0.39, rc 0.52
2026-02-10 23:52:27,086 - INFO - Indicators SILVERM: price 258499.00, vol 5.00, atr% 0.39, rc 0.58
2026-02-10 23:52:27,088 - INFO - Indicators SILVERMIC: price 258500.00, vol 5.00, atr% 0.42, rc 0.58
2026-02-10 23:52:27,090 - INFO - Indicators CRUDEOILM: price 5804.00, vol 5.00, atr% 0.18, rc 0.55
2026-02-10 23:52:27,092 - INFO - Indicators CRUDEOILMINI: price 5804.00, vol 5.00, atr% 0.18, rc 0.55
2026-02-10 23:53:02,670 - WARNING - [33m❌ Ignoring switch to GOLDMINI_PINE for COMMODITY instance. Staying on GOLDMINI_PINE.[0m
2026-02-10 23:53:02,670 - INFO - ⚙️ Commodity scan list prepared: 7 symbols (tokens available for 7)
2026-02-10 23:53:02,671 - WARNING - Nifty data missing for regime assessment. Defaulting to HIGH_CONVICTION.
2026-02-10 23:53:12,194 - INFO - Indicators GOLDM: price 154700.00, vol 5.00, atr% 0.14, rc 0.61
2026-02-10 23:53:12,197 - INFO - Indicators GOLDMINI: price 154700.00, vol 5.00, atr% 0.14, rc 0.61
2026-02-10 23:53:12,199 - INFO - Indicators SILVER: price 251200.00, vol 5.00, atr% 0.40, rc 0.67
2026-02-10 23:53:12,200 - INFO - Indicators SILVERM: price 258565.00, vol 5.00, atr% 0.39, rc 0.51
2026-02-10 23:53:12,203 - INFO - Indicators SILVERMIC: price 258700.00, vol 5.00, atr% 0.42, rc 0.50
2026-02-10 23:53:12,204 - INFO - Indicators CRUDEOILM: price 5806.00, vol 5.00, atr% 0.18, rc 0.55
2026-02-10 23:53:12,207 - INFO - Indicators CRUDEOILMINI: price 5806.00, vol 5.00, atr% 0.18, rc 0.55
2026-02-10 23:53:41,812 - WARNING - [33m❌ Ignoring switch to GOLDMINI_PINE for COMMODITY instance. Staying on GOLDMINI_PINE.[0m
2026-02-10 23:53:48,051 - WARNING - [33m❌ Ignoring switch to GOLDMINI_PINE for COMMODITY instance. Staying on GOLDMINI_PINE.[0m
2026-02-10 23:53:48,051 - INFO - ⚙️ Commodity scan list prepared: 7 symbols (tokens available for 7)
2026-02-10 23:53:48,052 - WARNING - Nifty data missing for regime assessment. Defaulting to HIGH_CONVICTION.
2026-02-10 23:53:57,875 - INFO - Indicators GOLDM: price 154740.00, vol 5.00, atr% 0.13, rc 0.58
2026-02-10 23:53:57,877 - INFO - Indicators GOLDMINI: price 154740.00, vol 5.00, atr% 0.13, rc 0.58
2026-02-10 23:53:57,880 - INFO - Indicators SILVER: price 251400.00, vol 5.00, atr% 0.39, rc 0.58
2026-02-10 23:53:57,884 - INFO - Indicators SILVERM: price 258700.00, vol 5.00, atr% 0.39, rc 0.51
2026-02-10 23:53:57,886 - INFO - Indicators SILVERMIC: price 258503.00, vol 5.00, atr% 0.42, rc 0.55
2026-02-10 23:53:57,890 - INFO - Indicators CRUDEOILM: price 5806.00, vol 5.00, atr% 0.18, rc 0.58
2026-02-10 23:53:57,893 - INFO - Indicators CRUDEOILMINI: price 5806.00, vol 5.00, atr% 0.18, rc 0.58
2026-02-10 23:54:33,469 - WARNING - [33m❌ Ignoring switch to GOLDMINI_PINE for COMMODITY instance. Staying on GOLDMINI_PINE.[0m
2026-02-10 23:54:33,470 - INFO - ⚙️ Commodity scan list prepared: 7 symbols (tokens available for 7)
2026-02-10 23:54:33,470 - WARNING - Nifty data missing for regime assessment. Defaulting to HIGH_CONVICTION.
2026-02-10 23:54:42,845 - INFO - Indicators GOLDM: price 154750.00, vol 5.00, atr% 0.13, rc 0.55
2026-02-10 23:54:42,847 - INFO - Indicators GOLDMINI: price 154750.00, vol 5.00, atr% 0.13, rc 0.55
2026-02-10 23:54:42,849 - INFO - Indicators SILVER: price 252010.00, vol 5.00, atr% 0.42, rc 0.58
2026-02-10 23:54:42,850 - INFO - Indicators SILVERM: price 259110.00, vol 5.00, atr% 0.41, rc 0.56
2026-02-10 23:54:42,852 - INFO - Indicators SILVERMIC: price 258881.00, vol 5.00, atr% 0.44, rc 0.50
2026-02-10 23:54:42,854 - INFO - Indicators CRUDEOILM: price 5804.00, vol 5.00, atr% 0.18, rc 0.52
2026-02-10 23:54:42,856 - INFO - Indicators CRUDEOILMINI: price 5804.00, vol 5.00, atr% 0.18, rc 0.52
2026-02-10 23:54:49,451 - WARNING - [33m❌ Ignoring switch to GOLDMINI_PINE for COMMODITY instance. Staying on GOLDMINI_PINE.[0m
2026-02-10 23:54:49,455 - INFO - ⚙️ Commodity scan list prepared: 7 symbols (tokens available for 7)
2026-02-10 23:54:49,455 - WARNING - Nifty data missing for regime assessment. Defaulting to HIGH_CONVICTION.
2026-02-10 23:54:59,181 - INFO - Indicators GOLDM: price 154695.00, vol 5.00, atr% 0.12, rc 0.56
2026-02-10 23:54:59,186 - INFO - Indicators GOLDMINI: price 154695.00, vol 5.00, atr% 0.12, rc 0.56
2026-02-10 23:54:59,192 - INFO - Indicators SILVER: price 252300.00, vol 5.00, atr% 0.42, rc 0.70
2026-02-10 23:54:59,199 - INFO - Indicators SILVERM: price 259110.00, vol 5.00, atr% 0.40, rc 0.68
2026-02-10 23:54:59,207 - INFO - Indicators SILVERMIC: price 259000.00, vol 5.00, atr% 0.43, rc 0.62
2026-02-10 23:54:59,212 - INFO - Indicators CRUDEOILM: price 5805.00, vol 5.00, atr% 0.18, rc 0.52
2026-02-10 23:54:59,214 - INFO - Indicators CRUDEOILMINI: price 5805.00, vol 5.00, atr% 0.18, rc 0.52
2026-02-10 23:55:34,899 - WARNING - [33m❌ Ignoring switch to GOLDMINI_PINE for COMMODITY instance. Staying on GOLDMINI_PINE.[0m
2026-02-10 23:55:34,906 - INFO - ⚙️ Commodity scan list prepared: 7 symbols (tokens available for 7)
2026-02-10 23:55:34,907 - WARNING - Nifty data missing for regime assessment. Defaulting to HIGH_CONVICTION.
2026-02-10 23:55:44,166 - INFO - Indicators GOLDM: price 154657.00, vol 5.00, atr% 0.12, rc 0.65
2026-02-10 23:55:44,169 - INFO - Indicators GOLDMINI: price 154657.00, vol 5.00, atr% 0.12, rc 0.65
2026-02-10 23:55:44,173 - INFO - Indicators SILVER: price 252300.00, vol 5.00, atr% 0.43, rc 0.74
2026-02-10 23:55:44,176 - INFO - Indicators SILVERM: price 258955.00, vol 5.00, atr% 0.41, rc 0.61
2026-02-10 23:55:44,178 - INFO - Indicators SILVERMIC: price 259395.00, vol 5.00, atr% 0.43, rc 0.71
2026-02-10 23:55:44,182 - INFO - Indicators CRUDEOILM: price 5805.00, vol 5.00, atr% 0.17, rc 0.53
2026-02-10 23:55:44,185 - INFO - Indicators CRUDEOILMINI: price 5805.00, vol 5.00, atr% 0.17, rc 0.53
2026-02-10 23:56:37,067 - INFO - Backtest complete: {'timestamp': '2026-02-10T23:56:37.064485', 'symbols_tested': 17, 'avg_win_rate': np.float64(0.0), 'total_signals': 37}
2026-02-10 23:56:37,068 - INFO - Market closed. Sleeping...
2026-02-10 23:57:35,717 - INFO - 
Ctrl+C detected. Shutting down system.
2026-02-10 23:57:35,718 - INFO - 🛑 Automatic scheduler stopped.
2026-02-11 00:28:53,202 - INFO - ╔══════════════════════════════════════════════════════════╗
2026-02-11 00:28:53,202 - INFO - ║   ULTIMATE F&O OPTIONS TRADER - LIVE READY VERSION       ║
2026-02-11 00:28:53,202 - INFO - ╚══════════════════════════════════════════════════════════╝
2026-02-11 00:28:53,236 - INFO - Kite access token loaded from file.
2026-02-11 00:28:55,107 - INFO - Kite session verified for user: Anju Kumari
2026-02-11 00:28:57,685 - INFO - Dynamically fetched 212 F&O symbols.
2026-02-11 00:28:59,569 - INFO - Dynamically fetched 29 commodity symbols from MCX.
2026-02-11 00:28:59,575 - INFO - Lot sizes verified and cached from Kite.
2026-02-11 00:29:01,506 - INFO - NFO cache refreshed: 46778 instruments
2026-02-11 00:29:03,482 - INFO - MCX cache refreshed: 37947 instruments
2026-02-11 00:29:03,482 - INFO - Fetching all NSE equity instruments for token mapping...
2026-02-11 00:29:04,228 - INFO - NSE instrument map loaded: 16429 mappings
2026-02-11 00:29:04,247 - INFO - 📊 Trader Initialized. F&O Stocks: 212
2026-02-11 00:29:04,247 - INFO - 💰 Mode: PAPER. Capital: ₹250,000
2026-02-11 00:29:04,247 - INFO - 🎯 Strategy: GOLDMINI_PINE (Conf=7.8, R:R=1.7, Lots=2x)
2026-02-11 00:29:06,530 - INFO - Dynamic Telegram Chat ID detected: 8431274192
2026-02-11 00:29:06,534 - INFO - 🤖 Telegram alerts ENABLED. Chat ID: 8431274192
2026-02-11 00:29:08,800 - WARNING - [33m❌ Ignoring switch to GOLDMINI_PINE for COMMODITY instance. Staying on GOLDMINI_PINE.[0m
2026-02-11 00:29:08,800 - INFO - [36m--- MANUAL START: Strategy forced to GOLDMINI_PINE ---[0m
2026-02-11 00:29:08,800 - INFO - [32mEmitting initial dashboard data on startup...[0m
2026-02-11 00:29:11,575 - INFO - ✅ Automatic utility schedule setup complete.
2026-02-11 00:29:11,575 - INFO - 📋 Scheduled daily audit summary at 15:20.
2026-02-11 00:29:11,575 - INFO - 🔄 Scheduled hourly broker reconciliation.
2026-02-11 00:29:11,575 - INFO - [32m🚀 Starting continuous scanner and utility threads.[0m
2026-02-11 00:29:11,576 - INFO - Market closed. Sleeping...
2026-02-11 00:29:13,512 - INFO - 🌐 Starting Dashboard at http://0.0.0.0:5024/
2026-02-11 00:29:13,512 - INFO - [32mSystem running continuously. Access dashboard at http://0.0.0.0:5024/. Press Ctrl+C to stop.[0m
2026-02-11 00:34:11,639 - INFO - Market closed. Sleeping...
2026-02-11 00:39:11,637 - INFO - Market closed. Sleeping...
2026-02-11 00:44:11,636 - INFO - Market closed. Sleeping...
2026-02-11 00:49:11,631 - INFO - Market closed. Sleeping...
2026-02-11 00:54:11,623 - INFO - Market closed. Sleeping...
2026-02-11 00:59:11,621 - INFO - Market closed. Sleeping...
2026-02-11 01:04:11,620 - INFO - Market closed. Sleeping...
2026-02-11 01:09:11,676 - INFO - Market closed. Sleeping...
2026-02-11 01:14:11,673 - INFO - Market closed. Sleeping...
2026-02-11 01:19:11,671 - INFO - Market closed. Sleeping...
2026-02-11 01:24:11,742 - INFO - Market closed. Sleeping...
2026-02-11 02:00:37,913 - INFO - Market closed. Sleeping...
2026-02-11 02:08:17,078 - INFO - Market closed. Sleeping...
2026-02-11 02:13:17,080 - INFO - Market closed. Sleeping...
2026-02-11 02:15:23,060 - WARNING - [33m❌ Ignoring switch to GOLDMINI_PINE for COMMODITY instance. Staying on GOLDMINI_PINE.[0m
2026-02-11 02:18:17,081 - INFO - Market closed. Sleeping...
2026-02-11 02:23:17,081 - INFO - Market closed. Sleeping...
2026-02-11 02:28:17,086 - INFO - Market closed. Sleeping...
2026-02-11 02:33:17,086 - INFO - Market closed. Sleeping...
2026-02-11 02:38:17,092 - INFO - Market closed. Sleeping...
2026-02-11 03:47:10,318 - INFO - Market closed. Sleeping...
2026-02-11 07:20:53,718 - INFO - Market closed. Sleeping...
2026-02-11 10:45:18,113 - WARNING - [33m❌ Ignoring switch to GOLDMINI_PINE for COMMODITY instance. Staying on GOLDMINI_PINE.[0m
2026-02-11 10:45:30,859 - WARNING - [33m❌ Ignoring switch to GOLDMINI_PINE for COMMODITY instance. Staying on GOLDMINI_PINE.[0m
2026-02-11 10:45:30,860 - INFO - ⚙️ Commodity scan list prepared: 7 symbols (tokens available for 7)
2026-02-11 10:45:30,860 - WARNING - Nifty data missing for regime assessment. Defaulting to HIGH_CONVICTION.
2026-02-11 10:45:41,731 - ERROR - API error for GOLDM (Attempt 1): Incorrect `api_key` or `access_token`.
2026-02-11 10:45:46,010 - ERROR - API error for GOLDM (Attempt 2): Incorrect `api_key` or `access_token`.
2026-02-11 10:45:50,498 - ERROR - API error for GOLDMINI (Attempt 1): Incorrect `api_key` or `access_token`.
2026-02-11 10:45:54,535 - ERROR - API error for GOLDMINI (Attempt 2): Incorrect `api_key` or `access_token`.
2026-02-11 10:45:57,836 - ERROR - API error for SILVER (Attempt 1): Incorrect `api_key` or `access_token`.
2026-02-11 10:46:10,096 - ERROR - API error for SILVER (Attempt 2): HTTPSConnectionPool(host='api.kite.trade', port=443): Read timed out.
2026-02-11 10:46:12,527 - INFO - Kite access token loaded from file.
2026-02-11 10:46:18,531 - ERROR - API error for SILVERM (Attempt 1): Incorrect `api_key` or `access_token`.
2026-02-11 10:46:18,829 - WARNING - Existing Kite token is expired or invalid. Error: Incorrect `api_key` or `access_token`.
2026-02-11 10:46:18,830 - WARNING - Kite token not found or expired. Authorization required.
2026-02-11 10:46:21,468 - INFO - Kite session generated successfully.
2026-02-11 10:46:22,578 - ERROR - API error for SILVERM (Attempt 2): Incorrect `api_key` or `access_token`.
2026-02-11 10:46:36,743 - WARNING - [33m❌ Ignoring switch to GOLDMINI_PINE for COMMODITY instance. Staying on GOLDMINI_PINE.[0m
2026-02-11 10:46:36,743 - INFO - ⚙️ Commodity scan list prepared: 7 symbols (tokens available for 7)
2026-02-11 10:46:36,744 - WARNING - Nifty data missing for regime assessment. Defaulting to HIGH_CONVICTION.
2026-02-11 10:46:38,365 - WARNING - [33m❌ Ignoring switch to GOLDMINI_PINE for COMMODITY instance. Staying on GOLDMINI_PINE.[0m
2026-02-11 10:46:59,821 - INFO - 
Ctrl+C detected. Shutting down system.
2026-02-11 10:46:59,823 - INFO - 🛑 Automatic scheduler stopped.
2026-02-11 10:47:19,717 - INFO - ╔══════════════════════════════════════════════════════════╗
2026-02-11 10:47:19,717 - INFO - ║   ULTIMATE F&O OPTIONS TRADER - LIVE READY VERSION       ║
2026-02-11 10:47:19,717 - INFO - ╚══════════════════════════════════════════════════════════╝
2026-02-11 10:47:19,763 - INFO - Kite access token loaded from file.
2026-02-11 10:47:20,903 - INFO - Kite session verified for user: Anju Kumari
2026-02-11 10:47:30,662 - INFO - Dynamically fetched 212 F&O symbols.
2026-02-11 10:47:41,740 - INFO - Dynamically fetched 29 commodity symbols from MCX.
2026-02-11 10:47:41,746 - INFO - Lot sizes verified and cached from Kite.
2026-02-11 10:47:48,850 - INFO - NFO cache refreshed: 47312 instruments
2026-02-11 10:47:55,265 - INFO - MCX cache refreshed: 37951 instruments
2026-02-11 10:47:55,266 - INFO - Fetching all NSE equity instruments for token mapping...
2026-02-11 10:47:58,288 - INFO - NSE instrument map loaded: 16439 mappings
2026-02-11 10:47:58,293 - INFO - 📊 Trader Initialized. F&O Stocks: 212
2026-02-11 10:47:58,293 - INFO - 💰 Mode: PAPER. Capital: ₹250,000
2026-02-11 10:47:58,293 - INFO - 🎯 Strategy: GOLDMINI_PINE (Conf=7.8, R:R=1.7, Lots=2x)
2026-02-11 10:48:00,839 - INFO - Dynamic Telegram Chat ID detected: 8431274192
2026-02-11 10:48:00,847 - INFO - 🤖 Telegram alerts ENABLED. Chat ID: 8431274192
2026-02-11 10:48:12,192 - WARNING - [33m❌ Ignoring switch to GOLDMINI_PINE for COMMODITY instance. Staying on GOLDMINI_PINE.[0m
2026-02-11 10:48:12,195 - INFO - [36m--- MANUAL START: Strategy forced to GOLDMINI_PINE ---[0m
2026-02-11 10:48:12,195 - INFO - [32mEmitting initial dashboard data on startup...[0m
2026-02-11 10:48:15,798 - INFO - ✅ Automatic utility schedule setup complete.
2026-02-11 10:48:15,799 - INFO - 📋 Scheduled daily audit summary at 15:20.
2026-02-11 10:48:15,799 - INFO - 🔄 Scheduled hourly broker reconciliation.
2026-02-11 10:48:15,799 - INFO - [32m🚀 Starting continuous scanner and utility threads.[0m
2026-02-11 10:48:15,800 - WARNING - [33m❌ Ignoring switch to GOLDMINI_PINE for COMMODITY instance. Staying on GOLDMINI_PINE.[0m
2026-02-11 10:48:15,803 - INFO - ⚙️ Commodity scan list prepared: 8 symbols (tokens available for 8)
2026-02-11 10:48:15,804 - WARNING - Nifty data missing for regime assessment. Defaulting to HIGH_CONVICTION.
2026-02-11 10:48:19,339 - INFO - 🌐 Starting Dashboard at http://0.0.0.0:5024/
2026-02-11 10:48:19,343 - INFO - [32mSystem running continuously. Access dashboard at http://0.0.0.0:5024/. Press Ctrl+C to stop.[0m
2026-02-11 10:48:34,495 - WARNING - [33m❌ Ignoring switch to GOLDMINI_PINE for COMMODITY instance. Staying on GOLDMINI_PINE.[0m
2026-02-11 10:48:34,501 - INFO - ⚙️ Commodity scan list prepared: 8 symbols (tokens available for 8)
2026-02-11 10:48:34,502 - WARNING - Nifty data missing for regime assessment. Defaulting to HIGH_CONVICTION.
2026-02-11 10:49:23,517 - WARNING - [33m❌ Ignoring switch to GOLDMINI_PINE for COMMODITY instance. Staying on GOLDMINI_PINE.[0m
2026-02-11 10:49:23,519 - INFO - ⚙️ Commodity scan list prepared: 8 symbols (tokens available for 8)
2026-02-11 10:49:23,519 - WARNING - Nifty data missing for regime assessment. Defaulting to HIGH_CONVICTION.
2026-02-11 10:50:17,847 - WARNING - [33m❌ Ignoring switch to GOLDMINI_PINE for COMMODITY instance. Staying on GOLDMINI_PINE.[0m
2026-02-11 10:50:17,849 - INFO - ⚙️ Commodity scan list prepared: 8 symbols (tokens available for 8)
2026-02-11 10:50:17,849 - WARNING - Nifty data missing for regime assessment. Defaulting to HIGH_CONVICTION.
2026-02-11 10:51:20,332 - WARNING - [33m❌ Ignoring switch to GOLDMINI_PINE for COMMODITY instance. Staying on GOLDMINI_PINE.[0m
2026-02-11 10:51:20,333 - INFO - ⚙️ Commodity scan list prepared: 8 symbols (tokens available for 8)
2026-02-11 10:51:20,333 - WARNING - Nifty data missing for regime assessment. Defaulting to HIGH_CONVICTION.
2026-02-11 10:51:35,321 - ERROR - API error for SILVER (Attempt 1): HTTPSConnectionPool(host='api.kite.trade', port=443): Read timed out. (read timeout=7)
2026-02-11 10:51:50,578 - ERROR - API error for SILVER (Attempt 2): HTTPSConnectionPool(host='api.kite.trade', port=443): Read timed out. (read timeout=7)
2026-02-11 10:53:05,958 - WARNING - [33m❌ Ignoring switch to GOLDMINI_PINE for COMMODITY instance. Staying on GOLDMINI_PINE.[0m
2026-02-11 10:53:05,960 - INFO - ⚙️ Commodity scan list prepared: 8 symbols (tokens available for 8)
2026-02-11 10:53:05,960 - WARNING - Nifty data missing for regime assessment. Defaulting to HIGH_CONVICTION.
2026-02-11 10:54:04,528 - WARNING - [33m❌ Ignoring switch to GOLDMINI_PINE for COMMODITY instance. Staying on GOLDMINI_PINE.[0m
2026-02-11 10:54:04,529 - INFO - ⚙️ Commodity scan list prepared: 8 symbols (tokens available for 8)
2026-02-11 10:54:04,529 - WARNING - Nifty data missing for regime assessment. Defaulting to HIGH_CONVICTION.
2026-02-11 10:54:11,594 - ERROR - API error for GOLDM (Attempt 1): HTTPSConnectionPool(host='api.kite.trade', port=443): Read timed out. (read timeout=7)
2026-02-11 10:54:27,393 - ERROR - API error for GOLDM (Attempt 2): ('Connection aborted.', ConnectionResetError(54, 'Connection reset by peer'))
2026-02-11 10:55:19,203 - WARNING - [33m❌ Ignoring switch to GOLDMINI_PINE for COMMODITY instance. Staying on GOLDMINI_PINE.[0m
2026-02-11 10:55:19,203 - INFO - ⚙️ Commodity scan list prepared: 8 symbols (tokens available for 8)
2026-02-11 10:55:19,203 - WARNING - Nifty data missing for regime assessment. Defaulting to HIGH_CONVICTION.
2026-02-11 10:56:08,193 - WARNING - [33m❌ Ignoring switch to GOLDMINI_PINE for COMMODITY instance. Staying on GOLDMINI_PINE.[0m
2026-02-11 10:56:08,195 - INFO - ⚙️ Commodity scan list prepared: 8 symbols (tokens available for 8)
2026-02-11 10:56:08,195 - WARNING - Nifty data missing for regime assessment. Defaulting to HIGH_CONVICTION.
2026-02-11 10:56:58,438 - WARNING - [33m❌ Ignoring switch to GOLDMINI_PINE for COMMODITY instance. Staying on GOLDMINI_PINE.[0m
2026-02-11 10:56:58,439 - INFO - ⚙️ Commodity scan list prepared: 8 symbols (tokens available for 8)
2026-02-11 10:56:58,439 - WARNING - Nifty data missing for regime assessment. Defaulting to HIGH_CONVICTION.
2026-02-11 10:57:15,060 - ERROR - API error for SILVER (Attempt 1): HTTPSConnectionPool(host='api.kite.trade', port=443): Read timed out. (read timeout=7)
2026-02-11 10:57:29,004 - ERROR - API error for SILVER (Attempt 2): HTTPSConnectionPool(host='api.kite.trade', port=443): Read timed out. (read timeout=7)
2026-02-11 10:58:14,512 - ERROR - API error for SILVERMIC (Attempt 1): HTTPSConnectionPool(host='api.kite.trade', port=443): Read timed out. (read timeout=7)
2026-02-11 10:58:29,877 - ERROR - API error for SILVERMIC (Attempt 2): HTTPSConnectionPool(host='api.kite.trade', port=443): Max retries exceeded with url: /instruments/historical/117326087/5minute?from=2026-02-11+05%3A56%3A58&to=2026-02-11+10%3A56%3A58&interval=5minute&continuous=0&oi=0 (Caused by ConnectTimeoutError(<urllib3.connection.HTTPSConnection object at 0x1314b5ba0>, 'Connection to api.kite.trade timed out. (connect timeout=7)'))
2026-02-11 10:58:38,290 - ERROR - API error for CRUDEOILM (Attempt 1): ('Connection aborted.', ConnectionResetError(54, 'Connection reset by peer'))
2026-02-11 10:58:47,633 - ERROR - API error for CRUDEOILM (Attempt 2): HTTPSConnectionPool(host='api.kite.trade', port=443): Read timed out. (read timeout=7)
2026-02-11 10:58:59,778 - ERROR - API error for CRUDEOILMINI (Attempt 1): HTTPSConnectionPool(host='api.kite.trade', port=443): Read timed out. (read timeout=7)
2026-02-11 10:59:15,006 - ERROR - API error for CRUDEOILMINI (Attempt 2): HTTPSConnectionPool(host='api.kite.trade', port=443): Max retries exceeded with url: /instruments/historical/119555591/5minute?from=2026-02-11+05%3A56%3A58&to=2026-02-11+10%3A56%3A58&interval=5minute&continuous=0&oi=0 (Caused by ConnectTimeoutError(<urllib3.connection.HTTPSConnection object at 0x1314b6cb0>, 'Connection to api.kite.trade timed out. (connect timeout=7)'))
2026-02-11 10:59:29,266 - ERROR - API error for NATGASMINI (Attempt 1): HTTPSConnectionPool(host='api.kite.trade', port=443): Read timed out. (read timeout=7)
2026-02-11 10:59:38,974 - ERROR - API error for NATGASMINI (Attempt 2): ('Connection aborted.', ConnectionResetError(54, 'Connection reset by peer'))
2026-02-11 11:01:18,487 - WARNING - [33m❌ Ignoring switch to GOLDMINI_PINE for COMMODITY instance. Staying on GOLDMINI_PINE.[0m
2026-02-11 11:01:18,489 - INFO - ⚙️ Commodity scan list prepared: 8 symbols (tokens available for 8)
2026-02-11 11:01:18,489 - WARNING - Nifty data missing for regime assessment. Defaulting to HIGH_CONVICTION.
2026-02-11 11:01:32,577 - ERROR - API error for GOLDM (Attempt 1): HTTPSConnectionPool(host='api.kite.trade', port=443): Max retries exceeded with url: /instruments/historical/121031943/5minute?from=2026-02-11+06%3A01%3A18&to=2026-02-11+11%3A01%3A18&interval=5minute&continuous=0&oi=0 (Caused by ConnectTimeoutError(<urllib3.connection.HTTPSConnection object at 0x131463580>, 'Connection to api.kite.trade timed out. (connect timeout=7)'))
2026-02-11 11:01:52,243 - ERROR - API error for GOLDM (Attempt 2): HTTPSConnectionPool(host='api.kite.trade', port=443): Read timed out. (read timeout=7)
2026-02-11 11:02:07,305 - ERROR - API error for GOLDMINI (Attempt 1): HTTPSConnectionPool(host='api.kite.trade', port=443): Max retries exceeded with url: /instruments/historical/121031943/5minute?from=2026-02-11+06%3A01%3A18&to=2026-02-11+11%3A01%3A18&interval=5minute&continuous=0&oi=0 (Caused by ConnectTimeoutError(<urllib3.connection.HTTPSConnection object at 0x1314608b0>, 'Connection to api.kite.trade timed out. (connect timeout=7)'))
2026-02-11 11:02:15,317 - ERROR - API error for GOLDMINI (Attempt 2): HTTPSConnectionPool(host='api.kite.trade', port=443): Read timed out. (read timeout=7)
2026-02-11 11:02:30,422 - ERROR - API error for SILVER (Attempt 1): HTTPSConnectionPool(host='api.kite.trade', port=443): Max retries exceeded with url: /instruments/historical/115626503/5minute?from=2026-02-11+06%3A01%3A18&to=2026-02-11+11%3A01%3A18&interval=5minute&continuous=0&oi=0 (Caused by ConnectTimeoutError(<urllib3.connection.HTTPSConnection object at 0x1314c4ca0>, 'Connection to api.kite.trade timed out. (connect timeout=7)'))
2026-02-11 11:02:45,198 - ERROR - API error for SILVER (Attempt 2): HTTPSConnectionPool(host='api.kite.trade', port=443): Read timed out. (read timeout=7)
2026-02-11 11:03:11,314 - ERROR - API error for SILVERM (Attempt 1): HTTPSConnectionPool(host='api.kite.trade', port=443): Read timed out. (read timeout=7)
2026-02-11 11:03:23,120 - ERROR - API error for SILVERM (Attempt 2): ('Connection aborted.', ConnectionResetError(54, 'Connection reset by peer'))
2026-02-11 11:03:40,503 - WARNING - [33m❌ Ignoring switch to GOLDMINI_PINE for COMMODITY instance. Staying on GOLDMINI_PINE.[0m
2026-02-11 11:03:40,505 - INFO - ⚙️ Commodity scan list prepared: 8 symbols (tokens available for 8)
2026-02-11 11:03:40,505 - WARNING - Nifty data missing for regime assessment. Defaulting to HIGH_CONVICTION.
2026-02-11 11:04:28,562 - WARNING - [33m❌ Ignoring switch to GOLDMINI_PINE for COMMODITY instance. Staying on GOLDMINI_PINE.[0m
2026-02-11 11:04:28,564 - INFO - ⚙️ Commodity scan list prepared: 8 symbols (tokens available for 8)
2026-02-11 11:04:28,564 - WARNING - Nifty data missing for regime assessment. Defaulting to HIGH_CONVICTION.
2026-02-11 11:05:17,014 - WARNING - [33m❌ Ignoring switch to GOLDMINI_PINE for COMMODITY instance. Staying on GOLDMINI_PINE.[0m
2026-02-11 11:05:17,016 - INFO - ⚙️ Commodity scan list prepared: 8 symbols (tokens available for 8)
2026-02-11 11:05:17,016 - WARNING - Nifty data missing for regime assessment. Defaulting to HIGH_CONVICTION.
2026-02-11 11:06:06,432 - WARNING - [33m❌ Ignoring switch to GOLDMINI_PINE for COMMODITY instance. Staying on GOLDMINI_PINE.[0m
2026-02-11 11:06:06,433 - INFO - ⚙️ Commodity scan list prepared: 8 symbols (tokens available for 8)
2026-02-11 11:06:06,434 - WARNING - Nifty data missing for regime assessment. Defaulting to HIGH_CONVICTION.
2026-02-11 11:06:55,967 - WARNING - [33m❌ Ignoring switch to GOLDMINI_PINE for COMMODITY instance. Staying on GOLDMINI_PINE.[0m
2026-02-11 11:06:55,968 - INFO - ⚙️ Commodity scan list prepared: 8 symbols (tokens available for 8)
2026-02-11 11:06:55,968 - WARNING - Nifty data missing for regime assessment. Defaulting to HIGH_CONVICTION.
2026-02-11 11:07:49,587 - WARNING - [33m❌ Ignoring switch to GOLDMINI_PINE for COMMODITY instance. Staying on GOLDMINI_PINE.[0m
2026-02-11 11:07:49,588 - INFO - ⚙️ Commodity scan list prepared: 8 symbols (tokens available for 8)
2026-02-11 11:07:49,589 - WARNING - Nifty data missing for regime assessment. Defaulting to HIGH_CONVICTION.
2026-02-11 11:08:14,784 - ERROR - API error for CRUDEOILMINI (Attempt 1): HTTPSConnectionPool(host='api.kite.trade', port=443): Read timed out. (read timeout=7)
2026-02-11 11:08:35,050 - ERROR - API error for CRUDEOILMINI (Attempt 2): HTTPSConnectionPool(host='api.kite.trade', port=443): Max retries exceeded with url: /instruments/historical/119555591/5minute?from=2026-02-11+06%3A07%3A49&to=2026-02-11+11%3A07%3A49&interval=5minute&continuous=0&oi=0 (Caused by ConnectTimeoutError(<urllib3.connection.HTTPSConnection object at 0x1314c7610>, 'Connection to api.kite.trade timed out. (connect timeout=7)'))
2026-02-11 11:09:18,615 - WARNING - [33m❌ Ignoring switch to GOLDMINI_PINE for COMMODITY instance. Staying on GOLDMINI_PINE.[0m
2026-02-11 11:09:18,616 - INFO - ⚙️ Commodity scan list prepared: 8 symbols (tokens available for 8)
2026-02-11 11:09:18,616 - WARNING - Nifty data missing for regime assessment. Defaulting to HIGH_CONVICTION.
2026-02-11 11:09:25,623 - ERROR - API error for GOLDM (Attempt 1): HTTPSConnectionPool(host='api.kite.trade', port=443): Read timed out. (read timeout=7)
2026-02-11 11:09:36,884 - ERROR - API error for GOLDM (Attempt 2): HTTPSConnectionPool(host='api.kite.trade', port=443): Read timed out. (read timeout=7)
2026-02-11 11:10:31,937 - WARNING - [33m❌ Ignoring switch to GOLDMINI_PINE for COMMODITY instance. Staying on GOLDMINI_PINE.[0m
2026-02-11 11:10:31,939 - INFO - ⚙️ Commodity scan list prepared: 8 symbols (tokens available for 8)
2026-02-11 11:10:31,939 - WARNING - Nifty data missing for regime assessment. Defaulting to HIGH_CONVICTION.
2026-02-11 11:11:10,124 - ERROR - API error for CRUDEOILMINI (Attempt 1): HTTPSConnectionPool(host='api.kite.trade', port=443): Read timed out. (read timeout=7)
2026-02-11 11:11:24,922 - ERROR - API error for CRUDEOILMINI (Attempt 2): ('Connection aborted.', ConnectionResetError(54, 'Connection reset by peer'))
2026-02-11 11:11:39,082 - ERROR - API error for NATGASMINI (Attempt 1): ('Connection aborted.', ConnectionResetError(54, 'Connection reset by peer'))
2026-02-11 11:11:50,898 - ERROR - API error for NATGASMINI (Attempt 2): ('Connection aborted.', ConnectionResetError(54, 'Connection reset by peer'))
2026-02-11 11:12:33,186 - WARNING - [33m❌ Ignoring switch to GOLDMINI_PINE for COMMODITY instance. Staying on GOLDMINI_PINE.[0m
2026-02-11 11:12:33,187 - INFO - ⚙️ Commodity scan list prepared: 8 symbols (tokens available for 8)
2026-02-11 11:12:33,187 - WARNING - Nifty data missing for regime assessment. Defaulting to HIGH_CONVICTION.
2026-02-11 11:12:47,282 - ERROR - API error for GOLDMINI (Attempt 1): HTTPSConnectionPool(host='api.kite.trade', port=443): Read timed out. (read timeout=7)
2026-02-11 11:13:46,690 - ERROR - API error for NATGASMINI (Attempt 1): HTTPSConnectionPool(host='api.kite.trade', port=443): Read timed out.
2026-02-11 11:13:54,764 - ERROR - API error for NATGASMINI (Attempt 2): ('Connection aborted.', ConnectionResetError(54, 'Connection reset by peer'))
2026-02-11 11:14:34,654 - WARNING - [33m❌ Ignoring switch to GOLDMINI_PINE for COMMODITY instance. Staying on GOLDMINI_PINE.[0m
2026-02-11 11:14:34,657 - INFO - ⚙️ Commodity scan list prepared: 8 symbols (tokens available for 8)
2026-02-11 11:14:34,657 - WARNING - Nifty data missing for regime assessment. Defaulting to HIGH_CONVICTION.
2026-02-11 11:14:54,807 - ERROR - API error for SILVERM (Attempt 1): HTTPSConnectionPool(host='api.kite.trade', port=443): Read timed out. (read timeout=7)
2026-02-11 11:15:03,775 - ERROR - API error for SILVERM (Attempt 2): ('Connection aborted.', ConnectionResetError(54, 'Connection reset by peer'))
2026-02-11 11:15:14,508 - ERROR - API error for SILVERMIC (Attempt 1): ('Connection aborted.', ConnectionResetError(54, 'Connection reset by peer'))
2026-02-11 11:15:23,815 - ERROR - API error for SILVERMIC (Attempt 2): ('Connection aborted.', ConnectionResetError(54, 'Connection reset by peer'))
2026-02-11 11:15:34,205 - ERROR - API error for CRUDEOILM (Attempt 1): ('Connection aborted.', ConnectionResetError(54, 'Connection reset by peer'))
2026-02-11 11:16:16,672 - WARNING - [33m❌ Ignoring switch to GOLDMINI_PINE for COMMODITY instance. Staying on GOLDMINI_PINE.[0m
2026-02-11 11:16:16,674 - INFO - ⚙️ Commodity scan list prepared: 8 symbols (tokens available for 8)
2026-02-11 11:16:16,674 - WARNING - Nifty data missing for regime assessment. Defaulting to HIGH_CONVICTION.
2026-02-11 11:16:43,846 - ERROR - API error for SILVERM (Attempt 1): HTTPSConnectionPool(host='api.kite.trade', port=443): Read timed out. (read timeout=7)
2026-02-11 11:16:58,932 - ERROR - API error for SILVERM (Attempt 2): HTTPSConnectionPool(host='api.kite.trade', port=443): Max retries exceeded with url: /instruments/historical/115627271/5minute?from=2026-02-11+06%3A16%3A16&to=2026-02-11+11%3A16%3A16&interval=5minute&continuous=0&oi=0 (Caused by ConnectTimeoutError(<urllib3.connection.HTTPSConnection object at 0x1314adf90>, 'Connection to api.kite.trade timed out. (connect timeout=7)'))
2026-02-11 11:17:14,045 - ERROR - API error for SILVERMIC (Attempt 1): HTTPSConnectionPool(host='api.kite.trade', port=443): Max retries exceeded with url: /instruments/historical/117326087/5minute?from=2026-02-11+06%3A16%3A16&to=2026-02-11+11%3A16%3A16&interval=5minute&continuous=0&oi=0 (Caused by ConnectTimeoutError(<urllib3.connection.HTTPSConnection object at 0x1314b68c0>, 'Connection to api.kite.trade timed out. (connect timeout=7)'))
2026-02-11 11:17:29,126 - ERROR - API error for SILVERMIC (Attempt 2): HTTPSConnectionPool(host='api.kite.trade', port=443): Max retries exceeded with url: /instruments/historical/117326087/5minute?from=2026-02-11+06%3A16%3A16&to=2026-02-11+11%3A16%3A16&interval=5minute&continuous=0&oi=0 (Caused by ConnectTimeoutError(<urllib3.connection.HTTPSConnection object at 0x1314afaf0>, 'Connection to api.kite.trade timed out. (connect timeout=7)'))
2026-02-11 11:17:44,160 - ERROR - API error for CRUDEOILM (Attempt 1): HTTPSConnectionPool(host='api.kite.trade', port=443): Max retries exceeded with url: /instruments/historical/119555591/5minute?from=2026-02-11+06%3A16%3A16&to=2026-02-11+11%3A16%3A16&interval=5minute&continuous=0&oi=0 (Caused by ConnectTimeoutError(<urllib3.connection.HTTPSConnection object at 0x1314ac880>, 'Connection to api.kite.trade timed out. (connect timeout=7)'))
2026-02-11 11:17:59,318 - ERROR - API error for CRUDEOILM (Attempt 2): HTTPSConnectionPool(host='api.kite.trade', port=443): Max retries exceeded with url: /instruments/historical/119555591/5minute?from=2026-02-11+06%3A16%3A16&to=2026-02-11+11%3A16%3A16&interval=5minute&continuous=0&oi=0 (Caused by ConnectTimeoutError(<urllib3.connection.HTTPSConnection object at 0x1314b5750>, 'Connection to api.kite.trade timed out. (connect timeout=7)'))
2026-02-11 11:18:14,379 - ERROR - API error for CRUDEOILMINI (Attempt 1): HTTPSConnectionPool(host='api.kite.trade', port=443): Max retries exceeded with url: /instruments/historical/119555591/5minute?from=2026-02-11+06%3A16%3A16&to=2026-02-11+11%3A16%3A16&interval=5minute&continuous=0&oi=0 (Caused by ConnectTimeoutError(<urllib3.connection.HTTPSConnection object at 0x1314b6110>, 'Connection to api.kite.trade timed out. (connect timeout=7)'))
2026-02-11 11:18:25,423 - ERROR - API error for CRUDEOILMINI (Attempt 2): ('Connection aborted.', ConnectionResetError(54, 'Connection reset by peer'))
2026-02-11 11:18:40,516 - ERROR - API error for NATGASMINI (Attempt 1): HTTPSConnectionPool(host='api.kite.trade', port=443): Max retries exceeded with url: /instruments/historical/119650823/5minute?from=2026-02-11+06%3A16%3A16&to=2026-02-11+11%3A16%3A16&interval=5minute&continuous=0&oi=0 (Caused by ConnectTimeoutError(<urllib3.connection.HTTPSConnection object at 0x1314ac7c0>, 'Connection to api.kite.trade timed out. (connect timeout=7)'))
2026-02-11 11:18:55,603 - ERROR - API error for NATGASMINI (Attempt 2): HTTPSConnectionPool(host='api.kite.trade', port=443): Max retries exceeded with url: /instruments/historical/119650823/5minute?from=2026-02-11+06%3A16%3A16&to=2026-02-11+11%3A16%3A16&interval=5minute&continuous=0&oi=0 (Caused by ConnectTimeoutError(<urllib3.connection.HTTPSConnection object at 0x1314b76d0>, 'Connection to api.kite.trade timed out. (connect timeout=7)'))
2026-02-11 11:20:39,476 - WARNING - [33m❌ Ignoring switch to GOLDMINI_PINE for COMMODITY instance. Staying on GOLDMINI_PINE.[0m
2026-02-11 11:20:39,478 - INFO - ⚙️ Commodity scan list prepared: 8 symbols (tokens available for 8)
2026-02-11 11:20:39,478 - WARNING - Nifty data missing for regime assessment. Defaulting to HIGH_CONVICTION.
2026-02-11 11:20:53,552 - ERROR - API error for GOLDM (Attempt 1): HTTPSConnectionPool(host='api.kite.trade', port=443): Max retries exceeded with url: /instruments/historical/121031943/5minute?from=2026-02-11+06%3A20%3A39&to=2026-02-11+11%3A20%3A39&interval=5minute&continuous=0&oi=0 (Caused by ConnectTimeoutError(<urllib3.connection.HTTPSConnection object at 0x1314b5e40>, 'Connection to api.kite.trade timed out. (connect timeout=7)'))
2026-02-11 11:21:13,596 - ERROR - API error for GOLDM (Attempt 2): HTTPSConnectionPool(host='api.kite.trade', port=443): Max retries exceeded with url: /instruments/historical/121031943/5minute?from=2026-02-11+06%3A20%3A39&to=2026-02-11+11%3A20%3A39&interval=5minute&continuous=0&oi=0 (Caused by ConnectTimeoutError(<urllib3.connection.HTTPSConnection object at 0x1314ae9b0>, 'Connection to api.kite.trade timed out. (connect timeout=7)'))
2026-02-11 11:21:28,667 - ERROR - API error for GOLDMINI (Attempt 1): HTTPSConnectionPool(host='api.kite.trade', port=443): Max retries exceeded with url: /instruments/historical/121031943/5minute?from=2026-02-11+06%3A20%3A39&to=2026-02-11+11%3A20%3A39&interval=5minute&continuous=0&oi=0 (Caused by ConnectTimeoutError(<urllib3.connection.HTTPSConnection object at 0x1314b7670>, 'Connection to api.kite.trade timed out. (connect timeout=7)'))
2026-02-11 11:21:43,755 - ERROR - API error for GOLDMINI (Attempt 2): HTTPSConnectionPool(host='api.kite.trade', port=443): Max retries exceeded with url: /instruments/historical/121031943/5minute?from=2026-02-11+06%3A20%3A39&to=2026-02-11+11%3A20%3A39&interval=5minute&continuous=0&oi=0 (Caused by ConnectTimeoutError(<urllib3.connection.HTTPSConnection object at 0x1314adc60>, 'Connection to api.kite.trade timed out. (connect timeout=7)'))
2026-02-11 11:22:13,139 - ERROR - API error for SILVERM (Attempt 1): HTTPSConnectionPool(host='api.kite.trade', port=443): Read timed out. (read timeout=7)
2026-02-11 11:22:28,157 - ERROR - API error for SILVERM (Attempt 2): HTTPSConnectionPool(host='api.kite.trade', port=443): Max retries exceeded with url: /instruments/historical/115627271/5minute?from=2026-02-11+06%3A20%3A39&to=2026-02-11+11%3A20%3A39&interval=5minute&continuous=0&oi=0 (Caused by ConnectTimeoutError(<urllib3.connection.HTTPSConnection object at 0x1314ae410>, 'Connection to api.kite.trade timed out. (connect timeout=7)'))
2026-02-11 11:22:43,215 - ERROR - API error for SILVERMIC (Attempt 1): HTTPSConnectionPool(host='api.kite.trade', port=443): Max retries exceeded with url: /instruments/historical/117326087/5minute?from=2026-02-11+06%3A20%3A39&to=2026-02-11+11%3A20%3A39&interval=5minute&continuous=0&oi=0 (Caused by ConnectTimeoutError(<urllib3.connection.HTTPSConnection object at 0x1314c7040>, 'Connection to api.kite.trade timed out. (connect timeout=7)'))
2026-02-11 11:22:58,115 - ERROR - API error for SILVERMIC (Attempt 2): HTTPSConnectionPool(host='api.kite.trade', port=443): Read timed out. (read timeout=7)
2026-02-11 11:23:13,305 - ERROR - API error for CRUDEOILM (Attempt 1): HTTPSConnectionPool(host='api.kite.trade', port=443): Max retries exceeded with url: /instruments/historical/119555591/5minute?from=2026-02-11+06%3A20%3A39&to=2026-02-11+11%3A20%3A39&interval=5minute&continuous=0&oi=0 (Caused by ConnectTimeoutError(<urllib3.connection.HTTPSConnection object at 0x1314b5ba0>, 'Connection to api.kite.trade timed out. (connect timeout=7)'))
2026-02-11 11:23:28,402 - ERROR - API error for CRUDEOILM (Attempt 2): HTTPSConnectionPool(host='api.kite.trade', port=443): Max retries exceeded with url: /instruments/historical/119555591/5minute?from=2026-02-11+06%3A20%3A39&to=2026-02-11+11%3A20%3A39&interval=5minute&continuous=0&oi=0 (Caused by ConnectTimeoutError(<urllib3.connection.HTTPSConnection object at 0x131461300>, 'Connection to api.kite.trade timed out. (connect timeout=7)'))
2026-02-11 11:23:43,704 - ERROR - API error for CRUDEOILMINI (Attempt 1): HTTPSConnectionPool(host='api.kite.trade', port=443): Max retries exceeded with url: /instruments/historical/119555591/5minute?from=2026-02-11+06%3A20%3A39&to=2026-02-11+11%3A20%3A39&interval=5minute&continuous=0&oi=0 (Caused by ConnectTimeoutError(<urllib3.connection.HTTPSConnection object at 0x1314afb20>, 'Connection to api.kite.trade timed out. (connect timeout=7)'))
2026-02-11 11:23:58,826 - ERROR - API error for CRUDEOILMINI (Attempt 2): HTTPSConnectionPool(host='api.kite.trade', port=443): Max retries exceeded with url: /instruments/historical/119555591/5minute?from=2026-02-11+06%3A20%3A39&to=2026-02-11+11%3A20%3A39&interval=5minute&continuous=0&oi=0 (Caused by ConnectTimeoutError(<urllib3.connection.HTTPSConnection object at 0x131461bd0>, 'Connection to api.kite.trade timed out. (connect timeout=7)'))
2026-02-11 11:24:13,852 - ERROR - API error for NATGASMINI (Attempt 1): HTTPSConnectionPool(host='api.kite.trade', port=443): Max retries exceeded with url: /instruments/historical/119650823/5minute?from=2026-02-11+06%3A20%3A39&to=2026-02-11+11%3A20%3A39&interval=5minute&continuous=0&oi=0 (Caused by ConnectTimeoutError(<urllib3.connection.HTTPSConnection object at 0x1314b6650>, 'Connection to api.kite.trade timed out. (connect timeout=7)'))
2026-02-11 11:24:28,908 - ERROR - API error for NATGASMINI (Attempt 2): HTTPSConnectionPool(host='api.kite.trade', port=443): Max retries exceeded with url: /instruments/historical/119650823/5minute?from=2026-02-11+06%3A20%3A39&to=2026-02-11+11%3A20%3A39&interval=5minute&continuous=0&oi=0 (Caused by ConnectTimeoutError(<urllib3.connection.HTTPSConnection object at 0x131463a30>, 'Connection to api.kite.trade timed out. (connect timeout=7)'))
2026-02-11 11:26:05,564 - WARNING - [33m❌ Ignoring switch to GOLDMINI_PINE for COMMODITY instance. Staying on GOLDMINI_PINE.[0m
2026-02-11 11:26:05,565 - INFO - ⚙️ Commodity scan list prepared: 8 symbols (tokens available for 8)
2026-02-11 11:26:05,565 - WARNING - Nifty data missing for regime assessment. Defaulting to HIGH_CONVICTION.
2026-02-11 11:26:10,579 - ERROR - API error for GOLDM (Attempt 1): ('Connection aborted.', ConnectionResetError(54, 'Connection reset by peer'))
2026-02-11 11:26:31,605 - WARNING - [33m❌ Ignoring switch to GOLDMINI_PINE for COMMODITY instance. Staying on GOLDMINI_PINE.[0m
2026-02-11 11:26:31,607 - INFO - ⚙️ Commodity scan list prepared: 8 symbols (tokens available for 8)
2026-02-11 11:26:31,608 - WARNING - Nifty data missing for regime assessment. Defaulting to HIGH_CONVICTION.
2026-02-11 11:26:45,290 - ERROR - API error for SILVERMIC (Attempt 1): HTTPSConnectionPool(host='api.kite.trade', port=443): Read timed out. (read timeout=7)
2026-02-11 11:27:00,423 - ERROR - API error for SILVERMIC (Attempt 2): HTTPSConnectionPool(host='api.kite.trade', port=443): Max retries exceeded with url: /instruments/historical/117326087/5minute?from=2026-02-11+06%3A26%3A31&to=2026-02-11+11%3A26%3A31&interval=5minute&continuous=0&oi=0 (Caused by ConnectTimeoutError(<urllib3.connection.HTTPSConnection object at 0x131460e20>, 'Connection to api.kite.trade timed out. (connect timeout=7)'))
2026-02-11 11:27:15,733 - ERROR - API error for CRUDEOILM (Attempt 1): HTTPSConnectionPool(host='api.kite.trade', port=443): Max retries exceeded with url: /instruments/historical/119555591/5minute?from=2026-02-11+06%3A26%3A31&to=2026-02-11+11%3A26%3A31&interval=5minute&continuous=0&oi=0 (Caused by ConnectTimeoutError(<urllib3.connection.HTTPSConnection object at 0x1314ae560>, 'Connection to api.kite.trade timed out. (connect timeout=7)'))
2026-02-11 11:27:30,934 - ERROR - API error for CRUDEOILM (Attempt 2): HTTPSConnectionPool(host='api.kite.trade', port=443): Max retries exceeded with url: /instruments/historical/119555591/5minute?from=2026-02-11+06%3A26%3A31&to=2026-02-11+11%3A26%3A31&interval=5minute&continuous=0&oi=0 (Caused by ConnectTimeoutError(<urllib3.connection.HTTPSConnection object at 0x1314aed10>, 'Connection to api.kite.trade timed out. (connect timeout=7)'))
2026-02-11 11:27:50,986 - ERROR - API error for CRUDEOILMINI (Attempt 1): HTTPSConnectionPool(host='api.kite.trade', port=443): Max retries exceeded with url: /instruments/historical/119555591/5minute?from=2026-02-11+06%3A26%3A31&to=2026-02-11+11%3A26%3A31&interval=5minute&continuous=0&oi=0 (Caused by ConnectTimeoutError(<urllib3.connection.HTTPSConnection object at 0x1314c7a60>, 'Connection to api.kite.trade timed out. (connect timeout=7)'))
2026-02-11 11:28:11,040 - ERROR - API error for CRUDEOILMINI (Attempt 2): HTTPSConnectionPool(host='api.kite.trade', port=443): Max retries exceeded with url: /instruments/historical/119555591/5minute?from=2026-02-11+06%3A26%3A31&to=2026-02-11+11%3A26%3A31&interval=5minute&continuous=0&oi=0 (Caused by ConnectTimeoutError(<urllib3.connection.HTTPSConnection object at 0x1314b74f0>, 'Connection to api.kite.trade timed out. (connect timeout=7)'))
2026-02-11 11:28:26,118 - ERROR - API error for NATGASMINI (Attempt 1): HTTPSConnectionPool(host='api.kite.trade', port=443): Max retries exceeded with url: /instruments/historical/119650823/5minute?from=2026-02-11+06%3A26%3A31&to=2026-02-11+11%3A26%3A31&interval=5minute&continuous=0&oi=0 (Caused by ConnectTimeoutError(<urllib3.connection.HTTPSConnection object at 0x1314c56c0>, 'Connection to api.kite.trade timed out. (connect timeout=7)'))
2026-02-11 11:28:46,345 - ERROR - API error for NATGASMINI (Attempt 2): HTTPSConnectionPool(host='api.kite.trade', port=443): Read timed out. (read timeout=7)
2026-02-11 11:30:12,956 - WARNING - [33m❌ Ignoring switch to GOLDMINI_PINE for COMMODITY instance. Staying on GOLDMINI_PINE.[0m
2026-02-11 11:30:12,957 - INFO - ⚙️ Commodity scan list prepared: 8 symbols (tokens available for 8)
2026-02-11 11:30:12,957 - WARNING - Nifty data missing for regime assessment. Defaulting to HIGH_CONVICTION.
2026-02-11 11:30:27,000 - ERROR - API error for GOLDM (Attempt 1): HTTPSConnectionPool(host='api.kite.trade', port=443): Max retries exceeded with url: /instruments/historical/121031943/5minute?from=2026-02-11+06%3A30%3A12&to=2026-02-11+11%3A30%3A12&interval=5minute&continuous=0&oi=0 (Caused by ConnectTimeoutError(<urllib3.connection.HTTPSConnection object at 0x1314b6380>, 'Connection to api.kite.trade timed out. (connect timeout=7)'))
2026-02-11 11:30:42,047 - ERROR - API error for GOLDM (Attempt 2): HTTPSConnectionPool(host='api.kite.trade', port=443): Max retries exceeded with url: /instruments/historical/121031943/5minute?from=2026-02-11+06%3A30%3A12&to=2026-02-11+11%3A30%3A12&interval=5minute&continuous=0&oi=0 (Caused by ConnectTimeoutError(<urllib3.connection.HTTPSConnection object at 0x1314adb10>, 'Connection to api.kite.trade timed out. (connect timeout=7)'))
2026-02-11 11:30:57,096 - ERROR - API error for GOLDMINI (Attempt 1): HTTPSConnectionPool(host='api.kite.trade', port=443): Max retries exceeded with url: /instruments/historical/121031943/5minute?from=2026-02-11+06%3A30%3A12&to=2026-02-11+11%3A30%3A12&interval=5minute&continuous=0&oi=0 (Caused by ConnectTimeoutError(<urllib3.connection.HTTPSConnection object at 0x1314b60e0>, 'Connection to api.kite.trade timed out. (connect timeout=7)'))
2026-02-11 11:32:20,622 - WARNING - [33m❌ Ignoring switch to GOLDMINI_PINE for COMMODITY instance. Staying on GOLDMINI_PINE.[0m
2026-02-11 11:32:20,623 - INFO - ⚙️ Commodity scan list prepared: 8 symbols (tokens available for 8)
2026-02-11 11:32:20,623 - WARNING - Nifty data missing for regime assessment. Defaulting to HIGH_CONVICTION.
2026-02-11 11:33:28,339 - WARNING - [33m❌ Ignoring switch to GOLDMINI_PINE for COMMODITY instance. Staying on GOLDMINI_PINE.[0m
2026-02-11 11:33:28,340 - INFO - ⚙️ Commodity scan list prepared: 8 symbols (tokens available for 8)
2026-02-11 11:33:28,340 - WARNING - Nifty data missing for regime assessment. Defaulting to HIGH_CONVICTION.
2026-02-11 11:33:40,352 - ERROR - API error for SILVERM (Attempt 1): HTTPSConnectionPool(host='api.kite.trade', port=443): Read timed out. (read timeout=7)
2026-02-11 11:33:55,287 - ERROR - API error for SILVERM (Attempt 2): ('Connection aborted.', ConnectionResetError(54, 'Connection reset by peer'))
2026-02-11 11:34:42,084 - WARNING - [33m❌ Ignoring switch to GOLDMINI_PINE for COMMODITY instance. Staying on GOLDMINI_PINE.[0m
2026-02-11 11:34:42,084 - INFO - ⚙️ Commodity scan list prepared: 8 symbols (tokens available for 8)
2026-02-11 11:34:42,085 - WARNING - Nifty data missing for regime assessment. Defaulting to HIGH_CONVICTION.
2026-02-11 11:34:49,098 - ERROR - API error for GOLDM (Attempt 1): HTTPSConnectionPool(host='api.kite.trade', port=443): Read timed out. (read timeout=7)
2026-02-11 11:35:02,685 - ERROR - API error for GOLDM (Attempt 2): ('Connection aborted.', ConnectionResetError(54, 'Connection reset by peer'))
2026-02-11 11:36:11,992 - WARNING - [33m❌ Ignoring switch to GOLDMINI_PINE for COMMODITY instance. Staying on GOLDMINI_PINE.[0m
2026-02-11 11:36:11,993 - INFO - ⚙️ Commodity scan list prepared: 8 symbols (tokens available for 8)
2026-02-11 11:36:11,993 - WARNING - Nifty data missing for regime assessment. Defaulting to HIGH_CONVICTION.
2026-02-11 11:36:18,998 - ERROR - API error for GOLDM (Attempt 1): HTTPSConnectionPool(host='api.kite.trade', port=443): Read timed out. (read timeout=7)
2026-02-11 11:36:25,153 - ERROR - API error for GOLDM (Attempt 2): ('Connection aborted.', ConnectionResetError(54, 'Connection reset by peer'))
2026-02-11 11:37:03,632 - WARNING - [33m❌ Ignoring switch to GOLDMINI_PINE for COMMODITY instance. Staying on GOLDMINI_PINE.[0m
2026-02-11 11:37:03,637 - INFO - ⚙️ Commodity scan list prepared: 8 symbols (tokens available for 8)
2026-02-11 11:37:03,637 - WARNING - Nifty data missing for regime assessment. Defaulting to HIGH_CONVICTION.
2026-02-11 11:38:15,483 - WARNING - [33m❌ Ignoring switch to GOLDMINI_PINE for COMMODITY instance. Staying on GOLDMINI_PINE.[0m
2026-02-11 11:38:15,483 - INFO - ⚙️ Commodity scan list prepared: 8 symbols (tokens available for 8)
2026-02-11 11:38:15,483 - WARNING - Nifty data missing for regime assessment. Defaulting to HIGH_CONVICTION.
2026-02-11 11:39:05,962 - WARNING - [33m❌ Ignoring switch to GOLDMINI_PINE for COMMODITY instance. Staying on GOLDMINI_PINE.[0m
2026-02-11 11:39:05,964 - INFO - ⚙️ Commodity scan list prepared: 8 symbols (tokens available for 8)
2026-02-11 11:39:05,964 - WARNING - Nifty data missing for regime assessment. Defaulting to HIGH_CONVICTION.
2026-02-11 11:39:12,983 - ERROR - API error for GOLDM (Attempt 1): HTTPSConnectionPool(host='api.kite.trade', port=443): Read timed out. (read timeout=7)
2026-02-11 11:39:28,042 - ERROR - API error for GOLDM (Attempt 2): HTTPSConnectionPool(host='api.kite.trade', port=443): Max retries exceeded with url: /instruments/historical/121031943/5minute?from=2026-02-11+06%3A39%3A05&to=2026-02-11+11%3A39%3A05&interval=5minute&continuous=0&oi=0 (Caused by ConnectTimeoutError(<urllib3.connection.HTTPSConnection object at 0x1314ae350>, 'Connection to api.kite.trade timed out. (connect timeout=7)'))
2026-02-11 11:40:37,091 - WARNING - [33m❌ Ignoring switch to GOLDMINI_PINE for COMMODITY instance. Staying on GOLDMINI_PINE.[0m
2026-02-11 11:40:37,092 - INFO - ⚙️ Commodity scan list prepared: 8 symbols (tokens available for 8)
2026-02-11 11:40:37,092 - WARNING - Nifty data missing for regime assessment. Defaulting to HIGH_CONVICTION.
2026-02-11 11:40:51,147 - ERROR - API error for GOLDM (Attempt 1): HTTPSConnectionPool(host='api.kite.trade', port=443): Max retries exceeded with url: /instruments/historical/121031943/5minute?from=2026-02-11+06%3A40%3A37&to=2026-02-11+11%3A40%3A37&interval=5minute&continuous=0&oi=0 (Caused by ConnectTimeoutError(<urllib3.connection.HTTPSConnection object at 0x1314afd60>, 'Connection to api.kite.trade timed out. (connect timeout=7)'))
2026-02-11 11:41:06,269 - ERROR - API error for GOLDM (Attempt 2): HTTPSConnectionPool(host='api.kite.trade', port=443): Max retries exceeded with url: /instruments/historical/121031943/5minute?from=2026-02-11+06%3A40%3A37&to=2026-02-11+11%3A40%3A37&interval=5minute&continuous=0&oi=0 (Caused by ConnectTimeoutError(<urllib3.connection.HTTPSConnection object at 0x1314b4b80>, 'Connection to api.kite.trade timed out. (connect timeout=7)'))
2026-02-11 11:41:22,403 - ERROR - API error for GOLDMINI (Attempt 1): HTTPSConnectionPool(host='api.kite.trade', port=443): Max retries exceeded with url: /instruments/historical/121031943/5minute?from=2026-02-11+06%3A40%3A37&to=2026-02-11+11%3A40%3A37&interval=5minute&continuous=0&oi=0 (Caused by ConnectTimeoutError(<urllib3.connection.HTTPSConnection object at 0x1314b4e50>, 'Connection to api.kite.trade timed out. (connect timeout=7)'))
2026-02-11 11:41:38,197 - ERROR - API error for GOLDMINI (Attempt 2): HTTPSConnectionPool(host='api.kite.trade', port=443): Max retries exceeded with url: /instruments/historical/121031943/5minute?from=2026-02-11+06%3A40%3A37&to=2026-02-11+11%3A40%3A37&interval=5minute&continuous=0&oi=0 (Caused by ConnectTimeoutError(<urllib3.connection.HTTPSConnection object at 0x131462110>, 'Connection to api.kite.trade timed out. (connect timeout=7)'))
2026-02-11 11:41:53,736 - ERROR - API error for SILVER (Attempt 1): HTTPSConnectionPool(host='api.kite.trade', port=443): Max retries exceeded with url: /instruments/historical/115626503/5minute?from=2026-02-11+06%3A40%3A37&to=2026-02-11+11%3A40%3A37&interval=5minute&continuous=0&oi=0 (Caused by ConnectTimeoutError(<urllib3.connection.HTTPSConnection object at 0x1314b7df0>, 'Connection to api.kite.trade timed out. (connect timeout=7)'))
2026-02-11 11:42:08,810 - ERROR - API error for SILVER (Attempt 2): HTTPSConnectionPool(host='api.kite.trade', port=443): Max retries exceeded with url: /instruments/historical/115626503/5minute?from=2026-02-11+06%3A40%3A37&to=2026-02-11+11%3A40%3A37&interval=5minute&continuous=0&oi=0 (Caused by ConnectTimeoutError(<urllib3.connection.HTTPSConnection object at 0x1314606d0>, 'Connection to api.kite.trade timed out. (connect timeout=7)'))
2026-02-11 11:42:19,286 - ERROR - API error for SILVERM (Attempt 1): ('Connection aborted.', ConnectionResetError(54, 'Connection reset by peer'))
2026-02-11 11:42:45,657 - ERROR - API error for NATGASMINI (Attempt 1): HTTPSConnectionPool(host='api.kite.trade', port=443): Read timed out. (read timeout=7)
2026-02-11 11:43:35,223 - WARNING - [33m❌ Ignoring switch to GOLDMINI_PINE for COMMODITY instance. Staying on GOLDMINI_PINE.[0m
2026-02-11 11:43:35,224 - INFO - ⚙️ Commodity scan list prepared: 8 symbols (tokens available for 8)
2026-02-11 11:43:35,225 - WARNING - Nifty data missing for regime assessment. Defaulting to HIGH_CONVICTION.
2026-02-11 11:44:24,233 - WARNING - [33m❌ Ignoring switch to GOLDMINI_PINE for COMMODITY instance. Staying on GOLDMINI_PINE.[0m
2026-02-11 11:44:24,234 - INFO - ⚙️ Commodity scan list prepared: 8 symbols (tokens available for 8)
2026-02-11 11:44:24,235 - WARNING - Nifty data missing for regime assessment. Defaulting to HIGH_CONVICTION.
2026-02-11 11:45:15,315 - WARNING - [33m❌ Ignoring switch to GOLDMINI_PINE for COMMODITY instance. Staying on GOLDMINI_PINE.[0m
2026-02-11 11:45:15,316 - INFO - ⚙️ Commodity scan list prepared: 8 symbols (tokens available for 8)
2026-02-11 11:45:15,316 - WARNING - Nifty data missing for regime assessment. Defaulting to HIGH_CONVICTION.
2026-02-11 11:46:08,213 - WARNING - [33m❌ Ignoring switch to GOLDMINI_PINE for COMMODITY instance. Staying on GOLDMINI_PINE.[0m
2026-02-11 11:46:08,217 - INFO - ⚙️ Commodity scan list prepared: 8 symbols (tokens available for 8)
2026-02-11 11:46:08,218 - WARNING - Nifty data missing for regime assessment. Defaulting to HIGH_CONVICTION.
2026-02-11 11:46:15,227 - ERROR - API error for GOLDM (Attempt 1): HTTPSConnectionPool(host='api.kite.trade', port=443): Read timed out. (read timeout=7)
2026-02-11 11:46:59,340 - WARNING - [33m❌ Ignoring switch to GOLDMINI_PINE for COMMODITY instance. Staying on GOLDMINI_PINE.[0m
2026-02-11 11:46:59,342 - INFO - ⚙️ Commodity scan list prepared: 8 symbols (tokens available for 8)
2026-02-11 11:46:59,342 - WARNING - Nifty data missing for regime assessment. Defaulting to HIGH_CONVICTION.
2026-02-11 11:47:07,198 - ERROR - API error for GOLDM (Attempt 1): HTTPSConnectionPool(host='api.kite.trade', port=443): Read timed out. (read timeout=7)
2026-02-11 11:47:23,288 - ERROR - API error for GOLDM (Attempt 2): HTTPSConnectionPool(host='api.kite.trade', port=443): Max retries exceeded with url: /instruments/historical/121031943/5minute?from=2026-02-11+06%3A46%3A59&to=2026-02-11+11%3A46%3A59&interval=5minute&continuous=0&oi=0 (Caused by ConnectTimeoutError(<urllib3.connection.HTTPSConnection object at 0x1314c52d0>, 'Connection to api.kite.trade timed out. (connect timeout=7)'))
2026-02-11 11:47:38,529 - ERROR - API error for GOLDMINI (Attempt 1): HTTPSConnectionPool(host='api.kite.trade', port=443): Max retries exceeded with url: /instruments/historical/121031943/5minute?from=2026-02-11+06%3A46%3A59&to=2026-02-11+11%3A46%3A59&interval=5minute&continuous=0&oi=0 (Caused by ConnectTimeoutError(<urllib3.connection.HTTPSConnection object at 0x1314ea980>, 'Connection to api.kite.trade timed out. (connect timeout=7)'))
2026-02-11 11:48:44,084 - WARNING - [33m❌ Ignoring switch to GOLDMINI_PINE for COMMODITY instance. Staying on GOLDMINI_PINE.[0m
2026-02-11 11:48:44,086 - INFO - ⚙️ Commodity scan list prepared: 8 symbols (tokens available for 8)
2026-02-11 11:48:44,087 - WARNING - Nifty data missing for regime assessment. Defaulting to HIGH_CONVICTION.
2026-02-11 11:49:02,294 - ERROR - API error for GOLDMINI (Attempt 1): HTTPSConnectionPool(host='api.kite.trade', port=443): Read timed out. (read timeout=7)
2026-02-11 11:49:12,125 - INFO - 
Ctrl+C detected. Shutting down system.
2026-02-11 11:49:12,131 - INFO - 🛑 Automatic scheduler stopped.
2026-02-11 11:49:17,361 - ERROR - API error for GOLDMINI (Attempt 2): HTTPSConnectionPool(host='api.kite.trade', port=443): Max retries exceeded with url: /instruments/historical/121031943/5minute?from=2026-02-11+06%3A48%3A44&to=2026-02-11+11%3A48%3A44&interval=5minute&continuous=0&oi=0 (Caused by ConnectTimeoutError(<urllib3.connection.HTTPSConnection object at 0x131d055d0>, 'Connection to api.kite.trade timed out. (connect timeout=7)'))
2026-02-11 11:49:37,112 - INFO - ╔══════════════════════════════════════════════════════════╗
2026-02-11 11:49:37,112 - INFO - ║   ULTIMATE F&O OPTIONS TRADER - LIVE READY VERSION       ║
2026-02-11 11:49:37,112 - INFO - ╚══════════════════════════════════════════════════════════╝
2026-02-11 11:49:37,151 - INFO - Kite access token loaded from file.
2026-02-11 11:49:51,215 - WARNING - Existing Kite token is expired or invalid. Error: HTTPSConnectionPool(host='api.kite.trade', port=443): Max retries exceeded with url: /user/profile (Caused by ConnectTimeoutError(<urllib3.connection.HTTPSConnection object at 0x126d049d0>, 'Connection to api.kite.trade timed out. (connect timeout=7)'))
2026-02-11 11:49:51,221 - WARNING - Kite token not found or expired. Authorization required.
2026-02-11 12:42:53,719 - INFO - 
Ctrl+C detected. Shutting down system.
2026-02-11 12:42:57,294 - INFO - ╔══════════════════════════════════════════════════════════╗
2026-02-11 12:42:57,294 - INFO - ║   ULTIMATE F&O OPTIONS TRADER - LIVE READY VERSION       ║
2026-02-11 12:42:57,294 - INFO - ╚══════════════════════════════════════════════════════════╝
2026-02-11 12:42:57,326 - INFO - Kite access token loaded from file.
2026-02-11 12:43:29,664 - WARNING - Existing Kite token is expired or invalid. Error: HTTPSConnectionPool(host='api.kite.trade', port=443): Max retries exceeded with url: /user/profile (Caused by ConnectTimeoutError(<urllib3.connection.HTTPSConnection object at 0x131304a30>, 'Connection to api.kite.trade timed out. (connect timeout=7)'))
2026-02-11 12:43:29,665 - WARNING - Kite token not found or expired. Authorization required.
2026-02-11 12:44:49,803 - CRITICAL - Kite session generation failed. Error: HTTPSConnectionPool(host='api.kite.trade', port=443): Read timed out. (read timeout=7)
2026-02-11 12:44:49,820 - INFO - FORCE_MOCK_DATA enabled for PAPER mode to use public live data (yfinance).
2026-02-11 12:44:49,821 - CRITICAL - Kite object is None or KiteConnect not available.
2026-02-11 12:44:49,821 - WARNING - Lot sizes still missing for 16 symbols; will fetch at execution time.
2026-02-11 12:44:49,839 - INFO - 📊 Trader Initialized. F&O Stocks: 16
2026-02-11 12:44:49,840 - INFO - 💰 Mode: PAPER. Capital: ₹250,000
2026-02-11 12:44:49,840 - INFO - 🎯 Strategy: GOLDMINI_PINE (Conf=7.8, R:R=1.7, Lots=2x)
2026-02-11 12:44:49,842 - INFO - Adjusted thresholds for COMMODITY mock: req_move=2.0, min_conf=7.0
2026-02-11 12:45:10,730 - INFO - Dynamic Telegram Chat ID detected: 8431274192
2026-02-11 12:45:10,738 - INFO - 🤖 Telegram alerts ENABLED. Chat ID: 8431274192
2026-02-11 12:45:10,758 - WARNING - [33m❌ Ignoring switch to GOLDMINI_PINE for COMMODITY instance. Staying on GOLDMINI_PINE.[0m
2026-02-11 12:45:10,759 - INFO - [36m--- MANUAL START: Strategy forced to GOLDMINI_PINE ---[0m
2026-02-11 12:45:10,759 - INFO - [32mEmitting initial dashboard data on startup...[0m
2026-02-11 12:45:10,764 - INFO - ✅ Automatic utility schedule setup complete.
2026-02-11 12:45:10,764 - INFO - 📋 Scheduled daily audit summary at 15:20.
2026-02-11 12:45:10,764 - INFO - 🔄 Scheduled hourly broker reconciliation.
2026-02-11 12:45:10,765 - INFO - [32m🚀 Starting continuous scanner and utility threads.[0m
2026-02-11 12:45:10,766 - WARNING - [33m❌ Ignoring switch to GOLDMINI_PINE for COMMODITY instance. Staying on GOLDMINI_PINE.[0m
2026-02-11 12:45:10,767 - INFO - ⚙️ Commodity scan list prepared: 3 symbols (tokens available for 0)
2026-02-11 12:45:10,769 - WARNING - Nifty data missing for regime assessment. Defaulting to HIGH_CONVICTION.
2026-02-11 12:45:13,042 - INFO - 🌐 Starting Dashboard at http://0.0.0.0:5024/
2026-02-11 12:45:13,047 - INFO - [32mSystem running continuously. Access dashboard at http://0.0.0.0:5024/. Press Ctrl+C to stop.[0m
2026-02-11 12:45:21,901 - INFO - Indicators SILVER: price 83.39, vol 5.00, atr% 0.43, rc 0.66
2026-02-11 12:45:22,908 - WARNING - [33m❌ Ignoring switch to GOLDMINI_PINE for COMMODITY instance. Staying on GOLDMINI_PINE.[0m
2026-02-11 12:45:22,908 - INFO - ⚙️ Commodity scan list prepared: 3 symbols (tokens available for 0)
2026-02-11 12:45:22,908 - WARNING - Nifty data missing for regime assessment. Defaulting to HIGH_CONVICTION.
2026-02-11 12:45:24,696 - INFO - Indicators SILVER: price 83.39, vol 5.00, atr% 0.43, rc 0.66
2026-02-11 12:45:54,703 - WARNING - [33m❌ Ignoring switch to GOLDMINI_PINE for COMMODITY instance. Staying on GOLDMINI_PINE.[0m
2026-02-11 12:45:54,705 - INFO - ⚙️ Commodity scan list prepared: 3 symbols (tokens available for 0)
2026-02-11 12:45:54,706 - WARNING - Nifty data missing for regime assessment. Defaulting to HIGH_CONVICTION.
2026-02-11 12:45:55,909 - INFO - Indicators SILVER: price 83.43, vol 5.00, atr% 0.43, rc 0.69
2026-02-11 12:46:25,915 - WARNING - [33m❌ Ignoring switch to GOLDMINI_PINE for COMMODITY instance. Staying on GOLDMINI_PINE.[0m
2026-02-11 12:46:25,918 - INFO - ⚙️ Commodity scan list prepared: 3 symbols (tokens available for 0)
2026-02-11 12:46:25,918 - WARNING - Nifty data missing for regime assessment. Defaulting to HIGH_CONVICTION.
2026-02-11 12:46:27,349 - INFO - Indicators SILVER: price 83.52, vol 5.00, atr% 0.44, rc 0.77
2026-02-11 12:46:57,356 - WARNING - [33m❌ Ignoring switch to GOLDMINI_PINE for COMMODITY instance. Staying on GOLDMINI_PINE.[0m
2026-02-11 12:46:57,358 - INFO - ⚙️ Commodity scan list prepared: 3 symbols (tokens available for 0)
2026-02-11 12:46:57,358 - WARNING - Nifty data missing for regime assessment. Defaulting to HIGH_CONVICTION.
2026-02-11 12:47:00,106 - INFO - Indicators SILVER: price 83.50, vol 5.00, atr% 0.44, rc 0.75
2026-02-11 12:47:30,112 - WARNING - [33m❌ Ignoring switch to GOLDMINI_PINE for COMMODITY instance. Staying on GOLDMINI_PINE.[0m
2026-02-11 12:47:30,114 - INFO - ⚙️ Commodity scan list prepared: 3 symbols (tokens available for 0)
2026-02-11 12:47:30,115 - WARNING - Nifty data missing for regime assessment. Defaulting to HIGH_CONVICTION.
2026-02-11 12:47:31,178 - INFO - Indicators SILVER: price 83.44, vol 5.00, atr% 0.44, rc 0.70
2026-02-11 12:48:01,184 - WARNING - [33m❌ Ignoring switch to GOLDMINI_PINE for COMMODITY instance. Staying on GOLDMINI_PINE.[0m
2026-02-11 12:48:01,185 - INFO - ⚙️ Commodity scan list prepared: 3 symbols (tokens available for 0)
2026-02-11 12:48:01,186 - WARNING - Nifty data missing for regime assessment. Defaulting to HIGH_CONVICTION.
2026-02-11 12:48:02,582 - INFO - Indicators SILVER: price 83.52, vol 5.00, atr% 0.44, rc 0.77
2026-02-11 12:48:32,563 - WARNING - [33m❌ Ignoring switch to GOLDMINI_PINE for COMMODITY instance. Staying on GOLDMINI_PINE.[0m
2026-02-11 12:48:32,564 - INFO - ⚙️ Commodity scan list prepared: 3 symbols (tokens available for 0)
2026-02-11 12:48:32,564 - WARNING - Nifty data missing for regime assessment. Defaulting to HIGH_CONVICTION.
2026-02-11 12:48:35,190 - INFO - Indicators SILVER: price 83.56, vol 5.00, atr% 0.44, rc 0.80
2026-02-11 12:49:05,193 - WARNING - [33m❌ Ignoring switch to GOLDMINI_PINE for COMMODITY instance. Staying on GOLDMINI_PINE.[0m
2026-02-11 12:49:05,196 - INFO - ⚙️ Commodity scan list prepared: 3 symbols (tokens available for 0)
2026-02-11 12:49:05,196 - WARNING - Nifty data missing for regime assessment. Defaulting to HIGH_CONVICTION.
2026-02-11 12:49:07,166 - INFO - Indicators SILVER: price 83.61, vol 5.00, atr% 0.44, rc 0.84
2026-02-11 12:49:37,167 - WARNING - [33m❌ Ignoring switch to GOLDMINI_PINE for COMMODITY instance. Staying on GOLDMINI_PINE.[0m
2026-02-11 12:49:37,168 - INFO - ⚙️ Commodity scan list prepared: 3 symbols (tokens available for 0)
2026-02-11 12:49:37,168 - WARNING - Nifty data missing for regime assessment. Defaulting to HIGH_CONVICTION.
2026-02-11 12:49:39,329 - INFO - Indicators SILVER: price 83.54, vol 5.00, atr% 0.44, rc 0.78
2026-02-11 12:50:09,341 - WARNING - [33m❌ Ignoring switch to GOLDMINI_PINE for COMMODITY instance. Staying on GOLDMINI_PINE.[0m
2026-02-11 12:50:09,343 - INFO - ⚙️ Commodity scan list prepared: 3 symbols (tokens available for 0)
2026-02-11 12:50:09,344 - WARNING - Nifty data missing for regime assessment. Defaulting to HIGH_CONVICTION.
2026-02-11 12:50:10,843 - INFO - Indicators SILVER: price 83.46, vol 5.00, atr% 0.44, rc 0.72
2026-02-11 12:50:40,855 - WARNING - [33m❌ Ignoring switch to GOLDMINI_PINE for COMMODITY instance. Staying on GOLDMINI_PINE.[0m
2026-02-11 12:50:40,858 - INFO - ⚙️ Commodity scan list prepared: 3 symbols (tokens available for 0)
2026-02-11 12:50:40,859 - WARNING - Nifty data missing for regime assessment. Defaulting to HIGH_CONVICTION.
2026-02-11 12:50:42,447 - INFO - Indicators SILVER: price 83.51, vol 5.00, atr% 0.44, rc 0.76
2026-02-11 12:51:12,459 - WARNING - [33m❌ Ignoring switch to GOLDMINI_PINE for COMMODITY instance. Staying on GOLDMINI_PINE.[0m
2026-02-11 12:51:12,462 - INFO - ⚙️ Commodity scan list prepared: 3 symbols (tokens available for 0)
2026-02-11 12:51:12,462 - WARNING - Nifty data missing for regime assessment. Defaulting to HIGH_CONVICTION.
2026-02-11 12:51:13,934 - INFO - Indicators SILVER: price 83.56, vol 5.00, atr% 0.44, rc 0.80
2026-02-11 12:51:43,945 - WARNING - [33m❌ Ignoring switch to GOLDMINI_PINE for COMMODITY instance. Staying on GOLDMINI_PINE.[0m
2026-02-11 12:51:43,948 - INFO - ⚙️ Commodity scan list prepared: 3 symbols (tokens available for 0)
2026-02-11 12:51:43,949 - WARNING - Nifty data missing for regime assessment. Defaulting to HIGH_CONVICTION.
2026-02-11 12:51:45,089 - INFO - Indicators SILVER: price 83.61, vol 5.00, atr% 0.44, rc 0.84
2026-02-11 12:52:15,101 - WARNING - [33m❌ Ignoring switch to GOLDMINI_PINE for COMMODITY instance. Staying on GOLDMINI_PINE.[0m
2026-02-11 12:52:15,104 - INFO - ⚙️ Commodity scan list prepared: 3 symbols (tokens available for 0)
2026-02-11 12:52:15,104 - WARNING - Nifty data missing for regime assessment. Defaulting to HIGH_CONVICTION.
2026-02-11 12:52:16,474 - INFO - Indicators SILVER: price 83.63, vol 5.00, atr% 0.46, rc 0.84
2026-02-11 12:52:46,479 - WARNING - [33m❌ Ignoring switch to GOLDMINI_PINE for COMMODITY instance. Staying on GOLDMINI_PINE.[0m
2026-02-11 12:52:46,480 - INFO - ⚙️ Commodity scan list prepared: 3 symbols (tokens available for 0)
2026-02-11 12:52:46,480 - WARNING - Nifty data missing for regime assessment. Defaulting to HIGH_CONVICTION.
2026-02-11 12:52:47,697 - INFO - Indicators SILVER: price 83.68, vol 5.00, atr% 0.46, rc 0.88
2026-02-11 12:53:17,700 - WARNING - [33m❌ Ignoring switch to GOLDMINI_PINE for COMMODITY instance. Staying on GOLDMINI_PINE.[0m
2026-02-11 12:53:17,701 - INFO - ⚙️ Commodity scan list prepared: 3 symbols (tokens available for 0)
2026-02-11 12:53:17,701 - WARNING - Nifty data missing for regime assessment. Defaulting to HIGH_CONVICTION.
2026-02-11 12:53:19,184 - INFO - Indicators SILVER: price 83.51, vol 5.00, atr% 0.46, rc 0.75
2026-02-11 12:53:49,195 - WARNING - [33m❌ Ignoring switch to GOLDMINI_PINE for COMMODITY instance. Staying on GOLDMINI_PINE.[0m
2026-02-11 12:53:49,197 - INFO - ⚙️ Commodity scan list prepared: 3 symbols (tokens available for 0)
2026-02-11 12:53:49,197 - WARNING - Nifty data missing for regime assessment. Defaulting to HIGH_CONVICTION.
2026-02-11 12:53:50,244 - INFO - Indicators SILVER: price 83.48, vol 5.00, atr% 0.46, rc 0.72
2026-02-11 12:54:20,254 - WARNING - [33m❌ Ignoring switch to GOLDMINI_PINE for COMMODITY instance. Staying on GOLDMINI_PINE.[0m
2026-02-11 12:54:20,258 - INFO - ⚙️ Commodity scan list prepared: 3 symbols (tokens available for 0)
2026-02-11 12:54:20,258 - WARNING - Nifty data missing for regime assessment. Defaulting to HIGH_CONVICTION.
2026-02-11 12:54:21,708 - INFO - Indicators SILVER: price 83.44, vol 5.00, atr% 0.46, rc 0.70
2026-02-11 12:54:51,719 - WARNING - [33m❌ Ignoring switch to GOLDMINI_PINE for COMMODITY instance. Staying on GOLDMINI_PINE.[0m
2026-02-11 12:54:51,721 - INFO - ⚙️ Commodity scan list prepared: 3 symbols (tokens available for 0)
2026-02-11 12:54:51,721 - WARNING - Nifty data missing for regime assessment. Defaulting to HIGH_CONVICTION.
2026-02-11 12:54:53,136 - INFO - Indicators SILVER: price 83.51, vol 5.00, atr% 0.46, rc 0.75
2026-02-11 12:55:13,195 - WARNING - [33m❌ Ignoring switch to GOLDMINI_PINE for COMMODITY instance. Staying on GOLDMINI_PINE.[0m
2026-02-11 12:55:13,200 - INFO - ⚙️ Commodity scan list prepared: 3 symbols (tokens available for 0)
2026-02-11 12:55:13,200 - WARNING - Nifty data missing for regime assessment. Defaulting to HIGH_CONVICTION.
2026-02-11 12:55:14,625 - INFO - Indicators SILVER: price 83.50, vol 5.00, atr% 0.45, rc 0.51
2026-02-11 12:55:15,636 - WARNING - [33m❌ Ignoring switch to GOLDMINI_PINE for COMMODITY instance. Staying on GOLDMINI_PINE.[0m
2026-02-11 12:55:15,637 - INFO - ⚙️ Commodity scan list prepared: 3 symbols (tokens available for 0)
2026-02-11 12:55:15,637 - WARNING - Nifty data missing for regime assessment. Defaulting to HIGH_CONVICTION.
2026-02-11 12:55:16,733 - INFO - Indicators SILVER: price 83.50, vol 5.00, atr% 0.45, rc 0.51
2026-02-11 12:55:46,743 - WARNING - [33m❌ Ignoring switch to GOLDMINI_PINE for COMMODITY instance. Staying on GOLDMINI_PINE.[0m
2026-02-11 12:55:46,744 - INFO - ⚙️ Commodity scan list prepared: 3 symbols (tokens available for 0)
2026-02-11 12:55:46,744 - WARNING - Nifty data missing for regime assessment. Defaulting to HIGH_CONVICTION.
2026-02-11 12:55:51,329 - INFO - Indicators SILVER: price 83.54, vol 5.00, atr% 0.45, rc 0.51
2026-02-11 12:56:21,341 - WARNING - [33m❌ Ignoring switch to GOLDMINI_PINE for COMMODITY instance. Staying on GOLDMINI_PINE.[0m
2026-02-11 12:56:21,344 - INFO - ⚙️ Commodity scan list prepared: 3 symbols (tokens available for 0)
2026-02-11 12:56:21,345 - WARNING - Nifty data missing for regime assessment. Defaulting to HIGH_CONVICTION.
2026-02-11 12:56:22,549 - INFO - Indicators SILVER: price 83.51, vol 5.00, atr% 0.45, rc 0.50
2026-02-11 12:56:52,557 - WARNING - [33m❌ Ignoring switch to GOLDMINI_PINE for COMMODITY instance. Staying on GOLDMINI_PINE.[0m
2026-02-11 12:56:52,558 - INFO - ⚙️ Commodity scan list prepared: 3 symbols (tokens available for 0)
2026-02-11 12:56:52,559 - WARNING - Nifty data missing for regime assessment. Defaulting to HIGH_CONVICTION.
2026-02-11 12:56:54,052 - INFO - Indicators SILVER: price 83.50, vol 5.00, atr% 0.45, rc 0.50
2026-02-11 12:57:24,057 - WARNING - [33m❌ Ignoring switch to GOLDMINI_PINE for COMMODITY instance. Staying on GOLDMINI_PINE.[0m
2026-02-11 12:57:24,058 - INFO - ⚙️ Commodity scan list prepared: 3 symbols (tokens available for 0)
2026-02-11 12:57:24,059 - WARNING - Nifty data missing for regime assessment. Defaulting to HIGH_CONVICTION.
2026-02-11 12:57:25,139 - INFO - Indicators SILVER: price 83.53, vol 5.00, atr% 0.45, rc 0.50
2026-02-11 12:57:55,142 - WARNING - [33m❌ Ignoring switch to GOLDMINI_PINE for COMMODITY instance. Staying on GOLDMINI_PINE.[0m
2026-02-11 12:57:55,143 - INFO - ⚙️ Commodity scan list prepared: 3 symbols (tokens available for 0)
2026-02-11 12:57:55,143 - WARNING - Nifty data missing for regime assessment. Defaulting to HIGH_CONVICTION.
2026-02-11 12:57:56,433 - INFO - Indicators SILVER: price 83.53, vol 5.00, atr% 0.45, rc 0.50
2026-02-11 12:58:26,440 - WARNING - [33m❌ Ignoring switch to GOLDMINI_PINE for COMMODITY instance. Staying on GOLDMINI_PINE.[0m
2026-02-11 12:58:26,442 - INFO - ⚙️ Commodity scan list prepared: 3 symbols (tokens available for 0)
2026-02-11 12:58:26,442 - WARNING - Nifty data missing for regime assessment. Defaulting to HIGH_CONVICTION.
2026-02-11 12:58:27,977 - INFO - Indicators SILVER: price 83.50, vol 5.00, atr% 0.46, rc 0.51
2026-02-11 12:58:57,984 - WARNING - [33m❌ Ignoring switch to GOLDMINI_PINE for COMMODITY instance. Staying on GOLDMINI_PINE.[0m
2026-02-11 12:58:57,987 - INFO - ⚙️ Commodity scan list prepared: 3 symbols (tokens available for 0)
2026-02-11 12:58:57,988 - WARNING - Nifty data missing for regime assessment. Defaulting to HIGH_CONVICTION.
2026-02-11 12:58:59,737 - INFO - Indicators SILVER: price 83.56, vol 5.00, atr% 0.46, rc 0.53
2026-02-11 12:59:29,739 - WARNING - [33m❌ Ignoring switch to GOLDMINI_PINE for COMMODITY instance. Staying on GOLDMINI_PINE.[0m
2026-02-11 12:59:29,740 - INFO - ⚙️ Commodity scan list prepared: 3 symbols (tokens available for 0)
2026-02-11 12:59:29,740 - WARNING - Nifty data missing for regime assessment. Defaulting to HIGH_CONVICTION.
2026-02-11 12:59:30,914 - INFO - Indicators SILVER: price 83.54, vol 5.00, atr% 0.46, rc 0.51
2026-02-11 13:00:00,921 - WARNING - [33m❌ Ignoring switch to GOLDMINI_PINE for COMMODITY instance. Staying on GOLDMINI_PINE.[0m
2026-02-11 13:00:00,924 - INFO - ⚙️ Commodity scan list prepared: 3 symbols (tokens available for 0)
2026-02-11 13:00:00,925 - WARNING - Nifty data missing for regime assessment. Defaulting to HIGH_CONVICTION.
2026-02-11 13:00:07,432 - INFO - Indicators SILVER: price 83.50, vol 5.00, atr% 0.46, rc 0.51
2026-02-11 13:00:37,440 - WARNING - [33m❌ Ignoring switch to GOLDMINI_PINE for COMMODITY instance. Staying on GOLDMINI_PINE.[0m
2026-02-11 13:00:37,450 - INFO - ⚙️ Commodity scan list prepared: 3 symbols (tokens available for 0)
2026-02-11 13:00:37,451 - WARNING - Nifty data missing for regime assessment. Defaulting to HIGH_CONVICTION.
2026-02-11 13:00:38,501 - INFO - Indicators SILVER: price 83.51, vol 5.00, atr% 0.46, rc 0.49
2026-02-11 13:01:08,507 - WARNING - [33m❌ Ignoring switch to GOLDMINI_PINE for COMMODITY instance. Staying on GOLDMINI_PINE.[0m
2026-02-11 13:01:08,508 - INFO - ⚙️ Commodity scan list prepared: 3 symbols (tokens available for 0)
2026-02-11 13:01:08,508 - WARNING - Nifty data missing for regime assessment. Defaulting to HIGH_CONVICTION.
2026-02-11 13:01:10,218 - INFO - Indicators SILVER: price 83.53, vol 5.00, atr% 0.46, rc 0.51
2026-02-11 13:01:40,226 - WARNING - [33m❌ Ignoring switch to GOLDMINI_PINE for COMMODITY instance. Staying on GOLDMINI_PINE.[0m
2026-02-11 13:01:40,229 - INFO - ⚙️ Commodity scan list prepared: 3 symbols (tokens available for 0)
2026-02-11 13:01:40,230 - WARNING - Nifty data missing for regime assessment. Defaulting to HIGH_CONVICTION.
2026-02-11 13:01:41,828 - INFO - Indicators SILVER: price 83.44, vol 5.00, atr% 0.47, rc 0.55
2026-02-11 13:02:11,831 - WARNING - [33m❌ Ignoring switch to GOLDMINI_PINE for COMMODITY instance. Staying on GOLDMINI_PINE.[0m
2026-02-11 13:02:11,833 - INFO - ⚙️ Commodity scan list prepared: 3 symbols (tokens available for 0)
2026-02-11 13:02:11,833 - WARNING - Nifty data missing for regime assessment. Defaulting to HIGH_CONVICTION.
2026-02-11 13:02:13,432 - INFO - Indicators SILVER: price 83.36, vol 5.00, atr% 0.47, rc 0.62
2026-02-11 13:02:43,436 - WARNING - [33m❌ Ignoring switch to GOLDMINI_PINE for COMMODITY instance. Staying on GOLDMINI_PINE.[0m
2026-02-11 13:02:43,438 - INFO - ⚙️ Commodity scan list prepared: 3 symbols (tokens available for 0)
2026-02-11 13:02:43,438 - WARNING - Nifty data missing for regime assessment. Defaulting to HIGH_CONVICTION.
2026-02-11 13:02:45,203 - INFO - Indicators SILVER: price 83.42, vol 5.00, atr% 0.47, rc 0.57
2026-02-11 13:03:15,211 - WARNING - [33m❌ Ignoring switch to GOLDMINI_PINE for COMMODITY instance. Staying on GOLDMINI_PINE.[0m
2026-02-11 13:03:15,212 - INFO - ⚙️ Commodity scan list prepared: 3 symbols (tokens available for 0)
2026-02-11 13:03:15,212 - WARNING - Nifty data missing for regime assessment. Defaulting to HIGH_CONVICTION.
2026-02-11 13:03:16,443 - INFO - Indicators SILVER: price 83.33, vol 5.00, atr% 0.47, rc 0.63
2026-02-11 13:03:46,442 - WARNING - [33m❌ Ignoring switch to GOLDMINI_PINE for COMMODITY instance. Staying on GOLDMINI_PINE.[0m
2026-02-11 13:03:46,446 - INFO - ⚙️ Commodity scan list prepared: 3 symbols (tokens available for 0)
2026-02-11 13:03:46,448 - WARNING - Nifty data missing for regime assessment. Defaulting to HIGH_CONVICTION.
2026-02-11 13:03:48,029 - INFO - Indicators SILVER: price 83.31, vol 5.00, atr% 0.47, rc 0.65
2026-02-11 13:04:18,041 - WARNING - [33m❌ Ignoring switch to GOLDMINI_PINE for COMMODITY instance. Staying on GOLDMINI_PINE.[0m
2026-02-11 13:04:18,042 - INFO - ⚙️ Commodity scan list prepared: 3 symbols (tokens available for 0)
2026-02-11 13:04:18,042 - WARNING - Nifty data missing for regime assessment. Defaulting to HIGH_CONVICTION.
2026-02-11 13:04:20,524 - INFO - Indicators SILVER: price 83.42, vol 5.00, atr% 0.47, rc 0.57
2026-02-11 13:04:50,536 - WARNING - [33m❌ Ignoring switch to GOLDMINI_PINE for COMMODITY instance. Staying on GOLDMINI_PINE.[0m
2026-02-11 13:04:50,541 - INFO - ⚙️ Commodity scan list prepared: 3 symbols (tokens available for 0)
2026-02-11 13:04:50,542 - WARNING - Nifty data missing for regime assessment. Defaulting to HIGH_CONVICTION.
2026-02-11 13:04:52,745 - INFO - Indicators SILVER: price 83.40, vol 5.00, atr% 0.47, rc 0.58
2026-02-11 13:05:16,418 - WARNING - [33m❌ Ignoring switch to GOLDMINI_PINE for COMMODITY instance. Staying on GOLDMINI_PINE.[0m
2026-02-11 13:05:16,421 - INFO - ⚙️ Commodity scan list prepared: 3 symbols (tokens available for 0)
2026-02-11 13:05:16,421 - WARNING - Nifty data missing for regime assessment. Defaulting to HIGH_CONVICTION.
2026-02-11 13:05:18,673 - INFO - Indicators SILVER: price 83.35, vol 5.00, atr% 0.47, rc 0.62
2026-02-11 13:05:19,674 - WARNING - [33m❌ Ignoring switch to GOLDMINI_PINE for COMMODITY instance. Staying on GOLDMINI_PINE.[0m
2026-02-11 13:05:19,674 - INFO - ⚙️ Commodity scan list prepared: 3 symbols (tokens available for 0)
2026-02-11 13:05:19,674 - WARNING - Nifty data missing for regime assessment. Defaulting to HIGH_CONVICTION.
2026-02-11 13:05:20,735 - INFO - Indicators SILVER: price 83.35, vol 5.00, atr% 0.47, rc 0.62
2026-02-11 13:05:50,745 - WARNING - [33m❌ Ignoring switch to GOLDMINI_PINE for COMMODITY instance. Staying on GOLDMINI_PINE.[0m
2026-02-11 13:05:50,746 - INFO - ⚙️ Commodity scan list prepared: 3 symbols (tokens available for 0)
2026-02-11 13:05:50,746 - WARNING - Nifty data missing for regime assessment. Defaulting to HIGH_CONVICTION.
2026-02-11 13:05:52,257 - INFO - Indicators SILVER: price 83.34, vol 5.00, atr% 0.47, rc 0.63
2026-02-11 13:06:22,270 - WARNING - [33m❌ Ignoring switch to GOLDMINI_PINE for COMMODITY instance. Staying on GOLDMINI_PINE.[0m
2026-02-11 13:06:22,273 - INFO - ⚙️ Commodity scan list prepared: 3 symbols (tokens available for 0)
2026-02-11 13:06:22,273 - WARNING - Nifty data missing for regime assessment. Defaulting to HIGH_CONVICTION.
2026-02-11 13:06:23,806 - INFO - Indicators SILVER: price 83.29, vol 5.00, atr% 0.48, rc 0.66
2026-02-11 13:06:53,809 - WARNING - [33m❌ Ignoring switch to GOLDMINI_PINE for COMMODITY instance. Staying on GOLDMINI_PINE.[0m
2026-02-11 13:06:53,810 - INFO - ⚙️ Commodity scan list prepared: 3 symbols (tokens available for 0)
2026-02-11 13:06:53,810 - WARNING - Nifty data missing for regime assessment. Defaulting to HIGH_CONVICTION.
2026-02-11 13:07:02,855 - INFO - Indicators SILVER: price 83.31, vol 5.00, atr% 0.48, rc 0.65
2026-02-11 13:07:32,867 - WARNING - [33m❌ Ignoring switch to GOLDMINI_PINE for COMMODITY instance. Staying on GOLDMINI_PINE.[0m
2026-02-11 13:07:32,868 - INFO - ⚙️ Commodity scan list prepared: 3 symbols (tokens available for 0)
2026-02-11 13:07:32,868 - WARNING - Nifty data missing for regime assessment. Defaulting to HIGH_CONVICTION.
2026-02-11 13:07:37,920 - INFO - Indicators SILVER: price 83.17, vol 5.00, atr% 0.50, rc 0.75
2026-02-11 13:07:37,920 - ERROR - CRITICAL: No future expiry dates found in MCX cache for SILVER. Defaulting to +30 days.
2026-02-11 13:07:37,921 - WARNING - MCX lot size unavailable for SILVER; skipping metrics.
2026-02-11 13:07:37,921 - ERROR - CRITICAL: No future expiry dates found in MCX cache for SILVER. Defaulting to +30 days.
2026-02-11 13:07:37,926 - INFO - Strategy Validation - Win Rate: 26.7%, Profit Factor: 2.15
2026-02-11 13:07:42,805 - INFO - ALERT SENT: SILVER NEW SIGNAL
2026-02-11 13:07:42,812 - INFO - [35mExecution Triggered for SILVER. Conf >= 7.0 and Position is Closed.[0m
2026-02-11 13:07:42,813 - ERROR - CRITICAL: No future expiry dates found in MCX cache for SILVER. Defaulting to +30 days.
2026-02-11 13:07:42,816 - ERROR - [31mFailed to execute commodity BULLISH strategy for SILVER[0m
2026-02-11 13:08:12,830 - WARNING - [33m❌ Ignoring switch to GOLDMINI_PINE for COMMODITY instance. Staying on GOLDMINI_PINE.[0m
2026-02-11 13:08:12,831 - INFO - ⚙️ Commodity scan list prepared: 3 symbols (tokens available for 0)
2026-02-11 13:08:12,832 - WARNING - Nifty data missing for regime assessment. Defaulting to HIGH_CONVICTION.
2026-02-11 13:08:14,416 - INFO - Indicators SILVER: price 83.13, vol 5.00, atr% 0.50, rc 0.77
2026-02-11 13:08:14,416 - ERROR - CRITICAL: No future expiry dates found in MCX cache for SILVER. Defaulting to +30 days.
2026-02-11 13:08:14,416 - WARNING - MCX lot size unavailable for SILVER; skipping metrics.
2026-02-11 13:08:14,416 - ERROR - CRITICAL: No future expiry dates found in MCX cache for SILVER. Defaulting to +30 days.
2026-02-11 13:08:14,420 - INFO - Strategy Validation - Win Rate: 26.7%, Profit Factor: 2.15
2026-02-11 13:08:17,130 - INFO - ALERT SENT: SILVER NEW SIGNAL
2026-02-11 13:08:17,130 - INFO - [35mExecution Triggered for SILVER. Conf >= 7.0 and Position is Closed.[0m
2026-02-11 13:08:17,131 - ERROR - CRITICAL: No future expiry dates found in MCX cache for SILVER. Defaulting to +30 days.
2026-02-11 13:08:17,131 - ERROR - [31mFailed to execute commodity BULLISH strategy for SILVER[0m
2026-02-11 13:08:47,136 - WARNING - [33m❌ Ignoring switch to GOLDMINI_PINE for COMMODITY instance. Staying on GOLDMINI_PINE.[0m
2026-02-11 13:08:47,138 - INFO - ⚙️ Commodity scan list prepared: 3 symbols (tokens available for 0)
2026-02-11 13:08:47,139 - WARNING - Nifty data missing for regime assessment. Defaulting to HIGH_CONVICTION.
2026-02-11 13:08:49,802 - INFO - Indicators SILVER: price 83.21, vol 5.00, atr% 0.50, rc 0.72
2026-02-11 13:09:19,805 - WARNING - [33m❌ Ignoring switch to GOLDMINI_PINE for COMMODITY instance. Staying on GOLDMINI_PINE.[0m
2026-02-11 13:09:19,805 - INFO - ⚙️ Commodity scan list prepared: 3 symbols (tokens available for 0)
2026-02-11 13:09:19,806 - WARNING - Nifty data missing for regime assessment. Defaulting to HIGH_CONVICTION.
2026-02-11 13:09:20,883 - INFO - Indicators SILVER: price 83.14, vol 5.00, atr% 0.50, rc 0.76
2026-02-11 13:09:20,883 - ERROR - CRITICAL: No future expiry dates found in MCX cache for SILVER. Defaulting to +30 days.
2026-02-11 13:09:20,884 - WARNING - MCX lot size unavailable for SILVER; skipping metrics.
2026-02-11 13:09:20,884 - ERROR - CRITICAL: No future expiry dates found in MCX cache for SILVER. Defaulting to +30 days.
2026-02-11 13:09:20,887 - INFO - Strategy Validation - Win Rate: 26.7%, Profit Factor: 2.15
2026-02-11 13:09:23,528 - INFO - ALERT SENT: SILVER NEW SIGNAL
2026-02-11 13:09:23,528 - INFO - [35mExecution Triggered for SILVER. Conf >= 7.0 and Position is Closed.[0m
2026-02-11 13:09:23,529 - ERROR - CRITICAL: No future expiry dates found in MCX cache for SILVER. Defaulting to +30 days.
2026-02-11 13:09:23,529 - ERROR - [31mFailed to execute commodity BULLISH strategy for SILVER[0m
2026-02-11 13:09:53,549 - WARNING - [33m❌ Ignoring switch to GOLDMINI_PINE for COMMODITY instance. Staying on GOLDMINI_PINE.[0m
2026-02-11 13:09:53,558 - INFO - ⚙️ Commodity scan list prepared: 3 symbols (tokens available for 0)
2026-02-11 13:09:53,559 - WARNING - Nifty data missing for regime assessment. Defaulting to HIGH_CONVICTION.
2026-02-11 13:09:55,084 - INFO - Indicators SILVER: price 83.22, vol 5.00, atr% 0.50, rc 0.71
2026-02-11 13:10:25,094 - WARNING - [33m❌ Ignoring switch to GOLDMINI_PINE for COMMODITY instance. Staying on GOLDMINI_PINE.[0m
2026-02-11 13:10:25,094 - INFO - ⚙️ Commodity scan list prepared: 3 symbols (tokens available for 0)
2026-02-11 13:10:25,095 - WARNING - Nifty data missing for regime assessment. Defaulting to HIGH_CONVICTION.
2026-02-11 13:10:26,962 - INFO - Indicators SILVER: price 83.30, vol 5.00, atr% 0.48, rc 0.55
2026-02-11 13:10:56,973 - WARNING - [33m❌ Ignoring switch to GOLDMINI_PINE for COMMODITY instance. Staying on GOLDMINI_PINE.[0m
2026-02-11 13:10:56,974 - INFO - ⚙️ Commodity scan list prepared: 3 symbols (tokens available for 0)
2026-02-11 13:10:56,975 - WARNING - Nifty data missing for regime assessment. Defaulting to HIGH_CONVICTION.
2026-02-11 13:10:58,458 - INFO - Indicators SILVER: price 83.21, vol 5.00, atr% 0.48, rc 0.51
2026-02-11 13:11:28,470 - WARNING - [33m❌ Ignoring switch to GOLDMINI_PINE for COMMODITY instance. Staying on GOLDMINI_PINE.[0m
2026-02-11 13:11:28,471 - INFO - ⚙️ Commodity scan list prepared: 3 symbols (tokens available for 0)
2026-02-11 13:11:28,472 - WARNING - Nifty data missing for regime assessment. Defaulting to HIGH_CONVICTION.
2026-02-11 13:11:29,937 - INFO - Indicators SILVER: price 83.25, vol 5.00, atr% 0.49, rc 0.52
2026-02-11 13:11:59,943 - WARNING - [33m❌ Ignoring switch to GOLDMINI_PINE for COMMODITY instance. Staying on GOLDMINI_PINE.[0m
2026-02-11 13:11:59,945 - INFO - ⚙️ Commodity scan list prepared: 3 symbols (tokens available for 0)
2026-02-11 13:11:59,945 - WARNING - Nifty data missing for regime assessment. Defaulting to HIGH_CONVICTION.
2026-02-11 13:12:01,414 - INFO - Indicators SILVER: price 83.18, vol 5.00, atr% 0.49, rc 0.52
2026-02-11 13:12:31,429 - WARNING - [33m❌ Ignoring switch to GOLDMINI_PINE for COMMODITY instance. Staying on GOLDMINI_PINE.[0m
2026-02-11 13:12:31,441 - INFO - ⚙️ Commodity scan list prepared: 3 symbols (tokens available for 0)
2026-02-11 13:12:31,441 - WARNING - Nifty data missing for regime assessment. Defaulting to HIGH_CONVICTION.
2026-02-11 13:12:32,468 - INFO - Indicators SILVER: price 83.18, vol 5.00, atr% 0.49, rc 0.52
2026-02-11 13:13:02,476 - WARNING - [33m❌ Ignoring switch to GOLDMINI_PINE for COMMODITY instance. Staying on GOLDMINI_PINE.[0m
2026-02-11 13:13:02,476 - INFO - ⚙️ Commodity scan list prepared: 3 symbols (tokens available for 0)
2026-02-11 13:13:02,476 - WARNING - Nifty data missing for regime assessment. Defaulting to HIGH_CONVICTION.
2026-02-11 13:13:03,842 - INFO - Indicators SILVER: price 83.13, vol 5.00, atr% 0.49, rc 0.56
2026-02-11 13:13:03,842 - ERROR - CRITICAL: No future expiry dates found in MCX cache for SILVER. Defaulting to +30 days.
2026-02-11 13:13:03,843 - WARNING - MCX lot size unavailable for SILVER; skipping metrics.
2026-02-11 13:13:03,843 - ERROR - CRITICAL: No future expiry dates found in MCX cache for SILVER. Defaulting to +30 days.
2026-02-11 13:13:03,847 - INFO - Strategy Validation - Win Rate: 26.7%, Profit Factor: 2.15
2026-02-11 13:13:07,318 - INFO - ALERT SENT: SILVER NEW SIGNAL
2026-02-11 13:13:07,319 - INFO - [35mExecution Triggered for SILVER. Conf >= 7.0 and Position is Closed.[0m
2026-02-11 13:13:07,319 - ERROR - CRITICAL: No future expiry dates found in MCX cache for SILVER. Defaulting to +30 days.
2026-02-11 13:13:07,320 - ERROR - [31mFailed to execute commodity BULLISH strategy for SILVER[0m
2026-02-11 13:13:37,324 - WARNING - [33m❌ Ignoring switch to GOLDMINI_PINE for COMMODITY instance. Staying on GOLDMINI_PINE.[0m
2026-02-11 13:13:37,327 - INFO - ⚙️ Commodity scan list prepared: 3 symbols (tokens available for 0)
2026-02-11 13:13:37,328 - WARNING - Nifty data missing for regime assessment. Defaulting to HIGH_CONVICTION.
2026-02-11 13:13:38,718 - INFO - Indicators SILVER: price 83.15, vol 5.00, atr% 0.50, rc 0.54
2026-02-11 13:13:38,718 - ERROR - CRITICAL: No future expiry dates found in MCX cache for SILVER. Defaulting to +30 days.
2026-02-11 13:13:38,718 - WARNING - MCX lot size unavailable for SILVER; skipping metrics.
2026-02-11 13:13:38,718 - ERROR - CRITICAL: No future expiry dates found in MCX cache for SILVER. Defaulting to +30 days.
2026-02-11 13:13:38,721 - INFO - Strategy Validation - Win Rate: 26.7%, Profit Factor: 2.15
2026-02-11 13:13:40,790 - INFO - ALERT SENT: SILVER NEW SIGNAL
2026-02-11 13:13:40,790 - INFO - [35mExecution Triggered for SILVER. Conf >= 7.0 and Position is Closed.[0m
2026-02-11 13:13:40,791 - ERROR - CRITICAL: No future expiry dates found in MCX cache for SILVER. Defaulting to +30 days.
2026-02-11 13:13:40,791 - ERROR - [31mFailed to execute commodity BULLISH strategy for SILVER[0m
2026-02-11 13:14:10,806 - WARNING - [33m❌ Ignoring switch to GOLDMINI_PINE for COMMODITY instance. Staying on GOLDMINI_PINE.[0m
2026-02-11 13:14:10,809 - INFO - ⚙️ Commodity scan list prepared: 3 symbols (tokens available for 0)
2026-02-11 13:14:10,810 - WARNING - Nifty data missing for regime assessment. Defaulting to HIGH_CONVICTION.
2026-02-11 13:14:12,237 - INFO - Indicators SILVER: price 83.10, vol 5.00, atr% 0.50, rc 0.58
2026-02-11 13:14:12,237 - ERROR - CRITICAL: No future expiry dates found in MCX cache for SILVER. Defaulting to +30 days.
2026-02-11 13:14:12,237 - WARNING - MCX lot size unavailable for SILVER; skipping metrics.
2026-02-11 13:14:12,237 - ERROR - CRITICAL: No future expiry dates found in MCX cache for SILVER. Defaulting to +30 days.
2026-02-11 13:14:12,240 - INFO - Strategy Validation - Win Rate: 26.7%, Profit Factor: 2.15
2026-02-11 13:14:14,484 - INFO - ALERT SENT: SILVER NEW SIGNAL
2026-02-11 13:14:14,484 - INFO - [35mExecution Triggered for SILVER. Conf >= 7.0 and Position is Closed.[0m
2026-02-11 13:14:14,484 - ERROR - CRITICAL: No future expiry dates found in MCX cache for SILVER. Defaulting to +30 days.
2026-02-11 13:14:14,484 - ERROR - [31mFailed to execute commodity BULLISH strategy for SILVER[0m
2026-02-11 13:14:44,496 - WARNING - [33m❌ Ignoring switch to GOLDMINI_PINE for COMMODITY instance. Staying on GOLDMINI_PINE.[0m
2026-02-11 13:14:44,498 - INFO - ⚙️ Commodity scan list prepared: 3 symbols (tokens available for 0)
2026-02-11 13:14:44,498 - WARNING - Nifty data missing for regime assessment. Defaulting to HIGH_CONVICTION.
2026-02-11 13:14:45,934 - INFO - Indicators SILVER: price 83.21, vol 5.00, atr% 0.50, rc 0.50
2026-02-11 13:15:15,946 - WARNING - [33m❌ Ignoring switch to GOLDMINI_PINE for COMMODITY instance. Staying on GOLDMINI_PINE.[0m
2026-02-11 13:15:15,948 - INFO - ⚙️ Commodity scan list prepared: 3 symbols (tokens available for 0)
2026-02-11 13:15:15,948 - WARNING - Nifty data missing for regime assessment. Defaulting to HIGH_CONVICTION.
2026-02-11 13:15:17,528 - INFO - Indicators SILVER: price 83.12, vol 5.00, atr% 0.50, rc 0.56
2026-02-11 13:15:17,529 - ERROR - CRITICAL: No future expiry dates found in MCX cache for SILVER. Defaulting to +30 days.
2026-02-11 13:15:17,529 - WARNING - MCX lot size unavailable for SILVER; skipping metrics.
2026-02-11 13:15:17,529 - ERROR - CRITICAL: No future expiry dates found in MCX cache for SILVER. Defaulting to +30 days.
2026-02-11 13:15:17,532 - INFO - Strategy Validation - Win Rate: 26.7%, Profit Factor: 2.15
2026-02-11 13:15:19,953 - INFO - ALERT SENT: SILVER NEW SIGNAL
2026-02-11 13:15:19,954 - INFO - [35mExecution Triggered for SILVER. Conf >= 7.0 and Position is Closed.[0m
2026-02-11 13:15:19,954 - ERROR - CRITICAL: No future expiry dates found in MCX cache for SILVER. Defaulting to +30 days.
2026-02-11 13:15:19,955 - ERROR - [31mFailed to execute commodity BULLISH strategy for SILVER[0m
2026-02-11 13:15:21,434 - WARNING - [33m❌ Ignoring switch to GOLDMINI_PINE for COMMODITY instance. Staying on GOLDMINI_PINE.[0m
2026-02-11 13:15:21,435 - INFO - ⚙️ Commodity scan list prepared: 3 symbols (tokens available for 0)
2026-02-11 13:15:21,435 - WARNING - Nifty data missing for regime assessment. Defaulting to HIGH_CONVICTION.
2026-02-11 13:15:22,468 - INFO - Indicators SILVER: price 83.12, vol 5.00, atr% 0.50, rc 0.56
2026-02-11 13:15:22,469 - ERROR - CRITICAL: No future expiry dates found in MCX cache for SILVER. Defaulting to +30 days.
2026-02-11 13:15:22,469 - WARNING - MCX lot size unavailable for SILVER; skipping metrics.
2026-02-11 13:15:22,469 - ERROR - CRITICAL: No future expiry dates found in MCX cache for SILVER. Defaulting to +30 days.
2026-02-11 13:15:22,471 - INFO - Strategy Validation - Win Rate: 26.7%, Profit Factor: 2.15
2026-02-11 13:15:24,831 - INFO - ALERT SENT: SILVER NEW SIGNAL
2026-02-11 13:15:24,832 - INFO - [35mExecution Triggered for SILVER. Conf >= 7.0 and Position is Closed.[0m
2026-02-11 13:15:24,832 - ERROR - CRITICAL: No future expiry dates found in MCX cache for SILVER. Defaulting to +30 days.
2026-02-11 13:15:24,833 - ERROR - [31mFailed to execute commodity BULLISH strategy for SILVER[0m
2026-02-11 13:15:25,844 - WARNING - [33m❌ Ignoring switch to GOLDMINI_PINE for COMMODITY instance. Staying on GOLDMINI_PINE.[0m
2026-02-11 13:15:25,845 - INFO - ⚙️ Commodity scan list prepared: 3 symbols (tokens available for 0)
2026-02-11 13:15:25,845 - WARNING - Nifty data missing for regime assessment. Defaulting to HIGH_CONVICTION.
2026-02-11 13:15:26,955 - INFO - Indicators SILVER: price 83.12, vol 5.00, atr% 0.50, rc 0.56
2026-02-11 13:15:26,955 - ERROR - CRITICAL: No future expiry dates found in MCX cache for SILVER. Defaulting to +30 days.
2026-02-11 13:15:26,955 - WARNING - MCX lot size unavailable for SILVER; skipping metrics.
2026-02-11 13:15:26,955 - ERROR - CRITICAL: No future expiry dates found in MCX cache for SILVER. Defaulting to +30 days.
2026-02-11 13:15:26,958 - INFO - Strategy Validation - Win Rate: 26.7%, Profit Factor: 2.15
2026-02-11 13:15:29,248 - INFO - ALERT SENT: SILVER NEW SIGNAL
2026-02-11 13:15:29,249 - INFO - [35mExecution Triggered for SILVER. Conf >= 7.0 and Position is Closed.[0m
2026-02-11 13:15:29,249 - ERROR - CRITICAL: No future expiry dates found in MCX cache for SILVER. Defaulting to +30 days.
2026-02-11 13:15:29,249 - ERROR - [31mFailed to execute commodity BULLISH strategy for SILVER[0m
2026-02-11 13:15:59,259 - WARNING - [33m❌ Ignoring switch to GOLDMINI_PINE for COMMODITY instance. Staying on GOLDMINI_PINE.[0m
2026-02-11 13:15:59,261 - INFO - ⚙️ Commodity scan list prepared: 3 symbols (tokens available for 0)
2026-02-11 13:15:59,261 - WARNING - Nifty data missing for regime assessment. Defaulting to HIGH_CONVICTION.
2026-02-11 13:16:00,729 - INFO - Indicators SILVER: price 83.20, vol 5.00, atr% 0.50, rc 0.51
2026-02-11 13:16:30,740 - WARNING - [33m❌ Ignoring switch to GOLDMINI_PINE for COMMODITY instance. Staying on GOLDMINI_PINE.[0m
2026-02-11 13:16:30,743 - INFO - ⚙️ Commodity scan list prepared: 3 symbols (tokens available for 0)
2026-02-11 13:16:30,744 - WARNING - Nifty data missing for regime assessment. Defaulting to HIGH_CONVICTION.
2026-02-11 13:16:31,828 - INFO - Indicators SILVER: price 83.30, vol 5.00, atr% 0.50, rc 0.55
2026-02-11 13:17:01,828 - WARNING - [33m❌ Ignoring switch to GOLDMINI_PINE for COMMODITY instance. Staying on GOLDMINI_PINE.[0m
2026-02-11 13:17:01,829 - INFO - ⚙️ Commodity scan list prepared: 3 symbols (tokens available for 0)
2026-02-11 13:17:01,829 - WARNING - Nifty data missing for regime assessment. Defaulting to HIGH_CONVICTION.
2026-02-11 13:17:03,413 - INFO - Indicators SILVER: price 83.24, vol 5.00, atr% 0.50, rc 0.51
2026-02-11 13:17:33,425 - WARNING - [33m❌ Ignoring switch to GOLDMINI_PINE for COMMODITY instance. Staying on GOLDMINI_PINE.[0m
2026-02-11 13:17:33,429 - INFO - ⚙️ Commodity scan list prepared: 3 symbols (tokens available for 0)
2026-02-11 13:17:33,429 - WARNING - Nifty data missing for regime assessment. Defaulting to HIGH_CONVICTION.
2026-02-11 13:17:34,968 - INFO - Indicators SILVER: price 83.36, vol 5.00, atr% 0.50, rc 0.60
2026-02-11 13:18:04,980 - WARNING - [33m❌ Ignoring switch to GOLDMINI_PINE for COMMODITY instance. Staying on GOLDMINI_PINE.[0m
2026-02-11 13:18:04,983 - INFO - ⚙️ Commodity scan list prepared: 3 symbols (tokens available for 0)
2026-02-11 13:18:04,984 - WARNING - Nifty data missing for regime assessment. Defaulting to HIGH_CONVICTION.
2026-02-11 13:18:06,555 - INFO - Indicators SILVER: price 83.37, vol 5.00, atr% 0.50, rc 0.60
2026-02-11 13:18:36,557 - WARNING - [33m❌ Ignoring switch to GOLDMINI_PINE for COMMODITY instance. Staying on GOLDMINI_PINE.[0m
2026-02-11 13:18:36,558 - INFO - ⚙️ Commodity scan list prepared: 3 symbols (tokens available for 0)
2026-02-11 13:18:36,558 - WARNING - Nifty data missing for regime assessment. Defaulting to HIGH_CONVICTION.
2026-02-11 13:18:37,928 - INFO - Indicators SILVER: price 83.35, vol 5.00, atr% 0.50, rc 0.59
2026-02-11 13:19:07,876 - WARNING - [33m❌ Ignoring switch to GOLDMINI_PINE for COMMODITY instance. Staying on GOLDMINI_PINE.[0m
2026-02-11 13:19:07,879 - INFO - ⚙️ Commodity scan list prepared: 3 symbols (tokens available for 0)
2026-02-11 13:19:07,880 - WARNING - Nifty data missing for regime assessment. Defaulting to HIGH_CONVICTION.
2026-02-11 13:19:08,995 - INFO - Indicators SILVER: price 83.35, vol 5.00, atr% 0.50, rc 0.59
2026-02-11 13:19:38,997 - WARNING - [33m❌ Ignoring switch to GOLDMINI_PINE for COMMODITY instance. Staying on GOLDMINI_PINE.[0m
2026-02-11 13:19:38,997 - INFO - ⚙️ Commodity scan list prepared: 3 symbols (tokens available for 0)
2026-02-11 13:19:38,997 - WARNING - Nifty data missing for regime assessment. Defaulting to HIGH_CONVICTION.
2026-02-11 13:19:40,506 - INFO - Indicators SILVER: price 83.40, vol 5.00, atr% 0.50, rc 0.62
2026-02-11 13:20:10,507 - WARNING - [33m❌ Ignoring switch to GOLDMINI_PINE for COMMODITY instance. Staying on GOLDMINI_PINE.[0m
2026-02-11 13:20:10,508 - INFO - ⚙️ Commodity scan list prepared: 3 symbols (tokens available for 0)
2026-02-11 13:20:10,508 - WARNING - Nifty data missing for regime assessment. Defaulting to HIGH_CONVICTION.
2026-02-11 13:20:11,914 - INFO - Indicators SILVER: price 83.43, vol 5.00, atr% 0.51, rc 0.64
2026-02-11 13:20:41,916 - WARNING - [33m❌ Ignoring switch to GOLDMINI_PINE for COMMODITY instance. Staying on GOLDMINI_PINE.[0m
2026-02-11 13:20:41,919 - INFO - ⚙️ Commodity scan list prepared: 3 symbols (tokens available for 0)
2026-02-11 13:20:41,919 - WARNING - Nifty data missing for regime assessment. Defaulting to HIGH_CONVICTION.
2026-02-11 13:20:43,203 - INFO - Indicators SILVER: price 83.39, vol 5.00, atr% 0.51, rc 0.62
2026-02-11 13:21:13,216 - WARNING - [33m❌ Ignoring switch to GOLDMINI_PINE for COMMODITY instance. Staying on GOLDMINI_PINE.[0m
2026-02-11 13:21:13,219 - INFO - ⚙️ Commodity scan list prepared: 3 symbols (tokens available for 0)
2026-02-11 13:21:13,219 - WARNING - Nifty data missing for regime assessment. Defaulting to HIGH_CONVICTION.
2026-02-11 13:21:14,779 - INFO - Indicators SILVER: price 83.36, vol 5.00, atr% 0.51, rc 0.60
2026-02-11 13:21:44,785 - WARNING - [33m❌ Ignoring switch to GOLDMINI_PINE for COMMODITY instance. Staying on GOLDMINI_PINE.[0m
2026-02-11 13:21:44,787 - INFO - ⚙️ Commodity scan list prepared: 3 symbols (tokens available for 0)
2026-02-11 13:21:44,788 - WARNING - Nifty data missing for regime assessment. Defaulting to HIGH_CONVICTION.
2026-02-11 13:21:46,456 - INFO - Indicators SILVER: price 83.36, vol 5.00, atr% 0.51, rc 0.59
2026-02-11 13:22:16,467 - WARNING - [33m❌ Ignoring switch to GOLDMINI_PINE for COMMODITY instance. Staying on GOLDMINI_PINE.[0m
2026-02-11 13:22:16,469 - INFO - ⚙️ Commodity scan list prepared: 3 symbols (tokens available for 0)
2026-02-11 13:22:16,470 - WARNING - Nifty data missing for regime assessment. Defaulting to HIGH_CONVICTION.
2026-02-11 13:22:17,936 - INFO - Indicators SILVER: price 83.36, vol 5.00, atr% 0.51, rc 0.59
2026-02-11 13:22:47,949 - WARNING - [33m❌ Ignoring switch to GOLDMINI_PINE for COMMODITY instance. Staying on GOLDMINI_PINE.[0m
2026-02-11 13:22:47,953 - INFO - ⚙️ Commodity scan list prepared: 3 symbols (tokens available for 0)
2026-02-11 13:22:47,954 - WARNING - Nifty data missing for regime assessment. Defaulting to HIGH_CONVICTION.
2026-02-11 13:22:50,579 - INFO - Indicators SILVER: price 83.24, vol 5.00, atr% 0.51, rc 0.51
2026-02-11 13:23:20,592 - WARNING - [33m❌ Ignoring switch to GOLDMINI_PINE for COMMODITY instance. Staying on GOLDMINI_PINE.[0m
2026-02-11 13:23:20,594 - INFO - ⚙️ Commodity scan list prepared: 3 symbols (tokens available for 0)
2026-02-11 13:23:20,594 - WARNING - Nifty data missing for regime assessment. Defaulting to HIGH_CONVICTION.
2026-02-11 13:23:21,706 - INFO - Indicators SILVER: price 83.24, vol 5.00, atr% 0.51, rc 0.51
2026-02-11 13:23:51,717 - WARNING - [33m❌ Ignoring switch to GOLDMINI_PINE for COMMODITY instance. Staying on GOLDMINI_PINE.[0m
2026-02-11 13:23:51,721 - INFO - ⚙️ Commodity scan list prepared: 3 symbols (tokens available for 0)
2026-02-11 13:23:51,722 - WARNING - Nifty data missing for regime assessment. Defaulting to HIGH_CONVICTION.
2026-02-11 13:23:53,082 - INFO - Indicators SILVER: price 83.24, vol 5.00, atr% 0.51, rc 0.51
2026-02-11 13:24:23,094 - WARNING - [33m❌ Ignoring switch to GOLDMINI_PINE for COMMODITY instance. Staying on GOLDMINI_PINE.[0m
2026-02-11 13:24:23,097 - INFO - ⚙️ Commodity scan list prepared: 3 symbols (tokens available for 0)
2026-02-11 13:24:23,097 - WARNING - Nifty data missing for regime assessment. Defaulting to HIGH_CONVICTION.
2026-02-11 13:24:24,491 - INFO - Indicators SILVER: price 83.26, vol 5.00, atr% 0.51, rc 0.52
2026-02-11 13:24:54,495 - WARNING - [33m❌ Ignoring switch to GOLDMINI_PINE for COMMODITY instance. Staying on GOLDMINI_PINE.[0m
2026-02-11 13:24:54,500 - INFO - ⚙️ Commodity scan list prepared: 3 symbols (tokens available for 0)
2026-02-11 13:24:54,500 - WARNING - Nifty data missing for regime assessment. Defaulting to HIGH_CONVICTION.
2026-02-11 13:24:55,864 - INFO - Indicators SILVER: price 83.28, vol 5.00, atr% 0.51, rc 0.54
2026-02-11 13:25:23,817 - WARNING - [33m❌ Ignoring switch to GOLDMINI_PINE for COMMODITY instance. Staying on GOLDMINI_PINE.[0m
2026-02-11 13:25:23,820 - INFO - ⚙️ Commodity scan list prepared: 3 symbols (tokens available for 0)
2026-02-11 13:25:23,820 - WARNING - Nifty data missing for regime assessment. Defaulting to HIGH_CONVICTION.
2026-02-11 13:25:24,964 - INFO - Indicators SILVER: price 83.22, vol 5.00, atr% 0.50, rc 0.53
2026-02-11 13:25:25,975 - WARNING - [33m❌ Ignoring switch to GOLDMINI_PINE for COMMODITY instance. Staying on GOLDMINI_PINE.[0m
2026-02-11 13:25:25,975 - INFO - ⚙️ Commodity scan list prepared: 3 symbols (tokens available for 0)
2026-02-11 13:25:25,975 - WARNING - Nifty data missing for regime assessment. Defaulting to HIGH_CONVICTION.
2026-02-11 13:25:27,155 - INFO - Indicators SILVER: price 83.22, vol 5.00, atr% 0.50, rc 0.53
2026-02-11 13:25:57,165 - WARNING - [33m❌ Ignoring switch to GOLDMINI_PINE for COMMODITY instance. Staying on GOLDMINI_PINE.[0m
2026-02-11 13:25:57,167 - INFO - ⚙️ Commodity scan list prepared: 3 symbols (tokens available for 0)
2026-02-11 13:25:57,167 - WARNING - Nifty data missing for regime assessment. Defaulting to HIGH_CONVICTION.
2026-02-11 13:25:58,585 - INFO - Indicators SILVER: price 83.31, vol 5.00, atr% 0.50, rc 0.52
2026-02-11 13:26:28,595 - WARNING - [33m❌ Ignoring switch to GOLDMINI_PINE for COMMODITY instance. Staying on GOLDMINI_PINE.[0m
2026-02-11 13:26:28,599 - INFO - ⚙️ Commodity scan list prepared: 3 symbols (tokens available for 0)
2026-02-11 13:26:28,599 - WARNING - Nifty data missing for regime assessment. Defaulting to HIGH_CONVICTION.
2026-02-11 13:26:30,135 - INFO - Indicators SILVER: price 83.35, vol 5.00, atr% 0.50, rc 0.54
2026-02-11 13:27:00,147 - WARNING - [33m❌ Ignoring switch to GOLDMINI_PINE for COMMODITY instance. Staying on GOLDMINI_PINE.[0m
2026-02-11 13:27:00,149 - INFO - ⚙️ Commodity scan list prepared: 3 symbols (tokens available for 0)
2026-02-11 13:27:00,149 - WARNING - Nifty data missing for regime assessment. Defaulting to HIGH_CONVICTION.
2026-02-11 13:27:02,202 - INFO - Indicators SILVER: price 83.33, vol 5.00, atr% 0.50, rc 0.53
2026-02-11 13:27:32,203 - WARNING - [33m❌ Ignoring switch to GOLDMINI_PINE for COMMODITY instance. Staying on GOLDMINI_PINE.[0m
2026-02-11 13:27:32,204 - INFO - ⚙️ Commodity scan list prepared: 3 symbols (tokens available for 0)
2026-02-11 13:27:32,204 - WARNING - Nifty data missing for regime assessment. Defaulting to HIGH_CONVICTION.
2026-02-11 13:27:33,946 - INFO - Indicators SILVER: price 83.35, vol 5.00, atr% 0.50, rc 0.54
2026-02-11 13:28:03,949 - WARNING - [33m❌ Ignoring switch to GOLDMINI_PINE for COMMODITY instance. Staying on GOLDMINI_PINE.[0m
2026-02-11 13:28:03,951 - INFO - ⚙️ Commodity scan list prepared: 3 symbols (tokens available for 0)
2026-02-11 13:28:03,952 - WARNING - Nifty data missing for regime assessment. Defaulting to HIGH_CONVICTION.
2026-02-11 13:28:05,705 - INFO - Indicators SILVER: price 83.40, vol 5.00, atr% 0.51, rc 0.58
2026-02-11 13:28:35,719 - WARNING - [33m❌ Ignoring switch to GOLDMINI_PINE for COMMODITY instance. Staying on GOLDMINI_PINE.[0m
2026-02-11 13:28:35,721 - INFO - ⚙️ Commodity scan list prepared: 3 symbols (tokens available for 0)
2026-02-11 13:28:35,721 - WARNING - Nifty data missing for regime assessment. Defaulting to HIGH_CONVICTION.
2026-02-11 13:28:37,306 - INFO - Indicators SILVER: price 83.32, vol 5.00, atr% 0.51, rc 0.53
2026-02-11 13:29:07,317 - WARNING - [33m❌ Ignoring switch to GOLDMINI_PINE for COMMODITY instance. Staying on GOLDMINI_PINE.[0m
2026-02-11 13:29:07,320 - INFO - ⚙️ Commodity scan list prepared: 3 symbols (tokens available for 0)
2026-02-11 13:29:07,321 - WARNING - Nifty data missing for regime assessment. Defaulting to HIGH_CONVICTION.
2026-02-11 13:29:11,004 - INFO - Indicators SILVER: price 83.32, vol 5.00, atr% 0.51, rc 0.53
2026-02-11 13:29:41,020 - WARNING - [33m❌ Ignoring switch to GOLDMINI_PINE for COMMODITY instance. Staying on GOLDMINI_PINE.[0m
2026-02-11 13:29:41,022 - INFO - ⚙️ Commodity scan list prepared: 3 symbols (tokens available for 0)
2026-02-11 13:29:41,022 - WARNING - Nifty data missing for regime assessment. Defaulting to HIGH_CONVICTION.
2026-02-11 13:29:42,419 - INFO - Indicators SILVER: price 83.32, vol 5.00, atr% 0.51, rc 0.52
2026-02-11 13:30:12,431 - WARNING - [33m❌ Ignoring switch to GOLDMINI_PINE for COMMODITY instance. Staying on GOLDMINI_PINE.[0m
2026-02-11 13:30:12,435 - INFO - ⚙️ Commodity scan list prepared: 3 symbols (tokens available for 0)
2026-02-11 13:30:12,436 - WARNING - Nifty data missing for regime assessment. Defaulting to HIGH_CONVICTION.
2026-02-11 13:30:14,017 - INFO - Indicators SILVER: price 83.32, vol 5.00, atr% 0.51, rc 0.52
2026-02-11 13:30:44,036 - WARNING - [33m❌ Ignoring switch to GOLDMINI_PINE for COMMODITY instance. Staying on GOLDMINI_PINE.[0m
2026-02-11 13:30:44,044 - INFO - ⚙️ Commodity scan list prepared: 3 symbols (tokens available for 0)
2026-02-11 13:30:44,045 - WARNING - Nifty data missing for regime assessment. Defaulting to HIGH_CONVICTION.
2026-02-11 13:30:45,498 - INFO - Indicators SILVER: price 83.33, vol 5.00, atr% 0.51, rc 0.53
2026-02-11 13:31:15,504 - WARNING - [33m❌ Ignoring switch to GOLDMINI_PINE for COMMODITY instance. Staying on GOLDMINI_PINE.[0m
2026-02-11 13:31:15,507 - INFO - ⚙️ Commodity scan list prepared: 3 symbols (tokens available for 0)
2026-02-11 13:31:15,508 - WARNING - Nifty data missing for regime assessment. Defaulting to HIGH_CONVICTION.
2026-02-11 13:31:16,992 - INFO - Indicators SILVER: price 83.47, vol 5.00, atr% 0.52, rc 0.63
2026-02-11 13:31:46,997 - WARNING - [33m❌ Ignoring switch to GOLDMINI_PINE for COMMODITY instance. Staying on GOLDMINI_PINE.[0m
2026-02-11 13:31:47,000 - INFO - ⚙️ Commodity scan list prepared: 3 symbols (tokens available for 0)
2026-02-11 13:31:47,000 - WARNING - Nifty data missing for regime assessment. Defaulting to HIGH_CONVICTION.
2026-02-11 13:31:48,529 - INFO - Indicators SILVER: price 83.43, vol 5.00, atr% 0.52, rc 0.60
2026-02-11 13:32:18,531 - WARNING - [33m❌ Ignoring switch to GOLDMINI_PINE for COMMODITY instance. Staying on GOLDMINI_PINE.[0m
2026-02-11 13:32:18,533 - INFO - ⚙️ Commodity scan list prepared: 3 symbols (tokens available for 0)
2026-02-11 13:32:18,533 - WARNING - Nifty data missing for regime assessment. Defaulting to HIGH_CONVICTION.
2026-02-11 13:32:19,918 - INFO - Indicators SILVER: price 83.43, vol 5.00, atr% 0.52, rc 0.60
2026-02-11 13:32:49,930 - WARNING - [33m❌ Ignoring switch to GOLDMINI_PINE for COMMODITY instance. Staying on GOLDMINI_PINE.[0m
2026-02-11 13:32:49,937 - INFO - ⚙️ Commodity scan list prepared: 3 symbols (tokens available for 0)
2026-02-11 13:32:49,937 - WARNING - Nifty data missing for regime assessment. Defaulting to HIGH_CONVICTION.
2026-02-11 13:32:51,333 - INFO - Indicators SILVER: price 83.46, vol 5.00, atr% 0.52, rc 0.62
2026-02-11 13:33:21,335 - WARNING - [33m❌ Ignoring switch to GOLDMINI_PINE for COMMODITY instance. Staying on GOLDMINI_PINE.[0m
2026-02-11 13:33:21,336 - INFO - ⚙️ Commodity scan list prepared: 3 symbols (tokens available for 0)
2026-02-11 13:33:21,336 - WARNING - Nifty data missing for regime assessment. Defaulting to HIGH_CONVICTION.
2026-02-11 13:33:22,457 - INFO - Indicators SILVER: price 83.47, vol 5.00, atr% 0.52, rc 0.63
2026-02-11 13:33:52,462 - WARNING - [33m❌ Ignoring switch to GOLDMINI_PINE for COMMODITY instance. Staying on GOLDMINI_PINE.[0m
2026-02-11 13:33:52,463 - INFO - ⚙️ Commodity scan list prepared: 3 symbols (tokens available for 0)
2026-02-11 13:33:52,464 - WARNING - Nifty data missing for regime assessment. Defaulting to HIGH_CONVICTION.
2026-02-11 13:33:53,966 - INFO - Indicators SILVER: price 83.51, vol 5.00, atr% 0.52, rc 0.65
2026-02-11 13:34:23,970 - WARNING - [33m❌ Ignoring switch to GOLDMINI_PINE for COMMODITY instance. Staying on GOLDMINI_PINE.[0m
2026-02-11 13:34:23,970 - INFO - ⚙️ Commodity scan list prepared: 3 symbols (tokens available for 0)
2026-02-11 13:34:23,970 - WARNING - Nifty data missing for regime assessment. Defaulting to HIGH_CONVICTION.
2026-02-11 13:34:25,022 - INFO - Indicators SILVER: price 83.56, vol 5.00, atr% 0.52, rc 0.68
2026-02-11 13:34:55,035 - WARNING - [33m❌ Ignoring switch to GOLDMINI_PINE for COMMODITY instance. Staying on GOLDMINI_PINE.[0m
2026-02-11 13:34:55,058 - INFO - ⚙️ Commodity scan list prepared: 3 symbols (tokens available for 0)
2026-02-11 13:34:55,063 - WARNING - Nifty data missing for regime assessment. Defaulting to HIGH_CONVICTION.
2026-02-11 13:34:56,605 - INFO - Indicators SILVER: price 83.61, vol 5.00, atr% 0.52, rc 0.73
2026-02-11 13:35:15,366 - INFO - ╔══════════════════════════════════════════════════════════╗
2026-02-11 13:35:15,366 - INFO - ║   ULTIMATE F&O OPTIONS TRADER - LIVE READY VERSION       ║
2026-02-11 13:35:15,366 - INFO - ╚══════════════════════════════════════════════════════════╝
2026-02-11 13:35:15,397 - INFO - Kite access token loaded from file.
2026-02-11 13:35:17,612 - INFO - Kite session verified for user: Anju Kumari
2026-02-11 13:35:20,754 - INFO - Dynamically fetched 212 F&O symbols.
2026-02-11 13:35:23,271 - INFO - Dynamically fetched 29 commodity symbols from MCX.
2026-02-11 13:35:23,276 - INFO - Lot sizes verified and cached from Kite.
2026-02-11 13:35:26,407 - WARNING - [33m❌ Ignoring switch to GOLDMINI_PINE for COMMODITY instance. Staying on GOLDMINI_PINE.[0m
2026-02-11 13:35:26,411 - INFO - ⚙️ Commodity scan list prepared: 3 symbols (tokens available for 0)
2026-02-11 13:35:26,414 - WARNING - Nifty data missing for regime assessment. Defaulting to HIGH_CONVICTION.
2026-02-11 13:35:26,629 - INFO - NFO cache refreshed: 47312 instruments
2026-02-11 13:35:27,870 - INFO - Indicators SILVER: price 83.57, vol 5.00, atr% 0.52, rc 0.69
2026-02-11 13:35:28,876 - WARNING - [33m❌ Ignoring switch to GOLDMINI_PINE for COMMODITY instance. Staying on GOLDMINI_PINE.[0m
2026-02-11 13:35:28,876 - INFO - ⚙️ Commodity scan list prepared: 3 symbols (tokens available for 0)
2026-02-11 13:35:28,876 - WARNING - Nifty data missing for regime assessment. Defaulting to HIGH_CONVICTION.
2026-02-11 13:35:29,641 - INFO - MCX cache refreshed: 37951 instruments
2026-02-11 13:35:29,644 - INFO - Fetching all NSE equity instruments for token mapping...
2026-02-11 13:35:29,890 - INFO - Indicators SILVER: price 83.57, vol 5.00, atr% 0.52, rc 0.69
2026-02-11 13:35:30,953 - INFO - NSE instrument map loaded: 16439 mappings
2026-02-11 13:35:30,997 - INFO - 📊 Trader Initialized. F&O Stocks: 212
2026-02-11 13:35:30,997 - INFO - 💰 Mode: PAPER. Capital: ₹250,000
2026-02-11 13:35:30,998 - INFO - 🎯 Strategy: GOLDMINI_PINE (Conf=7.8, R:R=1.7, Lots=2x)
2026-02-11 13:35:33,722 - INFO - Dynamic Telegram Chat ID detected: 8431274192
2026-02-11 13:35:33,725 - INFO - 🤖 Telegram alerts ENABLED. Chat ID: 8431274192
2026-02-11 13:35:36,114 - WARNING - [33m❌ Ignoring switch to GOLDMINI_PINE for COMMODITY instance. Staying on GOLDMINI_PINE.[0m
2026-02-11 13:35:36,115 - INFO - [36m--- MANUAL START: Strategy forced to GOLDMINI_PINE ---[0m
2026-02-11 13:35:36,115 - INFO - [32mEmitting initial dashboard data on startup...[0m
2026-02-11 13:35:38,886 - INFO - ✅ Automatic utility schedule setup complete.
2026-02-11 13:35:38,886 - INFO - 📋 Scheduled daily audit summary at 15:20.
2026-02-11 13:35:38,886 - INFO - 🔄 Scheduled hourly broker reconciliation.
2026-02-11 13:35:38,886 - INFO - [32m🚀 Starting continuous scanner and utility threads.[0m
2026-02-11 13:35:38,887 - WARNING - [33m❌ Ignoring switch to GOLDMINI_PINE for COMMODITY instance. Staying on GOLDMINI_PINE.[0m
2026-02-11 13:35:38,887 - INFO - ⚙️ Commodity scan list prepared: 9 symbols (tokens available for 9)
2026-02-11 13:35:38,890 - WARNING - Nifty data missing for regime assessment. Defaulting to HIGH_CONVICTION.
2026-02-11 13:35:41,370 - INFO - 🌐 Starting Dashboard at http://0.0.0.0:5024/
2026-02-11 13:35:41,372 - INFO - [32mSystem running continuously. Access dashboard at http://0.0.0.0:5024/. Press Ctrl+C to stop.[0m
2026-02-11 13:35:50,240 - INFO - Indicators GOLDM: price 156315.00, vol 5.00, atr% 0.08, rc 0.51
2026-02-11 13:35:50,243 - INFO - Indicators GOLDMINI: price 156315.00, vol 5.00, atr% 0.08, rc 0.51
2026-02-11 13:35:50,252 - INFO - Indicators SILVER: price 262655.00, vol 5.00, atr% 0.23, rc 0.49
2026-02-11 13:35:50,266 - INFO - Indicators SILVERM: price 269035.00, vol 5.00, atr% 0.24, rc 0.57
2026-02-11 13:35:50,270 - INFO - Indicators SILVERMIC: price 269075.00, vol 5.00, atr% 0.24, rc 0.55
2026-02-11 13:35:50,275 - INFO - Indicators CRUDEOILM: price 5865.00, vol 5.00, atr% 0.12, rc 0.62
2026-02-11 13:35:50,287 - INFO - Indicators CRUDEOILMINI: price 5865.00, vol 5.00, atr% 0.12, rc 0.62
2026-02-11 13:35:50,294 - INFO - Indicators NATGASMINI: price 285.50, vol 5.00, atr% 0.19, rc 0.49
2026-02-11 13:35:51,706 - INFO - Indicators NATURALGAS: price 285.70, vol 5.00, atr% 0.22, rc 0.59
2026-02-11 13:35:58,733 - WARNING - [33m❌ Ignoring switch to GOLDMINI_PINE for COMMODITY instance. Staying on GOLDMINI_PINE.[0m
2026-02-11 13:35:58,734 - INFO - ⚙️ Commodity scan list prepared: 9 symbols (tokens available for 9)
2026-02-11 13:35:58,734 - WARNING - Nifty data missing for regime assessment. Defaulting to HIGH_CONVICTION.
2026-02-11 13:35:59,892 - WARNING - [33m❌ Ignoring switch to GOLDMINI_PINE for COMMODITY instance. Staying on GOLDMINI_PINE.[0m
2026-02-11 13:35:59,893 - INFO - ⚙️ Commodity scan list prepared: 3 symbols (tokens available for 0)
2026-02-11 13:35:59,893 - WARNING - Nifty data missing for regime assessment. Defaulting to HIGH_CONVICTION.
2026-02-11 13:36:01,113 - INFO - Indicators SILVER: price 83.53, vol 5.00, atr% 0.52, rc 0.67
2026-02-11 13:36:10,012 - INFO - Indicators GOLDM: price 156285.00, vol 5.00, atr% 0.08, rc 0.56
2026-02-11 13:36:10,016 - INFO - Indicators GOLDMINI: price 156285.00, vol 5.00, atr% 0.08, rc 0.56
2026-02-11 13:36:10,020 - INFO - Indicators SILVER: price 262655.00, vol 5.00, atr% 0.23, rc 0.49
2026-02-11 13:36:10,026 - INFO - Indicators SILVERM: price 269105.00, vol 5.00, atr% 0.24, rc 0.54
2026-02-11 13:36:10,031 - INFO - Indicators SILVERMIC: price 269090.00, vol 5.00, atr% 0.24, rc 0.55
2026-02-11 13:36:10,039 - INFO - Indicators CRUDEOILM: price 5868.00, vol 5.00, atr% 0.12, rc 0.75
2026-02-11 13:36:10,045 - INFO - Indicators CRUDEOILMINI: price 5868.00, vol 5.00, atr% 0.12, rc 0.75
2026-02-11 13:36:10,057 - INFO - Indicators NATGASMINI: price 285.70, vol 5.00, atr% 0.19, rc 0.60
2026-02-11 13:36:11,532 - INFO - Indicators NATURALGAS: price 285.40, vol 5.00, atr% 0.22, rc 0.54
2026-02-11 13:36:31,125 - WARNING - [33m❌ Ignoring switch to GOLDMINI_PINE for COMMODITY instance. Staying on GOLDMINI_PINE.[0m
2026-02-11 13:36:31,126 - INFO - ⚙️ Commodity scan list prepared: 3 symbols (tokens available for 0)
2026-02-11 13:36:31,126 - WARNING - Nifty data missing for regime assessment. Defaulting to HIGH_CONVICTION.
2026-02-11 13:36:32,532 - INFO - Indicators SILVER: price 83.58, vol 5.00, atr% 0.52, rc 0.70
2026-02-11 13:36:47,544 - WARNING - [33m❌ Ignoring switch to GOLDMINI_PINE for COMMODITY instance. Staying on GOLDMINI_PINE.[0m
2026-02-11 13:36:47,545 - INFO - ⚙️ Commodity scan list prepared: 9 symbols (tokens available for 9)
2026-02-11 13:36:47,545 - WARNING - Nifty data missing for regime assessment. Defaulting to HIGH_CONVICTION.
2026-02-11 13:36:57,791 - INFO - Indicators GOLDM: price 156256.00, vol 5.00, atr% 0.08, rc 0.62
2026-02-11 13:36:57,795 - INFO - Indicators GOLDMINI: price 156256.00, vol 5.00, atr% 0.08, rc 0.62
2026-02-11 13:36:57,798 - INFO - Indicators SILVER: price 262898.00, vol 5.00, atr% 0.24, rc 0.61
2026-02-11 13:36:57,800 - INFO - Indicators SILVERM: price 268900.00, vol 5.00, atr% 0.24, rc 0.63
2026-02-11 13:36:57,802 - INFO - Indicators SILVERMIC: price 268888.00, vol 5.00, atr% 0.24, rc 0.64
2026-02-11 13:36:57,811 - INFO - Indicators CRUDEOILM: price 5868.00, vol 5.00, atr% 0.12, rc 0.74
2026-02-11 13:36:57,816 - INFO - Indicators CRUDEOILMINI: price 5868.00, vol 5.00, atr% 0.12, rc 0.74
2026-02-11 13:36:57,820 - INFO - Indicators NATGASMINI: price 285.30, vol 5.00, atr% 0.20, rc 0.60
2026-02-11 13:36:59,219 - INFO - Indicators NATURALGAS: price 285.30, vol 5.00, atr% 0.22, rc 0.59
2026-02-11 13:37:02,543 - WARNING - [33m❌ Ignoring switch to GOLDMINI_PINE for COMMODITY instance. Staying on GOLDMINI_PINE.[0m
2026-02-11 13:37:02,543 - INFO - ⚙️ Commodity scan list prepared: 3 symbols (tokens available for 0)
2026-02-11 13:37:02,543 - WARNING - Nifty data missing for regime assessment. Defaulting to HIGH_CONVICTION.
2026-02-11 13:37:03,662 - INFO - Indicators SILVER: price 83.56, vol 5.00, atr% 0.52, rc 0.69
2026-02-11 13:37:33,676 - WARNING - [33m❌ Ignoring switch to GOLDMINI_PINE for COMMODITY instance. Staying on GOLDMINI_PINE.[0m
2026-02-11 13:37:33,677 - INFO - ⚙️ Commodity scan list prepared: 3 symbols (tokens available for 0)
2026-02-11 13:37:33,677 - WARNING - Nifty data missing for regime assessment. Defaulting to HIGH_CONVICTION.
2026-02-11 13:37:35,050 - INFO - Indicators SILVER: price 83.61, vol 5.00, atr% 0.52, rc 0.72
2026-02-11 13:37:35,587 - WARNING - [33m❌ Ignoring switch to GOLDMINI_PINE for COMMODITY instance. Staying on GOLDMINI_PINE.[0m
2026-02-11 13:37:35,587 - INFO - ⚙️ Commodity scan list prepared: 9 symbols (tokens available for 9)
2026-02-11 13:37:35,587 - WARNING - Nifty data missing for regime assessment. Defaulting to HIGH_CONVICTION.
2026-02-11 13:37:46,181 - INFO - Indicators GOLDM: price 156276.00, vol 5.00, atr% 0.08, rc 0.58
2026-02-11 13:37:46,185 - INFO - Indicators GOLDMINI: price 156276.00, vol 5.00, atr% 0.08, rc 0.58
2026-02-11 13:37:46,190 - INFO - Indicators SILVER: price 262501.00, vol 5.00, atr% 0.24, rc 0.57
2026-02-11 13:37:46,196 - INFO - Indicators SILVERM: price 268743.00, vol 5.00, atr% 0.24, rc 0.70
2026-02-11 13:37:46,201 - INFO - Indicators SILVERMIC: price 268668.00, vol 5.00, atr% 0.25, rc 0.73
2026-02-11 13:37:46,204 - INFO - Indicators CRUDEOILM: price 5875.00, vol 5.00, atr% 0.13, rc 1.00
2026-02-11 13:37:46,209 - INFO - Indicators CRUDEOILMINI: price 5875.00, vol 5.00, atr% 0.13, rc 1.00
2026-02-11 13:37:46,212 - INFO - Indicators NATGASMINI: price 285.20, vol 5.00, atr% 0.20, rc 0.65
2026-02-11 13:37:47,641 - INFO - Indicators NATURALGAS: price 285.30, vol 5.00, atr% 0.22, rc 0.59
2026-02-11 13:38:05,062 - WARNING - [33m❌ Ignoring switch to GOLDMINI_PINE for COMMODITY instance. Staying on GOLDMINI_PINE.[0m
2026-02-11 13:38:05,063 - INFO - ⚙️ Commodity scan list prepared: 3 symbols (tokens available for 0)
2026-02-11 13:38:05,063 - WARNING - Nifty data missing for regime assessment. Defaulting to HIGH_CONVICTION.
2026-02-11 13:38:06,481 - INFO - Indicators SILVER: price 83.64, vol 5.00, atr% 0.53, rc 0.74
2026-02-11 13:38:23,264 - WARNING - [33m❌ Ignoring switch to GOLDMINI_PINE for COMMODITY instance. Staying on GOLDMINI_PINE.[0m
2026-02-11 13:38:23,264 - INFO - ⚙️ Commodity scan list prepared: 9 symbols (tokens available for 9)
2026-02-11 13:38:23,265 - WARNING - Nifty data missing for regime assessment. Defaulting to HIGH_CONVICTION.
2026-02-11 13:38:33,806 - INFO - Indicators GOLDM: price 156270.00, vol 5.00, atr% 0.08, rc 0.59
2026-02-11 13:38:33,810 - INFO - Indicators GOLDMINI: price 156270.00, vol 5.00, atr% 0.08, rc 0.59
2026-02-11 13:38:33,821 - INFO - Indicators SILVER: price 262155.00, vol 5.00, atr% 0.25, rc 0.72
2026-02-11 13:38:33,825 - INFO - Indicators SILVERM: price 268604.00, vol 5.00, atr% 0.25, rc 0.76
2026-02-11 13:38:33,829 - INFO - Indicators SILVERMIC: price 268519.00, vol 5.00, atr% 0.26, rc 0.79
2026-02-11 13:38:33,833 - INFO - Indicators CRUDEOILM: price 5873.00, vol 5.00, atr% 0.13, rc 0.92
2026-02-11 13:38:33,835 - INFO - Indicators CRUDEOILMINI: price 5873.00, vol 5.00, atr% 0.13, rc 0.92
2026-02-11 13:38:33,838 - INFO - Indicators NATGASMINI: price 285.00, vol 5.00, atr% 0.21, rc 0.75
2026-02-11 13:38:35,250 - INFO - Indicators NATURALGAS: price 284.80, vol 5.00, atr% 0.23, rc 0.82
2026-02-11 13:38:36,492 - WARNING - [33m❌ Ignoring switch to GOLDMINI_PINE for COMMODITY instance. Staying on GOLDMINI_PINE.[0m
2026-02-11 13:38:36,493 - INFO - ⚙️ Commodity scan list prepared: 3 symbols (tokens available for 0)
2026-02-11 13:38:36,493 - WARNING - Nifty data missing for regime assessment. Defaulting to HIGH_CONVICTION.
2026-02-11 13:38:38,026 - INFO - Indicators SILVER: price 83.66, vol 5.00, atr% 0.53, rc 0.75
2026-02-11 13:39:08,036 - WARNING - [33m❌ Ignoring switch to GOLDMINI_PINE for COMMODITY instance. Staying on GOLDMINI_PINE.[0m
2026-02-11 13:39:08,037 - INFO - ⚙️ Commodity scan list prepared: 3 symbols (tokens available for 0)
2026-02-11 13:39:08,037 - WARNING - Nifty data missing for regime assessment. Defaulting to HIGH_CONVICTION.
2026-02-11 13:39:09,881 - INFO - Indicators SILVER: price 83.67, vol 5.00, atr% 0.53, rc 0.76
2026-02-11 13:39:10,901 - WARNING - [33m❌ Ignoring switch to GOLDMINI_PINE for COMMODITY instance. Staying on GOLDMINI_PINE.[0m
2026-02-11 13:39:10,902 - INFO - ⚙️ Commodity scan list prepared: 9 symbols (tokens available for 9)
2026-02-11 13:39:10,902 - WARNING - Nifty data missing for regime assessment. Defaulting to HIGH_CONVICTION.
2026-02-11 13:39:21,162 - INFO - Indicators GOLDM: price 156236.00, vol 5.00, atr% 0.08, rc 0.67
2026-02-11 13:39:21,165 - INFO - Indicators GOLDMINI: price 156236.00, vol 5.00, atr% 0.08, rc 0.67
2026-02-11 13:39:21,167 - INFO - Indicators SILVER: price 262350.00, vol 5.00, atr% 0.25, rc 0.63
2026-02-11 13:39:21,170 - INFO - Indicators SILVERM: price 268496.00, vol 5.00, atr% 0.25, rc 0.80
2026-02-11 13:39:21,174 - INFO - Indicators SILVERMIC: price 268648.00, vol 5.00, atr% 0.26, rc 0.73
2026-02-11 13:39:21,176 - INFO - Indicators CRUDEOILM: price 5871.00, vol 5.00, atr% 0.13, rc 0.85
2026-02-11 13:39:21,179 - INFO - Indicators CRUDEOILMINI: price 5871.00, vol 5.00, atr% 0.13, rc 0.85
2026-02-11 13:39:21,186 - INFO - Indicators NATGASMINI: price 284.90, vol 5.00, atr% 0.21, rc 0.80
2026-02-11 13:39:22,634 - INFO - Indicators NATURALGAS: price 285.00, vol 5.00, atr% 0.23, rc 0.73
2026-02-11 13:39:39,889 - WARNING - [33m❌ Ignoring switch to GOLDMINI_PINE for COMMODITY instance. Staying on GOLDMINI_PINE.[0m
2026-02-11 13:39:39,890 - INFO - ⚙️ Commodity scan list prepared: 3 symbols (tokens available for 0)
2026-02-11 13:39:39,890 - WARNING - Nifty data missing for regime assessment. Defaulting to HIGH_CONVICTION.
2026-02-11 13:39:40,954 - INFO - Indicators SILVER: price 83.57, vol 5.00, atr% 0.53, rc 0.70
2026-02-11 13:39:58,273 - WARNING - [33m❌ Ignoring switch to GOLDMINI_PINE for COMMODITY instance. Staying on GOLDMINI_PINE.[0m
2026-02-11 13:39:58,275 - INFO - ⚙️ Commodity scan list prepared: 9 symbols (tokens available for 9)
2026-02-11 13:39:58,275 - WARNING - Nifty data missing for regime assessment. Defaulting to HIGH_CONVICTION.
2026-02-11 13:40:09,321 - INFO - Indicators GOLDM: price 156264.00, vol 5.00, atr% 0.08, rc 0.60
2026-02-11 13:40:09,324 - INFO - Indicators GOLDMINI: price 156264.00, vol 5.00, atr% 0.08, rc 0.60
2026-02-11 13:40:09,332 - INFO - Indicators SILVER: price 262400.00, vol 5.00, atr% 0.25, rc 0.61
2026-02-11 13:40:09,339 - INFO - Indicators SILVERM: price 268647.00, vol 5.00, atr% 0.25, rc 0.74
2026-02-11 13:40:09,341 - INFO - Indicators SILVERMIC: price 268616.00, vol 5.00, atr% 0.26, rc 0.75
2026-02-11 13:40:09,343 - INFO - Indicators CRUDEOILM: price 5872.00, vol 5.00, atr% 0.13, rc 0.88
2026-02-11 13:40:09,345 - INFO - Indicators CRUDEOILMINI: price 5872.00, vol 5.00, atr% 0.13, rc 0.88
2026-02-11 13:40:09,349 - INFO - Indicators NATGASMINI: price 285.00, vol 5.00, atr% 0.21, rc 0.75
2026-02-11 13:40:10,727 - INFO - Indicators NATURALGAS: price 285.00, vol 5.00, atr% 0.21, rc 0.49
2026-02-11 13:40:10,967 - WARNING - [33m❌ Ignoring switch to GOLDMINI_PINE for COMMODITY instance. Staying on GOLDMINI_PINE.[0m
2026-02-11 13:40:10,969 - INFO - ⚙️ Commodity scan list prepared: 3 symbols (tokens available for 0)
2026-02-11 13:40:10,969 - WARNING - Nifty data missing for regime assessment. Defaulting to HIGH_CONVICTION.
2026-02-11 13:40:12,468 - INFO - Indicators SILVER: price 83.64, vol 5.00, atr% 0.52, rc 0.51
2026-02-11 13:40:42,476 - WARNING - [33m❌ Ignoring switch to GOLDMINI_PINE for COMMODITY instance. Staying on GOLDMINI_PINE.[0m
2026-02-11 13:40:42,477 - INFO - ⚙️ Commodity scan list prepared: 3 symbols (tokens available for 0)
2026-02-11 13:40:42,477 - WARNING - Nifty data missing for regime assessment. Defaulting to HIGH_CONVICTION.
2026-02-11 13:40:44,274 - INFO - Indicators SILVER: price 83.74, vol 5.00, atr% 0.52, rc 0.57
2026-02-11 13:40:46,390 - WARNING - [33m❌ Ignoring switch to GOLDMINI_PINE for COMMODITY instance. Staying on GOLDMINI_PINE.[0m
2026-02-11 13:40:46,391 - INFO - ⚙️ Commodity scan list prepared: 9 symbols (tokens available for 9)
2026-02-11 13:40:46,391 - WARNING - Nifty data missing for regime assessment. Defaulting to HIGH_CONVICTION.
2026-02-11 13:40:56,945 - INFO - Indicators GOLDM: price 156270.00, vol 5.00, atr% 0.08, rc 0.51
2026-02-11 13:40:56,949 - INFO - Indicators GOLDMINI: price 156270.00, vol 5.00, atr% 0.08, rc 0.51
2026-02-11 13:40:56,953 - INFO - Indicators SILVER: price 262511.00, vol 5.00, atr% 0.24, rc 0.55
2026-02-11 13:40:56,957 - INFO - Indicators SILVERM: price 268665.00, vol 5.00, atr% 0.24, rc 0.52
2026-02-11 13:40:56,963 - INFO - Indicators SILVERMIC: price 268656.00, vol 5.00, atr% 0.24, rc 0.51
2026-02-11 13:40:56,965 - INFO - Indicators CRUDEOILM: price 5871.00, vol 5.00, atr% 0.13, rc 0.53
2026-02-11 13:40:56,967 - INFO - Indicators CRUDEOILMINI: price 5871.00, vol 5.00, atr% 0.13, rc 0.53
2026-02-11 13:40:56,971 - INFO - Indicators NATGASMINI: price 285.00, vol 5.00, atr% 0.20, rc 0.49
2026-02-11 13:40:58,408 - INFO - Indicators NATURALGAS: price 284.90, vol 5.00, atr% 0.21, rc 0.54
2026-02-11 13:41:14,292 - WARNING - [33m❌ Ignoring switch to GOLDMINI_PINE for COMMODITY instance. Staying on GOLDMINI_PINE.[0m
2026-02-11 13:41:14,293 - INFO - ⚙️ Commodity scan list prepared: 3 symbols (tokens available for 0)
2026-02-11 13:41:14,293 - WARNING - Nifty data missing for regime assessment. Defaulting to HIGH_CONVICTION.
2026-02-11 13:41:15,303 - INFO - Indicators SILVER: price 83.76, vol 5.00, atr% 0.52, rc 0.59
2026-02-11 13:41:34,238 - WARNING - [33m❌ Ignoring switch to GOLDMINI_PINE for COMMODITY instance. Staying on GOLDMINI_PINE.[0m
2026-02-11 13:41:34,239 - INFO - ⚙️ Commodity scan list prepared: 9 symbols (tokens available for 9)
2026-02-11 13:41:34,239 - WARNING - Nifty data missing for regime assessment. Defaulting to HIGH_CONVICTION.
2026-02-11 13:41:44,876 - INFO - Indicators GOLDM: price 156283.00, vol 5.00, atr% 0.08, rc 0.54
2026-02-11 13:41:44,879 - INFO - Indicators GOLDMINI: price 156283.00, vol 5.00, atr% 0.08, rc 0.54
2026-02-11 13:41:44,881 - INFO - Indicators SILVER: price 262300.00, vol 5.00, atr% 0.24, rc 0.54
2026-02-11 13:41:44,882 - INFO - Indicators SILVERM: price 268572.00, vol 5.00, atr% 0.24, rc 0.56
2026-02-11 13:41:44,887 - INFO - Indicators SILVERMIC: price 268570.00, vol 5.00, atr% 0.24, rc 0.52
2026-02-11 13:41:44,889 - INFO - Indicators CRUDEOILM: price 5872.00, vol 5.00, atr% 0.13, rc 0.49
2026-02-11 13:41:44,894 - INFO - Indicators CRUDEOILMINI: price 5872.00, vol 5.00, atr% 0.13, rc 0.49
2026-02-11 13:41:44,906 - INFO - Indicators NATGASMINI: price 284.60, vol 5.00, atr% 0.21, rc 0.70
2026-02-11 13:41:45,343 - WARNING - [33m❌ Ignoring switch to GOLDMINI_PINE for COMMODITY instance. Staying on GOLDMINI_PINE.[0m
2026-02-11 13:41:45,343 - INFO - ⚙️ Commodity scan list prepared: 3 symbols (tokens available for 0)
2026-02-11 13:41:45,343 - WARNING - Nifty data missing for regime assessment. Defaulting to HIGH_CONVICTION.
2026-02-11 13:41:46,649 - INFO - Indicators NATURALGAS: price 284.50, vol 5.00, atr% 0.22, rc 0.73
2026-02-11 13:41:46,883 - INFO - Indicators SILVER: price 83.71, vol 5.00, atr% 0.52, rc 0.55
2026-02-11 13:42:16,888 - WARNING - [33m❌ Ignoring switch to GOLDMINI_PINE for COMMODITY instance. Staying on GOLDMINI_PINE.[0m
2026-02-11 13:42:16,890 - INFO - ⚙️ Commodity scan list prepared: 3 symbols (tokens available for 0)
2026-02-11 13:42:16,890 - WARNING - Nifty data missing for regime assessment. Defaulting to HIGH_CONVICTION.
2026-02-11 13:42:18,352 - INFO - Indicators SILVER: price 83.68, vol 5.00, atr% 0.52, rc 0.54
2026-02-11 13:42:22,365 - WARNING - [33m❌ Ignoring switch to GOLDMINI_PINE for COMMODITY instance. Staying on GOLDMINI_PINE.[0m
2026-02-11 13:42:22,365 - INFO - ⚙️ Commodity scan list prepared: 9 symbols (tokens available for 9)
2026-02-11 13:42:22,366 - WARNING - Nifty data missing for regime assessment. Defaulting to HIGH_CONVICTION.
2026-02-11 13:42:32,923 - INFO - Indicators GOLDM: price 156258.00, vol 5.00, atr% 0.08, rc 0.51
2026-02-11 13:42:32,928 - INFO - Indicators GOLDMINI: price 156258.00, vol 5.00, atr% 0.08, rc 0.51
2026-02-11 13:42:32,929 - INFO - Indicators SILVER: price 262269.00, vol 5.00, atr% 0.24, rc 0.56
2026-02-11 13:42:32,931 - INFO - Indicators SILVERM: price 268563.00, vol 5.00, atr% 0.24, rc 0.56
2026-02-11 13:42:32,935 - INFO - Indicators SILVERMIC: price 268672.00, vol 5.00, atr% 0.24, rc 0.52
2026-02-11 13:42:32,939 - INFO - Indicators CRUDEOILM: price 5874.00, vol 5.00, atr% 0.13, rc 0.57
2026-02-11 13:42:32,944 - INFO - Indicators CRUDEOILMINI: price 5874.00, vol 5.00, atr% 0.13, rc 0.57
2026-02-11 13:42:32,947 - INFO - Indicators NATGASMINI: price 284.50, vol 5.00, atr% 0.21, rc 0.74
2026-02-11 13:42:34,380 - INFO - Indicators NATURALGAS: price 284.50, vol 5.00, atr% 0.23, rc 0.73
2026-02-11 13:42:48,363 - WARNING - [33m❌ Ignoring switch to GOLDMINI_PINE for COMMODITY instance. Staying on GOLDMINI_PINE.[0m
2026-02-11 13:42:48,365 - INFO - ⚙️ Commodity scan list prepared: 3 symbols (tokens available for 0)
2026-02-11 13:42:48,366 - WARNING - Nifty data missing for regime assessment. Defaulting to HIGH_CONVICTION.
2026-02-11 13:42:50,899 - INFO - Indicators SILVER: price 83.68, vol 5.00, atr% 0.52, rc 0.53
2026-02-11 13:43:10,160 - WARNING - [33m❌ Ignoring switch to GOLDMINI_PINE for COMMODITY instance. Staying on GOLDMINI_PINE.[0m
2026-02-11 13:43:10,161 - INFO - ⚙️ Commodity scan list prepared: 9 symbols (tokens available for 9)
2026-02-11 13:43:10,161 - WARNING - Nifty data missing for regime assessment. Defaulting to HIGH_CONVICTION.
2026-02-11 13:43:20,916 - WARNING - [33m❌ Ignoring switch to GOLDMINI_PINE for COMMODITY instance. Staying on GOLDMINI_PINE.[0m
2026-02-11 13:43:20,922 - INFO - ⚙️ Commodity scan list prepared: 3 symbols (tokens available for 0)
2026-02-11 13:43:20,923 - WARNING - Nifty data missing for regime assessment. Defaulting to HIGH_CONVICTION.
2026-02-11 13:43:20,986 - INFO - Indicators GOLDM: price 156300.00, vol 5.00, atr% 0.08, rc 0.58
2026-02-11 13:43:20,990 - INFO - Indicators GOLDMINI: price 156300.00, vol 5.00, atr% 0.08, rc 0.58
2026-02-11 13:43:20,991 - INFO - Indicators SILVER: price 262500.00, vol 5.00, atr% 0.24, rc 0.54
2026-02-11 13:43:21,002 - INFO - Indicators SILVERM: price 268708.00, vol 5.00, atr% 0.24, rc 0.50
2026-02-11 13:43:21,006 - INFO - Indicators SILVERMIC: price 268706.00, vol 5.00, atr% 0.24, rc 0.54
2026-02-11 13:43:21,009 - INFO - Indicators CRUDEOILM: price 5876.00, vol 5.00, atr% 0.13, rc 0.65
2026-02-11 13:43:21,011 - INFO - Indicators CRUDEOILMINI: price 5876.00, vol 5.00, atr% 0.13, rc 0.65
2026-02-11 13:43:21,014 - INFO - Indicators NATGASMINI: price 284.60, vol 5.00, atr% 0.21, rc 0.69
2026-02-11 13:43:22,466 - INFO - Indicators NATURALGAS: price 284.30, vol 5.00, atr% 0.23, rc 0.82
2026-02-11 13:43:22,512 - INFO - Indicators SILVER: price 83.71, vol 5.00, atr% 0.52, rc 0.56
2026-02-11 13:43:52,531 - WARNING - [33m❌ Ignoring switch to GOLDMINI_PINE for COMMODITY instance. Staying on GOLDMINI_PINE.[0m
2026-02-11 13:43:52,537 - INFO - ⚙️ Commodity scan list prepared: 3 symbols (tokens available for 0)
2026-02-11 13:43:52,538 - WARNING - Nifty data missing for regime assessment. Defaulting to HIGH_CONVICTION.
2026-02-11 13:43:54,055 - INFO - Indicators SILVER: price 83.73, vol 5.00, atr% 0.52, rc 0.57
2026-02-11 13:43:58,274 - WARNING - [33m❌ Ignoring switch to GOLDMINI_PINE for COMMODITY instance. Staying on GOLDMINI_PINE.[0m
2026-02-11 13:43:58,275 - INFO - ⚙️ Commodity scan list prepared: 9 symbols (tokens available for 9)
2026-02-11 13:43:58,275 - WARNING - Nifty data missing for regime assessment. Defaulting to HIGH_CONVICTION.
2026-02-11 13:44:08,848 - INFO - Indicators GOLDM: price 156282.00, vol 5.00, atr% 0.08, rc 0.54
2026-02-11 13:44:08,852 - INFO - Indicators GOLDMINI: price 156282.00, vol 5.00, atr% 0.08, rc 0.54
2026-02-11 13:44:08,856 - INFO - Indicators SILVER: price 262300.00, vol 5.00, atr% 0.24, rc 0.54
2026-02-11 13:44:08,860 - INFO - Indicators SILVERM: price 268457.00, vol 5.00, atr% 0.24, rc 0.61
2026-02-11 13:44:08,864 - INFO - Indicators SILVERMIC: price 268503.00, vol 5.00, atr% 0.24, rc 0.55
2026-02-11 13:44:08,867 - INFO - Indicators CRUDEOILM: price 5879.00, vol 5.00, atr% 0.14, rc 0.75
2026-02-11 13:44:08,869 - INFO - Indicators CRUDEOILMINI: price 5879.00, vol 5.00, atr% 0.14, rc 0.75
2026-02-11 13:44:08,872 - INFO - Indicators NATGASMINI: price 284.50, vol 5.00, atr% 0.21, rc 0.74
2026-02-11 13:44:10,313 - INFO - Indicators NATURALGAS: price 284.30, vol 5.00, atr% 0.23, rc 0.82
2026-02-11 13:44:24,062 - WARNING - [33m❌ Ignoring switch to GOLDMINI_PINE for COMMODITY instance. Staying on GOLDMINI_PINE.[0m
2026-02-11 13:44:24,063 - INFO - ⚙️ Commodity scan list prepared: 3 symbols (tokens available for 0)
2026-02-11 13:44:24,063 - WARNING - Nifty data missing for regime assessment. Defaulting to HIGH_CONVICTION.
2026-02-11 13:44:25,185 - INFO - Indicators SILVER: price 83.78, vol 5.00, atr% 0.52, rc 0.60
2026-02-11 13:44:46,091 - WARNING - [33m❌ Ignoring switch to GOLDMINI_PINE for COMMODITY instance. Staying on GOLDMINI_PINE.[0m
2026-02-11 13:44:46,094 - INFO - ⚙️ Commodity scan list prepared: 9 symbols (tokens available for 9)
2026-02-11 13:44:46,094 - WARNING - Nifty data missing for regime assessment. Defaulting to HIGH_CONVICTION.
2026-02-11 13:44:55,194 - WARNING - [33m❌ Ignoring switch to GOLDMINI_PINE for COMMODITY instance. Staying on GOLDMINI_PINE.[0m
2026-02-11 13:44:55,197 - INFO - ⚙️ Commodity scan list prepared: 3 symbols (tokens available for 0)
2026-02-11 13:44:55,197 - WARNING - Nifty data missing for regime assessment. Defaulting to HIGH_CONVICTION.
2026-02-11 13:44:56,361 - INFO - Indicators SILVER: price 83.86, vol 5.00, atr% 0.52, rc 0.66
2026-02-11 13:44:56,733 - INFO - Indicators GOLDM: price 156201.00, vol 5.00, atr% 0.08, rc 0.65
2026-02-11 13:44:56,736 - INFO - Indicators GOLDMINI: price 156201.00, vol 5.00, atr% 0.08, rc 0.65
2026-02-11 13:44:56,739 - INFO - Indicators SILVER: price 262256.00, vol 5.00, atr% 0.24, rc 0.56
2026-02-11 13:44:56,742 - INFO - Indicators SILVERM: price 268304.00, vol 5.00, atr% 0.25, rc 0.68
2026-02-11 13:44:56,746 - INFO - Indicators SILVERMIC: price 268429.00, vol 5.00, atr% 0.24, rc 0.58
2026-02-11 13:44:56,748 - INFO - Indicators CRUDEOILM: price 5880.00, vol 5.00, atr% 0.14, rc 0.79
2026-02-11 13:44:56,751 - INFO - Indicators CRUDEOILMINI: price 5880.00, vol 5.00, atr% 0.14, rc 0.79
2026-02-11 13:44:56,760 - INFO - Indicators NATGASMINI: price 284.40, vol 5.00, atr% 0.21, rc 0.79
2026-02-11 13:44:58,214 - INFO - Indicators NATURALGAS: price 284.30, vol 5.00, atr% 0.23, rc 0.82
2026-02-11 13:45:26,373 - WARNING - [33m❌ Ignoring switch to GOLDMINI_PINE for COMMODITY instance. Staying on GOLDMINI_PINE.[0m
2026-02-11 13:45:26,377 - INFO - ⚙️ Commodity scan list prepared: 3 symbols (tokens available for 0)
2026-02-11 13:45:26,377 - WARNING - Nifty data missing for regime assessment. Defaulting to HIGH_CONVICTION.
2026-02-11 13:45:27,836 - INFO - Indicators SILVER: price 83.76, vol 5.00, atr% 0.52, rc 0.59
2026-02-11 13:45:28,877 - WARNING - [33m❌ Ignoring switch to GOLDMINI_PINE for COMMODITY instance. Staying on GOLDMINI_PINE.[0m
2026-02-11 13:45:28,878 - INFO - ⚙️ Commodity scan list prepared: 3 symbols (tokens available for 0)
2026-02-11 13:45:28,878 - WARNING - Nifty data missing for regime assessment. Defaulting to HIGH_CONVICTION.
2026-02-11 13:45:30,146 - INFO - Indicators SILVER: price 83.76, vol 5.00, atr% 0.52, rc 0.59
2026-02-11 13:45:31,158 - WARNING - [33m❌ Ignoring switch to GOLDMINI_PINE for COMMODITY instance. Staying on GOLDMINI_PINE.[0m
2026-02-11 13:45:31,159 - INFO - ⚙️ Commodity scan list prepared: 3 symbols (tokens available for 0)
2026-02-11 13:45:31,159 - WARNING - Nifty data missing for regime assessment. Defaulting to HIGH_CONVICTION.
2026-02-11 13:45:32,353 - INFO - Indicators SILVER: price 83.76, vol 5.00, atr% 0.52, rc 0.59
2026-02-11 13:45:34,001 - WARNING - [33m❌ Ignoring switch to GOLDMINI_PINE for COMMODITY instance. Staying on GOLDMINI_PINE.[0m
2026-02-11 13:45:34,002 - INFO - ⚙️ Commodity scan list prepared: 9 symbols (tokens available for 9)
2026-02-11 13:45:34,002 - WARNING - Nifty data missing for regime assessment. Defaulting to HIGH_CONVICTION.
2026-02-11 13:45:44,492 - INFO - Indicators GOLDM: price 156201.00, vol 5.00, atr% 0.07, rc 0.49
2026-02-11 13:45:44,495 - INFO - Indicators GOLDMINI: price 156201.00, vol 5.00, atr% 0.07, rc 0.49
2026-02-11 13:45:44,496 - INFO - Indicators SILVER: price 261858.00, vol 5.00, atr% 0.24, rc 0.49
2026-02-11 13:45:44,498 - INFO - Indicators SILVERM: price 268021.00, vol 5.00, atr% 0.24, rc 0.64
2026-02-11 13:45:44,500 - INFO - Indicators SILVERMIC: price 268080.00, vol 5.00, atr% 0.24, rc 0.51
2026-02-11 13:45:44,502 - INFO - Indicators CRUDEOILM: price 5877.00, vol 5.00, atr% 0.13, rc 0.53
2026-02-11 13:45:44,504 - INFO - Indicators CRUDEOILMINI: price 5877.00, vol 5.00, atr% 0.13, rc 0.53
2026-02-11 13:45:44,506 - INFO - Indicators NATGASMINI: price 284.40, vol 5.00, atr% 0.20, rc 0.49
2026-02-11 13:45:45,969 - INFO - Indicators NATURALGAS: price 284.30, vol 5.00, atr% 0.22, rc 0.49
2026-02-11 13:45:57,555 - WARNING - [33m❌ Ignoring switch to GOLDMINI_PINE for COMMODITY instance. Staying on GOLDMINI_PINE.[0m
2026-02-11 13:45:57,556 - INFO - ⚙️ Commodity scan list prepared: 9 symbols (tokens available for 9)
2026-02-11 13:45:57,556 - WARNING - Nifty data missing for regime assessment. Defaulting to HIGH_CONVICTION.
2026-02-11 13:46:02,356 - WARNING - [33m❌ Ignoring switch to GOLDMINI_PINE for COMMODITY instance. Staying on GOLDMINI_PINE.[0m
2026-02-11 13:46:02,357 - INFO - ⚙️ Commodity scan list prepared: 3 symbols (tokens available for 0)
2026-02-11 13:46:02,357 - WARNING - Nifty data missing for regime assessment. Defaulting to HIGH_CONVICTION.
2026-02-11 13:46:03,684 - INFO - Indicators SILVER: price 83.82, vol 5.00, atr% 0.52, rc 0.63
2026-02-11 13:46:08,992 - INFO - Indicators GOLDM: price 156201.00, vol 5.00, atr% 0.07, rc 0.49
2026-02-11 13:46:08,994 - INFO - Indicators GOLDMINI: price 156201.00, vol 5.00, atr% 0.07, rc 0.49
2026-02-11 13:46:08,996 - INFO - Indicators SILVER: price 261974.00, vol 5.00, atr% 0.24, rc 0.55
2026-02-11 13:46:08,997 - INFO - Indicators SILVERM: price 268005.00, vol 5.00, atr% 0.24, rc 0.64
2026-02-11 13:46:08,999 - INFO - Indicators SILVERMIC: price 268003.00, vol 5.00, atr% 0.24, rc 0.55
2026-02-11 13:46:09,001 - INFO - Indicators CRUDEOILM: price 5875.00, vol 5.00, atr% 0.13, rc 0.53
2026-02-11 13:46:09,002 - INFO - Indicators CRUDEOILMINI: price 5875.00, vol 5.00, atr% 0.13, rc 0.53
2026-02-11 13:46:09,004 - INFO - Indicators NATGASMINI: price 284.60, vol 5.00, atr% 0.20, rc 0.60
2026-02-11 13:46:10,513 - INFO - Indicators NATURALGAS: price 284.50, vol 5.00, atr% 0.22, rc 0.59
2026-02-11 13:46:17,326 - WARNING - [33m❌ Ignoring switch to GOLDMINI_PINE for COMMODITY instance. Staying on GOLDMINI_PINE.[0m
2026-02-11 13:46:17,327 - INFO - ⚙️ Commodity scan list prepared: 9 symbols (tokens available for 9)
2026-02-11 13:46:17,327 - WARNING - Nifty data missing for regime assessment. Defaulting to HIGH_CONVICTION.
2026-02-11 13:46:27,859 - INFO - Indicators GOLDM: price 156201.00, vol 5.00, atr% 0.07, rc 0.49
2026-02-11 13:46:27,862 - INFO - Indicators GOLDMINI: price 156201.00, vol 5.00, atr% 0.07, rc 0.49
2026-02-11 13:46:27,863 - INFO - Indicators SILVER: price 261488.00, vol 5.00, atr% 0.25, rc 0.66
2026-02-11 13:46:27,865 - INFO - Indicators SILVERM: price 267899.00, vol 5.00, atr% 0.25, rc 0.69
2026-02-11 13:46:27,866 - INFO - Indicators SILVERMIC: price 267850.00, vol 5.00, atr% 0.25, rc 0.62
2026-02-11 13:46:27,869 - INFO - Indicators CRUDEOILM: price 5869.00, vol 5.00, atr% 0.14, rc 0.75
2026-02-11 13:46:27,871 - INFO - Indicators CRUDEOILMINI: price 5869.00, vol 5.00, atr% 0.14, rc 0.75
2026-02-11 13:46:27,874 - INFO - Indicators NATGASMINI: price 284.60, vol 5.00, atr% 0.20, rc 0.60
2026-02-11 13:46:29,339 - INFO - Indicators NATURALGAS: price 284.40, vol 5.00, atr% 0.22, rc 0.54
2026-02-11 13:46:33,693 - WARNING - [33m❌ Ignoring switch to GOLDMINI_PINE for COMMODITY instance. Staying on GOLDMINI_PINE.[0m
2026-02-11 13:46:33,694 - INFO - ⚙️ Commodity scan list prepared: 3 symbols (tokens available for 0)
2026-02-11 13:46:33,694 - WARNING - Nifty data missing for regime assessment. Defaulting to HIGH_CONVICTION.
2026-02-11 13:46:35,133 - INFO - Indicators SILVER: price 83.76, vol 5.00, atr% 0.52, rc 0.59
2026-02-11 13:47:05,056 - WARNING - [33m❌ Ignoring switch to GOLDMINI_PINE for COMMODITY instance. Staying on GOLDMINI_PINE.[0m
2026-02-11 13:47:05,057 - INFO - ⚙️ Commodity scan list prepared: 9 symbols (tokens available for 9)
2026-02-11 13:47:05,057 - WARNING - Nifty data missing for regime assessment. Defaulting to HIGH_CONVICTION.
2026-02-11 13:47:05,147 - WARNING - [33m❌ Ignoring switch to GOLDMINI_PINE for COMMODITY instance. Staying on GOLDMINI_PINE.[0m
2026-02-11 13:47:05,156 - INFO - ⚙️ Commodity scan list prepared: 3 symbols (tokens available for 0)
2026-02-11 13:47:05,157 - WARNING - Nifty data missing for regime assessment. Defaulting to HIGH_CONVICTION.
2026-02-11 13:47:06,263 - INFO - Indicators SILVER: price 83.74, vol 5.00, atr% 0.52, rc 0.57
2026-02-11 13:47:15,631 - INFO - Indicators GOLDM: price 156200.00, vol 5.00, atr% 0.07, rc 0.50
2026-02-11 13:47:15,635 - INFO - Indicators GOLDMINI: price 156200.00, vol 5.00, atr% 0.07, rc 0.50
2026-02-11 13:47:15,637 - INFO - Indicators SILVER: price 261598.00, vol 5.00, atr% 0.25, rc 0.61
2026-02-11 13:47:15,640 - INFO - Indicators SILVERM: price 267989.00, vol 5.00, atr% 0.25, rc 0.65
2026-02-11 13:47:15,643 - INFO - Indicators SILVERMIC: price 267863.00, vol 5.00, atr% 0.25, rc 0.61
2026-02-11 13:47:15,645 - INFO - Indicators CRUDEOILM: price 5871.00, vol 5.00, atr% 0.14, rc 0.68
2026-02-11 13:47:15,647 - INFO - Indicators CRUDEOILMINI: price 5871.00, vol 5.00, atr% 0.14, rc 0.68
2026-02-11 13:47:15,649 - INFO - Indicators NATGASMINI: price 284.40, vol 5.00, atr% 0.20, rc 0.49
2026-02-11 13:47:17,102 - INFO - Indicators NATURALGAS: price 284.10, vol 5.00, atr% 0.22, rc 0.59
2026-02-11 13:47:36,269 - WARNING - [33m❌ Ignoring switch to GOLDMINI_PINE for COMMODITY instance. Staying on GOLDMINI_PINE.[0m
2026-02-11 13:47:36,270 - INFO - ⚙️ Commodity scan list prepared: 3 symbols (tokens available for 0)
2026-02-11 13:47:36,270 - WARNING - Nifty data missing for regime assessment. Defaulting to HIGH_CONVICTION.
2026-02-11 13:47:37,734 - INFO - Indicators SILVER: price 83.73, vol 5.00, atr% 0.53, rc 0.57
2026-02-11 13:47:52,867 - WARNING - [33m❌ Ignoring switch to GOLDMINI_PINE for COMMODITY instance. Staying on GOLDMINI_PINE.[0m
2026-02-11 13:47:52,869 - INFO - ⚙️ Commodity scan list prepared: 9 symbols (tokens available for 9)
2026-02-11 13:47:52,869 - WARNING - Nifty data missing for regime assessment. Defaulting to HIGH_CONVICTION.
2026-02-11 13:48:03,238 - INFO - Indicators GOLDM: price 156205.00, vol 5.00, atr% 0.08, rc 0.51
2026-02-11 13:48:03,241 - INFO - Indicators GOLDMINI: price 156205.00, vol 5.00, atr% 0.08, rc 0.51
2026-02-11 13:48:03,243 - INFO - Indicators SILVER: price 261919.00, vol 5.00, atr% 0.25, rc 0.52
2026-02-11 13:48:03,245 - INFO - Indicators SILVERM: price 268157.00, vol 5.00, atr% 0.25, rc 0.57
2026-02-11 13:48:03,248 - INFO - Indicators SILVERMIC: price 268129.00, vol 5.00, atr% 0.25, rc 0.50
2026-02-11 13:48:03,250 - INFO - Indicators CRUDEOILM: price 5876.00, vol 5.00, atr% 0.14, rc 0.49
2026-02-11 13:48:03,252 - INFO - Indicators CRUDEOILMINI: price 5876.00, vol 5.00, atr% 0.14, rc 0.49
2026-02-11 13:48:03,253 - INFO - Indicators NATGASMINI: price 284.60, vol 5.00, atr% 0.21, rc 0.60
2026-02-11 13:48:04,691 - INFO - Indicators NATURALGAS: price 284.60, vol 5.00, atr% 0.22, rc 0.64
2026-02-11 13:48:07,743 - WARNING - [33m❌ Ignoring switch to GOLDMINI_PINE for COMMODITY instance. Staying on GOLDMINI_PINE.[0m
2026-02-11 13:48:07,743 - INFO - ⚙️ Commodity scan list prepared: 3 symbols (tokens available for 0)
2026-02-11 13:48:07,743 - WARNING - Nifty data missing for regime assessment. Defaulting to HIGH_CONVICTION.
2026-02-11 13:48:08,852 - INFO - Indicators SILVER: price 83.58, vol 5.00, atr% 0.53, rc 0.53
2026-02-11 13:48:39,093 - WARNING - [33m❌ Ignoring switch to GOLDMINI_PINE for COMMODITY instance. Staying on GOLDMINI_PINE.[0m
2026-02-11 13:48:39,184 - INFO - ⚙️ Commodity scan list prepared: 3 symbols (tokens available for 0)
2026-02-11 13:48:39,185 - WARNING - Nifty data missing for regime assessment. Defaulting to HIGH_CONVICTION.
2026-02-11 13:48:40,360 - WARNING - [33m❌ Ignoring switch to GOLDMINI_PINE for COMMODITY instance. Staying on GOLDMINI_PINE.[0m
2026-02-11 13:48:40,436 - INFO - ⚙️ Commodity scan list prepared: 9 symbols (tokens available for 9)
2026-02-11 13:48:40,436 - WARNING - Nifty data missing for regime assessment. Defaulting to HIGH_CONVICTION.
2026-02-11 13:48:41,049 - INFO - Indicators SILVER: price 83.65, vol 5.00, atr% 0.53, rc 0.51
2026-02-11 13:48:50,850 - INFO - Indicators GOLDM: price 156200.00, vol 5.00, atr% 0.08, rc 0.50
2026-02-11 13:48:50,857 - INFO - Indicators GOLDMINI: price 156200.00, vol 5.00, atr% 0.08, rc 0.50
2026-02-11 13:48:50,863 - INFO - Indicators SILVER: price 261850.00, vol 5.00, atr% 0.25, rc 0.50
2026-02-11 13:48:50,874 - INFO - Indicators SILVERM: price 268000.00, vol 5.00, atr% 0.25, rc 0.64
2026-02-11 13:48:50,896 - INFO - Indicators SILVERMIC: price 268000.00, vol 5.00, atr% 0.25, rc 0.55
2026-02-11 13:48:50,944 - INFO - Indicators CRUDEOILM: price 5874.00, vol 5.00, atr% 0.14, rc 0.57
2026-02-11 13:48:50,961 - INFO - Indicators CRUDEOILMINI: price 5874.00, vol 5.00, atr% 0.14, rc 0.57
2026-02-11 13:48:50,964 - INFO - Indicators NATGASMINI: price 284.50, vol 5.00, atr% 0.21, rc 0.55
2026-02-11 13:48:52,648 - INFO - Indicators NATURALGAS: price 284.60, vol 5.00, atr% 0.22, rc 0.64
2026-02-11 13:49:11,057 - WARNING - [33m❌ Ignoring switch to GOLDMINI_PINE for COMMODITY instance. Staying on GOLDMINI_PINE.[0m
2026-02-11 13:49:11,059 - INFO - ⚙️ Commodity scan list prepared: 3 symbols (tokens available for 0)
2026-02-11 13:49:11,059 - WARNING - Nifty data missing for regime assessment. Defaulting to HIGH_CONVICTION.
2026-02-11 13:49:12,478 - INFO - Indicators SILVER: price 83.64, vol 5.00, atr% 0.53, rc 0.51
2026-02-11 13:49:28,237 - WARNING - [33m❌ Ignoring switch to GOLDMINI_PINE for COMMODITY instance. Staying on GOLDMINI_PINE.[0m
2026-02-11 13:49:28,237 - INFO - ⚙️ Commodity scan list prepared: 9 symbols (tokens available for 9)
2026-02-11 13:49:28,237 - WARNING - Nifty data missing for regime assessment. Defaulting to HIGH_CONVICTION.
2026-02-11 13:49:39,748 - INFO - Indicators GOLDM: price 156190.00, vol 5.00, atr% 0.08, rc 0.52
2026-02-11 13:49:39,751 - INFO - Indicators GOLDMINI: price 156190.00, vol 5.00, atr% 0.08, rc 0.52
2026-02-11 13:49:39,752 - INFO - Indicators SILVER: price 261915.00, vol 5.00, atr% 0.25, rc 0.52
2026-02-11 13:49:39,754 - INFO - Indicators SILVERM: price 268000.00, vol 5.00, atr% 0.25, rc 0.64
2026-02-11 13:49:39,756 - INFO - Indicators SILVERMIC: price 268076.00, vol 5.00, atr% 0.25, rc 0.51
2026-02-11 13:49:39,757 - INFO - Indicators CRUDEOILM: price 5875.00, vol 5.00, atr% 0.14, rc 0.53
2026-02-11 13:49:39,759 - INFO - Indicators CRUDEOILMINI: price 5875.00, vol 5.00, atr% 0.14, rc 0.53
2026-02-11 13:49:39,761 - INFO - Indicators NATGASMINI: price 284.40, vol 5.00, atr% 0.21, rc 0.49
2026-02-11 13:49:41,214 - INFO - Indicators NATURALGAS: price 284.40, vol 5.00, atr% 0.22, rc 0.54
2026-02-11 13:49:42,553 - WARNING - [33m❌ Ignoring switch to GOLDMINI_PINE for COMMODITY instance. Staying on GOLDMINI_PINE.[0m
2026-02-11 13:49:42,554 - INFO - ⚙️ Commodity scan list prepared: 3 symbols (tokens available for 0)
2026-02-11 13:49:42,554 - WARNING - Nifty data missing for regime assessment. Defaulting to HIGH_CONVICTION.
2026-02-11 13:49:44,125 - INFO - Indicators SILVER: price 83.58, vol 5.00, atr% 0.53, rc 0.53
2026-02-11 13:50:14,133 - WARNING - [33m❌ Ignoring switch to GOLDMINI_PINE for COMMODITY instance. Staying on GOLDMINI_PINE.[0m
2026-02-11 13:50:14,136 - INFO - ⚙️ Commodity scan list prepared: 3 symbols (tokens available for 0)
2026-02-11 13:50:14,136 - WARNING - Nifty data missing for regime assessment. Defaulting to HIGH_CONVICTION.
2026-02-11 13:50:15,944 - INFO - Indicators SILVER: price 83.65, vol 5.00, atr% 0.53, rc 0.52
2026-02-11 13:50:16,942 - WARNING - [33m❌ Ignoring switch to GOLDMINI_PINE for COMMODITY instance. Staying on GOLDMINI_PINE.[0m
2026-02-11 13:50:16,943 - INFO - ⚙️ Commodity scan list prepared: 9 symbols (tokens available for 9)
2026-02-11 13:50:16,944 - WARNING - Nifty data missing for regime assessment. Defaulting to HIGH_CONVICTION.
2026-02-11 13:50:28,161 - INFO - Indicators GOLDM: price 156192.00, vol 5.00, atr% 0.06, rc 0.59
2026-02-11 13:50:28,163 - INFO - Indicators GOLDMINI: price 156192.00, vol 5.00, atr% 0.06, rc 0.59
2026-02-11 13:50:28,165 - INFO - Indicators SILVER: price 261897.00, vol 5.00, atr% 0.22, rc 0.49
2026-02-11 13:50:28,166 - INFO - Indicators SILVERM: price 267920.00, vol 5.00, atr% 0.22, rc 0.53
2026-02-11 13:50:28,169 - INFO - Indicators SILVERMIC: price 267900.00, vol 5.00, atr% 0.23, rc 0.53
2026-02-11 13:50:28,171 - INFO - Indicators CRUDEOILM: price 5878.00, vol 5.00, atr% 0.13, rc 0.49
2026-02-11 13:50:28,173 - INFO - Indicators CRUDEOILMINI: price 5878.00, vol 5.00, atr% 0.13, rc 0.49
2026-02-11 13:50:28,176 - INFO - Indicators NATGASMINI: price 284.50, vol 5.00, atr% 0.20, rc 0.49
2026-02-11 13:50:29,607 - INFO - Indicators NATURALGAS: price 284.30, vol 5.00, atr% 0.21, rc 0.49
2026-02-11 13:50:45,955 - WARNING - [33m❌ Ignoring switch to GOLDMINI_PINE for COMMODITY instance. Staying on GOLDMINI_PINE.[0m
2026-02-11 13:50:45,957 - INFO - ⚙️ Commodity scan list prepared: 3 symbols (tokens available for 0)
2026-02-11 13:50:45,957 - WARNING - Nifty data missing for regime assessment. Defaulting to HIGH_CONVICTION.
2026-02-11 13:50:49,770 - INFO - Indicators SILVER: price 83.62, vol 5.00, atr% 0.53, rc 0.49
2026-02-11 13:51:05,242 - WARNING - [33m❌ Ignoring switch to GOLDMINI_PINE for COMMODITY instance. Staying on GOLDMINI_PINE.[0m
2026-02-11 13:51:05,244 - INFO - ⚙️ Commodity scan list prepared: 9 symbols (tokens available for 9)
2026-02-11 13:51:05,244 - WARNING - Nifty data missing for regime assessment. Defaulting to HIGH_CONVICTION.
2026-02-11 13:51:16,142 - INFO - Indicators GOLDM: price 156192.00, vol 5.00, atr% 0.06, rc 0.59
2026-02-11 13:51:16,144 - INFO - Indicators GOLDMINI: price 156192.00, vol 5.00, atr% 0.06, rc 0.59
2026-02-11 13:51:16,145 - INFO - Indicators SILVER: price 261800.00, vol 5.00, atr% 0.23, rc 0.54
2026-02-11 13:51:16,146 - INFO - Indicators SILVERM: price 268192.00, vol 5.00, atr% 0.23, rc 0.59
2026-02-11 13:51:16,148 - INFO - Indicators SILVERMIC: price 267990.00, vol 5.00, atr% 0.24, rc 0.50
2026-02-11 13:51:16,150 - INFO - Indicators CRUDEOILM: price 5877.00, vol 5.00, atr% 0.13, rc 0.53
2026-02-11 13:51:16,152 - INFO - Indicators CRUDEOILMINI: price 5877.00, vol 5.00, atr% 0.13, rc 0.53
2026-02-11 13:51:16,154 - INFO - Indicators NATGASMINI: price 284.80, vol 5.00, atr% 0.20, rc 0.65
2026-02-11 13:51:17,579 - INFO - Indicators NATURALGAS: price 284.70, vol 5.00, atr% 0.22, rc 0.69
2026-02-11 13:51:19,774 - WARNING - [33m❌ Ignoring switch to GOLDMINI_PINE for COMMODITY instance. Staying on GOLDMINI_PINE.[0m
2026-02-11 13:51:19,775 - INFO - ⚙️ Commodity scan list prepared: 3 symbols (tokens available for 0)
2026-02-11 13:51:19,775 - WARNING - Nifty data missing for regime assessment. Defaulting to HIGH_CONVICTION.
2026-02-11 13:51:21,272 - INFO - Indicators SILVER: price 83.62, vol 5.00, atr% 0.53, rc 0.50
2026-02-11 13:51:51,279 - WARNING - [33m❌ Ignoring switch to GOLDMINI_PINE for COMMODITY instance. Staying on GOLDMINI_PINE.[0m
2026-02-11 13:51:51,279 - INFO - ⚙️ Commodity scan list prepared: 3 symbols (tokens available for 0)
2026-02-11 13:51:51,279 - WARNING - Nifty data missing for regime assessment. Defaulting to HIGH_CONVICTION.
2026-02-11 13:51:52,592 - INFO - Indicators SILVER: price 83.59, vol 5.00, atr% 0.53, rc 0.52
2026-02-11 13:51:53,173 - WARNING - [33m❌ Ignoring switch to GOLDMINI_PINE for COMMODITY instance. Staying on GOLDMINI_PINE.[0m
2026-02-11 13:51:53,176 - INFO - ⚙️ Commodity scan list prepared: 9 symbols (tokens available for 9)
2026-02-11 13:51:53,176 - WARNING - Nifty data missing for regime assessment. Defaulting to HIGH_CONVICTION.
2026-02-11 13:52:04,364 - INFO - Indicators GOLDM: price 156224.00, vol 5.00, atr% 0.06, rc 0.49
2026-02-11 13:52:04,369 - INFO - Indicators GOLDMINI: price 156224.00, vol 5.00, atr% 0.06, rc 0.49
2026-02-11 13:52:04,372 - INFO - Indicators SILVER: price 261921.00, vol 5.00, atr% 0.23, rc 0.51
2026-02-11 13:52:04,375 - INFO - Indicators SILVERM: price 268098.00, vol 5.00, atr% 0.23, rc 0.54
2026-02-11 13:52:04,378 - INFO - Indicators SILVERMIC: price 268168.00, vol 5.00, atr% 0.24, rc 0.59
2026-02-11 13:52:04,381 - INFO - Indicators CRUDEOILM: price 5879.00, vol 5.00, atr% 0.13, rc 0.53
2026-02-11 13:52:04,385 - INFO - Indicators CRUDEOILMINI: price 5879.00, vol 5.00, atr% 0.13, rc 0.53
2026-02-11 13:52:04,388 - INFO - Indicators NATGASMINI: price 284.60, vol 5.00, atr% 0.21, rc 0.55
2026-02-11 13:52:05,782 - INFO - Indicators NATURALGAS: price 284.50, vol 5.00, atr% 0.22, rc 0.59
2026-02-11 13:52:22,602 - WARNING - [33m❌ Ignoring switch to GOLDMINI_PINE for COMMODITY instance. Staying on GOLDMINI_PINE.[0m
2026-02-11 13:52:22,605 - INFO - ⚙️ Commodity scan list prepared: 3 symbols (tokens available for 0)
2026-02-11 13:52:22,605 - WARNING - Nifty data missing for regime assessment. Defaulting to HIGH_CONVICTION.
2026-02-11 13:52:24,014 - INFO - Indicators SILVER: price 83.59, vol 5.00, atr% 0.53, rc 0.52
2026-02-11 13:52:41,432 - WARNING - [33m❌ Ignoring switch to GOLDMINI_PINE for COMMODITY instance. Staying on GOLDMINI_PINE.[0m
2026-02-11 13:52:41,433 - INFO - ⚙️ Commodity scan list prepared: 9 symbols (tokens available for 9)
2026-02-11 13:52:41,433 - WARNING - Nifty data missing for regime assessment. Defaulting to HIGH_CONVICTION.
2026-02-11 13:52:52,434 - INFO - Indicators GOLDM: price 156255.00, vol 5.00, atr% 0.07, rc 0.59
2026-02-11 13:52:52,440 - INFO - Indicators GOLDMINI: price 156255.00, vol 5.00, atr% 0.07, rc 0.59
2026-02-11 13:52:52,443 - INFO - Indicators SILVER: price 261921.00, vol 5.00, atr% 0.23, rc 0.51
2026-02-11 13:52:52,446 - INFO - Indicators SILVERM: price 268098.00, vol 5.00, atr% 0.23, rc 0.54
2026-02-11 13:52:52,449 - INFO - Indicators SILVERMIC: price 268333.00, vol 5.00, atr% 0.24, rc 0.66
2026-02-11 13:52:52,451 - INFO - Indicators CRUDEOILM: price 5875.00, vol 5.00, atr% 0.13, rc 0.61
2026-02-11 13:52:52,454 - INFO - Indicators CRUDEOILMINI: price 5875.00, vol 5.00, atr% 0.13, rc 0.61
2026-02-11 13:52:52,456 - INFO - Indicators NATGASMINI: price 284.60, vol 5.00, atr% 0.21, rc 0.55
2026-02-11 13:52:53,884 - INFO - Indicators NATURALGAS: price 284.30, vol 5.00, atr% 0.22, rc 0.49
2026-02-11 13:52:54,024 - WARNING - [33m❌ Ignoring switch to GOLDMINI_PINE for COMMODITY instance. Staying on GOLDMINI_PINE.[0m
2026-02-11 13:52:54,024 - INFO - ⚙️ Commodity scan list prepared: 3 symbols (tokens available for 0)
2026-02-11 13:52:54,024 - WARNING - Nifty data missing for regime assessment. Defaulting to HIGH_CONVICTION.
2026-02-11 13:52:55,404 - INFO - Indicators SILVER: price 83.65, vol 5.00, atr% 0.53, rc 0.51
2026-02-11 13:53:25,414 - WARNING - [33m❌ Ignoring switch to GOLDMINI_PINE for COMMODITY instance. Staying on GOLDMINI_PINE.[0m
2026-02-11 13:53:25,416 - INFO - ⚙️ Commodity scan list prepared: 3 symbols (tokens available for 0)
2026-02-11 13:53:25,416 - WARNING - Nifty data missing for regime assessment. Defaulting to HIGH_CONVICTION.
2026-02-11 13:53:26,775 - INFO - Indicators SILVER: price 83.65, vol 5.00, atr% 0.53, rc 0.51
2026-02-11 13:53:29,521 - WARNING - [33m❌ Ignoring switch to GOLDMINI_PINE for COMMODITY instance. Staying on GOLDMINI_PINE.[0m
2026-02-11 13:53:29,521 - INFO - ⚙️ Commodity scan list prepared: 9 symbols (tokens available for 9)
2026-02-11 13:53:29,522 - WARNING - Nifty data missing for regime assessment. Defaulting to HIGH_CONVICTION.
2026-02-11 13:53:40,240 - INFO - Indicators GOLDM: price 156279.00, vol 5.00, atr% 0.07, rc 0.65
2026-02-11 13:53:40,243 - INFO - Indicators GOLDMINI: price 156279.00, vol 5.00, atr% 0.07, rc 0.65
2026-02-11 13:53:40,244 - INFO - Indicators SILVER: price 262080.00, vol 5.00, atr% 0.23, rc 0.58
2026-02-11 13:53:40,246 - INFO - Indicators SILVERM: price 268361.00, vol 5.00, atr% 0.23, rc 0.67
2026-02-11 13:53:40,247 - INFO - Indicators SILVERMIC: price 268349.00, vol 5.00, atr% 0.24, rc 0.67
2026-02-11 13:53:40,249 - INFO - Indicators CRUDEOILM: price 5873.00, vol 5.00, atr% 0.14, rc 0.68
2026-02-11 13:53:40,250 - INFO - Indicators CRUDEOILMINI: price 5873.00, vol 5.00, atr% 0.14, rc 0.68
2026-02-11 13:53:40,252 - INFO - Indicators NATGASMINI: price 284.30, vol 5.00, atr% 0.21, rc 0.59
2026-02-11 13:53:41,647 - INFO - Indicators NATURALGAS: price 284.30, vol 5.00, atr% 0.22, rc 0.49
2026-02-11 13:53:56,781 - WARNING - [33m❌ Ignoring switch to GOLDMINI_PINE for COMMODITY instance. Staying on GOLDMINI_PINE.[0m
2026-02-11 13:53:56,788 - INFO - ⚙️ Commodity scan list prepared: 3 symbols (tokens available for 0)
2026-02-11 13:53:56,788 - WARNING - Nifty data missing for regime assessment. Defaulting to HIGH_CONVICTION.
2026-02-11 13:53:58,258 - INFO - Indicators SILVER: price 83.58, vol 5.00, atr% 0.53, rc 0.53
2026-02-11 13:54:17,304 - WARNING - [33m❌ Ignoring switch to GOLDMINI_PINE for COMMODITY instance. Staying on GOLDMINI_PINE.[0m
2026-02-11 13:54:17,306 - INFO - ⚙️ Commodity scan list prepared: 9 symbols (tokens available for 9)
2026-02-11 13:54:17,306 - WARNING - Nifty data missing for regime assessment. Defaulting to HIGH_CONVICTION.
2026-02-11 13:54:28,267 - WARNING - [33m❌ Ignoring switch to GOLDMINI_PINE for COMMODITY instance. Staying on GOLDMINI_PINE.[0m
2026-02-11 13:54:28,268 - INFO - ⚙️ Commodity scan list prepared: 3 symbols (tokens available for 0)
2026-02-11 13:54:28,269 - WARNING - Nifty data missing for regime assessment. Defaulting to HIGH_CONVICTION.
2026-02-11 13:54:28,400 - INFO - Indicators GOLDM: price 156251.00, vol 5.00, atr% 0.07, rc 0.57
2026-02-11 13:54:28,403 - INFO - Indicators GOLDMINI: price 156251.00, vol 5.00, atr% 0.07, rc 0.57
2026-02-11 13:54:28,406 - INFO - Indicators SILVER: price 262080.00, vol 5.00, atr% 0.23, rc 0.58
2026-02-11 13:54:28,409 - INFO - Indicators SILVERM: price 268473.00, vol 5.00, atr% 0.24, rc 0.72
2026-02-11 13:54:28,411 - INFO - Indicators SILVERMIC: price 268300.00, vol 5.00, atr% 0.24, rc 0.64
2026-02-11 13:54:28,414 - INFO - Indicators CRUDEOILM: price 5875.00, vol 5.00, atr% 0.14, rc 0.61
2026-02-11 13:54:28,417 - INFO - Indicators CRUDEOILMINI: price 5875.00, vol 5.00, atr% 0.14, rc 0.61
2026-02-11 13:54:28,420 - INFO - Indicators NATGASMINI: price 284.50, vol 5.00, atr% 0.21, rc 0.49
2026-02-11 13:54:29,646 - INFO - Indicators SILVER: price 83.54, vol 5.00, atr% 0.54, rc 0.55
2026-02-11 13:54:29,843 - INFO - Indicators NATURALGAS: price 284.30, vol 5.00, atr% 0.22, rc 0.49
2026-02-11 13:54:59,656 - WARNING - [33m❌ Ignoring switch to GOLDMINI_PINE for COMMODITY instance. Staying on GOLDMINI_PINE.[0m
2026-02-11 13:54:59,658 - INFO - ⚙️ Commodity scan list prepared: 3 symbols (tokens available for 0)
2026-02-11 13:54:59,659 - WARNING - Nifty data missing for regime assessment. Defaulting to HIGH_CONVICTION.
2026-02-11 13:55:00,771 - INFO - Indicators SILVER: price 83.42, vol 5.00, atr% 0.54, rc 0.63
2026-02-11 13:55:05,476 - WARNING - [33m❌ Ignoring switch to GOLDMINI_PINE for COMMODITY instance. Staying on GOLDMINI_PINE.[0m
2026-02-11 13:55:05,477 - INFO - ⚙️ Commodity scan list prepared: 9 symbols (tokens available for 9)
2026-02-11 13:55:05,478 - WARNING - Nifty data missing for regime assessment. Defaulting to HIGH_CONVICTION.
2026-02-11 13:55:15,804 - INFO - Indicators GOLDM: price 156260.00, vol 5.00, atr% 0.06, rc 0.56
2026-02-11 13:55:15,806 - INFO - Indicators GOLDMINI: price 156260.00, vol 5.00, atr% 0.06, rc 0.56
2026-02-11 13:55:15,807 - INFO - Indicators SILVER: price 262133.00, vol 5.00, atr% 0.22, rc 0.49
2026-02-11 13:55:15,809 - INFO - Indicators SILVERM: price 268326.00, vol 5.00, atr% 0.23, rc 0.49
2026-02-11 13:55:15,810 - INFO - Indicators SILVERMIC: price 268221.00, vol 5.00, atr% 0.23, rc 0.49
2026-02-11 13:55:15,812 - INFO - Indicators CRUDEOILM: price 5874.00, vol 5.00, atr% 0.13, rc 0.49
2026-02-11 13:55:15,813 - INFO - Indicators CRUDEOILMINI: price 5874.00, vol 5.00, atr% 0.13, rc 0.49
2026-02-11 13:55:15,815 - INFO - Indicators NATGASMINI: price 284.30, vol 5.00, atr% 0.21, rc 0.49
2026-02-11 13:55:17,242 - INFO - Indicators NATURALGAS: price 284.30, vol 5.00, atr% 0.22, rc 0.54
2026-02-11 13:55:30,775 - WARNING - [33m❌ Ignoring switch to GOLDMINI_PINE for COMMODITY instance. Staying on GOLDMINI_PINE.[0m
2026-02-11 13:55:30,776 - INFO - ⚙️ Commodity scan list prepared: 3 symbols (tokens available for 0)
2026-02-11 13:55:30,776 - WARNING - Nifty data missing for regime assessment. Defaulting to HIGH_CONVICTION.
2026-02-11 13:55:32,215 - INFO - Indicators SILVER: price 83.36, vol 5.00, atr% 0.55, rc 0.53
2026-02-11 13:55:32,215 - ERROR - CRITICAL: No future expiry dates found in MCX cache for SILVER. Defaulting to +30 days.
2026-02-11 13:55:32,215 - WARNING - MCX lot size unavailable for SILVER; skipping metrics.
2026-02-11 13:55:32,215 - ERROR - CRITICAL: No future expiry dates found in MCX cache for SILVER. Defaulting to +30 days.
2026-02-11 13:55:32,218 - INFO - Strategy Validation - Win Rate: 26.7%, Profit Factor: 2.15
2026-02-11 13:55:34,920 - INFO - ALERT SENT: SILVER NEW SIGNAL
2026-02-11 13:55:34,921 - INFO - [35mExecution Triggered for SILVER. Conf >= 7.0 and Position is Closed.[0m
2026-02-11 13:55:34,921 - ERROR - CRITICAL: No future expiry dates found in MCX cache for SILVER. Defaulting to +30 days.
2026-02-11 13:55:34,922 - ERROR - [31mFailed to execute commodity BULLISH strategy for SILVER[0m
2026-02-11 13:55:35,925 - WARNING - [33m❌ Ignoring switch to GOLDMINI_PINE for COMMODITY instance. Staying on GOLDMINI_PINE.[0m
2026-02-11 13:55:35,926 - INFO - ⚙️ Commodity scan list prepared: 3 symbols (tokens available for 0)
2026-02-11 13:55:35,926 - WARNING - Nifty data missing for regime assessment. Defaulting to HIGH_CONVICTION.
2026-02-11 13:55:36,994 - INFO - Indicators SILVER: price 83.33, vol 5.00, atr% 0.55, rc 0.55
2026-02-11 13:55:36,994 - ERROR - CRITICAL: No future expiry dates found in MCX cache for SILVER. Defaulting to +30 days.
2026-02-11 13:55:36,994 - WARNING - MCX lot size unavailable for SILVER; skipping metrics.
2026-02-11 13:55:36,994 - ERROR - CRITICAL: No future expiry dates found in MCX cache for SILVER. Defaulting to +30 days.
2026-02-11 13:55:36,996 - INFO - Strategy Validation - Win Rate: 26.7%, Profit Factor: 2.15
2026-02-11 13:55:39,212 - INFO - ALERT SENT: SILVER NEW SIGNAL
2026-02-11 13:55:39,213 - INFO - [35mExecution Triggered for SILVER. Conf >= 7.0 and Position is Closed.[0m
2026-02-11 13:55:39,213 - ERROR - CRITICAL: No future expiry dates found in MCX cache for SILVER. Defaulting to +30 days.
2026-02-11 13:55:39,213 - ERROR - [31mFailed to execute commodity BULLISH strategy for SILVER[0m
2026-02-11 13:55:53,303 - WARNING - [33m❌ Ignoring switch to GOLDMINI_PINE for COMMODITY instance. Staying on GOLDMINI_PINE.[0m
2026-02-11 13:55:53,304 - INFO - ⚙️ Commodity scan list prepared: 9 symbols (tokens available for 9)
2026-02-11 13:55:53,305 - WARNING - Nifty data missing for regime assessment. Defaulting to HIGH_CONVICTION.
2026-02-11 13:56:04,053 - INFO - Indicators GOLDM: price 156297.00, vol 5.00, atr% 0.06, rc 0.54
2026-02-11 13:56:04,067 - INFO - Indicators GOLDMINI: price 156297.00, vol 5.00, atr% 0.06, rc 0.54
2026-02-11 13:56:04,070 - INFO - Indicators SILVER: price 261760.00, vol 5.00, atr% 0.23, rc 0.68
2026-02-11 13:56:04,072 - INFO - Indicators SILVERM: price 268163.00, vol 5.00, atr% 0.23, rc 0.57
2026-02-11 13:56:04,074 - INFO - Indicators SILVERMIC: price 268237.00, vol 5.00, atr% 0.24, rc 0.50
2026-02-11 13:56:04,077 - INFO - Indicators CRUDEOILM: price 5873.00, vol 5.00, atr% 0.13, rc 0.53
2026-02-11 13:56:04,079 - INFO - Indicators CRUDEOILMINI: price 5873.00, vol 5.00, atr% 0.13, rc 0.53
2026-02-11 13:56:04,081 - INFO - Indicators NATGASMINI: price 284.30, vol 5.00, atr% 0.21, rc 0.49
2026-02-11 13:56:05,509 - INFO - Indicators NATURALGAS: price 284.20, vol 5.00, atr% 0.22, rc 0.49
2026-02-11 13:56:09,229 - WARNING - [33m❌ Ignoring switch to GOLDMINI_PINE for COMMODITY instance. Staying on GOLDMINI_PINE.[0m
2026-02-11 13:56:09,233 - INFO - ⚙️ Commodity scan list prepared: 3 symbols (tokens available for 0)
2026-02-11 13:56:09,234 - WARNING - Nifty data missing for regime assessment. Defaulting to HIGH_CONVICTION.
2026-02-11 13:56:10,678 - INFO - Indicators SILVER: price 83.28, vol 5.00, atr% 0.55, rc 0.58
2026-02-11 13:56:10,678 - ERROR - CRITICAL: No future expiry dates found in MCX cache for SILVER. Defaulting to +30 days.
2026-02-11 13:56:10,678 - WARNING - MCX lot size unavailable for SILVER; skipping metrics.
2026-02-11 13:56:10,678 - ERROR - CRITICAL: No future expiry dates found in MCX cache for SILVER. Defaulting to +30 days.
2026-02-11 13:56:10,680 - INFO - Strategy Validation - Win Rate: 26.7%, Profit Factor: 2.15
2026-02-11 13:56:13,143 - INFO - ALERT SENT: SILVER NEW SIGNAL
2026-02-11 13:56:13,143 - INFO - [35mExecution Triggered for SILVER. Conf >= 7.0 and Position is Closed.[0m
2026-02-11 13:56:13,144 - ERROR - CRITICAL: No future expiry dates found in MCX cache for SILVER. Defaulting to +30 days.
2026-02-11 13:56:13,144 - ERROR - [31mFailed to execute commodity BULLISH strategy for SILVER[0m
2026-02-11 13:56:16,372 - WARNING - [33m❌ Ignoring switch to GOLDMINI_PINE for COMMODITY instance. Staying on GOLDMINI_PINE.[0m
2026-02-11 13:56:16,373 - INFO - ⚙️ Commodity scan list prepared: 9 symbols (tokens available for 9)
2026-02-11 13:56:16,373 - WARNING - Nifty data missing for regime assessment. Defaulting to HIGH_CONVICTION.
2026-02-11 13:56:26,771 - INFO - Indicators GOLDM: price 156234.00, vol 5.00, atr% 0.06, rc 0.64
2026-02-11 13:56:26,774 - INFO - Indicators GOLDMINI: price 156234.00, vol 5.00, atr% 0.06, rc 0.64
2026-02-11 13:56:26,776 - INFO - Indicators SILVER: price 261760.00, vol 5.00, atr% 0.23, rc 0.68
2026-02-11 13:56:26,779 - INFO - Indicators SILVERM: price 267959.00, vol 5.00, atr% 0.24, rc 0.67
2026-02-11 13:56:26,782 - INFO - Indicators SILVERMIC: price 268010.00, vol 5.00, atr% 0.24, rc 0.59
2026-02-11 13:56:26,784 - INFO - Indicators CRUDEOILM: price 5873.00, vol 5.00, atr% 0.13, rc 0.53
2026-02-11 13:56:26,798 - INFO - Indicators CRUDEOILMINI: price 5873.00, vol 5.00, atr% 0.13, rc 0.53
2026-02-11 13:56:26,801 - INFO - Indicators NATGASMINI: price 284.30, vol 5.00, atr% 0.21, rc 0.49
2026-02-11 13:56:28,204 - INFO - Indicators NATURALGAS: price 284.20, vol 5.00, atr% 0.22, rc 0.49
2026-02-11 13:56:34,871 - WARNING - [33m❌ Ignoring switch to GOLDMINI_PINE for COMMODITY instance. Staying on GOLDMINI_PINE.[0m
2026-02-11 13:56:34,871 - INFO - ⚙️ Commodity scan list prepared: 9 symbols (tokens available for 9)
2026-02-11 13:56:34,872 - WARNING - Nifty data missing for regime assessment. Defaulting to HIGH_CONVICTION.
2026-02-11 13:56:43,157 - WARNING - [33m❌ Ignoring switch to GOLDMINI_PINE for COMMODITY instance. Staying on GOLDMINI_PINE.[0m
2026-02-11 13:56:43,160 - INFO - ⚙️ Commodity scan list prepared: 3 symbols (tokens available for 0)
2026-02-11 13:56:43,160 - WARNING - Nifty data missing for regime assessment. Defaulting to HIGH_CONVICTION.
2026-02-11 13:56:44,507 - INFO - Indicators SILVER: price 83.31, vol 5.00, atr% 0.55, rc 0.56
2026-02-11 13:56:44,507 - ERROR - CRITICAL: No future expiry dates found in MCX cache for SILVER. Defaulting to +30 days.
2026-02-11 13:56:44,507 - WARNING - MCX lot size unavailable for SILVER; skipping metrics.
2026-02-11 13:56:44,508 - ERROR - CRITICAL: No future expiry dates found in MCX cache for SILVER. Defaulting to +30 days.
2026-02-11 13:56:44,511 - INFO - Strategy Validation - Win Rate: 26.7%, Profit Factor: 2.15
2026-02-11 13:56:45,202 - INFO - Indicators GOLDM: price 156241.00, vol 5.00, atr% 0.06, rc 0.62
2026-02-11 13:56:45,204 - INFO - Indicators GOLDMINI: price 156241.00, vol 5.00, atr% 0.06, rc 0.62
2026-02-11 13:56:45,206 - INFO - Indicators SILVER: price 261760.00, vol 5.00, atr% 0.23, rc 0.68
2026-02-11 13:56:45,207 - INFO - Indicators SILVERM: price 268104.00, vol 5.00, atr% 0.24, rc 0.60
2026-02-11 13:56:45,209 - INFO - Indicators SILVERMIC: price 268160.00, vol 5.00, atr% 0.24, rc 0.52
2026-02-11 13:56:45,211 - INFO - Indicators CRUDEOILM: price 5874.00, vol 5.00, atr% 0.13, rc 0.49
2026-02-11 13:56:45,212 - INFO - Indicators CRUDEOILMINI: price 5874.00, vol 5.00, atr% 0.13, rc 0.49
2026-02-11 13:56:45,213 - INFO - Indicators NATGASMINI: price 284.40, vol 5.00, atr% 0.21, rc 0.55
2026-02-11 13:56:46,664 - INFO - Indicators NATURALGAS: price 284.20, vol 5.00, atr% 0.22, rc 0.49
2026-02-11 13:56:47,032 - INFO - ALERT SENT: SILVER NEW SIGNAL
2026-02-11 13:56:47,032 - INFO - [35mExecution Triggered for SILVER. Conf >= 7.0 and Position is Closed.[0m
2026-02-11 13:56:47,032 - ERROR - CRITICAL: No future expiry dates found in MCX cache for SILVER. Defaulting to +30 days.
2026-02-11 13:56:47,032 - ERROR - [31mFailed to execute commodity BULLISH strategy for SILVER[0m
2026-02-11 13:57:17,036 - WARNING - [33m❌ Ignoring switch to GOLDMINI_PINE for COMMODITY instance. Staying on GOLDMINI_PINE.[0m
2026-02-11 13:57:17,037 - INFO - ⚙️ Commodity scan list prepared: 3 symbols (tokens available for 0)
2026-02-11 13:57:17,037 - WARNING - Nifty data missing for regime assessment. Defaulting to HIGH_CONVICTION.
2026-02-11 13:57:18,425 - INFO - Indicators SILVER: price 83.33, vol 5.00, atr% 0.55, rc 0.55
2026-02-11 13:57:18,426 - ERROR - CRITICAL: No future expiry dates found in MCX cache for SILVER. Defaulting to +30 days.
2026-02-11 13:57:18,426 - WARNING - MCX lot size unavailable for SILVER; skipping metrics.
2026-02-11 13:57:18,426 - ERROR - CRITICAL: No future expiry dates found in MCX cache for SILVER. Defaulting to +30 days.
2026-02-11 13:57:18,428 - INFO - Strategy Validation - Win Rate: 26.7%, Profit Factor: 2.15
2026-02-11 13:57:20,962 - INFO - ALERT SENT: SILVER NEW SIGNAL
2026-02-11 13:57:20,963 - INFO - [35mExecution Triggered for SILVER. Conf >= 7.0 and Position is Closed.[0m
2026-02-11 13:57:20,963 - ERROR - CRITICAL: No future expiry dates found in MCX cache for SILVER. Defaulting to +30 days.
2026-02-11 13:57:20,963 - ERROR - [31mFailed to execute commodity BULLISH strategy for SILVER[0m
2026-02-11 13:57:22,282 - WARNING - [33m❌ Ignoring switch to GOLDMINI_PINE for COMMODITY instance. Staying on GOLDMINI_PINE.[0m
2026-02-11 13:57:22,283 - INFO - ⚙️ Commodity scan list prepared: 9 symbols (tokens available for 9)
2026-02-11 13:57:22,283 - WARNING - Nifty data missing for regime assessment. Defaulting to HIGH_CONVICTION.
2026-02-11 13:57:33,231 - INFO - Indicators GOLDM: price 156235.00, vol 5.00, atr% 0.06, rc 0.64
2026-02-11 13:57:33,248 - INFO - Indicators GOLDMINI: price 156235.00, vol 5.00, atr% 0.06, rc 0.64
2026-02-11 13:57:33,250 - INFO - Indicators SILVER: price 261760.00, vol 5.00, atr% 0.23, rc 0.68
2026-02-11 13:57:33,253 - INFO - Indicators SILVERM: price 268073.00, vol 5.00, atr% 0.24, rc 0.61
2026-02-11 13:57:33,255 - INFO - Indicators SILVERMIC: price 268095.00, vol 5.00, atr% 0.24, rc 0.55
2026-02-11 13:57:33,257 - INFO - Indicators CRUDEOILM: price 5872.00, vol 5.00, atr% 0.13, rc 0.57
2026-02-11 13:57:33,259 - INFO - Indicators CRUDEOILMINI: price 5872.00, vol 5.00, atr% 0.13, rc 0.57
2026-02-11 13:57:33,262 - INFO - Indicators NATGASMINI: price 284.40, vol 5.00, atr% 0.21, rc 0.55
2026-02-11 13:57:34,661 - INFO - Indicators NATURALGAS: price 284.30, vol 5.00, atr% 0.22, rc 0.54
2026-02-11 13:57:50,969 - WARNING - [33m❌ Ignoring switch to GOLDMINI_PINE for COMMODITY instance. Staying on GOLDMINI_PINE.[0m
2026-02-11 13:57:50,973 - INFO - ⚙️ Commodity scan list prepared: 3 symbols (tokens available for 0)
2026-02-11 13:57:50,973 - WARNING - Nifty data missing for regime assessment. Defaulting to HIGH_CONVICTION.
2026-02-11 13:57:52,381 - INFO - Indicators SILVER: price 83.39, vol 5.00, atr% 0.55, rc 0.51
2026-02-11 13:57:52,382 - ERROR - CRITICAL: No future expiry dates found in MCX cache for SILVER. Defaulting to +30 days.
2026-02-11 13:57:52,382 - WARNING - MCX lot size unavailable for SILVER; skipping metrics.
2026-02-11 13:57:52,382 - ERROR - CRITICAL: No future expiry dates found in MCX cache for SILVER. Defaulting to +30 days.
2026-02-11 13:57:52,385 - INFO - Strategy Validation - Win Rate: 26.7%, Profit Factor: 2.15
2026-02-11 13:57:55,323 - INFO - ALERT SENT: SILVER NEW SIGNAL
2026-02-11 13:57:55,323 - INFO - [35mExecution Triggered for SILVER. Conf >= 7.0 and Position is Closed.[0m
2026-02-11 13:57:55,323 - ERROR - CRITICAL: No future expiry dates found in MCX cache for SILVER. Defaulting to +30 days.
2026-02-11 13:57:55,323 - ERROR - [31mFailed to execute commodity BULLISH strategy for SILVER[0m
2026-02-11 13:58:10,363 - WARNING - [33m❌ Ignoring switch to GOLDMINI_PINE for COMMODITY instance. Staying on GOLDMINI_PINE.[0m
2026-02-11 13:58:10,366 - INFO - ⚙️ Commodity scan list prepared: 9 symbols (tokens available for 9)
2026-02-11 13:58:10,366 - WARNING - Nifty data missing for regime assessment. Defaulting to HIGH_CONVICTION.
2026-02-11 13:58:21,192 - INFO - Indicators GOLDM: price 156249.00, vol 5.00, atr% 0.06, rc 0.59
2026-02-11 13:58:21,195 - INFO - Indicators GOLDMINI: price 156249.00, vol 5.00, atr% 0.06, rc 0.59
2026-02-11 13:58:21,208 - INFO - Indicators SILVER: price 261760.00, vol 5.00, atr% 0.23, rc 0.68
2026-02-11 13:58:21,211 - INFO - Indicators SILVERM: price 267890.00, vol 5.00, atr% 0.24, rc 0.70
2026-02-11 13:58:21,214 - INFO - Indicators SILVERMIC: price 267990.00, vol 5.00, atr% 0.24, rc 0.60
2026-02-11 13:58:21,216 - INFO - Indicators CRUDEOILM: price 5869.00, vol 5.00, atr% 0.13, rc 0.69
2026-02-11 13:58:21,218 - INFO - Indicators CRUDEOILMINI: price 5869.00, vol 5.00, atr% 0.13, rc 0.69
2026-02-11 13:58:21,221 - INFO - Indicators NATGASMINI: price 284.50, vol 5.00, atr% 0.21, rc 0.60
2026-02-11 13:58:22,632 - INFO - Indicators NATURALGAS: price 284.40, vol 5.00, atr% 0.22, rc 0.59
2026-02-11 13:58:25,331 - WARNING - [33m❌ Ignoring switch to GOLDMINI_PINE for COMMODITY instance. Staying on GOLDMINI_PINE.[0m
2026-02-11 13:58:25,333 - INFO - ⚙️ Commodity scan list prepared: 3 symbols (tokens available for 0)
2026-02-11 13:58:25,333 - WARNING - Nifty data missing for regime assessment. Defaulting to HIGH_CONVICTION.
2026-02-11 13:58:26,959 - INFO - Indicators SILVER: price 83.38, vol 5.00, atr% 0.55, rc 0.52
2026-02-11 13:58:26,959 - ERROR - CRITICAL: No future expiry dates found in MCX cache for SILVER. Defaulting to +30 days.
2026-02-11 13:58:26,959 - WARNING - MCX lot size unavailable for SILVER; skipping metrics.
2026-02-11 13:58:26,959 - ERROR - CRITICAL: No future expiry dates found in MCX cache for SILVER. Defaulting to +30 days.
2026-02-11 13:58:26,961 - INFO - Strategy Validation - Win Rate: 26.7%, Profit Factor: 2.15
2026-02-11 13:58:29,581 - INFO - ALERT SENT: SILVER NEW SIGNAL
2026-02-11 13:58:29,582 - INFO - [35mExecution Triggered for SILVER. Conf >= 7.0 and Position is Closed.[0m
2026-02-11 13:58:29,582 - ERROR - CRITICAL: No future expiry dates found in MCX cache for SILVER. Defaulting to +30 days.
2026-02-11 13:58:29,582 - ERROR - [31mFailed to execute commodity BULLISH strategy for SILVER[0m
2026-02-11 13:58:58,248 - WARNING - [33m❌ Ignoring switch to GOLDMINI_PINE for COMMODITY instance. Staying on GOLDMINI_PINE.[0m
2026-02-11 13:58:58,251 - INFO - ⚙️ Commodity scan list prepared: 9 symbols (tokens available for 9)
2026-02-11 13:58:58,251 - WARNING - Nifty data missing for regime assessment. Defaulting to HIGH_CONVICTION.
2026-02-11 13:58:59,598 - WARNING - [33m❌ Ignoring switch to GOLDMINI_PINE for COMMODITY instance. Staying on GOLDMINI_PINE.[0m
2026-02-11 13:58:59,599 - INFO - ⚙️ Commodity scan list prepared: 3 symbols (tokens available for 0)
2026-02-11 13:58:59,599 - WARNING - Nifty data missing for regime assessment. Defaulting to HIGH_CONVICTION.
2026-02-11 13:59:00,771 - INFO - Indicators SILVER: price 83.33, vol 5.00, atr% 0.55, rc 0.55
2026-02-11 13:59:00,771 - ERROR - CRITICAL: No future expiry dates found in MCX cache for SILVER. Defaulting to +30 days.
2026-02-11 13:59:00,771 - WARNING - MCX lot size unavailable for SILVER; skipping metrics.
2026-02-11 13:59:00,771 - ERROR - CRITICAL: No future expiry dates found in MCX cache for SILVER. Defaulting to +30 days.
2026-02-11 13:59:00,775 - INFO - Strategy Validation - Win Rate: 26.7%, Profit Factor: 2.15
2026-02-11 13:59:03,289 - INFO - ALERT SENT: SILVER NEW SIGNAL
2026-02-11 13:59:03,289 - INFO - [35mExecution Triggered for SILVER. Conf >= 7.0 and Position is Closed.[0m
2026-02-11 13:59:03,289 - ERROR - CRITICAL: No future expiry dates found in MCX cache for SILVER. Defaulting to +30 days.
2026-02-11 13:59:03,289 - ERROR - [31mFailed to execute commodity BULLISH strategy for SILVER[0m
2026-02-11 13:59:09,889 - INFO - Indicators GOLDM: price 156187.00, vol 5.00, atr% 0.07, rc 0.76
2026-02-11 13:59:09,893 - INFO - Indicators GOLDMINI: price 156187.00, vol 5.00, atr% 0.07, rc 0.76
2026-02-11 13:59:09,896 - INFO - Indicators SILVER: price 261500.00, vol 5.00, atr% 0.24, rc 0.80
2026-02-11 13:59:09,912 - INFO - Indicators SILVERM: price 267777.00, vol 5.00, atr% 0.24, rc 0.75
2026-02-11 13:59:09,915 - INFO - Indicators SILVERMIC: price 267981.00, vol 5.00, atr% 0.25, rc 0.60
2026-02-11 13:59:09,917 - INFO - Indicators CRUDEOILM: price 5872.00, vol 5.00, atr% 0.13, rc 0.57
2026-02-11 13:59:09,919 - INFO - Indicators CRUDEOILMINI: price 5872.00, vol 5.00, atr% 0.13, rc 0.57
2026-02-11 13:59:09,920 - INFO - Indicators NATGASMINI: price 284.30, vol 5.00, atr% 0.22, rc 0.49
2026-02-11 13:59:11,314 - INFO - Indicators NATURALGAS: price 284.10, vol 5.00, atr% 0.22, rc 0.54
2026-02-11 13:59:33,306 - WARNING - [33m❌ Ignoring switch to GOLDMINI_PINE for COMMODITY instance. Staying on GOLDMINI_PINE.[0m
2026-02-11 13:59:33,309 - INFO - ⚙️ Commodity scan list prepared: 3 symbols (tokens available for 0)
2026-02-11 13:59:33,310 - WARNING - Nifty data missing for regime assessment. Defaulting to HIGH_CONVICTION.
2026-02-11 13:59:34,842 - INFO - Indicators SILVER: price 83.30, vol 5.00, atr% 0.55, rc 0.57
2026-02-11 13:59:34,842 - ERROR - CRITICAL: No future expiry dates found in MCX cache for SILVER. Defaulting to +30 days.
2026-02-11 13:59:34,842 - WARNING - MCX lot size unavailable for SILVER; skipping metrics.
2026-02-11 13:59:34,842 - ERROR - CRITICAL: No future expiry dates found in MCX cache for SILVER. Defaulting to +30 days.
2026-02-11 13:59:34,845 - INFO - Strategy Validation - Win Rate: 26.7%, Profit Factor: 2.15
2026-02-11 13:59:37,282 - INFO - ALERT SENT: SILVER NEW SIGNAL
2026-02-11 13:59:37,283 - INFO - [35mExecution Triggered for SILVER. Conf >= 7.0 and Position is Closed.[0m
2026-02-11 13:59:37,283 - ERROR - CRITICAL: No future expiry dates found in MCX cache for SILVER. Defaulting to +30 days.
2026-02-11 13:59:37,284 - ERROR - [31mFailed to execute commodity BULLISH strategy for SILVER[0m
2026-02-11 13:59:46,986 - WARNING - [33m❌ Ignoring switch to GOLDMINI_PINE for COMMODITY instance. Staying on GOLDMINI_PINE.[0m
2026-02-11 13:59:46,987 - INFO - ⚙️ Commodity scan list prepared: 9 symbols (tokens available for 9)
2026-02-11 13:59:46,987 - WARNING - Nifty data missing for regime assessment. Defaulting to HIGH_CONVICTION.
2026-02-11 13:59:57,310 - INFO - Indicators GOLDM: price 156130.00, vol 5.00, atr% 0.07, rc 0.93
2026-02-11 13:59:57,314 - INFO - Indicators GOLDMINI: price 156130.00, vol 5.00, atr% 0.07, rc 0.93
2026-02-11 13:59:57,317 - INFO - Indicators SILVER: price 261476.00, vol 5.00, atr% 0.24, rc 0.81
2026-02-11 13:59:57,321 - INFO - Indicators SILVERM: price 267852.00, vol 5.00, atr% 0.24, rc 0.71
2026-02-11 13:59:57,324 - INFO - Indicators SILVERMIC: price 267900.00, vol 5.00, atr% 0.25, rc 0.64
2026-02-11 13:59:57,326 - INFO - Indicators CRUDEOILM: price 5876.00, vol 5.00, atr% 0.13, rc 0.57
2026-02-11 13:59:57,329 - INFO - Indicators CRUDEOILMINI: price 5876.00, vol 5.00, atr% 0.13, rc 0.57
2026-02-11 13:59:57,331 - INFO - Indicators NATGASMINI: price 284.40, vol 5.00, atr% 0.22, rc 0.54
2026-02-11 13:59:58,751 - INFO - Indicators NATURALGAS: price 284.20, vol 5.00, atr% 0.22, rc 0.49
2026-02-11 14:00:07,305 - WARNING - [33m❌ Ignoring switch to GOLDMINI_PINE for COMMODITY instance. Staying on GOLDMINI_PINE.[0m
2026-02-11 14:00:07,307 - INFO - ⚙️ Commodity scan list prepared: 3 symbols (tokens available for 0)
2026-02-11 14:00:07,307 - WARNING - Nifty data missing for regime assessment. Defaulting to HIGH_CONVICTION.
2026-02-11 14:00:08,449 - INFO - Indicators SILVER: price 83.30, vol 5.00, atr% 0.55, rc 0.57
2026-02-11 14:00:08,449 - ERROR - CRITICAL: No future expiry dates found in MCX cache for SILVER. Defaulting to +30 days.
2026-02-11 14:00:08,449 - WARNING - MCX lot size unavailable for SILVER; skipping metrics.
2026-02-11 14:00:08,449 - ERROR - CRITICAL: No future expiry dates found in MCX cache for SILVER. Defaulting to +30 days.
2026-02-11 14:00:08,452 - INFO - Strategy Validation - Win Rate: 26.7%, Profit Factor: 2.15
2026-02-11 14:00:10,913 - INFO - ALERT SENT: SILVER NEW SIGNAL
2026-02-11 14:00:10,913 - INFO - [35mExecution Triggered for SILVER. Conf >= 7.0 and Position is Closed.[0m
2026-02-11 14:00:10,913 - ERROR - CRITICAL: No future expiry dates found in MCX cache for SILVER. Defaulting to +30 days.
2026-02-11 14:00:10,913 - ERROR - [31mFailed to execute commodity BULLISH strategy for SILVER[0m
2026-02-11 14:00:34,775 - WARNING - [33m❌ Ignoring switch to GOLDMINI_PINE for COMMODITY instance. Staying on GOLDMINI_PINE.[0m
2026-02-11 14:00:34,775 - INFO - ⚙️ Commodity scan list prepared: 9 symbols (tokens available for 9)
2026-02-11 14:00:34,775 - WARNING - Nifty data missing for regime assessment. Defaulting to HIGH_CONVICTION.
2026-02-11 14:00:40,917 - WARNING - [33m❌ Ignoring switch to GOLDMINI_PINE for COMMODITY instance. Staying on GOLDMINI_PINE.[0m
2026-02-11 14:00:40,917 - INFO - ⚙️ Commodity scan list prepared: 3 symbols (tokens available for 0)
2026-02-11 14:00:40,917 - WARNING - Nifty data missing for regime assessment. Defaulting to HIGH_CONVICTION.
2026-02-11 14:00:42,282 - INFO - Indicators SILVER: price 83.40, vol 5.00, atr% 0.55, rc 0.50
2026-02-11 14:00:45,996 - INFO - Indicators GOLDM: price 156119.00, vol 5.00, atr% 0.07, rc 0.89
2026-02-11 14:00:45,998 - INFO - Indicators GOLDMINI: price 156119.00, vol 5.00, atr% 0.07, rc 0.89
2026-02-11 14:00:46,000 - INFO - Indicators SILVER: price 261533.00, vol 5.00, atr% 0.23, rc 0.61
2026-02-11 14:00:46,001 - INFO - Indicators SILVERM: price 268015.00, vol 5.00, atr% 0.23, rc 0.57
2026-02-11 14:00:46,003 - INFO - Indicators SILVERMIC: price 267999.00, vol 5.00, atr% 0.26, rc 0.61
2026-02-11 14:00:46,005 - INFO - Indicators CRUDEOILM: price 5876.00, vol 5.00, atr% 0.14, rc 0.60
2026-02-11 14:00:46,007 - INFO - Indicators CRUDEOILMINI: price 5876.00, vol 5.00, atr% 0.14, rc 0.60
2026-02-11 14:00:46,008 - INFO - Indicators NATGASMINI: price 284.30, vol 5.00, atr% 0.21, rc 0.49
2026-02-11 14:00:47,466 - INFO - Indicators NATURALGAS: price 284.20, vol 5.00, atr% 0.22, rc 0.49
2026-02-11 14:01:12,297 - WARNING - [33m❌ Ignoring switch to GOLDMINI_PINE for COMMODITY instance. Staying on GOLDMINI_PINE.[0m
2026-02-11 14:01:12,300 - INFO - ⚙️ Commodity scan list prepared: 3 symbols (tokens available for 0)
2026-02-11 14:01:12,300 - WARNING - Nifty data missing for regime assessment. Defaulting to HIGH_CONVICTION.
2026-02-11 14:01:13,698 - INFO - Indicators SILVER: price 83.35, vol 5.00, atr% 0.55, rc 0.54
2026-02-11 14:01:13,698 - ERROR - CRITICAL: No future expiry dates found in MCX cache for SILVER. Defaulting to +30 days.
2026-02-11 14:01:13,698 - WARNING - MCX lot size unavailable for SILVER; skipping metrics.
2026-02-11 14:01:13,698 - ERROR - CRITICAL: No future expiry dates found in MCX cache for SILVER. Defaulting to +30 days.
2026-02-11 14:01:13,702 - INFO - Strategy Validation - Win Rate: 26.7%, Profit Factor: 2.15
2026-02-11 14:01:16,165 - INFO - ALERT SENT: SILVER NEW SIGNAL
2026-02-11 14:01:16,165 - INFO - [35mExecution Triggered for SILVER. Conf >= 7.0 and Position is Closed.[0m
2026-02-11 14:01:16,165 - ERROR - CRITICAL: No future expiry dates found in MCX cache for SILVER. Defaulting to +30 days.
2026-02-11 14:01:16,165 - ERROR - [31mFailed to execute commodity BULLISH strategy for SILVER[0m
2026-02-11 14:01:23,218 - WARNING - [33m❌ Ignoring switch to GOLDMINI_PINE for COMMODITY instance. Staying on GOLDMINI_PINE.[0m
2026-02-11 14:01:23,221 - INFO - ⚙️ Commodity scan list prepared: 9 symbols (tokens available for 9)
2026-02-11 14:01:23,221 - WARNING - Nifty data missing for regime assessment. Defaulting to HIGH_CONVICTION.
2026-02-11 14:01:34,764 - INFO - Indicators GOLDM: price 156018.00, vol 5.00, atr% 0.07, rc 1.00
2026-02-11 14:01:34,767 - INFO - Indicators GOLDMINI: price 156018.00, vol 5.00, atr% 0.07, rc 1.00
2026-02-11 14:01:34,769 - INFO - Indicators SILVER: price 261500.00, vol 5.00, atr% 0.25, rc 0.62
2026-02-11 14:01:34,770 - INFO - Indicators SILVERM: price 268015.00, vol 5.00, atr% 0.23, rc 0.52
2026-02-11 14:01:34,772 - INFO - Indicators SILVERMIC: price 267750.00, vol 5.00, atr% 0.25, rc 0.67
2026-02-11 14:01:34,774 - INFO - Indicators CRUDEOILM: price 5876.00, vol 5.00, atr% 0.14, rc 0.65
2026-02-11 14:01:34,775 - INFO - Indicators CRUDEOILMINI: price 5876.00, vol 5.00, atr% 0.14, rc 0.65
2026-02-11 14:01:34,777 - INFO - Indicators NATGASMINI: price 284.60, vol 5.00, atr% 0.19, rc 0.61
2026-02-11 14:01:36,195 - INFO - Indicators NATURALGAS: price 284.50, vol 5.00, atr% 0.20, rc 0.65
2026-02-11 14:01:46,178 - WARNING - [33m❌ Ignoring switch to GOLDMINI_PINE for COMMODITY instance. Staying on GOLDMINI_PINE.[0m
2026-02-11 14:01:46,179 - INFO - ⚙️ Commodity scan list prepared: 3 symbols (tokens available for 0)
2026-02-11 14:01:46,179 - WARNING - Nifty data missing for regime assessment. Defaulting to HIGH_CONVICTION.
2026-02-11 14:01:47,554 - INFO - Indicators SILVER: price 83.35, vol 5.00, atr% 0.55, rc 0.54
2026-02-11 14:01:47,554 - ERROR - CRITICAL: No future expiry dates found in MCX cache for SILVER. Defaulting to +30 days.
2026-02-11 14:01:47,555 - WARNING - MCX lot size unavailable for SILVER; skipping metrics.
2026-02-11 14:01:47,555 - ERROR - CRITICAL: No future expiry dates found in MCX cache for SILVER. Defaulting to +30 days.
2026-02-11 14:01:47,558 - INFO - Strategy Validation - Win Rate: 26.7%, Profit Factor: 2.15
2026-02-11 14:01:50,078 - INFO - ALERT SENT: SILVER NEW SIGNAL
2026-02-11 14:01:50,078 - INFO - [35mExecution Triggered for SILVER. Conf >= 7.0 and Position is Closed.[0m
2026-02-11 14:01:50,079 - ERROR - CRITICAL: No future expiry dates found in MCX cache for SILVER. Defaulting to +30 days.
2026-02-11 14:01:50,079 - ERROR - [31mFailed to execute commodity BULLISH strategy for SILVER[0m
2026-02-11 14:02:12,151 - WARNING - [33m❌ Ignoring switch to GOLDMINI_PINE for COMMODITY instance. Staying on GOLDMINI_PINE.[0m
2026-02-11 14:02:12,151 - INFO - ⚙️ Commodity scan list prepared: 9 symbols (tokens available for 9)
2026-02-11 14:02:12,151 - WARNING - Nifty data missing for regime assessment. Defaulting to HIGH_CONVICTION.
2026-02-11 14:02:20,101 - WARNING - [33m❌ Ignoring switch to GOLDMINI_PINE for COMMODITY instance. Staying on GOLDMINI_PINE.[0m
2026-02-11 14:02:20,102 - INFO - ⚙️ Commodity scan list prepared: 3 symbols (tokens available for 0)
2026-02-11 14:02:20,102 - WARNING - Nifty data missing for regime assessment. Defaulting to HIGH_CONVICTION.
2026-02-11 14:02:21,513 - INFO - Indicators SILVER: price 83.35, vol 5.00, atr% 0.55, rc 0.54
2026-02-11 14:02:21,513 - ERROR - CRITICAL: No future expiry dates found in MCX cache for SILVER. Defaulting to +30 days.
2026-02-11 14:02:21,514 - WARNING - MCX lot size unavailable for SILVER; skipping metrics.
2026-02-11 14:02:21,514 - ERROR - CRITICAL: No future expiry dates found in MCX cache for SILVER. Defaulting to +30 days.
2026-02-11 14:02:21,517 - INFO - Strategy Validation - Win Rate: 26.7%, Profit Factor: 2.15
2026-02-11 14:02:22,830 - INFO - Indicators GOLDM: price 156046.00, vol 5.00, atr% 0.07, rc 1.00
2026-02-11 14:02:22,833 - INFO - Indicators GOLDMINI: price 156046.00, vol 5.00, atr% 0.07, rc 1.00
2026-02-11 14:02:22,836 - INFO - Indicators SILVER: price 261600.00, vol 5.00, atr% 0.23, rc 0.58
2026-02-11 14:02:22,838 - INFO - Indicators SILVERM: price 267891.00, vol 5.00, atr% 0.22, rc 0.67
2026-02-11 14:02:22,840 - INFO - Indicators SILVERMIC: price 267802.00, vol 5.00, atr% 0.23, rc 0.62
2026-02-11 14:02:22,842 - INFO - Indicators CRUDEOILM: price 5880.00, vol 5.00, atr% 0.14, rc 0.79
2026-02-11 14:02:22,844 - INFO - Indicators CRUDEOILMINI: price 5880.00, vol 5.00, atr% 0.14, rc 0.79
2026-02-11 14:02:22,846 - INFO - Indicators NATGASMINI: price 284.20, vol 5.00, atr% 0.20, rc 0.60
2026-02-11 14:02:23,892 - INFO - ALERT SENT: SILVER NEW SIGNAL
2026-02-11 14:02:23,893 - INFO - [35mExecution Triggered for SILVER. Conf >= 7.0 and Position is Closed.[0m
2026-02-11 14:02:23,893 - ERROR - CRITICAL: No future expiry dates found in MCX cache for SILVER. Defaulting to +30 days.
2026-02-11 14:02:23,893 - ERROR - [31mFailed to execute commodity BULLISH strategy for SILVER[0m
2026-02-11 14:02:24,282 - INFO - Indicators NATURALGAS: price 284.10, vol 5.00, atr% 0.21, rc 0.59
2026-02-11 14:02:53,911 - WARNING - [33m❌ Ignoring switch to GOLDMINI_PINE for COMMODITY instance. Staying on GOLDMINI_PINE.[0m
2026-02-11 14:02:53,913 - INFO - ⚙️ Commodity scan list prepared: 3 symbols (tokens available for 0)
2026-02-11 14:02:53,914 - WARNING - Nifty data missing for regime assessment. Defaulting to HIGH_CONVICTION.
2026-02-11 14:02:55,410 - INFO - Indicators SILVER: price 83.39, vol 5.00, atr% 0.55, rc 0.51
2026-02-11 14:02:59,992 - WARNING - [33m❌ Ignoring switch to GOLDMINI_PINE for COMMODITY instance. Staying on GOLDMINI_PINE.[0m
2026-02-11 14:02:59,993 - INFO - ⚙️ Commodity scan list prepared: 9 symbols (tokens available for 9)
2026-02-11 14:02:59,993 - WARNING - Nifty data missing for regime assessment. Defaulting to HIGH_CONVICTION.
2026-02-11 14:03:10,398 - INFO - Indicators GOLDM: price 156070.00, vol 5.00, atr% 0.08, rc 0.85
2026-02-11 14:03:10,401 - INFO - Indicators GOLDMINI: price 156070.00, vol 5.00, atr% 0.08, rc 0.85
2026-02-11 14:03:10,403 - INFO - Indicators SILVER: price 261500.00, vol 5.00, atr% 0.23, rc 0.62
2026-02-11 14:03:10,405 - INFO - Indicators SILVERM: price 267842.00, vol 5.00, atr% 0.24, rc 0.56
2026-02-11 14:03:10,409 - INFO - Indicators SILVERMIC: price 267883.00, vol 5.00, atr% 0.25, rc 0.54
2026-02-11 14:03:10,416 - INFO - Indicators CRUDEOILM: price 5881.00, vol 5.00, atr% 0.13, rc 0.95
2026-02-11 14:03:10,419 - INFO - Indicators CRUDEOILMINI: price 5881.00, vol 5.00, atr% 0.13, rc 0.95
2026-02-11 14:03:10,420 - INFO - Indicators NATGASMINI: price 284.10, vol 5.00, atr% 0.20, rc 0.70
2026-02-11 14:03:11,856 - INFO - Indicators NATURALGAS: price 284.10, vol 5.00, atr% 0.22, rc 0.59
2026-02-11 14:03:25,418 - WARNING - [33m❌ Ignoring switch to GOLDMINI_PINE for COMMODITY instance. Staying on GOLDMINI_PINE.[0m
2026-02-11 14:03:25,420 - INFO - ⚙️ Commodity scan list prepared: 3 symbols (tokens available for 0)
2026-02-11 14:03:25,420 - WARNING - Nifty data missing for regime assessment. Defaulting to HIGH_CONVICTION.
2026-02-11 14:03:27,186 - INFO - Indicators SILVER: price 83.40, vol 5.00, atr% 0.55, rc 0.50
2026-02-11 14:03:47,980 - WARNING - [33m❌ Ignoring switch to GOLDMINI_PINE for COMMODITY instance. Staying on GOLDMINI_PINE.[0m
2026-02-11 14:03:47,981 - INFO - ⚙️ Commodity scan list prepared: 9 symbols (tokens available for 9)
2026-02-11 14:03:47,981 - WARNING - Nifty data missing for regime assessment. Defaulting to HIGH_CONVICTION.
2026-02-11 14:03:57,193 - WARNING - [33m❌ Ignoring switch to GOLDMINI_PINE for COMMODITY instance. Staying on GOLDMINI_PINE.[0m
2026-02-11 14:03:57,193 - INFO - ⚙️ Commodity scan list prepared: 3 symbols (tokens available for 0)
2026-02-11 14:03:57,194 - WARNING - Nifty data missing for regime assessment. Defaulting to HIGH_CONVICTION.
2026-02-11 14:03:58,268 - INFO - Indicators SILVER: price 83.42, vol 5.00, atr% 0.55, rc 0.50
2026-02-11 14:03:59,486 - INFO - Indicators GOLDM: price 156146.00, vol 5.00, atr% 0.07, rc 0.58
2026-02-11 14:03:59,494 - INFO - Indicators GOLDMINI: price 156146.00, vol 5.00, atr% 0.07, rc 0.58
2026-02-11 14:03:59,501 - INFO - Indicators SILVER: price 261411.00, vol 5.00, atr% 0.23, rc 0.54
2026-02-11 14:03:59,510 - INFO - Indicators SILVERM: price 267835.00, vol 5.00, atr% 0.23, rc 0.53
2026-02-11 14:03:59,517 - INFO - Indicators SILVERMIC: price 267876.00, vol 5.00, atr% 0.24, rc 0.52
2026-02-11 14:03:59,522 - INFO - Indicators CRUDEOILM: price 5881.00, vol 5.00, atr% 0.13, rc 0.96
2026-02-11 14:03:59,524 - INFO - Indicators CRUDEOILMINI: price 5881.00, vol 5.00, atr% 0.13, rc 0.96
2026-02-11 14:03:59,526 - INFO - Indicators NATGASMINI: price 283.90, vol 5.00, atr% 0.23, rc 0.63
2026-02-11 14:04:00,970 - INFO - Indicators NATURALGAS: price 284.10, vol 5.00, atr% 0.23, rc 0.49
2026-02-11 14:04:28,281 - WARNING - [33m❌ Ignoring switch to GOLDMINI_PINE for COMMODITY instance. Staying on GOLDMINI_PINE.[0m
2026-02-11 14:04:28,282 - INFO - ⚙️ Commodity scan list prepared: 3 symbols (tokens available for 0)
2026-02-11 14:04:28,282 - WARNING - Nifty data missing for regime assessment. Defaulting to HIGH_CONVICTION.
2026-02-11 14:04:29,777 - INFO - Indicators SILVER: price 83.38, vol 5.00, atr% 0.55, rc 0.52
2026-02-11 14:04:29,778 - ERROR - CRITICAL: No future expiry dates found in MCX cache for SILVER. Defaulting to +30 days.
2026-02-11 14:04:29,778 - WARNING - MCX lot size unavailable for SILVER; skipping metrics.
2026-02-11 14:04:29,778 - ERROR - CRITICAL: No future expiry dates found in MCX cache for SILVER. Defaulting to +30 days.
2026-02-11 14:04:29,783 - INFO - Strategy Validation - Win Rate: 26.7%, Profit Factor: 2.15
2026-02-11 14:04:32,543 - INFO - ALERT SENT: SILVER NEW SIGNAL
2026-02-11 14:04:32,543 - INFO - [35mExecution Triggered for SILVER. Conf >= 7.0 and Position is Closed.[0m
2026-02-11 14:04:32,543 - ERROR - CRITICAL: No future expiry dates found in MCX cache for SILVER. Defaulting to +30 days.
2026-02-11 14:04:32,543 - ERROR - [31mFailed to execute commodity BULLISH strategy for SILVER[0m
2026-02-11 14:04:36,629 - WARNING - [33m❌ Ignoring switch to GOLDMINI_PINE for COMMODITY instance. Staying on GOLDMINI_PINE.[0m
2026-02-11 14:04:36,630 - INFO - ⚙️ Commodity scan list prepared: 9 symbols (tokens available for 9)
2026-02-11 14:04:36,630 - WARNING - Nifty data missing for regime assessment. Defaulting to HIGH_CONVICTION.
2026-02-11 14:04:48,396 - INFO - Indicators GOLDM: price 156079.00, vol 5.00, atr% 0.07, rc 0.78
2026-02-11 14:04:48,400 - INFO - Indicators GOLDMINI: price 156079.00, vol 5.00, atr% 0.07, rc 0.78
2026-02-11 14:04:48,441 - INFO - Indicators SILVER: price 261411.00, vol 5.00, atr% 0.22, rc 0.53
2026-02-11 14:04:48,448 - INFO - Indicators SILVERM: price 267920.00, vol 5.00, atr% 0.22, rc 0.53
2026-02-11 14:04:48,456 - INFO - Indicators SILVERMIC: price 268099.00, vol 5.00, atr% 0.24, rc 0.61
2026-02-11 14:04:48,467 - INFO - Indicators CRUDEOILM: price 5884.00, vol 5.00, atr% 0.13, rc 0.85
2026-02-11 14:04:48,473 - INFO - Indicators CRUDEOILMINI: price 5884.00, vol 5.00, atr% 0.13, rc 0.85
2026-02-11 14:04:48,479 - INFO - Indicators NATGASMINI: price 284.20, vol 5.00, atr% 0.22, rc 0.59
2026-02-11 14:04:49,943 - INFO - Indicators NATURALGAS: price 284.00, vol 5.00, atr% 0.23, rc 0.59
2026-02-11 14:05:02,551 - WARNING - [33m❌ Ignoring switch to GOLDMINI_PINE for COMMODITY instance. Staying on GOLDMINI_PINE.[0m
2026-02-11 14:05:02,553 - INFO - ⚙️ Commodity scan list prepared: 3 symbols (tokens available for 0)
2026-02-11 14:05:02,553 - WARNING - Nifty data missing for regime assessment. Defaulting to HIGH_CONVICTION.
2026-02-11 14:05:03,998 - INFO - Indicators SILVER: price 83.38, vol 5.00, atr% 0.55, rc 0.52
2026-02-11 14:05:03,998 - ERROR - CRITICAL: No future expiry dates found in MCX cache for SILVER. Defaulting to +30 days.
2026-02-11 14:05:03,998 - WARNING - MCX lot size unavailable for SILVER; skipping metrics.
2026-02-11 14:05:03,998 - ERROR - CRITICAL: No future expiry dates found in MCX cache for SILVER. Defaulting to +30 days.
2026-02-11 14:05:04,002 - INFO - Strategy Validation - Win Rate: 26.7%, Profit Factor: 2.15
2026-02-11 14:05:06,841 - INFO - ALERT SENT: SILVER NEW SIGNAL
2026-02-11 14:05:06,841 - INFO - [35mExecution Triggered for SILVER. Conf >= 7.0 and Position is Closed.[0m
2026-02-11 14:05:06,842 - ERROR - CRITICAL: No future expiry dates found in MCX cache for SILVER. Defaulting to +30 days.
2026-02-11 14:05:06,842 - ERROR - [31mFailed to execute commodity BULLISH strategy for SILVER[0m
2026-02-11 14:05:25,645 - WARNING - [33m❌ Ignoring switch to GOLDMINI_PINE for COMMODITY instance. Staying on GOLDMINI_PINE.[0m
2026-02-11 14:05:25,645 - INFO - ⚙️ Commodity scan list prepared: 9 symbols (tokens available for 9)
2026-02-11 14:05:25,646 - WARNING - Nifty data missing for regime assessment. Defaulting to HIGH_CONVICTION.
2026-02-11 14:05:36,133 - WARNING - [33m❌ Ignoring switch to GOLDMINI_PINE for COMMODITY instance. Staying on GOLDMINI_PINE.[0m
2026-02-11 14:05:36,134 - INFO - ⚙️ Commodity scan list prepared: 3 symbols (tokens available for 0)
2026-02-11 14:05:36,134 - WARNING - Nifty data missing for regime assessment. Defaulting to HIGH_CONVICTION.
2026-02-11 14:05:36,993 - INFO - Indicators GOLDM: price 156089.00, vol 5.00, atr% 0.07, rc 0.67
2026-02-11 14:05:36,996 - INFO - Indicators GOLDMINI: price 156089.00, vol 5.00, atr% 0.07, rc 0.67
2026-02-11 14:05:36,999 - INFO - Indicators SILVER: price 261846.00, vol 5.00, atr% 0.23, rc 0.68
2026-02-11 14:05:37,003 - INFO - Indicators SILVERM: price 268205.00, vol 5.00, atr% 0.21, rc 0.59
2026-02-11 14:05:37,006 - INFO - Indicators SILVERMIC: price 268163.00, vol 5.00, atr% 0.24, rc 0.57
2026-02-11 14:05:37,012 - INFO - Indicators CRUDEOILM: price 5884.00, vol 5.00, atr% 0.14, rc 0.78
2026-02-11 14:05:37,018 - INFO - Indicators CRUDEOILMINI: price 5884.00, vol 5.00, atr% 0.14, rc 0.78
2026-02-11 14:05:37,020 - INFO - Indicators NATGASMINI: price 284.20, vol 5.00, atr% 0.21, rc 0.49
2026-02-11 14:05:37,746 - INFO - Indicators SILVER: price 83.33, vol 5.00, atr% 0.56, rc 0.55
2026-02-11 14:05:37,746 - ERROR - CRITICAL: No future expiry dates found in MCX cache for SILVER. Defaulting to +30 days.
2026-02-11 14:05:37,746 - WARNING - MCX lot size unavailable for SILVER; skipping metrics.
2026-02-11 14:05:37,746 - ERROR - CRITICAL: No future expiry dates found in MCX cache for SILVER. Defaulting to +30 days.
2026-02-11 14:05:37,750 - INFO - Strategy Validation - Win Rate: 26.7%, Profit Factor: 2.15
2026-02-11 14:05:38,497 - INFO - Indicators NATURALGAS: price 284.00, vol 5.00, atr% 0.23, rc 0.59
2026-02-11 14:05:40,344 - INFO - ALERT SENT: SILVER NEW SIGNAL
2026-02-11 14:05:40,345 - INFO - [35mExecution Triggered for SILVER. Conf >= 7.0 and Position is Closed.[0m
2026-02-11 14:05:40,345 - ERROR - CRITICAL: No future expiry dates found in MCX cache for SILVER. Defaulting to +30 days.
2026-02-11 14:05:40,345 - ERROR - [31mFailed to execute commodity BULLISH strategy for SILVER[0m
2026-02-11 14:05:41,360 - WARNING - [33m❌ Ignoring switch to GOLDMINI_PINE for COMMODITY instance. Staying on GOLDMINI_PINE.[0m
2026-02-11 14:05:41,361 - INFO - ⚙️ Commodity scan list prepared: 3 symbols (tokens available for 0)
2026-02-11 14:05:41,361 - WARNING - Nifty data missing for regime assessment. Defaulting to HIGH_CONVICTION.
2026-02-11 14:05:42,381 - INFO - Indicators SILVER: price 83.33, vol 5.00, atr% 0.56, rc 0.55
2026-02-11 14:05:42,381 - ERROR - CRITICAL: No future expiry dates found in MCX cache for SILVER. Defaulting to +30 days.
2026-02-11 14:05:42,381 - WARNING - MCX lot size unavailable for SILVER; skipping metrics.
2026-02-11 14:05:42,381 - ERROR - CRITICAL: No future expiry dates found in MCX cache for SILVER. Defaulting to +30 days.
2026-02-11 14:05:42,383 - INFO - Strategy Validation - Win Rate: 26.7%, Profit Factor: 2.15
2026-02-11 14:05:44,575 - INFO - ALERT SENT: SILVER NEW SIGNAL
2026-02-11 14:05:44,577 - INFO - [35mExecution Triggered for SILVER. Conf >= 7.0 and Position is Closed.[0m
2026-02-11 14:05:44,577 - ERROR - CRITICAL: No future expiry dates found in MCX cache for SILVER. Defaulting to +30 days.
2026-02-11 14:05:44,577 - ERROR - [31mFailed to execute commodity BULLISH strategy for SILVER[0m
2026-02-11 14:06:14,152 - WARNING - [33m❌ Ignoring switch to GOLDMINI_PINE for COMMODITY instance. Staying on GOLDMINI_PINE.[0m
2026-02-11 14:06:14,153 - INFO - ⚙️ Commodity scan list prepared: 9 symbols (tokens available for 9)
2026-02-11 14:06:14,153 - WARNING - Nifty data missing for regime assessment. Defaulting to HIGH_CONVICTION.
2026-02-11 14:06:14,593 - WARNING - [33m❌ Ignoring switch to GOLDMINI_PINE for COMMODITY instance. Staying on GOLDMINI_PINE.[0m
2026-02-11 14:06:14,600 - INFO - ⚙️ Commodity scan list prepared: 3 symbols (tokens available for 0)
2026-02-11 14:06:14,602 - WARNING - Nifty data missing for regime assessment. Defaulting to HIGH_CONVICTION.
2026-02-11 14:06:16,256 - INFO - Indicators SILVER: price 83.26, vol 5.00, atr% 0.56, rc 0.59
2026-02-11 14:06:16,258 - ERROR - CRITICAL: No future expiry dates found in MCX cache for SILVER. Defaulting to +30 days.
2026-02-11 14:06:16,258 - WARNING - MCX lot size unavailable for SILVER; skipping metrics.
2026-02-11 14:06:16,258 - ERROR - CRITICAL: No future expiry dates found in MCX cache for SILVER. Defaulting to +30 days.
2026-02-11 14:06:16,264 - INFO - Strategy Validation - Win Rate: 26.7%, Profit Factor: 2.15
2026-02-11 14:06:18,784 - INFO - ALERT SENT: SILVER NEW SIGNAL
2026-02-11 14:06:18,785 - INFO - [35mExecution Triggered for SILVER. Conf >= 7.0 and Position is Closed.[0m
2026-02-11 14:06:18,786 - ERROR - CRITICAL: No future expiry dates found in MCX cache for SILVER. Defaulting to +30 days.
2026-02-11 14:06:18,786 - ERROR - [31mFailed to execute commodity BULLISH strategy for SILVER[0m
2026-02-11 14:06:25,325 - INFO - Indicators GOLDM: price 156056.00, vol 5.00, atr% 0.07, rc 0.62
2026-02-11 14:06:25,328 - INFO - Indicators GOLDMINI: price 156056.00, vol 5.00, atr% 0.07, rc 0.62
2026-02-11 14:06:25,329 - INFO - Indicators SILVER: price 261846.00, vol 5.00, atr% 0.23, rc 0.65
2026-02-11 14:06:25,331 - INFO - Indicators SILVERM: price 268252.00, vol 5.00, atr% 0.21, rc 0.62
2026-02-11 14:06:25,333 - INFO - Indicators SILVERMIC: price 268247.00, vol 5.00, atr% 0.24, rc 0.70
2026-02-11 14:06:25,335 - INFO - Indicators CRUDEOILM: price 5879.00, vol 5.00, atr% 0.14, rc 0.60
2026-02-11 14:06:25,338 - INFO - Indicators CRUDEOILMINI: price 5879.00, vol 5.00, atr% 0.14, rc 0.60
2026-02-11 14:06:25,340 - INFO - Indicators NATGASMINI: price 284.30, vol 5.00, atr% 0.20, rc 0.60
2026-02-11 14:06:27,070 - INFO - Indicators NATURALGAS: price 284.20, vol 5.00, atr% 0.20, rc 0.66
2026-02-11 14:06:35,938 - WARNING - [33m❌ Ignoring switch to GOLDMINI_PINE for COMMODITY instance. Staying on GOLDMINI_PINE.[0m
2026-02-11 14:06:35,939 - INFO - ⚙️ Commodity scan list prepared: 9 symbols (tokens available for 9)
2026-02-11 14:06:35,939 - WARNING - Nifty data missing for regime assessment. Defaulting to HIGH_CONVICTION.
2026-02-11 14:06:46,940 - INFO - Indicators GOLDM: price 156127.00, vol 5.00, atr% 0.07, rc 0.58
2026-02-11 14:06:46,947 - INFO - Indicators GOLDMINI: price 156127.00, vol 5.00, atr% 0.07, rc 0.58
2026-02-11 14:06:46,955 - INFO - Indicators SILVER: price 261675.00, vol 5.00, atr% 0.23, rc 0.51
2026-02-11 14:06:46,966 - INFO - Indicators SILVERM: price 268252.00, vol 5.00, atr% 0.22, rc 0.62
2026-02-11 14:06:46,969 - INFO - Indicators SILVERMIC: price 268303.00, vol 5.00, atr% 0.24, rc 0.70
2026-02-11 14:06:46,973 - INFO - Indicators CRUDEOILM: price 5879.00, vol 5.00, atr% 0.14, rc 0.57
2026-02-11 14:06:46,979 - INFO - Indicators CRUDEOILMINI: price 5879.00, vol 5.00, atr% 0.14, rc 0.57
2026-02-11 14:06:46,983 - INFO - Indicators NATGASMINI: price 284.20, vol 5.00, atr% 0.19, rc 0.67
2026-02-11 14:06:48,405 - INFO - Indicators NATURALGAS: price 284.10, vol 5.00, atr% 0.20, rc 0.60
2026-02-11 14:06:48,795 - WARNING - [33m❌ Ignoring switch to GOLDMINI_PINE for COMMODITY instance. Staying on GOLDMINI_PINE.[0m
2026-02-11 14:06:48,802 - INFO - ⚙️ Commodity scan list prepared: 3 symbols (tokens available for 0)
2026-02-11 14:06:48,803 - WARNING - Nifty data missing for regime assessment. Defaulting to HIGH_CONVICTION.
2026-02-11 14:06:50,224 - INFO - Indicators SILVER: price 83.28, vol 5.00, atr% 0.56, rc 0.58
2026-02-11 14:06:50,224 - ERROR - CRITICAL: No future expiry dates found in MCX cache for SILVER. Defaulting to +30 days.
2026-02-11 14:06:50,224 - WARNING - MCX lot size unavailable for SILVER; skipping metrics.
2026-02-11 14:06:50,224 - ERROR - CRITICAL: No future expiry dates found in MCX cache for SILVER. Defaulting to +30 days.
2026-02-11 14:06:50,227 - INFO - Strategy Validation - Win Rate: 26.7%, Profit Factor: 2.15
2026-02-11 14:06:52,380 - INFO - ALERT SENT: SILVER NEW SIGNAL
2026-02-11 14:06:52,380 - INFO - [35mExecution Triggered for SILVER. Conf >= 7.0 and Position is Closed.[0m
2026-02-11 14:06:52,380 - ERROR - CRITICAL: No future expiry dates found in MCX cache for SILVER. Defaulting to +30 days.
2026-02-11 14:06:52,380 - ERROR - [31mFailed to execute commodity BULLISH strategy for SILVER[0m
2026-02-11 14:06:55,093 - WARNING - [33m❌ Ignoring switch to GOLDMINI_PINE for COMMODITY instance. Staying on GOLDMINI_PINE.[0m
2026-02-11 14:06:55,100 - INFO - ⚙️ Commodity scan list prepared: 9 symbols (tokens available for 9)
2026-02-11 14:06:55,100 - WARNING - Nifty data missing for regime assessment. Defaulting to HIGH_CONVICTION.
2026-02-11 14:07:05,794 - INFO - Indicators GOLDM: price 156085.00, vol 5.00, atr% 0.07, rc 0.56
2026-02-11 14:07:05,804 - INFO - Indicators GOLDMINI: price 156085.00, vol 5.00, atr% 0.07, rc 0.56
2026-02-11 14:07:05,810 - INFO - Indicators SILVER: price 261675.00, vol 5.00, atr% 0.22, rc 0.53
2026-02-11 14:07:05,814 - INFO - Indicators SILVERM: price 268298.00, vol 5.00, atr% 0.22, rc 0.65
2026-02-11 14:07:05,821 - INFO - Indicators SILVERMIC: price 268372.00, vol 5.00, atr% 0.23, rc 0.72
2026-02-11 14:07:05,828 - INFO - Indicators CRUDEOILM: price 5881.00, vol 5.00, atr% 0.14, rc 0.53
2026-02-11 14:07:05,834 - INFO - Indicators CRUDEOILMINI: price 5881.00, vol 5.00, atr% 0.14, rc 0.53
2026-02-11 14:07:05,844 - INFO - Indicators NATGASMINI: price 284.20, vol 5.00, atr% 0.19, rc 0.61
2026-02-11 14:07:07,252 - INFO - Indicators NATURALGAS: price 284.10, vol 5.00, atr% 0.21, rc 0.65
2026-02-11 14:07:22,388 - WARNING - [33m❌ Ignoring switch to GOLDMINI_PINE for COMMODITY instance. Staying on GOLDMINI_PINE.[0m
2026-02-11 14:07:22,389 - INFO - ⚙️ Commodity scan list prepared: 3 symbols (tokens available for 0)
2026-02-11 14:07:22,389 - WARNING - Nifty data missing for regime assessment. Defaulting to HIGH_CONVICTION.
2026-02-11 14:07:23,880 - INFO - Indicators SILVER: price 83.31, vol 5.00, atr% 0.56, rc 0.57
2026-02-11 14:07:23,880 - ERROR - CRITICAL: No future expiry dates found in MCX cache for SILVER. Defaulting to +30 days.
2026-02-11 14:07:23,880 - WARNING - MCX lot size unavailable for SILVER; skipping metrics.
2026-02-11 14:07:23,880 - ERROR - CRITICAL: No future expiry dates found in MCX cache for SILVER. Defaulting to +30 days.
2026-02-11 14:07:23,882 - INFO - Strategy Validation - Win Rate: 26.7%, Profit Factor: 2.15
2026-02-11 14:07:26,525 - INFO - ALERT SENT: SILVER NEW SIGNAL
2026-02-11 14:07:26,525 - INFO - [35mExecution Triggered for SILVER. Conf >= 7.0 and Position is Closed.[0m
2026-02-11 14:07:26,525 - ERROR - CRITICAL: No future expiry dates found in MCX cache for SILVER. Defaulting to +30 days.
2026-02-11 14:07:26,526 - ERROR - [31mFailed to execute commodity BULLISH strategy for SILVER[0m
2026-02-11 14:07:42,939 - WARNING - [33m❌ Ignoring switch to GOLDMINI_PINE for COMMODITY instance. Staying on GOLDMINI_PINE.[0m
2026-02-11 14:07:42,941 - INFO - ⚙️ Commodity scan list prepared: 9 symbols (tokens available for 9)
2026-02-11 14:07:42,941 - WARNING - Nifty data missing for regime assessment. Defaulting to HIGH_CONVICTION.
2026-02-11 14:07:54,413 - INFO - Indicators GOLDM: price 156146.00, vol 5.00, atr% 0.07, rc 0.70
2026-02-11 14:07:54,416 - INFO - Indicators GOLDMINI: price 156146.00, vol 5.00, atr% 0.07, rc 0.70
2026-02-11 14:07:54,418 - INFO - Indicators SILVER: price 261852.00, vol 5.00, atr% 0.22, rc 0.67
2026-02-11 14:07:54,427 - INFO - Indicators SILVERM: price 268300.00, vol 5.00, atr% 0.23, rc 0.72
2026-02-11 14:07:54,432 - INFO - Indicators SILVERMIC: price 268333.00, vol 5.00, atr% 0.24, rc 0.70
2026-02-11 14:07:54,435 - INFO - Indicators CRUDEOILM: price 5883.00, vol 5.00, atr% 0.14, rc 0.57
2026-02-11 14:07:54,438 - INFO - Indicators CRUDEOILMINI: price 5883.00, vol 5.00, atr% 0.14, rc 0.57
2026-02-11 14:07:54,441 - INFO - Indicators NATGASMINI: price 284.20, vol 5.00, atr% 0.20, rc 0.55
2026-02-11 14:07:55,895 - INFO - Indicators NATURALGAS: price 284.20, vol 5.00, atr% 0.22, rc 0.49
2026-02-11 14:07:56,534 - WARNING - [33m❌ Ignoring switch to GOLDMINI_PINE for COMMODITY instance. Staying on GOLDMINI_PINE.[0m
2026-02-11 14:07:56,534 - INFO - ⚙️ Commodity scan list prepared: 3 symbols (tokens available for 0)
2026-02-11 14:07:56,535 - WARNING - Nifty data missing for regime assessment. Defaulting to HIGH_CONVICTION.
2026-02-11 14:07:58,107 - INFO - Indicators SILVER: price 83.25, vol 5.00, atr% 0.56, rc 0.60
2026-02-11 14:07:58,108 - ERROR - CRITICAL: No future expiry dates found in MCX cache for SILVER. Defaulting to +30 days.
2026-02-11 14:07:58,108 - WARNING - MCX lot size unavailable for SILVER; skipping metrics.
2026-02-11 14:07:58,108 - ERROR - CRITICAL: No future expiry dates found in MCX cache for SILVER. Defaulting to +30 days.
2026-02-11 14:07:58,110 - INFO - Strategy Validation - Win Rate: 26.7%, Profit Factor: 2.15
2026-02-11 14:08:00,493 - INFO - ALERT SENT: SILVER NEW SIGNAL
2026-02-11 14:08:00,493 - INFO - [35mExecution Triggered for SILVER. Conf >= 7.0 and Position is Closed.[0m
2026-02-11 14:08:00,493 - ERROR - CRITICAL: No future expiry dates found in MCX cache for SILVER. Defaulting to +30 days.
2026-02-11 14:08:00,493 - ERROR - [31mFailed to execute commodity BULLISH strategy for SILVER[0m
2026-02-11 14:08:30,504 - WARNING - [33m❌ Ignoring switch to GOLDMINI_PINE for COMMODITY instance. Staying on GOLDMINI_PINE.[0m
2026-02-11 14:08:30,505 - INFO - ⚙️ Commodity scan list prepared: 3 symbols (tokens available for 0)
2026-02-11 14:08:30,505 - WARNING - Nifty data missing for regime assessment. Defaulting to HIGH_CONVICTION.
2026-02-11 14:08:31,563 - WARNING - [33m❌ Ignoring switch to GOLDMINI_PINE for COMMODITY instance. Staying on GOLDMINI_PINE.[0m
2026-02-11 14:08:31,564 - INFO - ⚙️ Commodity scan list prepared: 9 symbols (tokens available for 9)
2026-02-11 14:08:31,564 - WARNING - Nifty data missing for regime assessment. Defaulting to HIGH_CONVICTION.
2026-02-11 14:08:31,907 - INFO - Indicators SILVER: price 83.20, vol 5.00, atr% 0.56, rc 0.63
2026-02-11 14:08:31,907 - ERROR - CRITICAL: No future expiry dates found in MCX cache for SILVER. Defaulting to +30 days.
2026-02-11 14:08:31,907 - WARNING - MCX lot size unavailable for SILVER; skipping metrics.
2026-02-11 14:08:31,907 - ERROR - CRITICAL: No future expiry dates found in MCX cache for SILVER. Defaulting to +30 days.
2026-02-11 14:08:31,910 - INFO - Strategy Validation - Win Rate: 26.7%, Profit Factor: 2.15
2026-02-11 14:08:34,312 - INFO - ALERT SENT: SILVER NEW SIGNAL
2026-02-11 14:08:34,313 - INFO - [35mExecution Triggered for SILVER. Conf >= 7.0 and Position is Closed.[0m
2026-02-11 14:08:34,313 - ERROR - CRITICAL: No future expiry dates found in MCX cache for SILVER. Defaulting to +30 days.
2026-02-11 14:08:34,313 - ERROR - [31mFailed to execute commodity BULLISH strategy for SILVER[0m
2026-02-11 14:08:41,900 - INFO - Indicators GOLDM: price 156182.00, vol 5.00, atr% 0.07, rc 0.76
2026-02-11 14:08:41,903 - INFO - Indicators GOLDMINI: price 156182.00, vol 5.00, atr% 0.07, rc 0.76
2026-02-11 14:08:41,905 - INFO - Indicators SILVER: price 261852.00, vol 5.00, atr% 0.23, rc 0.67
2026-02-11 14:08:41,907 - INFO - Indicators SILVERM: price 268396.00, vol 5.00, atr% 0.22, rc 0.75
2026-02-11 14:08:41,911 - INFO - Indicators SILVERMIC: price 268478.00, vol 5.00, atr% 0.23, rc 0.74
2026-02-11 14:08:41,913 - INFO - Indicators CRUDEOILM: price 5883.00, vol 5.00, atr% 0.13, rc 0.53
2026-02-11 14:08:41,916 - INFO - Indicators CRUDEOILMINI: price 5883.00, vol 5.00, atr% 0.13, rc 0.53
2026-02-11 14:08:41,920 - INFO - Indicators NATGASMINI: price 284.30, vol 5.00, atr% 0.22, rc 0.64
2026-02-11 14:08:43,331 - INFO - Indicators NATURALGAS: price 284.30, vol 5.00, atr% 0.23, rc 0.68
2026-02-11 14:09:04,327 - WARNING - [33m❌ Ignoring switch to GOLDMINI_PINE for COMMODITY instance. Staying on GOLDMINI_PINE.[0m
2026-02-11 14:09:04,328 - INFO - ⚙️ Commodity scan list prepared: 3 symbols (tokens available for 0)
2026-02-11 14:09:04,328 - WARNING - Nifty data missing for regime assessment. Defaulting to HIGH_CONVICTION.
2026-02-11 14:09:06,028 - INFO - Indicators SILVER: price 83.26, vol 5.00, atr% 0.56, rc 0.59
2026-02-11 14:09:06,028 - ERROR - CRITICAL: No future expiry dates found in MCX cache for SILVER. Defaulting to +30 days.
2026-02-11 14:09:06,028 - WARNING - MCX lot size unavailable for SILVER; skipping metrics.
2026-02-11 14:09:06,028 - ERROR - CRITICAL: No future expiry dates found in MCX cache for SILVER. Defaulting to +30 days.
2026-02-11 14:09:06,032 - INFO - Strategy Validation - Win Rate: 26.7%, Profit Factor: 2.15
2026-02-11 14:09:08,384 - INFO - ALERT SENT: SILVER NEW SIGNAL
2026-02-11 14:09:08,386 - INFO - [35mExecution Triggered for SILVER. Conf >= 7.0 and Position is Closed.[0m
2026-02-11 14:09:08,386 - ERROR - CRITICAL: No future expiry dates found in MCX cache for SILVER. Defaulting to +30 days.
2026-02-11 14:09:08,386 - ERROR - [31mFailed to execute commodity BULLISH strategy for SILVER[0m
2026-02-11 14:09:18,971 - WARNING - [33m❌ Ignoring switch to GOLDMINI_PINE for COMMODITY instance. Staying on GOLDMINI_PINE.[0m
2026-02-11 14:09:18,972 - INFO - ⚙️ Commodity scan list prepared: 9 symbols (tokens available for 9)
2026-02-11 14:09:18,972 - WARNING - Nifty data missing for regime assessment. Defaulting to HIGH_CONVICTION.
2026-02-11 14:09:29,194 - INFO - Indicators GOLDM: price 156156.00, vol 5.00, atr% 0.07, rc 0.69
2026-02-11 14:09:29,197 - INFO - Indicators GOLDMINI: price 156156.00, vol 5.00, atr% 0.07, rc 0.69
2026-02-11 14:09:29,200 - INFO - Indicators SILVER: price 261753.00, vol 5.00, atr% 0.22, rc 0.67
2026-02-11 14:09:29,204 - INFO - Indicators SILVERM: price 268069.00, vol 5.00, atr% 0.21, rc 0.57
2026-02-11 14:09:29,207 - INFO - Indicators SILVERMIC: price 268050.00, vol 5.00, atr% 0.23, rc 0.50
2026-02-11 14:09:29,213 - INFO - Indicators CRUDEOILM: price 5883.00, vol 5.00, atr% 0.13, rc 0.53
2026-02-11 14:09:29,216 - INFO - Indicators CRUDEOILMINI: price 5883.00, vol 5.00, atr% 0.13, rc 0.53
2026-02-11 14:09:29,220 - INFO - Indicators NATGASMINI: price 284.30, vol 5.00, atr% 0.22, rc 0.64
2026-02-11 14:09:30,668 - INFO - Indicators NATURALGAS: price 284.30, vol 5.00, atr% 0.22, rc 0.59
2026-02-11 14:09:38,405 - WARNING - [33m❌ Ignoring switch to GOLDMINI_PINE for COMMODITY instance. Staying on GOLDMINI_PINE.[0m
2026-02-11 14:09:38,407 - INFO - ⚙️ Commodity scan list prepared: 3 symbols (tokens available for 0)
2026-02-11 14:09:38,407 - WARNING - Nifty data missing for regime assessment. Defaulting to HIGH_CONVICTION.
2026-02-11 14:09:39,520 - INFO - Indicators SILVER: price 83.22, vol 5.00, atr% 0.56, rc 0.62
2026-02-11 14:09:39,520 - ERROR - CRITICAL: No future expiry dates found in MCX cache for SILVER. Defaulting to +30 days.
2026-02-11 14:09:39,520 - WARNING - MCX lot size unavailable for SILVER; skipping metrics.
2026-02-11 14:09:39,520 - ERROR - CRITICAL: No future expiry dates found in MCX cache for SILVER. Defaulting to +30 days.
2026-02-11 14:09:39,532 - INFO - Strategy Validation - Win Rate: 26.7%, Profit Factor: 2.15
2026-02-11 14:09:42,187 - INFO - ALERT SENT: SILVER NEW SIGNAL
2026-02-11 14:09:42,187 - INFO - [35mExecution Triggered for SILVER. Conf >= 7.0 and Position is Closed.[0m
2026-02-11 14:09:42,187 - ERROR - CRITICAL: No future expiry dates found in MCX cache for SILVER. Defaulting to +30 days.
2026-02-11 14:09:42,188 - ERROR - [31mFailed to execute commodity BULLISH strategy for SILVER[0m
2026-02-11 14:10:06,264 - WARNING - [33m❌ Ignoring switch to GOLDMINI_PINE for COMMODITY instance. Staying on GOLDMINI_PINE.[0m
2026-02-11 14:10:06,297 - INFO - ⚙️ Commodity scan list prepared: 9 symbols (tokens available for 9)
2026-02-11 14:10:06,297 - WARNING - Nifty data missing for regime assessment. Defaulting to HIGH_CONVICTION.
2026-02-11 14:10:12,199 - WARNING - [33m❌ Ignoring switch to GOLDMINI_PINE for COMMODITY instance. Staying on GOLDMINI_PINE.[0m
2026-02-11 14:10:12,201 - INFO - ⚙️ Commodity scan list prepared: 3 symbols (tokens available for 0)
2026-02-11 14:10:12,201 - WARNING - Nifty data missing for regime assessment. Defaulting to HIGH_CONVICTION.
2026-02-11 14:10:13,743 - INFO - Indicators SILVER: price 83.21, vol 5.00, atr% 0.56, rc 0.62
2026-02-11 14:10:13,743 - ERROR - CRITICAL: No future expiry dates found in MCX cache for SILVER. Defaulting to +30 days.
2026-02-11 14:10:13,743 - WARNING - MCX lot size unavailable for SILVER; skipping metrics.
2026-02-11 14:10:13,744 - ERROR - CRITICAL: No future expiry dates found in MCX cache for SILVER. Defaulting to +30 days.
2026-02-11 14:10:13,748 - INFO - Strategy Validation - Win Rate: 26.7%, Profit Factor: 2.15
2026-02-11 14:10:16,227 - INFO - ALERT SENT: SILVER NEW SIGNAL
2026-02-11 14:10:16,227 - INFO - [35mExecution Triggered for SILVER. Conf >= 7.0 and Position is Closed.[0m
2026-02-11 14:10:16,227 - ERROR - CRITICAL: No future expiry dates found in MCX cache for SILVER. Defaulting to +30 days.
2026-02-11 14:10:16,227 - ERROR - [31mFailed to execute commodity BULLISH strategy for SILVER[0m
2026-02-11 14:10:17,277 - INFO - Indicators GOLDM: price 156140.00, vol 5.00, atr% 0.07, rc 0.74
2026-02-11 14:10:17,282 - INFO - Indicators GOLDMINI: price 156140.00, vol 5.00, atr% 0.07, rc 0.74
2026-02-11 14:10:17,287 - INFO - Indicators SILVER: price 261753.00, vol 5.00, atr% 0.21, rc 0.55
2026-02-11 14:10:17,295 - INFO - Indicators SILVERM: price 268160.00, vol 5.00, atr% 0.21, rc 0.51
2026-02-11 14:10:17,301 - INFO - Indicators SILVERMIC: price 268209.00, vol 5.00, atr% 0.23, rc 0.51
2026-02-11 14:10:17,305 - INFO - Indicators CRUDEOILM: price 5884.00, vol 5.00, atr% 0.13, rc 0.53
2026-02-11 14:10:17,307 - INFO - Indicators CRUDEOILMINI: price 5884.00, vol 5.00, atr% 0.13, rc 0.53
2026-02-11 14:10:17,313 - INFO - Indicators NATGASMINI: price 284.40, vol 5.00, atr% 0.23, rc 0.63
2026-02-11 14:10:18,726 - INFO - Indicators NATURALGAS: price 284.50, vol 5.00, atr% 0.23, rc 0.73
2026-02-11 14:10:46,235 - WARNING - [33m❌ Ignoring switch to GOLDMINI_PINE for COMMODITY instance. Staying on GOLDMINI_PINE.[0m
2026-02-11 14:10:46,237 - INFO - ⚙️ Commodity scan list prepared: 3 symbols (tokens available for 0)
2026-02-11 14:10:46,238 - WARNING - Nifty data missing for regime assessment. Defaulting to HIGH_CONVICTION.
2026-02-11 14:10:47,370 - INFO - Indicators SILVER: price 83.24, vol 5.00, atr% 0.55, rc 0.48
2026-02-11 14:10:47,371 - ERROR - CRITICAL: No future expiry dates found in MCX cache for SILVER. Defaulting to +30 days.
2026-02-11 14:10:47,371 - WARNING - MCX lot size unavailable for SILVER; skipping metrics.
2026-02-11 14:10:47,371 - ERROR - CRITICAL: No future expiry dates found in MCX cache for SILVER. Defaulting to +30 days.
2026-02-11 14:10:47,374 - INFO - Strategy Validation - Win Rate: 26.7%, Profit Factor: 2.15
2026-02-11 14:10:49,498 - INFO - ALERT SENT: SILVER NEW SIGNAL
2026-02-11 14:10:49,499 - INFO - [35mExecution Triggered for SILVER. Conf >= 7.0 and Position is Closed.[0m
2026-02-11 14:10:49,499 - ERROR - CRITICAL: No future expiry dates found in MCX cache for SILVER. Defaulting to +30 days.
2026-02-11 14:10:49,499 - ERROR - [31mFailed to execute commodity BULLISH strategy for SILVER[0m
2026-02-11 14:10:54,316 - WARNING - [33m❌ Ignoring switch to GOLDMINI_PINE for COMMODITY instance. Staying on GOLDMINI_PINE.[0m
2026-02-11 14:10:54,317 - INFO - ⚙️ Commodity scan list prepared: 9 symbols (tokens available for 9)
2026-02-11 14:10:54,317 - WARNING - Nifty data missing for regime assessment. Defaulting to HIGH_CONVICTION.
2026-02-11 14:11:05,246 - INFO - Indicators GOLDM: price 156149.00, vol 5.00, atr% 0.07, rc 0.76
2026-02-11 14:11:05,248 - INFO - Indicators GOLDMINI: price 156149.00, vol 5.00, atr% 0.07, rc 0.76
2026-02-11 14:11:05,250 - INFO - Indicators SILVER: price 261721.00, vol 5.00, atr% 0.21, rc 0.56
2026-02-11 14:11:05,252 - INFO - Indicators SILVERM: price 268202.00, vol 5.00, atr% 0.20, rc 0.52
2026-02-11 14:11:05,254 - INFO - Indicators SILVERMIC: price 268213.00, vol 5.00, atr% 0.22, rc 0.50
2026-02-11 14:11:05,256 - INFO - Indicators CRUDEOILM: price 5885.00, vol 5.00, atr% 0.14, rc 0.57
2026-02-11 14:11:05,258 - INFO - Indicators CRUDEOILMINI: price 5885.00, vol 5.00, atr% 0.14, rc 0.57
2026-02-11 14:11:05,260 - INFO - Indicators NATGASMINI: price 284.50, vol 5.00, atr% 0.21, rc 0.64
2026-02-11 14:11:06,675 - INFO - Indicators NATURALGAS: price 284.30, vol 5.00, atr% 0.22, rc 0.59
2026-02-11 14:11:19,522 - WARNING - [33m❌ Ignoring switch to GOLDMINI_PINE for COMMODITY instance. Staying on GOLDMINI_PINE.[0m
2026-02-11 14:11:19,523 - INFO - ⚙️ Commodity scan list prepared: 3 symbols (tokens available for 0)
2026-02-11 14:11:19,523 - WARNING - Nifty data missing for regime assessment. Defaulting to HIGH_CONVICTION.
2026-02-11 14:11:21,004 - INFO - Indicators SILVER: price 83.21, vol 5.00, atr% 0.56, rc 0.47
2026-02-11 14:11:21,004 - ERROR - CRITICAL: No future expiry dates found in MCX cache for SILVER. Defaulting to +30 days.
2026-02-11 14:11:21,004 - WARNING - MCX lot size unavailable for SILVER; skipping metrics.
2026-02-11 14:11:21,004 - ERROR - CRITICAL: No future expiry dates found in MCX cache for SILVER. Defaulting to +30 days.
2026-02-11 14:11:21,007 - INFO - Strategy Validation - Win Rate: 26.7%, Profit Factor: 2.15
2026-02-11 14:11:24,433 - INFO - ALERT SENT: SILVER NEW SIGNAL
2026-02-11 14:11:24,434 - INFO - [35mExecution Triggered for SILVER. Conf >= 7.0 and Position is Closed.[0m
2026-02-11 14:11:24,434 - ERROR - CRITICAL: No future expiry dates found in MCX cache for SILVER. Defaulting to +30 days.
2026-02-11 14:11:24,434 - ERROR - [31mFailed to execute commodity BULLISH strategy for SILVER[0m
2026-02-11 14:11:42,350 - WARNING - [33m❌ Ignoring switch to GOLDMINI_PINE for COMMODITY instance. Staying on GOLDMINI_PINE.[0m
2026-02-11 14:11:42,351 - INFO - ⚙️ Commodity scan list prepared: 9 symbols (tokens available for 9)
2026-02-11 14:11:42,352 - WARNING - Nifty data missing for regime assessment. Defaulting to HIGH_CONVICTION.
2026-02-11 14:11:53,215 - INFO - Indicators GOLDM: price 156179.00, vol 5.00, atr% 0.07, rc 0.65
2026-02-11 14:11:53,219 - INFO - Indicators GOLDMINI: price 156179.00, vol 5.00, atr% 0.07, rc 0.65
2026-02-11 14:11:53,224 - INFO - Indicators SILVER: price 261721.00, vol 5.00, atr% 0.21, rc 0.52
2026-02-11 14:11:53,228 - INFO - Indicators SILVERM: price 268202.00, vol 5.00, atr% 0.21, rc 0.52
2026-02-11 14:11:53,232 - INFO - Indicators SILVERMIC: price 268182.00, vol 5.00, atr% 0.22, rc 0.55
2026-02-11 14:11:53,235 - INFO - Indicators CRUDEOILM: price 5886.00, vol 5.00, atr% 0.14, rc 0.68
2026-02-11 14:11:53,239 - INFO - Indicators CRUDEOILMINI: price 5886.00, vol 5.00, atr% 0.14, rc 0.68
2026-02-11 14:11:53,247 - INFO - Indicators NATGASMINI: price 284.50, vol 5.00, atr% 0.19, rc 0.77
2026-02-11 14:11:54,451 - WARNING - [33m❌ Ignoring switch to GOLDMINI_PINE for COMMODITY instance. Staying on GOLDMINI_PINE.[0m
2026-02-11 14:11:54,452 - INFO - ⚙️ Commodity scan list prepared: 3 symbols (tokens available for 0)
2026-02-11 14:11:54,452 - WARNING - Nifty data missing for regime assessment. Defaulting to HIGH_CONVICTION.
2026-02-11 14:11:54,651 - INFO - Indicators NATURALGAS: price 284.30, vol 5.00, atr% 0.21, rc 0.60
2026-02-11 14:11:55,469 - INFO - Indicators SILVER: price 83.28, vol 5.00, atr% 0.56, rc 0.50
2026-02-11 14:11:55,469 - ERROR - CRITICAL: No future expiry dates found in MCX cache for SILVER. Defaulting to +30 days.
2026-02-11 14:11:55,469 - WARNING - MCX lot size unavailable for SILVER; skipping metrics.
2026-02-11 14:11:55,469 - ERROR - CRITICAL: No future expiry dates found in MCX cache for SILVER. Defaulting to +30 days.
2026-02-11 14:11:55,472 - INFO - Strategy Validation - Win Rate: 26.7%, Profit Factor: 2.15
2026-02-11 14:11:58,007 - INFO - ALERT SENT: SILVER NEW SIGNAL
2026-02-11 14:11:58,008 - INFO - [35mExecution Triggered for SILVER. Conf >= 7.0 and Position is Closed.[0m
2026-02-11 14:11:58,008 - ERROR - CRITICAL: No future expiry dates found in MCX cache for SILVER. Defaulting to +30 days.
2026-02-11 14:11:58,008 - ERROR - [31mFailed to execute commodity BULLISH strategy for SILVER[0m
2026-02-11 14:12:28,027 - WARNING - [33m❌ Ignoring switch to GOLDMINI_PINE for COMMODITY instance. Staying on GOLDMINI_PINE.[0m
2026-02-11 14:12:28,029 - INFO - ⚙️ Commodity scan list prepared: 3 symbols (tokens available for 0)
2026-02-11 14:12:28,029 - WARNING - Nifty data missing for regime assessment. Defaulting to HIGH_CONVICTION.
2026-02-11 14:12:29,591 - INFO - Indicators SILVER: price 83.31, vol 5.00, atr% 0.56, rc 0.56
2026-02-11 14:12:29,591 - ERROR - CRITICAL: No future expiry dates found in MCX cache for SILVER. Defaulting to +30 days.
2026-02-11 14:12:29,591 - WARNING - MCX lot size unavailable for SILVER; skipping metrics.
2026-02-11 14:12:29,591 - ERROR - CRITICAL: No future expiry dates found in MCX cache for SILVER. Defaulting to +30 days.
2026-02-11 14:12:29,594 - INFO - Strategy Validation - Win Rate: 26.7%, Profit Factor: 2.15
2026-02-11 14:12:30,286 - WARNING - [33m❌ Ignoring switch to GOLDMINI_PINE for COMMODITY instance. Staying on GOLDMINI_PINE.[0m
2026-02-11 14:12:30,287 - INFO - ⚙️ Commodity scan list prepared: 9 symbols (tokens available for 9)
2026-02-11 14:12:30,287 - WARNING - Nifty data missing for regime assessment. Defaulting to HIGH_CONVICTION.
2026-02-11 14:12:32,062 - INFO - ALERT SENT: SILVER NEW SIGNAL
2026-02-11 14:12:32,062 - INFO - [35mExecution Triggered for SILVER. Conf >= 7.0 and Position is Closed.[0m
2026-02-11 14:12:32,062 - ERROR - CRITICAL: No future expiry dates found in MCX cache for SILVER. Defaulting to +30 days.
2026-02-11 14:12:32,063 - ERROR - [31mFailed to execute commodity BULLISH strategy for SILVER[0m
2026-02-11 14:12:41,404 - INFO - Indicators GOLDM: price 156160.00, vol 5.00, atr% 0.07, rc 0.62
2026-02-11 14:12:41,414 - INFO - Indicators GOLDMINI: price 156160.00, vol 5.00, atr% 0.07, rc 0.62
2026-02-11 14:12:41,421 - INFO - Indicators SILVER: price 261721.00, vol 5.00, atr% 0.21, rc 0.57
2026-02-11 14:12:41,424 - INFO - Indicators SILVERM: price 268301.00, vol 5.00, atr% 0.21, rc 0.50
2026-02-11 14:12:41,427 - INFO - Indicators SILVERMIC: price 268240.00, vol 5.00, atr% 0.22, rc 0.53
2026-02-11 14:12:41,435 - INFO - Indicators CRUDEOILM: price 5890.00, vol 5.00, atr% 0.14, rc 0.82
2026-02-11 14:12:41,440 - INFO - Indicators CRUDEOILMINI: price 5890.00, vol 5.00, atr% 0.14, rc 0.82
2026-02-11 14:12:41,443 - INFO - Indicators NATGASMINI: price 284.10, vol 5.00, atr% 0.20, rc 0.49
2026-02-11 14:12:42,830 - INFO - Indicators NATURALGAS: price 284.10, vol 5.00, atr% 0.21, rc 0.49
2026-02-11 14:13:02,069 - WARNING - [33m❌ Ignoring switch to GOLDMINI_PINE for COMMODITY instance. Staying on GOLDMINI_PINE.[0m
2026-02-11 14:13:02,072 - INFO - ⚙️ Commodity scan list prepared: 3 symbols (tokens available for 0)
2026-02-11 14:13:02,072 - WARNING - Nifty data missing for regime assessment. Defaulting to HIGH_CONVICTION.
2026-02-11 14:13:03,460 - INFO - Indicators SILVER: price 83.27, vol 5.00, atr% 0.56, rc 0.50
2026-02-11 14:13:03,460 - ERROR - CRITICAL: No future expiry dates found in MCX cache for SILVER. Defaulting to +30 days.
2026-02-11 14:13:03,460 - WARNING - MCX lot size unavailable for SILVER; skipping metrics.
2026-02-11 14:13:03,460 - ERROR - CRITICAL: No future expiry dates found in MCX cache for SILVER. Defaulting to +30 days.
2026-02-11 14:13:03,468 - INFO - Strategy Validation - Win Rate: 26.7%, Profit Factor: 2.15
2026-02-11 14:13:05,665 - INFO - ALERT SENT: SILVER NEW SIGNAL
2026-02-11 14:13:05,665 - INFO - [35mExecution Triggered for SILVER. Conf >= 7.0 and Position is Closed.[0m
2026-02-11 14:13:05,666 - ERROR - CRITICAL: No future expiry dates found in MCX cache for SILVER. Defaulting to +30 days.
2026-02-11 14:13:05,666 - ERROR - [31mFailed to execute commodity BULLISH strategy for SILVER[0m
2026-02-11 14:13:18,667 - WARNING - [33m❌ Ignoring switch to GOLDMINI_PINE for COMMODITY instance. Staying on GOLDMINI_PINE.[0m
2026-02-11 14:13:18,668 - INFO - ⚙️ Commodity scan list prepared: 9 symbols (tokens available for 9)
2026-02-11 14:13:18,668 - WARNING - Nifty data missing for regime assessment. Defaulting to HIGH_CONVICTION.
2026-02-11 14:13:30,061 - INFO - Indicators GOLDM: price 156141.00, vol 5.00, atr% 0.07, rc 0.67
2026-02-11 14:13:30,065 - INFO - Indicators GOLDMINI: price 156141.00, vol 5.00, atr% 0.07, rc 0.67
2026-02-11 14:13:30,067 - INFO - Indicators SILVER: price 261721.00, vol 5.00, atr% 0.22, rc 0.56
2026-02-11 14:13:30,069 - INFO - Indicators SILVERM: price 268150.00, vol 5.00, atr% 0.22, rc 0.55
2026-02-11 14:13:30,072 - INFO - Indicators SILVERMIC: price 268114.00, vol 5.00, atr% 0.23, rc 0.62
2026-02-11 14:13:30,074 - INFO - Indicators CRUDEOILM: price 5892.00, vol 5.00, atr% 0.14, rc 0.86
2026-02-11 14:13:30,076 - INFO - Indicators CRUDEOILMINI: price 5892.00, vol 5.00, atr% 0.14, rc 0.86
2026-02-11 14:13:30,078 - INFO - Indicators NATGASMINI: price 284.30, vol 5.00, atr% 0.21, rc 0.55
2026-02-11 14:13:31,512 - INFO - Indicators NATURALGAS: price 284.20, vol 5.00, atr% 0.22, rc 0.49
2026-02-11 14:13:35,672 - WARNING - [33m❌ Ignoring switch to GOLDMINI_PINE for COMMODITY instance. Staying on GOLDMINI_PINE.[0m
2026-02-11 14:13:35,673 - INFO - ⚙️ Commodity scan list prepared: 3 symbols (tokens available for 0)
2026-02-11 14:13:35,673 - WARNING - Nifty data missing for regime assessment. Defaulting to HIGH_CONVICTION.
2026-02-11 14:13:36,856 - INFO - Indicators SILVER: price 83.27, vol 5.00, atr% 0.56, rc 0.50
2026-02-11 14:13:36,856 - ERROR - CRITICAL: No future expiry dates found in MCX cache for SILVER. Defaulting to +30 days.
2026-02-11 14:13:36,857 - WARNING - MCX lot size unavailable for SILVER; skipping metrics.
2026-02-11 14:13:36,857 - ERROR - CRITICAL: No future expiry dates found in MCX cache for SILVER. Defaulting to +30 days.
2026-02-11 14:13:36,859 - INFO - Strategy Validation - Win Rate: 26.7%, Profit Factor: 2.15
2026-02-11 14:13:39,496 - INFO - ALERT SENT: SILVER NEW SIGNAL
2026-02-11 14:13:39,496 - INFO - [35mExecution Triggered for SILVER. Conf >= 7.0 and Position is Closed.[0m
2026-02-11 14:13:39,496 - ERROR - CRITICAL: No future expiry dates found in MCX cache for SILVER. Defaulting to +30 days.
2026-02-11 14:13:39,496 - ERROR - [31mFailed to execute commodity BULLISH strategy for SILVER[0m
2026-02-11 14:14:07,469 - WARNING - [33m❌ Ignoring switch to GOLDMINI_PINE for COMMODITY instance. Staying on GOLDMINI_PINE.[0m
2026-02-11 14:14:07,470 - INFO - ⚙️ Commodity scan list prepared: 9 symbols (tokens available for 9)
2026-02-11 14:14:07,470 - WARNING - Nifty data missing for regime assessment. Defaulting to HIGH_CONVICTION.
2026-02-11 14:14:09,509 - WARNING - [33m❌ Ignoring switch to GOLDMINI_PINE for COMMODITY instance. Staying on GOLDMINI_PINE.[0m
2026-02-11 14:14:09,510 - INFO - ⚙️ Commodity scan list prepared: 3 symbols (tokens available for 0)
2026-02-11 14:14:09,510 - WARNING - Nifty data missing for regime assessment. Defaulting to HIGH_CONVICTION.
2026-02-11 14:14:10,938 - INFO - Indicators SILVER: price 83.28, vol 5.00, atr% 0.56, rc 0.50
2026-02-11 14:14:10,938 - ERROR - CRITICAL: No future expiry dates found in MCX cache for SILVER. Defaulting to +30 days.
2026-02-11 14:14:10,938 - WARNING - MCX lot size unavailable for SILVER; skipping metrics.
2026-02-11 14:14:10,938 - ERROR - CRITICAL: No future expiry dates found in MCX cache for SILVER. Defaulting to +30 days.
2026-02-11 14:14:10,942 - INFO - Strategy Validation - Win Rate: 26.7%, Profit Factor: 2.15
2026-02-11 14:14:13,581 - INFO - ALERT SENT: SILVER NEW SIGNAL
2026-02-11 14:14:13,582 - INFO - [35mExecution Triggered for SILVER. Conf >= 7.0 and Position is Closed.[0m
2026-02-11 14:14:13,582 - ERROR - CRITICAL: No future expiry dates found in MCX cache for SILVER. Defaulting to +30 days.
2026-02-11 14:14:13,582 - ERROR - [31mFailed to execute commodity BULLISH strategy for SILVER[0m
2026-02-11 14:14:17,968 - INFO - Indicators GOLDM: price 156186.00, vol 5.00, atr% 0.07, rc 0.72
2026-02-11 14:14:17,975 - INFO - Indicators GOLDMINI: price 156186.00, vol 5.00, atr% 0.07, rc 0.72
2026-02-11 14:14:17,977 - INFO - Indicators SILVER: price 262067.00, vol 5.00, atr% 0.21, rc 0.66
2026-02-11 14:14:17,980 - INFO - Indicators SILVERM: price 268235.00, vol 5.00, atr% 0.21, rc 0.58
2026-02-11 14:14:17,982 - INFO - Indicators SILVERMIC: price 268274.00, vol 5.00, atr% 0.23, rc 0.61
2026-02-11 14:14:17,985 - INFO - Indicators CRUDEOILM: price 5891.00, vol 5.00, atr% 0.14, rc 0.79
2026-02-11 14:14:17,991 - INFO - Indicators CRUDEOILMINI: price 5891.00, vol 5.00, atr% 0.14, rc 0.79
2026-02-11 14:14:17,995 - INFO - Indicators NATGASMINI: price 284.20, vol 5.00, atr% 0.22, rc 0.54
2026-02-11 14:14:19,395 - INFO - Indicators NATURALGAS: price 284.30, vol 5.00, atr% 0.21, rc 0.54
2026-02-11 14:14:43,586 - WARNING - [33m❌ Ignoring switch to GOLDMINI_PINE for COMMODITY instance. Staying on GOLDMINI_PINE.[0m
2026-02-11 14:14:43,587 - INFO - ⚙️ Commodity scan list prepared: 3 symbols (tokens available for 0)
2026-02-11 14:14:43,587 - WARNING - Nifty data missing for regime assessment. Defaulting to HIGH_CONVICTION.
2026-02-11 14:14:44,713 - INFO - Indicators SILVER: price 83.38, vol 5.00, atr% 0.57, rc 0.60
2026-02-11 14:14:44,713 - ERROR - CRITICAL: No future expiry dates found in MCX cache for SILVER. Defaulting to +30 days.
2026-02-11 14:14:44,714 - WARNING - MCX lot size unavailable for SILVER; skipping metrics.
2026-02-11 14:14:44,714 - ERROR - CRITICAL: No future expiry dates found in MCX cache for SILVER. Defaulting to +30 days.
2026-02-11 14:14:44,716 - INFO - Strategy Validation - Win Rate: 26.7%, Profit Factor: 2.15
2026-02-11 14:14:47,115 - INFO - ALERT SENT: SILVER NEW SIGNAL
2026-02-11 14:14:47,116 - INFO - [35mExecution Triggered for SILVER. Conf >= 7.0 and Position is Closed.[0m
2026-02-11 14:14:47,116 - ERROR - CRITICAL: No future expiry dates found in MCX cache for SILVER. Defaulting to +30 days.
2026-02-11 14:14:47,116 - ERROR - [31mFailed to execute commodity BULLISH strategy for SILVER[0m
2026-02-11 14:14:55,098 - WARNING - [33m❌ Ignoring switch to GOLDMINI_PINE for COMMODITY instance. Staying on GOLDMINI_PINE.[0m
2026-02-11 14:14:55,113 - INFO - ⚙️ Commodity scan list prepared: 9 symbols (tokens available for 9)
2026-02-11 14:14:55,135 - WARNING - Nifty data missing for regime assessment. Defaulting to HIGH_CONVICTION.
2026-02-11 14:15:06,576 - INFO - Indicators GOLDM: price 156167.00, vol 5.00, atr% 0.07, rc 0.57
2026-02-11 14:15:06,597 - INFO - Indicators GOLDMINI: price 156167.00, vol 5.00, atr% 0.07, rc 0.57
2026-02-11 14:15:06,620 - INFO - Indicators SILVER: price 262067.00, vol 5.00, atr% 0.21, rc 0.67
2026-02-11 14:15:06,643 - INFO - Indicators SILVERM: price 268235.00, vol 5.00, atr% 0.20, rc 0.54
2026-02-11 14:15:06,660 - INFO - Indicators SILVERMIC: price 268253.00, vol 5.00, atr% 0.22, rc 0.52
2026-02-11 14:15:06,681 - INFO - Indicators CRUDEOILM: price 5888.00, vol 5.00, atr% 0.13, rc 0.61
2026-02-11 14:15:06,685 - INFO - Indicators CRUDEOILMINI: price 5888.00, vol 5.00, atr% 0.13, rc 0.61
2026-02-11 14:15:06,687 - INFO - Indicators NATGASMINI: price 284.40, vol 5.00, atr% 0.22, rc 0.54
2026-02-11 14:15:08,113 - INFO - Indicators NATURALGAS: price 284.40, vol 5.00, atr% 0.23, rc 0.54
2026-02-11 14:15:17,121 - WARNING - [33m❌ Ignoring switch to GOLDMINI_PINE for COMMODITY instance. Staying on GOLDMINI_PINE.[0m
2026-02-11 14:15:17,122 - INFO - ⚙️ Commodity scan list prepared: 3 symbols (tokens available for 0)
2026-02-11 14:15:17,122 - WARNING - Nifty data missing for regime assessment. Defaulting to HIGH_CONVICTION.
2026-02-11 14:15:18,799 - INFO - Indicators SILVER: price 83.40, vol 5.00, atr% 0.57, rc 0.61
2026-02-11 14:15:18,800 - ERROR - CRITICAL: No future expiry dates found in MCX cache for SILVER. Defaulting to +30 days.
2026-02-11 14:15:18,800 - WARNING - MCX lot size unavailable for SILVER; skipping metrics.
2026-02-11 14:15:18,800 - ERROR - CRITICAL: No future expiry dates found in MCX cache for SILVER. Defaulting to +30 days.
2026-02-11 14:15:18,804 - INFO - Strategy Validation - Win Rate: 26.7%, Profit Factor: 2.15
2026-02-11 14:15:21,056 - INFO - ALERT SENT: SILVER NEW SIGNAL
2026-02-11 14:15:21,056 - INFO - [35mExecution Triggered for SILVER. Conf >= 7.0 and Position is Closed.[0m
2026-02-11 14:15:21,057 - ERROR - CRITICAL: No future expiry dates found in MCX cache for SILVER. Defaulting to +30 days.
2026-02-11 14:15:21,057 - ERROR - [31mFailed to execute commodity BULLISH strategy for SILVER[0m
2026-02-11 14:15:41,078 - WARNING - [33m❌ Ignoring switch to GOLDMINI_PINE for COMMODITY instance. Staying on GOLDMINI_PINE.[0m
2026-02-11 14:15:41,104 - INFO - ⚙️ Commodity scan list prepared: 3 symbols (tokens available for 0)
2026-02-11 14:15:41,105 - WARNING - Nifty data missing for regime assessment. Defaulting to HIGH_CONVICTION.
2026-02-11 14:15:42,201 - INFO - Indicators SILVER: price 83.43, vol 5.00, atr% 0.57, rc 0.63
2026-02-11 14:15:42,201 - ERROR - CRITICAL: No future expiry dates found in MCX cache for SILVER. Defaulting to +30 days.
2026-02-11 14:15:42,201 - WARNING - MCX lot size unavailable for SILVER; skipping metrics.
2026-02-11 14:15:42,202 - ERROR - CRITICAL: No future expiry dates found in MCX cache for SILVER. Defaulting to +30 days.
2026-02-11 14:15:42,205 - INFO - Strategy Validation - Win Rate: 26.7%, Profit Factor: 2.15
2026-02-11 14:15:43,779 - WARNING - [33m❌ Ignoring switch to GOLDMINI_PINE for COMMODITY instance. Staying on GOLDMINI_PINE.[0m
2026-02-11 14:15:43,780 - INFO - ⚙️ Commodity scan list prepared: 9 symbols (tokens available for 9)
2026-02-11 14:15:43,780 - WARNING - Nifty data missing for regime assessment. Defaulting to HIGH_CONVICTION.
2026-02-11 14:15:44,423 - INFO - ALERT SENT: SILVER NEW SIGNAL
2026-02-11 14:15:44,424 - INFO - [35mExecution Triggered for SILVER. Conf >= 7.0 and Position is Closed.[0m
2026-02-11 14:15:44,424 - ERROR - CRITICAL: No future expiry dates found in MCX cache for SILVER. Defaulting to +30 days.
2026-02-11 14:15:44,424 - ERROR - [31mFailed to execute commodity BULLISH strategy for SILVER[0m
2026-02-11 14:15:45,438 - WARNING - [33m❌ Ignoring switch to GOLDMINI_PINE for COMMODITY instance. Staying on GOLDMINI_PINE.[0m
2026-02-11 14:15:45,438 - INFO - ⚙️ Commodity scan list prepared: 3 symbols (tokens available for 0)
2026-02-11 14:15:45,438 - WARNING - Nifty data missing for regime assessment. Defaulting to HIGH_CONVICTION.
2026-02-11 14:15:46,547 - INFO - Indicators SILVER: price 83.46, vol 5.00, atr% 0.57, rc 0.65
2026-02-11 14:15:46,548 - ERROR - CRITICAL: No future expiry dates found in MCX cache for SILVER. Defaulting to +30 days.
2026-02-11 14:15:46,548 - WARNING - MCX lot size unavailable for SILVER; skipping metrics.
2026-02-11 14:15:46,548 - ERROR - CRITICAL: No future expiry dates found in MCX cache for SILVER. Defaulting to +30 days.
2026-02-11 14:15:46,553 - INFO - Strategy Validation - Win Rate: 26.7%, Profit Factor: 2.15
2026-02-11 14:15:48,631 - INFO - ALERT SENT: SILVER NEW SIGNAL
2026-02-11 14:15:48,632 - INFO - [35mExecution Triggered for SILVER. Conf >= 7.0 and Position is Closed.[0m
2026-02-11 14:15:48,632 - ERROR - CRITICAL: No future expiry dates found in MCX cache for SILVER. Defaulting to +30 days.
2026-02-11 14:15:48,633 - ERROR - [31mFailed to execute commodity BULLISH strategy for SILVER[0m
2026-02-11 14:15:54,944 - INFO - Indicators GOLDM: price 156181.00, vol 5.00, atr% 0.07, rc 0.61
2026-02-11 14:15:54,948 - INFO - Indicators GOLDMINI: price 156181.00, vol 5.00, atr% 0.07, rc 0.61
2026-02-11 14:15:54,952 - INFO - Indicators SILVER: price 261928.00, vol 5.00, atr% 0.20, rc 0.59
2026-02-11 14:15:54,955 - INFO - Indicators SILVERM: price 268309.00, vol 5.00, atr% 0.20, rc 0.56
2026-02-11 14:15:54,962 - INFO - Indicators SILVERMIC: price 268404.00, vol 5.00, atr% 0.23, rc 0.57
2026-02-11 14:15:54,977 - INFO - Indicators CRUDEOILM: price 5882.00, vol 5.00, atr% 0.14, rc 0.64
2026-02-11 14:15:54,991 - INFO - Indicators CRUDEOILMINI: price 5882.00, vol 5.00, atr% 0.14, rc 0.64
2026-02-11 14:15:55,034 - INFO - Indicators NATGASMINI: price 284.50, vol 5.00, atr% 0.21, rc 0.55
2026-02-11 14:15:56,497 - INFO - Indicators NATURALGAS: price 284.50, vol 5.00, atr% 0.21, rc 0.59
2026-02-11 14:16:18,643 - WARNING - [33m❌ Ignoring switch to GOLDMINI_PINE for COMMODITY instance. Staying on GOLDMINI_PINE.[0m
2026-02-11 14:16:18,645 - INFO - ⚙️ Commodity scan list prepared: 3 symbols (tokens available for 0)
2026-02-11 14:16:18,645 - WARNING - Nifty data missing for regime assessment. Defaulting to HIGH_CONVICTION.
2026-02-11 14:16:19,994 - INFO - Indicators SILVER: price 83.48, vol 5.00, atr% 0.57, rc 0.66
2026-02-11 14:16:19,994 - ERROR - CRITICAL: No future expiry dates found in MCX cache for SILVER. Defaulting to +30 days.
2026-02-11 14:16:19,994 - WARNING - MCX lot size unavailable for SILVER; skipping metrics.
2026-02-11 14:16:19,994 - ERROR - CRITICAL: No future expiry dates found in MCX cache for SILVER. Defaulting to +30 days.
2026-02-11 14:16:19,999 - INFO - Strategy Validation - Win Rate: 26.7%, Profit Factor: 2.15
2026-02-11 14:16:22,757 - INFO - ALERT SENT: SILVER NEW SIGNAL
2026-02-11 14:16:22,757 - INFO - [35mExecution Triggered for SILVER. Conf >= 7.0 and Position is Closed.[0m
2026-02-11 14:16:22,757 - ERROR - CRITICAL: No future expiry dates found in MCX cache for SILVER. Defaulting to +30 days.
2026-02-11 14:16:22,758 - ERROR - [31mFailed to execute commodity BULLISH strategy for SILVER[0m
2026-02-11 14:16:32,141 - WARNING - [33m❌ Ignoring switch to GOLDMINI_PINE for COMMODITY instance. Staying on GOLDMINI_PINE.[0m
2026-02-11 14:16:32,141 - INFO - ⚙️ Commodity scan list prepared: 9 symbols (tokens available for 9)
2026-02-11 14:16:32,141 - WARNING - Nifty data missing for regime assessment. Defaulting to HIGH_CONVICTION.
2026-02-11 14:16:43,008 - INFO - Indicators GOLDM: price 156200.00, vol 5.00, atr% 0.07, rc 0.55
2026-02-11 14:16:43,011 - INFO - Indicators GOLDMINI: price 156200.00, vol 5.00, atr% 0.07, rc 0.55
2026-02-11 14:16:43,013 - INFO - Indicators SILVER: price 262048.00, vol 5.00, atr% 0.20, rc 0.68
2026-02-11 14:16:43,014 - INFO - Indicators SILVERM: price 268500.00, vol 5.00, atr% 0.21, rc 0.66
2026-02-11 14:16:43,017 - INFO - Indicators SILVERMIC: price 268500.00, vol 5.00, atr% 0.22, rc 0.70
2026-02-11 14:16:43,020 - INFO - Indicators CRUDEOILM: price 5885.00, vol 5.00, atr% 0.14, rc 0.53
2026-02-11 14:16:43,022 - INFO - Indicators CRUDEOILMINI: price 5885.00, vol 5.00, atr% 0.14, rc 0.53
2026-02-11 14:16:43,024 - INFO - Indicators NATGASMINI: price 284.30, vol 5.00, atr% 0.19, rc 0.61
2026-02-11 14:16:44,460 - INFO - Indicators NATURALGAS: price 284.30, vol 5.00, atr% 0.20, rc 0.49
2026-02-11 14:16:52,768 - WARNING - [33m❌ Ignoring switch to GOLDMINI_PINE for COMMODITY instance. Staying on GOLDMINI_PINE.[0m
2026-02-11 14:16:52,768 - INFO - ⚙️ Commodity scan list prepared: 3 symbols (tokens available for 0)
2026-02-11 14:16:52,768 - WARNING - Nifty data missing for regime assessment. Defaulting to HIGH_CONVICTION.
2026-02-11 14:16:54,298 - INFO - Indicators SILVER: price 83.49, vol 5.00, atr% 0.57, rc 0.66
2026-02-11 14:16:54,298 - ERROR - CRITICAL: No future expiry dates found in MCX cache for SILVER. Defaulting to +30 days.
2026-02-11 14:16:54,298 - WARNING - MCX lot size unavailable for SILVER; skipping metrics.
2026-02-11 14:16:54,298 - ERROR - CRITICAL: No future expiry dates found in MCX cache for SILVER. Defaulting to +30 days.
2026-02-11 14:16:54,303 - INFO - Strategy Validation - Win Rate: 26.7%, Profit Factor: 2.15
2026-02-11 14:16:54,960 - WARNING - [33m❌ Ignoring switch to GOLDMINI_PINE for COMMODITY instance. Staying on GOLDMINI_PINE.[0m
2026-02-11 14:16:54,961 - INFO - ⚙️ Commodity scan list prepared: 9 symbols (tokens available for 9)
2026-02-11 14:16:54,961 - WARNING - Nifty data missing for regime assessment. Defaulting to HIGH_CONVICTION.
2026-02-11 14:16:56,432 - INFO - ALERT SENT: SILVER NEW SIGNAL
2026-02-11 14:16:56,433 - INFO - [35mExecution Triggered for SILVER. Conf >= 7.0 and Position is Closed.[0m
2026-02-11 14:16:56,433 - ERROR - CRITICAL: No future expiry dates found in MCX cache for SILVER. Defaulting to +30 days.
2026-02-11 14:16:56,433 - ERROR - [31mFailed to execute commodity BULLISH strategy for SILVER[0m
2026-02-11 14:17:06,522 - INFO - Indicators GOLDM: price 156185.00, vol 5.00, atr% 0.07, rc 0.52
2026-02-11 14:17:06,525 - INFO - Indicators GOLDMINI: price 156185.00, vol 5.00, atr% 0.07, rc 0.52
2026-02-11 14:17:06,529 - INFO - Indicators SILVER: price 262048.00, vol 5.00, atr% 0.20, rc 0.68
2026-02-11 14:17:06,534 - INFO - Indicators SILVERM: price 268540.00, vol 5.00, atr% 0.21, rc 0.68
2026-02-11 14:17:06,550 - INFO - Indicators SILVERMIC: price 268500.00, vol 5.00, atr% 0.22, rc 0.66
2026-02-11 14:17:06,556 - INFO - Indicators CRUDEOILM: price 5885.00, vol 5.00, atr% 0.14, rc 0.53
2026-02-11 14:17:06,575 - INFO - Indicators CRUDEOILMINI: price 5885.00, vol 5.00, atr% 0.14, rc 0.53
2026-02-11 14:17:06,584 - INFO - Indicators NATGASMINI: price 284.30, vol 5.00, atr% 0.19, rc 0.55
2026-02-11 14:17:08,006 - INFO - Indicators NATURALGAS: price 284.20, vol 5.00, atr% 0.20, rc 0.55
2026-02-11 14:17:14,766 - WARNING - [33m❌ Ignoring switch to GOLDMINI_PINE for COMMODITY instance. Staying on GOLDMINI_PINE.[0m
2026-02-11 14:17:14,767 - INFO - ⚙️ Commodity scan list prepared: 9 symbols (tokens available for 9)
2026-02-11 14:17:14,767 - WARNING - Nifty data missing for regime assessment. Defaulting to HIGH_CONVICTION.
2026-02-11 14:17:25,154 - INFO - Indicators GOLDM: price 156185.00, vol 5.00, atr% 0.07, rc 0.61
2026-02-11 14:17:25,158 - INFO - Indicators GOLDMINI: price 156185.00, vol 5.00, atr% 0.07, rc 0.61
2026-02-11 14:17:25,171 - INFO - Indicators SILVER: price 262006.00, vol 5.00, atr% 0.20, rc 0.66
2026-02-11 14:17:25,176 - INFO - Indicators SILVERM: price 268397.00, vol 5.00, atr% 0.20, rc 0.55
2026-02-11 14:17:25,180 - INFO - Indicators SILVERMIC: price 268549.00, vol 5.00, atr% 0.21, rc 0.66
2026-02-11 14:17:25,184 - INFO - Indicators CRUDEOILM: price 5886.00, vol 5.00, atr% 0.15, rc 0.56
2026-02-11 14:17:25,188 - INFO - Indicators CRUDEOILMINI: price 5886.00, vol 5.00, atr% 0.15, rc 0.56
2026-02-11 14:17:25,193 - INFO - Indicators NATGASMINI: price 284.40, vol 5.00, atr% 0.19, rc 0.66
2026-02-11 14:17:26,444 - WARNING - [33m❌ Ignoring switch to GOLDMINI_PINE for COMMODITY instance. Staying on GOLDMINI_PINE.[0m
2026-02-11 14:17:26,446 - INFO - ⚙️ Commodity scan list prepared: 3 symbols (tokens available for 0)
2026-02-11 14:17:26,446 - WARNING - Nifty data missing for regime assessment. Defaulting to HIGH_CONVICTION.
2026-02-11 14:17:26,655 - INFO - Indicators NATURALGAS: price 284.40, vol 5.00, atr% 0.21, rc 0.65
2026-02-11 14:17:27,559 - INFO - Indicators SILVER: price 83.49, vol 5.00, atr% 0.58, rc 0.66
2026-02-11 14:17:27,560 - ERROR - CRITICAL: No future expiry dates found in MCX cache for SILVER. Defaulting to +30 days.
2026-02-11 14:17:27,560 - WARNING - MCX lot size unavailable for SILVER; skipping metrics.
2026-02-11 14:17:27,560 - ERROR - CRITICAL: No future expiry dates found in MCX cache for SILVER. Defaulting to +30 days.
2026-02-11 14:17:27,566 - INFO - Strategy Validation - Win Rate: 26.7%, Profit Factor: 2.15
2026-02-11 14:17:30,247 - INFO - ALERT SENT: SILVER NEW SIGNAL
2026-02-11 14:17:30,247 - INFO - [35mExecution Triggered for SILVER. Conf >= 7.0 and Position is Closed.[0m
2026-02-11 14:17:30,248 - ERROR - CRITICAL: No future expiry dates found in MCX cache for SILVER. Defaulting to +30 days.
2026-02-11 14:17:30,248 - ERROR - [31mFailed to execute commodity BULLISH strategy for SILVER[0m
2026-02-11 14:18:00,254 - WARNING - [33m❌ Ignoring switch to GOLDMINI_PINE for COMMODITY instance. Staying on GOLDMINI_PINE.[0m
2026-02-11 14:18:00,256 - INFO - ⚙️ Commodity scan list prepared: 3 symbols (tokens available for 0)
2026-02-11 14:18:00,256 - WARNING - Nifty data missing for regime assessment. Defaulting to HIGH_CONVICTION.
2026-02-11 14:18:01,604 - INFO - Indicators SILVER: price 83.50, vol 5.00, atr% 0.58, rc 0.67
2026-02-11 14:18:01,605 - ERROR - CRITICAL: No future expiry dates found in MCX cache for SILVER. Defaulting to +30 days.
2026-02-11 14:18:01,605 - WARNING - MCX lot size unavailable for SILVER; skipping metrics.
2026-02-11 14:18:01,605 - ERROR - CRITICAL: No future expiry dates found in MCX cache for SILVER. Defaulting to +30 days.
2026-02-11 14:18:01,608 - INFO - Strategy Validation - Win Rate: 26.7%, Profit Factor: 2.15
2026-02-11 14:18:02,333 - WARNING - [33m❌ Ignoring switch to GOLDMINI_PINE for COMMODITY instance. Staying on GOLDMINI_PINE.[0m
2026-02-11 14:18:02,335 - INFO - ⚙️ Commodity scan list prepared: 9 symbols (tokens available for 9)
2026-02-11 14:18:02,336 - WARNING - Nifty data missing for regime assessment. Defaulting to HIGH_CONVICTION.
2026-02-11 14:18:03,796 - INFO - ALERT SENT: SILVER NEW SIGNAL
2026-02-11 14:18:03,797 - INFO - [35mExecution Triggered for SILVER. Conf >= 7.0 and Position is Closed.[0m
2026-02-11 14:18:03,797 - ERROR - CRITICAL: No future expiry dates found in MCX cache for SILVER. Defaulting to +30 days.
2026-02-11 14:18:03,797 - ERROR - [31mFailed to execute commodity BULLISH strategy for SILVER[0m
2026-02-11 14:18:13,925 - INFO - Indicators GOLDM: price 156201.00, vol 5.00, atr% 0.08, rc 0.64
2026-02-11 14:18:13,928 - INFO - Indicators GOLDMINI: price 156201.00, vol 5.00, atr% 0.08, rc 0.64
2026-02-11 14:18:13,932 - INFO - Indicators SILVER: price 262006.00, vol 5.00, atr% 0.20, rc 0.66
2026-02-11 14:18:13,938 - INFO - Indicators SILVERM: price 268500.00, vol 5.00, atr% 0.21, rc 0.60
2026-02-11 14:18:13,943 - INFO - Indicators SILVERMIC: price 268494.00, vol 5.00, atr% 0.22, rc 0.69
2026-02-11 14:18:13,951 - INFO - Indicators CRUDEOILM: price 5889.00, vol 5.00, atr% 0.15, rc 0.53
2026-02-11 14:18:13,955 - INFO - Indicators CRUDEOILMINI: price 5889.00, vol 5.00, atr% 0.15, rc 0.53
2026-02-11 14:18:13,962 - INFO - Indicators NATGASMINI: price 284.30, vol 5.00, atr% 0.20, rc 0.49
2026-02-11 14:18:15,393 - INFO - Indicators NATURALGAS: price 284.30, vol 5.00, atr% 0.21, rc 0.60
2026-02-11 14:18:33,804 - WARNING - [33m❌ Ignoring switch to GOLDMINI_PINE for COMMODITY instance. Staying on GOLDMINI_PINE.[0m
2026-02-11 14:18:33,805 - INFO - ⚙️ Commodity scan list prepared: 3 symbols (tokens available for 0)
2026-02-11 14:18:33,805 - WARNING - Nifty data missing for regime assessment. Defaulting to HIGH_CONVICTION.
2026-02-11 14:18:35,411 - INFO - Indicators SILVER: price 83.57, vol 5.00, atr% 0.58, rc 0.72
2026-02-11 14:18:51,111 - WARNING - [33m❌ Ignoring switch to GOLDMINI_PINE for COMMODITY instance. Staying on GOLDMINI_PINE.[0m
2026-02-11 14:18:51,111 - INFO - ⚙️ Commodity scan list prepared: 9 symbols (tokens available for 9)
2026-02-11 14:18:51,112 - WARNING - Nifty data missing for regime assessment. Defaulting to HIGH_CONVICTION.
2026-02-11 14:19:01,844 - INFO - Indicators GOLDM: price 156198.00, vol 5.00, atr% 0.07, rc 0.53
2026-02-11 14:19:01,847 - INFO - Indicators GOLDMINI: price 156198.00, vol 5.00, atr% 0.07, rc 0.53
2026-02-11 14:19:01,849 - INFO - Indicators SILVER: price 262006.00, vol 5.00, atr% 0.19, rc 0.53
2026-02-11 14:19:01,854 - INFO - Indicators SILVERM: price 268500.00, vol 5.00, atr% 0.20, rc 0.69
2026-02-11 14:19:01,856 - INFO - Indicators SILVERMIC: price 268517.00, vol 5.00, atr% 0.21, rc 0.56
2026-02-11 14:19:01,858 - INFO - Indicators CRUDEOILM: price 5884.00, vol 5.00, atr% 0.15, rc 0.70
2026-02-11 14:19:01,863 - INFO - Indicators CRUDEOILMINI: price 5884.00, vol 5.00, atr% 0.15, rc 0.70
2026-02-11 14:19:01,865 - INFO - Indicators NATGASMINI: price 284.50, vol 5.00, atr% 0.21, rc 0.55
2026-02-11 14:19:03,289 - INFO - Indicators NATURALGAS: price 284.50, vol 5.00, atr% 0.21, rc 0.60
2026-02-11 14:19:05,428 - WARNING - [33m❌ Ignoring switch to GOLDMINI_PINE for COMMODITY instance. Staying on GOLDMINI_PINE.[0m
2026-02-11 14:19:05,428 - INFO - ⚙️ Commodity scan list prepared: 3 symbols (tokens available for 0)
2026-02-11 14:19:05,428 - WARNING - Nifty data missing for regime assessment. Defaulting to HIGH_CONVICTION.
2026-02-11 14:19:06,859 - INFO - Indicators SILVER: price 83.35, vol 5.00, atr% 0.58, rc 0.58
2026-02-11 14:19:06,860 - ERROR - CRITICAL: No future expiry dates found in MCX cache for SILVER. Defaulting to +30 days.
2026-02-11 14:19:06,860 - WARNING - MCX lot size unavailable for SILVER; skipping metrics.
2026-02-11 14:19:06,860 - ERROR - CRITICAL: No future expiry dates found in MCX cache for SILVER. Defaulting to +30 days.
2026-02-11 14:19:06,865 - INFO - Strategy Validation - Win Rate: 26.7%, Profit Factor: 2.15
2026-02-11 14:19:09,134 - INFO - ALERT SENT: SILVER NEW SIGNAL
2026-02-11 14:19:09,135 - INFO - [35mExecution Triggered for SILVER. Conf >= 7.0 and Position is Closed.[0m
2026-02-11 14:19:09,135 - ERROR - CRITICAL: No future expiry dates found in MCX cache for SILVER. Defaulting to +30 days.
2026-02-11 14:19:09,135 - ERROR - [31mFailed to execute commodity BULLISH strategy for SILVER[0m
2026-02-11 14:19:38,947 - WARNING - [33m❌ Ignoring switch to GOLDMINI_PINE for COMMODITY instance. Staying on GOLDMINI_PINE.[0m
2026-02-11 14:19:38,950 - INFO - ⚙️ Commodity scan list prepared: 9 symbols (tokens available for 9)
2026-02-11 14:19:38,951 - WARNING - Nifty data missing for regime assessment. Defaulting to HIGH_CONVICTION.
2026-02-11 14:19:39,143 - WARNING - [33m❌ Ignoring switch to GOLDMINI_PINE for COMMODITY instance. Staying on GOLDMINI_PINE.[0m
2026-02-11 14:19:39,144 - INFO - ⚙️ Commodity scan list prepared: 3 symbols (tokens available for 0)
2026-02-11 14:19:39,144 - WARNING - Nifty data missing for regime assessment. Defaulting to HIGH_CONVICTION.
2026-02-11 14:19:40,491 - INFO - Indicators SILVER: price 83.46, vol 5.00, atr% 0.58, rc 0.65
2026-02-11 14:19:40,491 - ERROR - CRITICAL: No future expiry dates found in MCX cache for SILVER. Defaulting to +30 days.
2026-02-11 14:19:40,491 - WARNING - MCX lot size unavailable for SILVER; skipping metrics.
2026-02-11 14:19:40,491 - ERROR - CRITICAL: No future expiry dates found in MCX cache for SILVER. Defaulting to +30 days.
2026-02-11 14:19:40,494 - INFO - Strategy Validation - Win Rate: 26.7%, Profit Factor: 2.15
2026-02-11 14:19:42,658 - INFO - ALERT SENT: SILVER NEW SIGNAL
2026-02-11 14:19:42,659 - INFO - [35mExecution Triggered for SILVER. Conf >= 7.0 and Position is Closed.[0m
2026-02-11 14:19:42,659 - ERROR - CRITICAL: No future expiry dates found in MCX cache for SILVER. Defaulting to +30 days.
2026-02-11 14:19:42,659 - ERROR - [31mFailed to execute commodity BULLISH strategy for SILVER[0m
2026-02-11 14:19:50,036 - INFO - Indicators GOLDM: price 156221.00, vol 5.00, atr% 0.07, rc 0.56
2026-02-11 14:19:50,038 - INFO - Indicators GOLDMINI: price 156221.00, vol 5.00, atr% 0.07, rc 0.56
2026-02-11 14:19:50,041 - INFO - Indicators SILVER: price 262006.00, vol 5.00, atr% 0.19, rc 0.53
2026-02-11 14:19:50,042 - INFO - Indicators SILVERM: price 268594.00, vol 5.00, atr% 0.19, rc 0.71
2026-02-11 14:19:50,052 - INFO - Indicators SILVERMIC: price 268576.00, vol 5.00, atr% 0.21, rc 0.59
2026-02-11 14:19:50,066 - INFO - Indicators CRUDEOILM: price 5881.00, vol 5.00, atr% 0.14, rc 0.75
2026-02-11 14:19:50,075 - INFO - Indicators CRUDEOILMINI: price 5881.00, vol 5.00, atr% 0.14, rc 0.75
2026-02-11 14:19:50,080 - INFO - Indicators NATGASMINI: price 284.30, vol 5.00, atr% 0.21, rc 0.55
2026-02-11 14:19:52,474 - INFO - Indicators NATURALGAS: price 284.30, vol 5.00, atr% 0.20, rc 0.55
2026-02-11 14:20:12,666 - WARNING - [33m❌ Ignoring switch to GOLDMINI_PINE for COMMODITY instance. Staying on GOLDMINI_PINE.[0m
2026-02-11 14:20:12,667 - INFO - ⚙️ Commodity scan list prepared: 3 symbols (tokens available for 0)
2026-02-11 14:20:12,667 - WARNING - Nifty data missing for regime assessment. Defaulting to HIGH_CONVICTION.
2026-02-11 14:20:14,188 - INFO - Indicators SILVER: price 83.49, vol 5.00, atr% 0.58, rc 0.66
2026-02-11 14:20:14,189 - ERROR - CRITICAL: No future expiry dates found in MCX cache for SILVER. Defaulting to +30 days.
2026-02-11 14:20:14,189 - WARNING - MCX lot size unavailable for SILVER; skipping metrics.
2026-02-11 14:20:14,189 - ERROR - CRITICAL: No future expiry dates found in MCX cache for SILVER. Defaulting to +30 days.
2026-02-11 14:20:14,194 - INFO - Strategy Validation - Win Rate: 26.7%, Profit Factor: 2.15
2026-02-11 14:20:16,702 - INFO - ALERT SENT: SILVER NEW SIGNAL
2026-02-11 14:20:16,703 - INFO - [35mExecution Triggered for SILVER. Conf >= 7.0 and Position is Closed.[0m
2026-02-11 14:20:16,703 - ERROR - CRITICAL: No future expiry dates found in MCX cache for SILVER. Defaulting to +30 days.
2026-02-11 14:20:16,703 - ERROR - [31mFailed to execute commodity BULLISH strategy for SILVER[0m
2026-02-11 14:20:28,207 - WARNING - [33m❌ Ignoring switch to GOLDMINI_PINE for COMMODITY instance. Staying on GOLDMINI_PINE.[0m
2026-02-11 14:20:28,209 - INFO - ⚙️ Commodity scan list prepared: 9 symbols (tokens available for 9)
2026-02-11 14:20:28,209 - WARNING - Nifty data missing for regime assessment. Defaulting to HIGH_CONVICTION.
2026-02-11 14:20:38,771 - INFO - Indicators GOLDM: price 156200.00, vol 5.00, atr% 0.06, rc 0.56
2026-02-11 14:20:38,776 - INFO - Indicators GOLDMINI: price 156200.00, vol 5.00, atr% 0.06, rc 0.56
2026-02-11 14:20:38,780 - INFO - Indicators SILVER: price 262006.00, vol 5.00, atr% 0.18, rc 0.50
2026-02-11 14:20:38,784 - INFO - Indicators SILVERM: price 268400.00, vol 5.00, atr% 0.18, rc 0.49
2026-02-11 14:20:38,787 - INFO - Indicators SILVERMIC: price 268400.00, vol 5.00, atr% 0.21, rc 0.51
2026-02-11 14:20:38,793 - INFO - Indicators CRUDEOILM: price 5881.00, vol 5.00, atr% 0.14, rc 0.57
2026-02-11 14:20:38,800 - INFO - Indicators CRUDEOILMINI: price 5881.00, vol 5.00, atr% 0.14, rc 0.57
2026-02-11 14:20:38,806 - INFO - Indicators NATGASMINI: price 284.50, vol 5.00, atr% 0.20, rc 0.60
2026-02-11 14:20:40,230 - INFO - Indicators NATURALGAS: price 284.40, vol 5.00, atr% 0.21, rc 0.49
2026-02-11 14:20:46,773 - WARNING - [33m❌ Ignoring switch to GOLDMINI_PINE for COMMODITY instance. Staying on GOLDMINI_PINE.[0m
2026-02-11 14:20:46,774 - INFO - ⚙️ Commodity scan list prepared: 3 symbols (tokens available for 0)
2026-02-11 14:20:46,774 - WARNING - Nifty data missing for regime assessment. Defaulting to HIGH_CONVICTION.
2026-02-11 14:20:48,351 - INFO - Indicators SILVER: price 83.46, vol 5.00, atr% 0.58, rc 0.64
2026-02-11 14:20:48,351 - ERROR - CRITICAL: No future expiry dates found in MCX cache for SILVER. Defaulting to +30 days.
2026-02-11 14:20:48,352 - WARNING - MCX lot size unavailable for SILVER; skipping metrics.
2026-02-11 14:20:48,352 - ERROR - CRITICAL: No future expiry dates found in MCX cache for SILVER. Defaulting to +30 days.
2026-02-11 14:20:48,355 - INFO - Strategy Validation - Win Rate: 26.7%, Profit Factor: 2.15
2026-02-11 14:20:51,470 - INFO - ALERT SENT: SILVER NEW SIGNAL
2026-02-11 14:20:51,470 - INFO - [35mExecution Triggered for SILVER. Conf >= 7.0 and Position is Closed.[0m
2026-02-11 14:20:51,471 - ERROR - CRITICAL: No future expiry dates found in MCX cache for SILVER. Defaulting to +30 days.
2026-02-11 14:20:51,471 - ERROR - [31mFailed to execute commodity BULLISH strategy for SILVER[0m
2026-02-11 14:21:15,863 - WARNING - [33m❌ Ignoring switch to GOLDMINI_PINE for COMMODITY instance. Staying on GOLDMINI_PINE.[0m
2026-02-11 14:21:15,865 - INFO - ⚙️ Commodity scan list prepared: 9 symbols (tokens available for 9)
2026-02-11 14:21:15,866 - WARNING - Nifty data missing for regime assessment. Defaulting to HIGH_CONVICTION.
2026-02-11 14:21:21,483 - WARNING - [33m❌ Ignoring switch to GOLDMINI_PINE for COMMODITY instance. Staying on GOLDMINI_PINE.[0m
2026-02-11 14:21:21,484 - INFO - ⚙️ Commodity scan list prepared: 3 symbols (tokens available for 0)
2026-02-11 14:21:21,484 - WARNING - Nifty data missing for regime assessment. Defaulting to HIGH_CONVICTION.
2026-02-11 14:21:22,956 - INFO - Indicators SILVER: price 83.39, vol 5.00, atr% 0.58, rc 0.60
2026-02-11 14:21:22,956 - ERROR - CRITICAL: No future expiry dates found in MCX cache for SILVER. Defaulting to +30 days.
2026-02-11 14:21:22,956 - WARNING - MCX lot size unavailable for SILVER; skipping metrics.
2026-02-11 14:21:22,957 - ERROR - CRITICAL: No future expiry dates found in MCX cache for SILVER. Defaulting to +30 days.
2026-02-11 14:21:22,964 - INFO - Strategy Validation - Win Rate: 26.7%, Profit Factor: 2.15
2026-02-11 14:21:25,547 - INFO - ALERT SENT: SILVER NEW SIGNAL
2026-02-11 14:21:25,547 - INFO - [35mExecution Triggered for SILVER. Conf >= 7.0 and Position is Closed.[0m
2026-02-11 14:21:25,547 - ERROR - CRITICAL: No future expiry dates found in MCX cache for SILVER. Defaulting to +30 days.
2026-02-11 14:21:25,548 - ERROR - [31mFailed to execute commodity BULLISH strategy for SILVER[0m
2026-02-11 14:21:27,131 - INFO - Indicators GOLDM: price 156214.00, vol 5.00, atr% 0.06, rc 0.54
2026-02-11 14:21:27,136 - INFO - Indicators GOLDMINI: price 156214.00, vol 5.00, atr% 0.06, rc 0.54
2026-02-11 14:21:27,141 - INFO - Indicators SILVER: price 261939.00, vol 5.00, atr% 0.19, rc 0.50
2026-02-11 14:21:27,144 - INFO - Indicators SILVERM: price 268400.00, vol 5.00, atr% 0.20, rc 0.66
2026-02-11 14:21:27,151 - INFO - Indicators SILVERMIC: price 268450.00, vol 5.00, atr% 0.22, rc 0.55
2026-02-11 14:21:27,153 - INFO - Indicators CRUDEOILM: price 5883.00, vol 5.00, atr% 0.14, rc 0.57
2026-02-11 14:21:27,156 - INFO - Indicators CRUDEOILMINI: price 5883.00, vol 5.00, atr% 0.14, rc 0.57
2026-02-11 14:21:27,167 - INFO - Indicators NATGASMINI: price 284.80, vol 5.00, atr% 0.19, rc 0.66
2026-02-11 14:21:28,832 - INFO - Indicators NATURALGAS: price 284.70, vol 5.00, atr% 0.20, rc 0.71
2026-02-11 14:21:55,552 - WARNING - [33m❌ Ignoring switch to GOLDMINI_PINE for COMMODITY instance. Staying on GOLDMINI_PINE.[0m
2026-02-11 14:21:55,553 - INFO - ⚙️ Commodity scan list prepared: 3 symbols (tokens available for 0)
2026-02-11 14:21:55,553 - WARNING - Nifty data missing for regime assessment. Defaulting to HIGH_CONVICTION.
2026-02-11 14:21:56,958 - INFO - Indicators SILVER: price 83.38, vol 5.00, atr% 0.58, rc 0.60
2026-02-11 14:21:56,958 - ERROR - CRITICAL: No future expiry dates found in MCX cache for SILVER. Defaulting to +30 days.
2026-02-11 14:21:56,959 - WARNING - MCX lot size unavailable for SILVER; skipping metrics.
2026-02-11 14:21:56,959 - ERROR - CRITICAL: No future expiry dates found in MCX cache for SILVER. Defaulting to +30 days.
2026-02-11 14:21:56,961 - INFO - Strategy Validation - Win Rate: 26.7%, Profit Factor: 2.15
2026-02-11 14:21:59,112 - INFO - ALERT SENT: SILVER NEW SIGNAL
2026-02-11 14:21:59,113 - INFO - [35mExecution Triggered for SILVER. Conf >= 7.0 and Position is Closed.[0m
2026-02-11 14:21:59,113 - ERROR - CRITICAL: No future expiry dates found in MCX cache for SILVER. Defaulting to +30 days.
2026-02-11 14:21:59,113 - ERROR - [31mFailed to execute commodity BULLISH strategy for SILVER[0m
2026-02-11 14:22:04,471 - WARNING - [33m❌ Ignoring switch to GOLDMINI_PINE for COMMODITY instance. Staying on GOLDMINI_PINE.[0m
2026-02-11 14:22:04,471 - INFO - ⚙️ Commodity scan list prepared: 9 symbols (tokens available for 9)
2026-02-11 14:22:04,471 - WARNING - Nifty data missing for regime assessment. Defaulting to HIGH_CONVICTION.
2026-02-11 14:22:15,447 - INFO - Indicators GOLDM: price 156175.00, vol 5.00, atr% 0.07, rc 0.52
2026-02-11 14:22:15,449 - INFO - Indicators GOLDMINI: price 156175.00, vol 5.00, atr% 0.07, rc 0.52
2026-02-11 14:22:15,451 - INFO - Indicators SILVER: price 261900.00, vol 5.00, atr% 0.19, rc 0.58
2026-02-11 14:22:15,453 - INFO - Indicators SILVERM: price 268239.00, vol 5.00, atr% 0.21, rc 0.66
2026-02-11 14:22:15,455 - INFO - Indicators SILVERMIC: price 268219.00, vol 5.00, atr% 0.22, rc 0.67
2026-02-11 14:22:15,457 - INFO - Indicators CRUDEOILM: price 5880.00, vol 5.00, atr% 0.15, rc 0.67
2026-02-11 14:22:15,458 - INFO - Indicators CRUDEOILMINI: price 5880.00, vol 5.00, atr% 0.15, rc 0.67
2026-02-11 14:22:15,460 - INFO - Indicators NATGASMINI: price 285.00, vol 5.00, atr% 0.19, rc 0.88
2026-02-11 14:22:16,842 - INFO - Indicators NATURALGAS: price 284.90, vol 5.00, atr% 0.20, rc 0.76
2026-02-11 14:22:29,121 - WARNING - [33m❌ Ignoring switch to GOLDMINI_PINE for COMMODITY instance. Staying on GOLDMINI_PINE.[0m
2026-02-11 14:22:29,124 - INFO - ⚙️ Commodity scan list prepared: 3 symbols (tokens available for 0)
2026-02-11 14:22:29,125 - WARNING - Nifty data missing for regime assessment. Defaulting to HIGH_CONVICTION.
2026-02-11 14:22:30,521 - INFO - Indicators SILVER: price 83.45, vol 5.00, atr% 0.58, rc 0.64
2026-02-11 14:22:30,521 - ERROR - CRITICAL: No future expiry dates found in MCX cache for SILVER. Defaulting to +30 days.
2026-02-11 14:22:30,521 - WARNING - MCX lot size unavailable for SILVER; skipping metrics.
2026-02-11 14:22:30,521 - ERROR - CRITICAL: No future expiry dates found in MCX cache for SILVER. Defaulting to +30 days.
2026-02-11 14:22:30,524 - INFO - Strategy Validation - Win Rate: 26.7%, Profit Factor: 2.15
2026-02-11 14:22:33,332 - INFO - ALERT SENT: SILVER NEW SIGNAL
2026-02-11 14:22:33,333 - INFO - [35mExecution Triggered for SILVER. Conf >= 7.0 and Position is Closed.[0m
2026-02-11 14:22:33,333 - ERROR - CRITICAL: No future expiry dates found in MCX cache for SILVER. Defaulting to +30 days.
2026-02-11 14:22:33,333 - ERROR - [31mFailed to execute commodity BULLISH strategy for SILVER[0m
2026-02-11 14:22:52,461 - WARNING - [33m❌ Ignoring switch to GOLDMINI_PINE for COMMODITY instance. Staying on GOLDMINI_PINE.[0m
2026-02-11 14:22:52,464 - INFO - ⚙️ Commodity scan list prepared: 9 symbols (tokens available for 9)
2026-02-11 14:22:52,464 - WARNING - Nifty data missing for regime assessment. Defaulting to HIGH_CONVICTION.
2026-02-11 14:23:03,339 - WARNING - [33m❌ Ignoring switch to GOLDMINI_PINE for COMMODITY instance. Staying on GOLDMINI_PINE.[0m
2026-02-11 14:23:03,340 - INFO - ⚙️ Commodity scan list prepared: 3 symbols (tokens available for 0)
2026-02-11 14:23:03,340 - WARNING - Nifty data missing for regime assessment. Defaulting to HIGH_CONVICTION.
2026-02-11 14:23:03,403 - INFO - Indicators GOLDM: price 156170.00, vol 5.00, atr% 0.07, rc 0.65
2026-02-11 14:23:03,405 - INFO - Indicators GOLDMINI: price 156170.00, vol 5.00, atr% 0.07, rc 0.65
2026-02-11 14:23:03,407 - INFO - Indicators SILVER: price 262070.00, vol 5.00, atr% 0.19, rc 0.53
2026-02-11 14:23:03,408 - INFO - Indicators SILVERM: price 268230.00, vol 5.00, atr% 0.21, rc 0.64
2026-02-11 14:23:03,410 - INFO - Indicators SILVERMIC: price 268307.00, vol 5.00, atr% 0.22, rc 0.59
2026-02-11 14:23:03,412 - INFO - Indicators CRUDEOILM: price 5880.00, vol 5.00, atr% 0.15, rc 0.80
2026-02-11 14:23:03,414 - INFO - Indicators CRUDEOILMINI: price 5880.00, vol 5.00, atr% 0.15, rc 0.80
2026-02-11 14:23:03,415 - INFO - Indicators NATGASMINI: price 285.00, vol 5.00, atr% 0.20, rc 0.86
2026-02-11 14:23:04,677 - INFO - Indicators SILVER: price 83.41, vol 5.00, atr% 0.58, rc 0.62
2026-02-11 14:23:04,677 - ERROR - CRITICAL: No future expiry dates found in MCX cache for SILVER. Defaulting to +30 days.
2026-02-11 14:23:04,678 - WARNING - MCX lot size unavailable for SILVER; skipping metrics.
2026-02-11 14:23:04,678 - ERROR - CRITICAL: No future expiry dates found in MCX cache for SILVER. Defaulting to +30 days.
2026-02-11 14:23:04,681 - INFO - Strategy Validation - Win Rate: 26.7%, Profit Factor: 2.15
2026-02-11 14:23:04,824 - INFO - Indicators NATURALGAS: price 284.60, vol 5.00, atr% 0.21, rc 0.65
2026-02-11 14:23:07,128 - INFO - ALERT SENT: SILVER NEW SIGNAL
2026-02-11 14:23:07,128 - INFO - [35mExecution Triggered for SILVER. Conf >= 7.0 and Position is Closed.[0m
2026-02-11 14:23:07,128 - ERROR - CRITICAL: No future expiry dates found in MCX cache for SILVER. Defaulting to +30 days.
2026-02-11 14:23:07,128 - ERROR - [31mFailed to execute commodity BULLISH strategy for SILVER[0m
2026-02-11 14:23:37,137 - WARNING - [33m❌ Ignoring switch to GOLDMINI_PINE for COMMODITY instance. Staying on GOLDMINI_PINE.[0m
2026-02-11 14:23:37,138 - INFO - ⚙️ Commodity scan list prepared: 3 symbols (tokens available for 0)
2026-02-11 14:23:37,138 - WARNING - Nifty data missing for regime assessment. Defaulting to HIGH_CONVICTION.
2026-02-11 14:23:38,199 - INFO - Indicators SILVER: price 83.43, vol 5.00, atr% 0.58, rc 0.63
2026-02-11 14:23:38,199 - ERROR - CRITICAL: No future expiry dates found in MCX cache for SILVER. Defaulting to +30 days.
2026-02-11 14:23:38,199 - WARNING - MCX lot size unavailable for SILVER; skipping metrics.
2026-02-11 14:23:38,199 - ERROR - CRITICAL: No future expiry dates found in MCX cache for SILVER. Defaulting to +30 days.
2026-02-11 14:23:38,202 - INFO - Strategy Validation - Win Rate: 26.7%, Profit Factor: 2.15
2026-02-11 14:23:40,519 - WARNING - [33m❌ Ignoring switch to GOLDMINI_PINE for COMMODITY instance. Staying on GOLDMINI_PINE.[0m
2026-02-11 14:23:40,525 - INFO - ⚙️ Commodity scan list prepared: 9 symbols (tokens available for 9)
2026-02-11 14:23:40,525 - WARNING - Nifty data missing for regime assessment. Defaulting to HIGH_CONVICTION.
2026-02-11 14:23:40,730 - INFO - ALERT SENT: SILVER NEW SIGNAL
2026-02-11 14:23:40,732 - INFO - [35mExecution Triggered for SILVER. Conf >= 7.0 and Position is Closed.[0m
2026-02-11 14:23:40,733 - ERROR - CRITICAL: No future expiry dates found in MCX cache for SILVER. Defaulting to +30 days.
2026-02-11 14:23:40,734 - ERROR - [31mFailed to execute commodity BULLISH strategy for SILVER[0m
2026-02-11 14:23:51,591 - INFO - Indicators GOLDM: price 156132.00, vol 5.00, atr% 0.08, rc 0.66
2026-02-11 14:23:51,595 - INFO - Indicators GOLDMINI: price 156132.00, vol 5.00, atr% 0.08, rc 0.66
2026-02-11 14:23:51,597 - INFO - Indicators SILVER: price 262096.00, vol 5.00, atr% 0.19, rc 0.55
2026-02-11 14:23:51,600 - INFO - Indicators SILVERM: price 268230.00, vol 5.00, atr% 0.21, rc 0.64
2026-02-11 14:23:51,603 - INFO - Indicators SILVERMIC: price 268306.00, vol 5.00, atr% 0.22, rc 0.60
2026-02-11 14:23:51,605 - INFO - Indicators CRUDEOILM: price 5881.00, vol 5.00, atr% 0.15, rc 0.67
2026-02-11 14:23:51,607 - INFO - Indicators CRUDEOILMINI: price 5881.00, vol 5.00, atr% 0.15, rc 0.67
2026-02-11 14:23:51,608 - INFO - Indicators NATGASMINI: price 284.80, vol 5.00, atr% 0.22, rc 0.69
2026-02-11 14:23:53,022 - INFO - Indicators NATURALGAS: price 284.70, vol 5.00, atr% 0.21, rc 0.60
2026-02-11 14:24:10,751 - WARNING - [33m❌ Ignoring switch to GOLDMINI_PINE for COMMODITY instance. Staying on GOLDMINI_PINE.[0m
2026-02-11 14:24:10,753 - INFO - ⚙️ Commodity scan list prepared: 3 symbols (tokens available for 0)
2026-02-11 14:24:10,754 - WARNING - Nifty data missing for regime assessment. Defaulting to HIGH_CONVICTION.
2026-02-11 14:24:12,222 - INFO - Indicators SILVER: price 83.53, vol 5.00, atr% 0.58, rc 0.69
2026-02-11 14:24:28,715 - WARNING - [33m❌ Ignoring switch to GOLDMINI_PINE for COMMODITY instance. Staying on GOLDMINI_PINE.[0m
2026-02-11 14:24:28,717 - INFO - ⚙️ Commodity scan list prepared: 9 symbols (tokens available for 9)
2026-02-11 14:24:28,717 - WARNING - Nifty data missing for regime assessment. Defaulting to HIGH_CONVICTION.
2026-02-11 14:24:39,805 - INFO - Indicators GOLDM: price 156172.00, vol 5.00, atr% 0.07, rc 0.65
2026-02-11 14:24:39,809 - INFO - Indicators GOLDMINI: price 156172.00, vol 5.00, atr% 0.07, rc 0.65
2026-02-11 14:24:39,811 - INFO - Indicators SILVER: price 262096.00, vol 5.00, atr% 0.18, rc 0.55
2026-02-11 14:24:39,813 - INFO - Indicators SILVERM: price 268230.00, vol 5.00, atr% 0.19, rc 0.68
2026-02-11 14:24:39,815 - INFO - Indicators SILVERMIC: price 268379.00, vol 5.00, atr% 0.21, rc 0.57
2026-02-11 14:24:39,817 - INFO - Indicators CRUDEOILM: price 5881.00, vol 5.00, atr% 0.14, rc 0.49
2026-02-11 14:24:39,819 - INFO - Indicators CRUDEOILMINI: price 5881.00, vol 5.00, atr% 0.14, rc 0.49
2026-02-11 14:24:39,821 - INFO - Indicators NATGASMINI: price 284.70, vol 5.00, atr% 0.21, rc 0.70
2026-02-11 14:24:41,249 - INFO - Indicators NATURALGAS: price 284.50, vol 5.00, atr% 0.20, rc 0.60
2026-02-11 14:24:42,227 - WARNING - [33m❌ Ignoring switch to GOLDMINI_PINE for COMMODITY instance. Staying on GOLDMINI_PINE.[0m
2026-02-11 14:24:42,227 - INFO - ⚙️ Commodity scan list prepared: 3 symbols (tokens available for 0)
2026-02-11 14:24:42,227 - WARNING - Nifty data missing for regime assessment. Defaulting to HIGH_CONVICTION.
2026-02-11 14:24:43,639 - INFO - Indicators SILVER: price 83.51, vol 5.00, atr% 0.58, rc 0.68
2026-02-11 14:25:13,649 - WARNING - [33m❌ Ignoring switch to GOLDMINI_PINE for COMMODITY instance. Staying on GOLDMINI_PINE.[0m
2026-02-11 14:25:13,651 - INFO - ⚙️ Commodity scan list prepared: 3 symbols (tokens available for 0)
2026-02-11 14:25:13,651 - WARNING - Nifty data missing for regime assessment. Defaulting to HIGH_CONVICTION.
2026-02-11 14:25:15,030 - INFO - Indicators SILVER: price 83.50, vol 5.00, atr% 0.56, rc 0.50
2026-02-11 14:25:15,030 - ERROR - CRITICAL: No future expiry dates found in MCX cache for SILVER. Defaulting to +30 days.
2026-02-11 14:25:15,030 - WARNING - MCX lot size unavailable for SILVER; skipping metrics.
2026-02-11 14:25:15,030 - ERROR - CRITICAL: No future expiry dates found in MCX cache for SILVER. Defaulting to +30 days.
2026-02-11 14:25:15,036 - INFO - Strategy Validation - Win Rate: 26.7%, Profit Factor: 2.15
2026-02-11 14:25:16,928 - WARNING - [33m❌ Ignoring switch to GOLDMINI_PINE for COMMODITY instance. Staying on GOLDMINI_PINE.[0m
2026-02-11 14:25:16,928 - INFO - ⚙️ Commodity scan list prepared: 9 symbols (tokens available for 9)
2026-02-11 14:25:16,928 - WARNING - Nifty data missing for regime assessment. Defaulting to HIGH_CONVICTION.
2026-02-11 14:25:17,843 - INFO - ALERT SENT: SILVER NEW SIGNAL
2026-02-11 14:25:17,843 - INFO - [35mExecution Triggered for SILVER. Conf >= 7.0 and Position is Closed.[0m
2026-02-11 14:25:17,843 - ERROR - CRITICAL: No future expiry dates found in MCX cache for SILVER. Defaulting to +30 days.
2026-02-11 14:25:17,843 - ERROR - [31mFailed to execute commodity BULLISH strategy for SILVER[0m
2026-02-11 14:25:28,233 - INFO - Indicators GOLDM: price 156204.00, vol 5.00, atr% 0.07, rc 0.54
2026-02-11 14:25:28,236 - INFO - Indicators GOLDMINI: price 156204.00, vol 5.00, atr% 0.07, rc 0.54
2026-02-11 14:25:28,238 - INFO - Indicators SILVER: price 261890.00, vol 5.00, atr% 0.18, rc 0.57
2026-02-11 14:25:28,240 - INFO - Indicators SILVERM: price 268369.00, vol 5.00, atr% 0.19, rc 0.57
2026-02-11 14:25:28,242 - INFO - Indicators SILVERMIC: price 268420.00, vol 5.00, atr% 0.21, rc 0.51
2026-02-11 14:25:28,244 - INFO - Indicators CRUDEOILM: price 5880.00, vol 5.00, atr% 0.14, rc 0.57
2026-02-11 14:25:28,246 - INFO - Indicators CRUDEOILMINI: price 5880.00, vol 5.00, atr% 0.14, rc 0.57
2026-02-11 14:25:28,248 - INFO - Indicators NATGASMINI: price 284.70, vol 5.00, atr% 0.22, rc 0.59
2026-02-11 14:25:29,668 - INFO - Indicators NATURALGAS: price 284.70, vol 5.00, atr% 0.21, rc 0.65
2026-02-11 14:25:46,281 - WARNING - [33m❌ Ignoring switch to GOLDMINI_PINE for COMMODITY instance. Staying on GOLDMINI_PINE.[0m
2026-02-11 14:25:46,282 - INFO - ⚙️ Commodity scan list prepared: 3 symbols (tokens available for 0)
2026-02-11 14:25:46,282 - WARNING - Nifty data missing for regime assessment. Defaulting to HIGH_CONVICTION.
2026-02-11 14:25:47,375 - INFO - Indicators SILVER: price 83.50, vol 5.00, atr% 0.56, rc 0.50
2026-02-11 14:25:47,375 - ERROR - CRITICAL: No future expiry dates found in MCX cache for SILVER. Defaulting to +30 days.
2026-02-11 14:25:47,375 - WARNING - MCX lot size unavailable for SILVER; skipping metrics.
2026-02-11 14:25:47,375 - ERROR - CRITICAL: No future expiry dates found in MCX cache for SILVER. Defaulting to +30 days.
2026-02-11 14:25:47,378 - INFO - Strategy Validation - Win Rate: 26.7%, Profit Factor: 2.15
2026-02-11 14:25:49,457 - INFO - ALERT SENT: SILVER NEW SIGNAL
2026-02-11 14:25:49,459 - INFO - [35mExecution Triggered for SILVER. Conf >= 7.0 and Position is Closed.[0m
2026-02-11 14:25:49,460 - ERROR - CRITICAL: No future expiry dates found in MCX cache for SILVER. Defaulting to +30 days.
2026-02-11 14:25:49,460 - ERROR - [31mFailed to execute commodity BULLISH strategy for SILVER[0m
2026-02-11 14:25:50,482 - WARNING - [33m❌ Ignoring switch to GOLDMINI_PINE for COMMODITY instance. Staying on GOLDMINI_PINE.[0m
2026-02-11 14:25:50,483 - INFO - ⚙️ Commodity scan list prepared: 3 symbols (tokens available for 0)
2026-02-11 14:25:50,483 - WARNING - Nifty data missing for regime assessment. Defaulting to HIGH_CONVICTION.
2026-02-11 14:25:51,649 - INFO - Indicators SILVER: price 83.54, vol 5.00, atr% 0.56, rc 0.52
2026-02-11 14:26:05,363 - WARNING - [33m❌ Ignoring switch to GOLDMINI_PINE for COMMODITY instance. Staying on GOLDMINI_PINE.[0m
2026-02-11 14:26:05,364 - INFO - ⚙️ Commodity scan list prepared: 9 symbols (tokens available for 9)
2026-02-11 14:26:05,364 - WARNING - Nifty data missing for regime assessment. Defaulting to HIGH_CONVICTION.
2026-02-11 14:26:16,759 - INFO - Indicators GOLDM: price 156200.00, vol 5.00, atr% 0.06, rc 0.60
2026-02-11 14:26:16,763 - INFO - Indicators GOLDMINI: price 156200.00, vol 5.00, atr% 0.06, rc 0.60
2026-02-11 14:26:16,767 - INFO - Indicators SILVER: price 262425.00, vol 5.00, atr% 0.18, rc 0.76
2026-02-11 14:26:16,770 - INFO - Indicators SILVERM: price 268705.00, vol 5.00, atr% 0.19, rc 0.67
2026-02-11 14:26:16,772 - INFO - Indicators SILVERMIC: price 268618.00, vol 5.00, atr% 0.22, rc 0.58
2026-02-11 14:26:16,776 - INFO - Indicators CRUDEOILM: price 5879.00, vol 5.00, atr% 0.14, rc 0.64
2026-02-11 14:26:16,778 - INFO - Indicators CRUDEOILMINI: price 5879.00, vol 5.00, atr% 0.14, rc 0.64
2026-02-11 14:26:16,781 - INFO - Indicators NATGASMINI: price 284.80, vol 5.00, atr% 0.21, rc 0.49
2026-02-11 14:26:18,209 - INFO - Indicators NATURALGAS: price 284.70, vol 5.00, atr% 0.20, rc 0.55
2026-02-11 14:26:21,656 - WARNING - [33m❌ Ignoring switch to GOLDMINI_PINE for COMMODITY instance. Staying on GOLDMINI_PINE.[0m
2026-02-11 14:26:21,657 - INFO - ⚙️ Commodity scan list prepared: 3 symbols (tokens available for 0)
2026-02-11 14:26:21,657 - WARNING - Nifty data missing for regime assessment. Defaulting to HIGH_CONVICTION.
2026-02-11 14:26:23,185 - INFO - Indicators SILVER: price 83.56, vol 5.00, atr% 0.57, rc 0.53
2026-02-11 14:26:53,191 - WARNING - [33m❌ Ignoring switch to GOLDMINI_PINE for COMMODITY instance. Staying on GOLDMINI_PINE.[0m
2026-02-11 14:26:53,193 - INFO - ⚙️ Commodity scan list prepared: 3 symbols (tokens available for 0)
2026-02-11 14:26:53,193 - WARNING - Nifty data missing for regime assessment. Defaulting to HIGH_CONVICTION.
2026-02-11 14:26:53,879 - WARNING - [33m❌ Ignoring switch to GOLDMINI_PINE for COMMODITY instance. Staying on GOLDMINI_PINE.[0m
2026-02-11 14:26:53,880 - INFO - ⚙️ Commodity scan list prepared: 9 symbols (tokens available for 9)
2026-02-11 14:26:53,880 - WARNING - Nifty data missing for regime assessment. Defaulting to HIGH_CONVICTION.
2026-02-11 14:26:54,286 - INFO - Indicators SILVER: price 83.52, vol 5.00, atr% 0.57, rc 0.50
2026-02-11 14:27:04,780 - INFO - Indicators GOLDM: price 156219.00, vol 5.00, atr% 0.07, rc 0.59
2026-02-11 14:27:04,783 - INFO - Indicators GOLDMINI: price 156219.00, vol 5.00, atr% 0.07, rc 0.59
2026-02-11 14:27:04,785 - INFO - Indicators SILVER: price 262483.00, vol 5.00, atr% 0.19, rc 0.85
2026-02-11 14:27:04,794 - INFO - Indicators SILVERM: price 268629.00, vol 5.00, atr% 0.20, rc 0.71
2026-02-11 14:27:04,796 - INFO - Indicators SILVERMIC: price 268650.00, vol 5.00, atr% 0.22, rc 0.72
2026-02-11 14:27:04,799 - INFO - Indicators CRUDEOILM: price 5880.00, vol 5.00, atr% 0.15, rc 0.56
2026-02-11 14:27:04,801 - INFO - Indicators CRUDEOILMINI: price 5880.00, vol 5.00, atr% 0.15, rc 0.56
2026-02-11 14:27:04,803 - INFO - Indicators NATGASMINI: price 284.90, vol 5.00, atr% 0.19, rc 0.49
2026-02-11 14:27:07,456 - INFO - Indicators NATURALGAS: price 284.80, vol 5.00, atr% 0.19, rc 0.55
2026-02-11 14:27:15,176 - WARNING - [33m❌ Ignoring switch to GOLDMINI_PINE for COMMODITY instance. Staying on GOLDMINI_PINE.[0m
2026-02-11 14:27:15,178 - INFO - ⚙️ Commodity scan list prepared: 9 symbols (tokens available for 9)
2026-02-11 14:27:15,178 - WARNING - Nifty data missing for regime assessment. Defaulting to HIGH_CONVICTION.
2026-02-11 14:27:24,298 - WARNING - [33m❌ Ignoring switch to GOLDMINI_PINE for COMMODITY instance. Staying on GOLDMINI_PINE.[0m
2026-02-11 14:27:24,299 - INFO - ⚙️ Commodity scan list prepared: 3 symbols (tokens available for 0)
2026-02-11 14:27:24,299 - WARNING - Nifty data missing for regime assessment. Defaulting to HIGH_CONVICTION.
2026-02-11 14:27:25,686 - INFO - Indicators SILVER: price 83.54, vol 5.00, atr% 0.57, rc 0.51
2026-02-11 14:27:26,064 - INFO - Indicators GOLDM: price 156224.00, vol 5.00, atr% 0.07, rc 0.77
2026-02-11 14:27:26,069 - INFO - Indicators GOLDMINI: price 156224.00, vol 5.00, atr% 0.07, rc 0.77
2026-02-11 14:27:26,072 - INFO - Indicators SILVER: price 262483.00, vol 5.00, atr% 0.19, rc 0.84
2026-02-11 14:27:26,076 - INFO - Indicators SILVERM: price 268675.00, vol 5.00, atr% 0.20, rc 0.74
2026-02-11 14:27:26,078 - INFO - Indicators SILVERMIC: price 268690.00, vol 5.00, atr% 0.22, rc 0.74
2026-02-11 14:27:26,080 - INFO - Indicators CRUDEOILM: price 5878.00, vol 5.00, atr% 0.15, rc 0.56
2026-02-11 14:27:26,083 - INFO - Indicators CRUDEOILMINI: price 5878.00, vol 5.00, atr% 0.15, rc 0.56
2026-02-11 14:27:26,085 - INFO - Indicators NATGASMINI: price 284.70, vol 5.00, atr% 0.19, rc 0.72
2026-02-11 14:27:27,497 - INFO - Indicators NATURALGAS: price 284.70, vol 5.00, atr% 0.19, rc 0.72
2026-02-11 14:27:34,148 - WARNING - [33m❌ Ignoring switch to GOLDMINI_PINE for COMMODITY instance. Staying on GOLDMINI_PINE.[0m
2026-02-11 14:27:34,149 - INFO - ⚙️ Commodity scan list prepared: 9 symbols (tokens available for 9)
2026-02-11 14:27:34,149 - WARNING - Nifty data missing for regime assessment. Defaulting to HIGH_CONVICTION.
2026-02-11 14:27:44,538 - INFO - Indicators GOLDM: price 156192.00, vol 5.00, atr% 0.07, rc 0.67
2026-02-11 14:27:44,547 - INFO - Indicators GOLDMINI: price 156192.00, vol 5.00, atr% 0.07, rc 0.67
2026-02-11 14:27:44,549 - INFO - Indicators SILVER: price 262483.00, vol 5.00, atr% 0.18, rc 0.87
2026-02-11 14:27:44,550 - INFO - Indicators SILVERM: price 268501.00, vol 5.00, atr% 0.20, rc 0.65
2026-02-11 14:27:44,553 - INFO - Indicators SILVERMIC: price 268669.00, vol 5.00, atr% 0.21, rc 0.73
2026-02-11 14:27:44,555 - INFO - Indicators CRUDEOILM: price 5878.00, vol 5.00, atr% 0.15, rc 0.56
2026-02-11 14:27:44,557 - INFO - Indicators CRUDEOILMINI: price 5878.00, vol 5.00, atr% 0.15, rc 0.56
2026-02-11 14:27:44,558 - INFO - Indicators NATGASMINI: price 284.70, vol 5.00, atr% 0.19, rc 0.77
2026-02-11 14:27:45,973 - INFO - Indicators NATURALGAS: price 284.70, vol 5.00, atr% 0.18, rc 0.61
2026-02-11 14:27:55,695 - WARNING - [33m❌ Ignoring switch to GOLDMINI_PINE for COMMODITY instance. Staying on GOLDMINI_PINE.[0m
2026-02-11 14:27:55,696 - INFO - ⚙️ Commodity scan list prepared: 3 symbols (tokens available for 0)
2026-02-11 14:27:55,696 - WARNING - Nifty data missing for regime assessment. Defaulting to HIGH_CONVICTION.
2026-02-11 14:27:56,758 - INFO - Indicators SILVER: price 83.54, vol 5.00, atr% 0.57, rc 0.51
2026-02-11 14:28:21,664 - WARNING - [33m❌ Ignoring switch to GOLDMINI_PINE for COMMODITY instance. Staying on GOLDMINI_PINE.[0m
2026-02-11 14:28:21,665 - INFO - ⚙️ Commodity scan list prepared: 9 symbols (tokens available for 9)
2026-02-11 14:28:21,665 - WARNING - Nifty data missing for regime assessment. Defaulting to HIGH_CONVICTION.
2026-02-11 14:28:26,771 - WARNING - [33m❌ Ignoring switch to GOLDMINI_PINE for COMMODITY instance. Staying on GOLDMINI_PINE.[0m
2026-02-11 14:28:26,773 - INFO - ⚙️ Commodity scan list prepared: 3 symbols (tokens available for 0)
2026-02-11 14:28:26,773 - WARNING - Nifty data missing for regime assessment. Defaulting to HIGH_CONVICTION.
2026-02-11 14:28:28,292 - INFO - Indicators SILVER: price 83.54, vol 5.00, atr% 0.57, rc 0.51
2026-02-11 14:28:33,018 - INFO - Indicators GOLDM: price 156212.00, vol 5.00, atr% 0.07, rc 0.61
2026-02-11 14:28:33,020 - INFO - Indicators GOLDMINI: price 156212.00, vol 5.00, atr% 0.07, rc 0.61
2026-02-11 14:28:33,022 - INFO - Indicators SILVER: price 262483.00, vol 5.00, atr% 0.20, rc 0.72
2026-02-11 14:28:33,029 - INFO - Indicators SILVERM: price 268501.00, vol 5.00, atr% 0.21, rc 0.64
2026-02-11 14:28:33,030 - INFO - Indicators SILVERMIC: price 268611.00, vol 5.00, atr% 0.21, rc 0.61
2026-02-11 14:28:33,032 - INFO - Indicators CRUDEOILM: price 5879.00, vol 5.00, atr% 0.15, rc 0.53
2026-02-11 14:28:33,035 - INFO - Indicators CRUDEOILMINI: price 5879.00, vol 5.00, atr% 0.15, rc 0.53
2026-02-11 14:28:33,037 - INFO - Indicators NATGASMINI: price 284.90, vol 5.00, atr% 0.19, rc 0.49
2026-02-11 14:28:34,462 - INFO - Indicators NATURALGAS: price 284.70, vol 5.00, atr% 0.19, rc 0.61
2026-02-11 14:28:58,298 - WARNING - [33m❌ Ignoring switch to GOLDMINI_PINE for COMMODITY instance. Staying on GOLDMINI_PINE.[0m
2026-02-11 14:28:58,300 - INFO - ⚙️ Commodity scan list prepared: 3 symbols (tokens available for 0)
2026-02-11 14:28:58,300 - WARNING - Nifty data missing for regime assessment. Defaulting to HIGH_CONVICTION.
2026-02-11 14:28:59,713 - INFO - Indicators SILVER: price 83.54, vol 5.00, atr% 0.57, rc 0.51
2026-02-11 14:29:10,105 - WARNING - [33m❌ Ignoring switch to GOLDMINI_PINE for COMMODITY instance. Staying on GOLDMINI_PINE.[0m
2026-02-11 14:29:10,106 - INFO - ⚙️ Commodity scan list prepared: 9 symbols (tokens available for 9)
2026-02-11 14:29:10,107 - WARNING - Nifty data missing for regime assessment. Defaulting to HIGH_CONVICTION.
2026-02-11 14:29:20,406 - INFO - Indicators GOLDM: price 156220.00, vol 5.00, atr% 0.07, rc 0.64
2026-02-11 14:29:20,411 - INFO - Indicators GOLDMINI: price 156220.00, vol 5.00, atr% 0.07, rc 0.64
2026-02-11 14:29:20,414 - INFO - Indicators SILVER: price 262364.00, vol 5.00, atr% 0.19, rc 0.66
2026-02-11 14:29:20,418 - INFO - Indicators SILVERM: price 268501.00, vol 5.00, atr% 0.19, rc 0.65
2026-02-11 14:29:20,420 - INFO - Indicators SILVERMIC: price 268488.00, vol 5.00, atr% 0.21, rc 0.57
2026-02-11 14:29:20,422 - INFO - Indicators CRUDEOILM: price 5881.00, vol 5.00, atr% 0.14, rc 0.49
2026-02-11 14:29:20,425 - INFO - Indicators CRUDEOILMINI: price 5881.00, vol 5.00, atr% 0.14, rc 0.49
2026-02-11 14:29:20,427 - INFO - Indicators NATGASMINI: price 284.80, vol 5.00, atr% 0.20, rc 0.60
2026-02-11 14:29:21,852 - INFO - Indicators NATURALGAS: price 284.50, vol 5.00, atr% 0.18, rc 0.49
2026-02-11 14:29:29,720 - WARNING - [33m❌ Ignoring switch to GOLDMINI_PINE for COMMODITY instance. Staying on GOLDMINI_PINE.[0m
2026-02-11 14:29:29,723 - INFO - ⚙️ Commodity scan list prepared: 3 symbols (tokens available for 0)
2026-02-11 14:29:29,723 - WARNING - Nifty data missing for regime assessment. Defaulting to HIGH_CONVICTION.
2026-02-11 14:29:31,149 - INFO - Indicators SILVER: price 83.54, vol 5.00, atr% 0.57, rc 0.51
2026-02-11 14:29:57,513 - WARNING - [33m❌ Ignoring switch to GOLDMINI_PINE for COMMODITY instance. Staying on GOLDMINI_PINE.[0m
2026-02-11 14:29:57,514 - INFO - ⚙️ Commodity scan list prepared: 9 symbols (tokens available for 9)
2026-02-11 14:29:57,514 - WARNING - Nifty data missing for regime assessment. Defaulting to HIGH_CONVICTION.
2026-02-11 14:30:01,165 - WARNING - [33m❌ Ignoring switch to GOLDMINI_PINE for COMMODITY instance. Staying on GOLDMINI_PINE.[0m
2026-02-11 14:30:01,166 - INFO - ⚙️ Commodity scan list prepared: 3 symbols (tokens available for 0)
2026-02-11 14:30:01,167 - WARNING - Nifty data missing for regime assessment. Defaulting to HIGH_CONVICTION.
2026-02-11 14:30:02,580 - INFO - Indicators SILVER: price 83.51, vol 5.00, atr% 0.57, rc 0.50
2026-02-11 14:30:02,580 - ERROR - CRITICAL: No future expiry dates found in MCX cache for SILVER. Defaulting to +30 days.
2026-02-11 14:30:02,581 - WARNING - MCX lot size unavailable for SILVER; skipping metrics.
2026-02-11 14:30:02,581 - ERROR - CRITICAL: No future expiry dates found in MCX cache for SILVER. Defaulting to +30 days.
2026-02-11 14:30:02,584 - INFO - Strategy Validation - Win Rate: 26.7%, Profit Factor: 2.15
2026-02-11 14:30:05,207 - INFO - ALERT SENT: SILVER NEW SIGNAL
2026-02-11 14:30:05,208 - INFO - [35mExecution Triggered for SILVER. Conf >= 7.0 and Position is Closed.[0m
2026-02-11 14:30:05,208 - ERROR - CRITICAL: No future expiry dates found in MCX cache for SILVER. Defaulting to +30 days.
2026-02-11 14:30:05,208 - ERROR - [31mFailed to execute commodity BULLISH strategy for SILVER[0m
2026-02-11 14:30:09,215 - INFO - Indicators GOLDM: price 156171.00, vol 5.00, atr% 0.06, rc 0.55
2026-02-11 14:30:09,218 - INFO - Indicators GOLDMINI: price 156171.00, vol 5.00, atr% 0.06, rc 0.55
2026-02-11 14:30:09,220 - INFO - Indicators SILVER: price 262364.00, vol 5.00, atr% 0.19, rc 0.78
2026-02-11 14:30:09,221 - INFO - Indicators SILVERM: price 268383.00, vol 5.00, atr% 0.19, rc 0.51
2026-02-11 14:30:09,223 - INFO - Indicators SILVERMIC: price 268494.00, vol 5.00, atr% 0.21, rc 0.52
2026-02-11 14:30:09,225 - INFO - Indicators CRUDEOILM: price 5882.00, vol 5.00, atr% 0.14, rc 0.49
2026-02-11 14:30:09,226 - INFO - Indicators CRUDEOILMINI: price 5882.00, vol 5.00, atr% 0.14, rc 0.49
2026-02-11 14:30:09,227 - INFO - Indicators NATGASMINI: price 284.70, vol 5.00, atr% 0.20, rc 0.49
2026-02-11 14:30:10,660 - INFO - Indicators NATURALGAS: price 284.30, vol 5.00, atr% 0.20, rc 0.60
2026-02-11 14:30:35,226 - WARNING - [33m❌ Ignoring switch to GOLDMINI_PINE for COMMODITY instance. Staying on GOLDMINI_PINE.[0m
2026-02-11 14:30:35,229 - INFO - ⚙️ Commodity scan list prepared: 3 symbols (tokens available for 0)
2026-02-11 14:30:35,229 - WARNING - Nifty data missing for regime assessment. Defaulting to HIGH_CONVICTION.
2026-02-11 14:30:37,695 - INFO - Indicators SILVER: price 83.50, vol 5.00, atr% 0.57, rc 0.50
2026-02-11 14:30:37,695 - ERROR - CRITICAL: No future expiry dates found in MCX cache for SILVER. Defaulting to +30 days.
2026-02-11 14:30:37,695 - WARNING - MCX lot size unavailable for SILVER; skipping metrics.
2026-02-11 14:30:37,695 - ERROR - CRITICAL: No future expiry dates found in MCX cache for SILVER. Defaulting to +30 days.
2026-02-11 14:30:37,698 - INFO - Strategy Validation - Win Rate: 26.7%, Profit Factor: 2.15
2026-02-11 14:30:40,142 - INFO - ALERT SENT: SILVER NEW SIGNAL
2026-02-11 14:30:40,142 - INFO - [35mExecution Triggered for SILVER. Conf >= 7.0 and Position is Closed.[0m
2026-02-11 14:30:40,142 - ERROR - CRITICAL: No future expiry dates found in MCX cache for SILVER. Defaulting to +30 days.
2026-02-11 14:30:40,142 - ERROR - [31mFailed to execute commodity BULLISH strategy for SILVER[0m
2026-02-11 14:30:46,361 - WARNING - [33m❌ Ignoring switch to GOLDMINI_PINE for COMMODITY instance. Staying on GOLDMINI_PINE.[0m
2026-02-11 14:30:46,362 - INFO - ⚙️ Commodity scan list prepared: 9 symbols (tokens available for 9)
2026-02-11 14:30:46,363 - WARNING - Nifty data missing for regime assessment. Defaulting to HIGH_CONVICTION.
2026-02-11 14:30:59,107 - INFO - Indicators GOLDM: price 156235.00, vol 5.00, atr% 0.06, rc 0.59
2026-02-11 14:30:59,114 - INFO - Indicators GOLDMINI: price 156235.00, vol 5.00, atr% 0.06, rc 0.59
2026-02-11 14:30:59,117 - INFO - Indicators SILVER: price 262364.00, vol 5.00, atr% 0.18, rc 0.59
2026-02-11 14:30:59,119 - INFO - Indicators SILVERM: price 268469.00, vol 5.00, atr% 0.18, rc 0.54
2026-02-11 14:30:59,122 - INFO - Indicators SILVERMIC: price 268592.00, vol 5.00, atr% 0.22, rc 0.55
2026-02-11 14:30:59,124 - INFO - Indicators CRUDEOILM: price 5879.00, vol 5.00, atr% 0.14, rc 0.53
2026-02-11 14:30:59,127 - INFO - Indicators CRUDEOILMINI: price 5879.00, vol 5.00, atr% 0.14, rc 0.53
2026-02-11 14:30:59,130 - INFO - Indicators NATGASMINI: price 284.40, vol 5.00, atr% 0.20, rc 0.70
2026-02-11 14:31:00,564 - INFO - Indicators NATURALGAS: price 284.40, vol 5.00, atr% 0.20, rc 0.65
2026-02-11 14:31:10,147 - WARNING - [33m❌ Ignoring switch to GOLDMINI_PINE for COMMODITY instance. Staying on GOLDMINI_PINE.[0m
2026-02-11 14:31:10,148 - INFO - ⚙️ Commodity scan list prepared: 3 symbols (tokens available for 0)
2026-02-11 14:31:10,148 - WARNING - Nifty data missing for regime assessment. Defaulting to HIGH_CONVICTION.
2026-02-11 14:31:11,625 - INFO - Indicators SILVER: price 83.51, vol 5.00, atr% 0.58, rc 0.50
2026-02-11 14:31:11,626 - ERROR - CRITICAL: No future expiry dates found in MCX cache for SILVER. Defaulting to +30 days.
2026-02-11 14:31:11,626 - WARNING - MCX lot size unavailable for SILVER; skipping metrics.
2026-02-11 14:31:11,626 - ERROR - CRITICAL: No future expiry dates found in MCX cache for SILVER. Defaulting to +30 days.
2026-02-11 14:31:11,630 - INFO - Strategy Validation - Win Rate: 26.7%, Profit Factor: 2.15
2026-02-11 14:31:14,126 - INFO - ALERT SENT: SILVER NEW SIGNAL
2026-02-11 14:31:14,127 - INFO - [35mExecution Triggered for SILVER. Conf >= 7.0 and Position is Closed.[0m
2026-02-11 14:31:14,127 - ERROR - CRITICAL: No future expiry dates found in MCX cache for SILVER. Defaulting to +30 days.
2026-02-11 14:31:14,127 - ERROR - [31mFailed to execute commodity BULLISH strategy for SILVER[0m
2026-02-11 14:31:36,263 - WARNING - [33m❌ Ignoring switch to GOLDMINI_PINE for COMMODITY instance. Staying on GOLDMINI_PINE.[0m
2026-02-11 14:31:36,265 - INFO - ⚙️ Commodity scan list prepared: 9 symbols (tokens available for 9)
2026-02-11 14:31:36,265 - WARNING - Nifty data missing for regime assessment. Defaulting to HIGH_CONVICTION.
2026-02-11 14:31:44,139 - WARNING - [33m❌ Ignoring switch to GOLDMINI_PINE for COMMODITY instance. Staying on GOLDMINI_PINE.[0m
2026-02-11 14:31:44,142 - INFO - ⚙️ Commodity scan list prepared: 3 symbols (tokens available for 0)
2026-02-11 14:31:44,142 - WARNING - Nifty data missing for regime assessment. Defaulting to HIGH_CONVICTION.
2026-02-11 14:31:45,258 - INFO - Indicators SILVER: price 83.43, vol 5.00, atr% 0.58, rc 0.52
2026-02-11 14:31:45,258 - ERROR - CRITICAL: No future expiry dates found in MCX cache for SILVER. Defaulting to +30 days.
2026-02-11 14:31:45,258 - WARNING - MCX lot size unavailable for SILVER; skipping metrics.
2026-02-11 14:31:45,258 - ERROR - CRITICAL: No future expiry dates found in MCX cache for SILVER. Defaulting to +30 days.
2026-02-11 14:31:45,261 - INFO - Strategy Validation - Win Rate: 26.7%, Profit Factor: 2.15
2026-02-11 14:31:46,724 - INFO - Indicators GOLDM: price 156220.00, vol 5.00, atr% 0.06, rc 0.51
2026-02-11 14:31:46,728 - INFO - Indicators GOLDMINI: price 156220.00, vol 5.00, atr% 0.06, rc 0.51
2026-02-11 14:31:46,731 - INFO - Indicators SILVER: price 262364.00, vol 5.00, atr% 0.18, rc 0.57
2026-02-11 14:31:46,735 - INFO - Indicators SILVERM: price 268579.00, vol 5.00, atr% 0.19, rc 0.51
2026-02-11 14:31:46,739 - INFO - Indicators SILVERMIC: price 268589.00, vol 5.00, atr% 0.22, rc 0.50
2026-02-11 14:31:46,742 - INFO - Indicators CRUDEOILM: price 5878.00, vol 5.00, atr% 0.14, rc 0.57
2026-02-11 14:31:46,749 - INFO - Indicators CRUDEOILMINI: price 5878.00, vol 5.00, atr% 0.14, rc 0.57
2026-02-11 14:31:46,756 - INFO - Indicators NATGASMINI: price 284.50, vol 5.00, atr% 0.19, rc 0.72
2026-02-11 14:31:48,163 - INFO - Indicators NATURALGAS: price 284.40, vol 5.00, atr% 0.19, rc 0.72
2026-02-11 14:31:48,513 - INFO - ALERT SENT: SILVER NEW SIGNAL
2026-02-11 14:31:48,513 - INFO - [35mExecution Triggered for SILVER. Conf >= 7.0 and Position is Closed.[0m
2026-02-11 14:31:48,513 - ERROR - CRITICAL: No future expiry dates found in MCX cache for SILVER. Defaulting to +30 days.
2026-02-11 14:31:48,514 - ERROR - [31mFailed to execute commodity BULLISH strategy for SILVER[0m
2026-02-11 14:32:18,521 - WARNING - [33m❌ Ignoring switch to GOLDMINI_PINE for COMMODITY instance. Staying on GOLDMINI_PINE.[0m
2026-02-11 14:32:18,523 - INFO - ⚙️ Commodity scan list prepared: 3 symbols (tokens available for 0)
2026-02-11 14:32:18,523 - WARNING - Nifty data missing for regime assessment. Defaulting to HIGH_CONVICTION.
2026-02-11 14:32:19,975 - INFO - Indicators SILVER: price 83.40, vol 5.00, atr% 0.58, rc 0.53
2026-02-11 14:32:19,975 - ERROR - CRITICAL: No future expiry dates found in MCX cache for SILVER. Defaulting to +30 days.
2026-02-11 14:32:19,975 - WARNING - MCX lot size unavailable for SILVER; skipping metrics.
2026-02-11 14:32:19,975 - ERROR - CRITICAL: No future expiry dates found in MCX cache for SILVER. Defaulting to +30 days.
2026-02-11 14:32:19,979 - INFO - Strategy Validation - Win Rate: 26.7%, Profit Factor: 2.15
2026-02-11 14:32:23,685 - INFO - ALERT SENT: SILVER NEW SIGNAL
2026-02-11 14:32:23,686 - INFO - [35mExecution Triggered for SILVER. Conf >= 7.0 and Position is Closed.[0m
2026-02-11 14:32:23,686 - ERROR - CRITICAL: No future expiry dates found in MCX cache for SILVER. Defaulting to +30 days.
2026-02-11 14:32:23,686 - ERROR - [31mFailed to execute commodity BULLISH strategy for SILVER[0m
2026-02-11 14:32:23,778 - WARNING - [33m❌ Ignoring switch to GOLDMINI_PINE for COMMODITY instance. Staying on GOLDMINI_PINE.[0m
2026-02-11 14:32:23,779 - INFO - ⚙️ Commodity scan list prepared: 9 symbols (tokens available for 9)
2026-02-11 14:32:23,779 - WARNING - Nifty data missing for regime assessment. Defaulting to HIGH_CONVICTION.
2026-02-11 14:32:34,788 - INFO - Indicators GOLDM: price 156200.00, vol 5.00, atr% 0.06, rc 0.57
2026-02-11 14:32:34,793 - INFO - Indicators GOLDMINI: price 156200.00, vol 5.00, atr% 0.06, rc 0.57
2026-02-11 14:32:34,798 - INFO - Indicators SILVER: price 262364.00, vol 5.00, atr% 0.18, rc 0.57
2026-02-11 14:32:34,808 - INFO - Indicators SILVERM: price 268579.00, vol 5.00, atr% 0.19, rc 0.55
2026-02-11 14:32:34,811 - INFO - Indicators SILVERMIC: price 268475.00, vol 5.00, atr% 0.21, rc 0.60
2026-02-11 14:32:34,813 - INFO - Indicators CRUDEOILM: price 5881.00, vol 5.00, atr% 0.15, rc 0.60
2026-02-11 14:32:34,815 - INFO - Indicators CRUDEOILMINI: price 5881.00, vol 5.00, atr% 0.15, rc 0.60
2026-02-11 14:32:34,817 - INFO - Indicators NATGASMINI: price 284.30, vol 5.00, atr% 0.19, rc 0.72
2026-02-11 14:32:36,228 - INFO - Indicators NATURALGAS: price 284.30, vol 5.00, atr% 0.20, rc 0.71
2026-02-11 14:32:53,693 - WARNING - [33m❌ Ignoring switch to GOLDMINI_PINE for COMMODITY instance. Staying on GOLDMINI_PINE.[0m
2026-02-11 14:32:53,694 - INFO - ⚙️ Commodity scan list prepared: 3 symbols (tokens available for 0)
2026-02-11 14:32:53,695 - WARNING - Nifty data missing for regime assessment. Defaulting to HIGH_CONVICTION.
2026-02-11 14:32:55,133 - INFO - Indicators SILVER: price 83.50, vol 5.00, atr% 0.58, rc 0.50
2026-02-11 14:32:55,133 - ERROR - CRITICAL: No future expiry dates found in MCX cache for SILVER. Defaulting to +30 days.
2026-02-11 14:32:55,133 - WARNING - MCX lot size unavailable for SILVER; skipping metrics.
2026-02-11 14:32:55,133 - ERROR - CRITICAL: No future expiry dates found in MCX cache for SILVER. Defaulting to +30 days.
2026-02-11 14:32:55,137 - INFO - Strategy Validation - Win Rate: 26.7%, Profit Factor: 2.15
2026-02-11 14:32:57,423 - INFO - ALERT SENT: SILVER NEW SIGNAL
2026-02-11 14:32:57,424 - INFO - [35mExecution Triggered for SILVER. Conf >= 7.0 and Position is Closed.[0m
2026-02-11 14:32:57,424 - ERROR - CRITICAL: No future expiry dates found in MCX cache for SILVER. Defaulting to +30 days.
2026-02-11 14:32:57,424 - ERROR - [31mFailed to execute commodity BULLISH strategy for SILVER[0m
2026-02-11 14:33:11,848 - WARNING - [33m❌ Ignoring switch to GOLDMINI_PINE for COMMODITY instance. Staying on GOLDMINI_PINE.[0m
2026-02-11 14:33:11,850 - INFO - ⚙️ Commodity scan list prepared: 9 symbols (tokens available for 9)
2026-02-11 14:33:11,850 - WARNING - Nifty data missing for regime assessment. Defaulting to HIGH_CONVICTION.
2026-02-11 14:33:22,802 - INFO - Indicators GOLDM: price 156200.00, vol 5.00, atr% 0.07, rc 0.53
2026-02-11 14:33:22,817 - INFO - Indicators GOLDMINI: price 156200.00, vol 5.00, atr% 0.07, rc 0.53
2026-02-11 14:33:22,820 - INFO - Indicators SILVER: price 262364.00, vol 5.00, atr% 0.18, rc 0.57
2026-02-11 14:33:22,823 - INFO - Indicators SILVERM: price 268304.00, vol 5.00, atr% 0.20, rc 0.60
2026-02-11 14:33:22,825 - INFO - Indicators SILVERMIC: price 268342.00, vol 5.00, atr% 0.21, rc 0.68
2026-02-11 14:33:22,827 - INFO - Indicators CRUDEOILM: price 5884.00, vol 5.00, atr% 0.15, rc 0.67
2026-02-11 14:33:22,829 - INFO - Indicators CRUDEOILMINI: price 5884.00, vol 5.00, atr% 0.15, rc 0.67
2026-02-11 14:33:22,831 - INFO - Indicators NATGASMINI: price 284.50, vol 5.00, atr% 0.20, rc 0.65
2026-02-11 14:33:24,215 - INFO - Indicators NATURALGAS: price 284.40, vol 5.00, atr% 0.20, rc 0.65
2026-02-11 14:33:27,435 - WARNING - [33m❌ Ignoring switch to GOLDMINI_PINE for COMMODITY instance. Staying on GOLDMINI_PINE.[0m
2026-02-11 14:33:27,437 - INFO - ⚙️ Commodity scan list prepared: 3 symbols (tokens available for 0)
2026-02-11 14:33:27,437 - WARNING - Nifty data missing for regime assessment. Defaulting to HIGH_CONVICTION.
2026-02-11 14:33:28,902 - INFO - Indicators SILVER: price 83.47, vol 5.00, atr% 0.58, rc 0.49
2026-02-11 14:33:28,903 - ERROR - CRITICAL: No future expiry dates found in MCX cache for SILVER. Defaulting to +30 days.
2026-02-11 14:33:28,903 - WARNING - MCX lot size unavailable for SILVER; skipping metrics.
2026-02-11 14:33:28,903 - ERROR - CRITICAL: No future expiry dates found in MCX cache for SILVER. Defaulting to +30 days.
2026-02-11 14:33:28,907 - INFO - Strategy Validation - Win Rate: 26.7%, Profit Factor: 2.15
2026-02-11 14:33:31,420 - INFO - ALERT SENT: SILVER NEW SIGNAL
2026-02-11 14:33:31,420 - INFO - [35mExecution Triggered for SILVER. Conf >= 7.0 and Position is Closed.[0m
2026-02-11 14:33:31,421 - ERROR - CRITICAL: No future expiry dates found in MCX cache for SILVER. Defaulting to +30 days.
2026-02-11 14:33:31,421 - ERROR - [31mFailed to execute commodity BULLISH strategy for SILVER[0m
2026-02-11 14:33:59,878 - WARNING - [33m❌ Ignoring switch to GOLDMINI_PINE for COMMODITY instance. Staying on GOLDMINI_PINE.[0m
2026-02-11 14:33:59,879 - INFO - ⚙️ Commodity scan list prepared: 9 symbols (tokens available for 9)
2026-02-11 14:33:59,879 - WARNING - Nifty data missing for regime assessment. Defaulting to HIGH_CONVICTION.
2026-02-11 14:34:01,431 - WARNING - [33m❌ Ignoring switch to GOLDMINI_PINE for COMMODITY instance. Staying on GOLDMINI_PINE.[0m
2026-02-11 14:34:01,433 - INFO - ⚙️ Commodity scan list prepared: 3 symbols (tokens available for 0)
2026-02-11 14:34:01,434 - WARNING - Nifty data missing for regime assessment. Defaulting to HIGH_CONVICTION.
2026-02-11 14:34:02,852 - INFO - Indicators SILVER: price 83.50, vol 5.00, atr% 0.58, rc 0.50
2026-02-11 14:34:02,852 - ERROR - CRITICAL: No future expiry dates found in MCX cache for SILVER. Defaulting to +30 days.
2026-02-11 14:34:02,852 - WARNING - MCX lot size unavailable for SILVER; skipping metrics.
2026-02-11 14:34:02,852 - ERROR - CRITICAL: No future expiry dates found in MCX cache for SILVER. Defaulting to +30 days.
2026-02-11 14:34:02,854 - INFO - Strategy Validation - Win Rate: 26.7%, Profit Factor: 2.15
2026-02-11 14:34:04,995 - INFO - ALERT SENT: SILVER NEW SIGNAL
2026-02-11 14:34:04,995 - INFO - [35mExecution Triggered for SILVER. Conf >= 7.0 and Position is Closed.[0m
2026-02-11 14:34:04,996 - ERROR - CRITICAL: No future expiry dates found in MCX cache for SILVER. Defaulting to +30 days.
2026-02-11 14:34:04,996 - ERROR - [31mFailed to execute commodity BULLISH strategy for SILVER[0m
2026-02-11 14:34:11,253 - INFO - Indicators GOLDM: price 156215.00, vol 5.00, atr% 0.07, rc 0.54
2026-02-11 14:34:11,257 - INFO - Indicators GOLDMINI: price 156215.00, vol 5.00, atr% 0.07, rc 0.54
2026-02-11 14:34:11,260 - INFO - Indicators SILVER: price 262156.00, vol 5.00, atr% 0.18, rc 0.63
2026-02-11 14:34:11,264 - INFO - Indicators SILVERM: price 268376.00, vol 5.00, atr% 0.19, rc 0.57
2026-02-11 14:34:11,266 - INFO - Indicators SILVERMIC: price 268350.00, vol 5.00, atr% 0.21, rc 0.57
2026-02-11 14:34:11,275 - INFO - Indicators CRUDEOILM: price 5880.00, vol 5.00, atr% 0.14, rc 0.53
2026-02-11 14:34:11,279 - INFO - Indicators CRUDEOILMINI: price 5880.00, vol 5.00, atr% 0.14, rc 0.53
2026-02-11 14:34:11,283 - INFO - Indicators NATGASMINI: price 284.60, vol 5.00, atr% 0.20, rc 0.60
2026-02-11 14:34:12,765 - INFO - Indicators NATURALGAS: price 284.50, vol 5.00, atr% 0.19, rc 0.49
2026-02-11 14:34:35,009 - WARNING - [33m❌ Ignoring switch to GOLDMINI_PINE for COMMODITY instance. Staying on GOLDMINI_PINE.[0m
2026-02-11 14:34:35,011 - INFO - ⚙️ Commodity scan list prepared: 3 symbols (tokens available for 0)
2026-02-11 14:34:35,011 - WARNING - Nifty data missing for regime assessment. Defaulting to HIGH_CONVICTION.
2026-02-11 14:34:36,121 - INFO - Indicators SILVER: price 83.49, vol 5.00, atr% 0.58, rc 0.51
2026-02-11 14:34:36,121 - ERROR - CRITICAL: No future expiry dates found in MCX cache for SILVER. Defaulting to +30 days.
2026-02-11 14:34:36,121 - WARNING - MCX lot size unavailable for SILVER; skipping metrics.
2026-02-11 14:34:36,121 - ERROR - CRITICAL: No future expiry dates found in MCX cache for SILVER. Defaulting to +30 days.
2026-02-11 14:34:36,124 - INFO - Strategy Validation - Win Rate: 26.7%, Profit Factor: 2.15
2026-02-11 14:34:38,473 - INFO - ALERT SENT: SILVER NEW SIGNAL
2026-02-11 14:34:38,473 - INFO - [35mExecution Triggered for SILVER. Conf >= 7.0 and Position is Closed.[0m
2026-02-11 14:34:38,473 - ERROR - CRITICAL: No future expiry dates found in MCX cache for SILVER. Defaulting to +30 days.
2026-02-11 14:34:38,473 - ERROR - [31mFailed to execute commodity BULLISH strategy for SILVER[0m
2026-02-11 14:34:48,709 - WARNING - [33m❌ Ignoring switch to GOLDMINI_PINE for COMMODITY instance. Staying on GOLDMINI_PINE.[0m
2026-02-11 14:34:48,710 - INFO - ⚙️ Commodity scan list prepared: 9 symbols (tokens available for 9)
2026-02-11 14:34:48,710 - WARNING - Nifty data missing for regime assessment. Defaulting to HIGH_CONVICTION.
2026-02-11 14:34:59,676 - INFO - Indicators GOLDM: price 156238.00, vol 5.00, atr% 0.06, rc 0.70
2026-02-11 14:34:59,681 - INFO - Indicators GOLDMINI: price 156238.00, vol 5.00, atr% 0.06, rc 0.70
2026-02-11 14:34:59,684 - INFO - Indicators SILVER: price 262156.00, vol 5.00, atr% 0.16, rc 0.64
2026-02-11 14:34:59,688 - INFO - Indicators SILVERM: price 268373.00, vol 5.00, atr% 0.18, rc 0.56
2026-02-11 14:34:59,690 - INFO - Indicators SILVERMIC: price 268499.00, vol 5.00, atr% 0.19, rc 0.54
2026-02-11 14:34:59,693 - INFO - Indicators CRUDEOILM: price 5879.00, vol 5.00, atr% 0.14, rc 0.61
2026-02-11 14:34:59,695 - INFO - Indicators CRUDEOILMINI: price 5879.00, vol 5.00, atr% 0.14, rc 0.61
2026-02-11 14:34:59,698 - INFO - Indicators NATGASMINI: price 284.40, vol 5.00, atr% 0.20, rc 0.60
2026-02-11 14:35:01,116 - INFO - Indicators NATURALGAS: price 284.30, vol 5.00, atr% 0.19, rc 0.66
2026-02-11 14:35:08,482 - WARNING - [33m❌ Ignoring switch to GOLDMINI_PINE for COMMODITY instance. Staying on GOLDMINI_PINE.[0m
2026-02-11 14:35:08,483 - INFO - ⚙️ Commodity scan list prepared: 3 symbols (tokens available for 0)
2026-02-11 14:35:08,483 - WARNING - Nifty data missing for regime assessment. Defaulting to HIGH_CONVICTION.
2026-02-11 14:35:10,051 - INFO - Indicators SILVER: price 83.55, vol 5.00, atr% 0.58, rc 0.52
2026-02-11 14:35:36,832 - WARNING - [33m❌ Ignoring switch to GOLDMINI_PINE for COMMODITY instance. Staying on GOLDMINI_PINE.[0m
2026-02-11 14:35:36,835 - INFO - ⚙️ Commodity scan list prepared: 9 symbols (tokens available for 9)
2026-02-11 14:35:36,835 - WARNING - Nifty data missing for regime assessment. Defaulting to HIGH_CONVICTION.
2026-02-11 14:35:40,059 - WARNING - [33m❌ Ignoring switch to GOLDMINI_PINE for COMMODITY instance. Staying on GOLDMINI_PINE.[0m
2026-02-11 14:35:40,060 - INFO - ⚙️ Commodity scan list prepared: 3 symbols (tokens available for 0)
2026-02-11 14:35:40,060 - WARNING - Nifty data missing for regime assessment. Defaulting to HIGH_CONVICTION.
2026-02-11 14:35:41,120 - INFO - Indicators SILVER: price 83.64, vol 5.00, atr% 0.58, rc 0.57
2026-02-11 14:35:47,823 - INFO - Indicators GOLDM: price 156207.00, vol 5.00, atr% 0.06, rc 0.58
2026-02-11 14:35:47,828 - INFO - Indicators GOLDMINI: price 156207.00, vol 5.00, atr% 0.06, rc 0.58
2026-02-11 14:35:47,831 - INFO - Indicators SILVER: price 262207.00, vol 5.00, atr% 0.17, rc 0.60
2026-02-11 14:35:47,834 - INFO - Indicators SILVERM: price 268393.00, vol 5.00, atr% 0.17, rc 0.62
2026-02-11 14:35:47,837 - INFO - Indicators SILVERMIC: price 268400.00, vol 5.00, atr% 0.20, rc 0.62
2026-02-11 14:35:47,839 - INFO - Indicators CRUDEOILM: price 5883.00, vol 5.00, atr% 0.14, rc 0.60
2026-02-11 14:35:47,842 - INFO - Indicators CRUDEOILMINI: price 5883.00, vol 5.00, atr% 0.14, rc 0.60
2026-02-11 14:35:47,844 - INFO - Indicators NATGASMINI: price 284.80, vol 5.00, atr% 0.20, rc 0.65
2026-02-11 14:35:48,348 - WARNING - [33m❌ Ignoring switch to GOLDMINI_PINE for COMMODITY instance. Staying on GOLDMINI_PINE.[0m
2026-02-11 14:35:48,351 - INFO - ⚙️ Commodity scan list prepared: 3 symbols (tokens available for 0)
2026-02-11 14:35:48,352 - WARNING - Nifty data missing for regime assessment. Defaulting to HIGH_CONVICTION.
2026-02-11 14:35:49,316 - INFO - Indicators NATURALGAS: price 285.00, vol 5.00, atr% 0.21, rc 0.80
2026-02-11 14:35:49,465 - INFO - Indicators SILVER: price 83.60, vol 5.00, atr% 0.58, rc 0.55
2026-02-11 14:35:50,474 - WARNING - [33m❌ Ignoring switch to GOLDMINI_PINE for COMMODITY instance. Staying on GOLDMINI_PINE.[0m
2026-02-11 14:35:50,476 - INFO - ⚙️ Commodity scan list prepared: 3 symbols (tokens available for 0)
2026-02-11 14:35:50,476 - WARNING - Nifty data missing for regime assessment. Defaulting to HIGH_CONVICTION.
2026-02-11 14:35:51,443 - INFO - Indicators SILVER: price 83.57, vol 5.00, atr% 0.58, rc 0.53
2026-02-11 14:36:21,512 - WARNING - [33m❌ Ignoring switch to GOLDMINI_PINE for COMMODITY instance. Staying on GOLDMINI_PINE.[0m
2026-02-11 14:36:21,517 - INFO - ⚙️ Commodity scan list prepared: 3 symbols (tokens available for 0)
2026-02-11 14:36:21,518 - WARNING - Nifty data missing for regime assessment. Defaulting to HIGH_CONVICTION.
2026-02-11 14:36:23,215 - INFO - Indicators SILVER: price 83.67, vol 5.00, atr% 0.58, rc 0.59
2026-02-11 14:36:24,987 - WARNING - [33m❌ Ignoring switch to GOLDMINI_PINE for COMMODITY instance. Staying on GOLDMINI_PINE.[0m
2026-02-11 14:36:24,988 - INFO - ⚙️ Commodity scan list prepared: 9 symbols (tokens available for 9)
2026-02-11 14:36:24,988 - WARNING - Nifty data missing for regime assessment. Defaulting to HIGH_CONVICTION.
2026-02-11 14:36:35,991 - INFO - Indicators GOLDM: price 156100.00, vol 5.00, atr% 0.07, rc 0.84
2026-02-11 14:36:35,996 - INFO - Indicators GOLDMINI: price 156100.00, vol 5.00, atr% 0.07, rc 0.84
2026-02-11 14:36:36,000 - INFO - Indicators SILVER: price 261801.00, vol 5.00, atr% 0.18, rc 0.85
2026-02-11 14:36:36,004 - INFO - Indicators SILVERM: price 267945.00, vol 5.00, atr% 0.20, rc 0.81
2026-02-11 14:36:36,007 - INFO - Indicators SILVERMIC: price 267817.00, vol 5.00, atr% 0.22, rc 0.88
2026-02-11 14:36:36,009 - INFO - Indicators CRUDEOILM: price 5883.00, vol 5.00, atr% 0.14, rc 0.67
2026-02-11 14:36:36,012 - INFO - Indicators CRUDEOILMINI: price 5883.00, vol 5.00, atr% 0.14, rc 0.67
2026-02-11 14:36:36,014 - INFO - Indicators NATGASMINI: price 284.60, vol 5.00, atr% 0.21, rc 0.55
2026-02-11 14:36:37,447 - INFO - Indicators NATURALGAS: price 284.70, vol 5.00, atr% 0.20, rc 0.65
2026-02-11 14:36:53,226 - WARNING - [33m❌ Ignoring switch to GOLDMINI_PINE for COMMODITY instance. Staying on GOLDMINI_PINE.[0m
2026-02-11 14:36:53,227 - INFO - ⚙️ Commodity scan list prepared: 3 symbols (tokens available for 0)
2026-02-11 14:36:53,228 - WARNING - Nifty data missing for regime assessment. Defaulting to HIGH_CONVICTION.
2026-02-11 14:36:54,267 - INFO - Indicators SILVER: price 83.68, vol 5.00, atr% 0.58, rc 0.60
2026-02-11 14:37:13,113 - WARNING - [33m❌ Ignoring switch to GOLDMINI_PINE for COMMODITY instance. Staying on GOLDMINI_PINE.[0m
2026-02-11 14:37:13,114 - INFO - ⚙️ Commodity scan list prepared: 9 symbols (tokens available for 9)
2026-02-11 14:37:13,114 - WARNING - Nifty data missing for regime assessment. Defaulting to HIGH_CONVICTION.
2026-02-11 14:37:24,181 - INFO - Indicators GOLDM: price 156098.00, vol 5.00, atr% 0.07, rc 0.76
2026-02-11 14:37:24,186 - INFO - Indicators GOLDMINI: price 156098.00, vol 5.00, atr% 0.07, rc 0.76
2026-02-11 14:37:24,190 - INFO - Indicators SILVER: price 261555.00, vol 5.00, atr% 0.19, rc 0.98
2026-02-11 14:37:24,193 - INFO - Indicators SILVERM: price 267879.00, vol 5.00, atr% 0.20, rc 0.89
2026-02-11 14:37:24,196 - INFO - Indicators SILVERMIC: price 267871.00, vol 5.00, atr% 0.22, rc 0.84
2026-02-11 14:37:24,199 - INFO - Indicators CRUDEOILM: price 5882.00, vol 5.00, atr% 0.15, rc 0.56
2026-02-11 14:37:24,201 - INFO - Indicators CRUDEOILMINI: price 5882.00, vol 5.00, atr% 0.15, rc 0.56
2026-02-11 14:37:24,203 - INFO - Indicators NATGASMINI: price 284.80, vol 5.00, atr% 0.20, rc 0.62
2026-02-11 14:37:24,282 - WARNING - [33m❌ Ignoring switch to GOLDMINI_PINE for COMMODITY instance. Staying on GOLDMINI_PINE.[0m
2026-02-11 14:37:24,283 - INFO - ⚙️ Commodity scan list prepared: 3 symbols (tokens available for 0)
2026-02-11 14:37:24,283 - WARNING - Nifty data missing for regime assessment. Defaulting to HIGH_CONVICTION.
2026-02-11 14:37:25,660 - INFO - Indicators NATURALGAS: price 284.60, vol 5.00, atr% 0.20, rc 0.66
2026-02-11 14:37:25,761 - INFO - Indicators SILVER: price 83.68, vol 5.00, atr% 0.58, rc 0.60
2026-02-11 14:37:27,399 - INFO - MCX cache refreshed: 37951 instruments
2026-02-11 14:37:28,552 - INFO - Strategy Validation - Win Rate: 26.7%, Profit Factor: 2.15
2026-02-11 14:37:31,290 - INFO - ALERT SENT: SILVER NEW SIGNAL
2026-02-11 14:37:31,291 - INFO - [35mExecution Triggered for SILVER. Conf >= 7.8 and Position is Closed.[0m
2026-02-11 14:37:31,401 - ERROR - [31mFailed to execute commodity BEARISH strategy for SILVER[0m
2026-02-11 14:37:39,130 - WARNING - [33m❌ Ignoring switch to GOLDMINI_PINE for COMMODITY instance. Staying on GOLDMINI_PINE.[0m
2026-02-11 14:37:39,131 - INFO - ⚙️ Commodity scan list prepared: 9 symbols (tokens available for 9)
2026-02-11 14:37:39,131 - WARNING - Nifty data missing for regime assessment. Defaulting to HIGH_CONVICTION.
2026-02-11 14:37:50,271 - INFO - Indicators GOLDM: price 156073.00, vol 5.00, atr% 0.07, rc 0.88
2026-02-11 14:37:50,274 - INFO - Indicators GOLDMINI: price 156073.00, vol 5.00, atr% 0.07, rc 0.88
2026-02-11 14:37:50,276 - INFO - Indicators SILVER: price 261555.00, vol 5.00, atr% 0.18, rc 1.00
2026-02-11 14:37:50,278 - INFO - Indicators SILVERM: price 267925.00, vol 5.00, atr% 0.20, rc 0.80
2026-02-11 14:37:50,280 - INFO - Indicators SILVERMIC: price 267865.00, vol 5.00, atr% 0.22, rc 0.85
2026-02-11 14:37:50,282 - INFO - Indicators CRUDEOILM: price 5880.00, vol 5.00, atr% 0.15, rc 0.56
2026-02-11 14:37:50,283 - INFO - Indicators CRUDEOILMINI: price 5880.00, vol 5.00, atr% 0.15, rc 0.56
2026-02-11 14:37:50,286 - INFO - Indicators NATGASMINI: price 284.80, vol 5.00, atr% 0.20, rc 0.65
2026-02-11 14:37:51,700 - INFO - Indicators NATURALGAS: price 284.80, vol 5.00, atr% 0.19, rc 0.77
2026-02-11 14:37:53,180 - INFO - Strategy Validation - Win Rate: 26.7%, Profit Factor: 2.15
2026-02-11 14:37:55,777 - WARNING - [33m❌ Ignoring switch to GOLDMINI_PINE for COMMODITY instance. Staying on GOLDMINI_PINE.[0m
2026-02-11 14:37:55,779 - INFO - ⚙️ Commodity scan list prepared: 3 symbols (tokens available for 0)
2026-02-11 14:37:55,779 - WARNING - Nifty data missing for regime assessment. Defaulting to HIGH_CONVICTION.
2026-02-11 14:37:55,828 - INFO - ALERT SENT: SILVER NEW SIGNAL
2026-02-11 14:37:55,828 - INFO - [35mExecution Triggered for SILVER. Conf >= 7.8 and Position is Closed.[0m
2026-02-11 14:37:55,920 - ERROR - [31mFailed to execute commodity BEARISH strategy for SILVER[0m
2026-02-11 14:37:56,955 - INFO - Indicators SILVER: price 83.65, vol 5.00, atr% 0.58, rc 0.58
2026-02-11 14:38:01,557 - WARNING - [33m❌ Ignoring switch to GOLDMINI_PINE for COMMODITY instance. Staying on GOLDMINI_PINE.[0m
2026-02-11 14:38:01,561 - INFO - ⚙️ Commodity scan list prepared: 9 symbols (tokens available for 9)
2026-02-11 14:38:01,562 - WARNING - Nifty data missing for regime assessment. Defaulting to HIGH_CONVICTION.
2026-02-11 14:38:12,386 - INFO - Indicators GOLDM: price 156101.00, vol 5.00, atr% 0.07, rc 0.75
2026-02-11 14:38:12,396 - INFO - Indicators GOLDMINI: price 156101.00, vol 5.00, atr% 0.07, rc 0.75
2026-02-11 14:38:12,398 - INFO - Indicators SILVER: price 261775.00, vol 5.00, atr% 0.19, rc 0.86
2026-02-11 14:38:12,399 - INFO - Indicators SILVERM: price 267956.00, vol 5.00, atr% 0.20, rc 0.77
2026-02-11 14:38:12,401 - INFO - Indicators SILVERMIC: price 267950.00, vol 5.00, atr% 0.22, rc 0.79
2026-02-11 14:38:12,403 - INFO - Indicators CRUDEOILM: price 5882.00, vol 5.00, atr% 0.15, rc 0.53
2026-02-11 14:38:12,404 - INFO - Indicators CRUDEOILMINI: price 5882.00, vol 5.00, atr% 0.15, rc 0.53
2026-02-11 14:38:12,406 - INFO - Indicators NATGASMINI: price 284.80, vol 5.00, atr% 0.19, rc 0.66
2026-02-11 14:38:13,848 - INFO - Indicators NATURALGAS: price 284.80, vol 5.00, atr% 0.19, rc 0.69
2026-02-11 14:38:26,970 - WARNING - [33m❌ Ignoring switch to GOLDMINI_PINE for COMMODITY instance. Staying on GOLDMINI_PINE.[0m
2026-02-11 14:38:26,973 - INFO - ⚙️ Commodity scan list prepared: 3 symbols (tokens available for 0)
2026-02-11 14:38:26,973 - WARNING - Nifty data missing for regime assessment. Defaulting to HIGH_CONVICTION.
2026-02-11 14:38:28,450 - INFO - Indicators SILVER: price 83.62, vol 5.00, atr% 0.58, rc 0.56
2026-02-11 14:38:49,529 - WARNING - [33m❌ Ignoring switch to GOLDMINI_PINE for COMMODITY instance. Staying on GOLDMINI_PINE.[0m
2026-02-11 14:38:49,539 - INFO - ⚙️ Commodity scan list prepared: 9 symbols (tokens available for 9)
2026-02-11 14:38:49,539 - WARNING - Nifty data missing for regime assessment. Defaulting to HIGH_CONVICTION.
2026-02-11 14:38:58,463 - WARNING - [33m❌ Ignoring switch to GOLDMINI_PINE for COMMODITY instance. Staying on GOLDMINI_PINE.[0m
2026-02-11 14:38:58,473 - INFO - ⚙️ Commodity scan list prepared: 3 symbols (tokens available for 0)
2026-02-11 14:38:58,476 - WARNING - Nifty data missing for regime assessment. Defaulting to HIGH_CONVICTION.
2026-02-11 14:39:00,153 - INFO - Indicators SILVER: price 83.61, vol 5.00, atr% 0.58, rc 0.56
2026-02-11 14:39:01,725 - INFO - Indicators GOLDM: price 156147.00, vol 5.00, atr% 0.07, rc 0.67
2026-02-11 14:39:01,727 - INFO - Indicators GOLDMINI: price 156147.00, vol 5.00, atr% 0.07, rc 0.67
2026-02-11 14:39:01,730 - INFO - Indicators SILVER: price 261800.00, vol 5.00, atr% 0.18, rc 0.72
2026-02-11 14:39:01,733 - INFO - Indicators SILVERM: price 267912.00, vol 5.00, atr% 0.20, rc 0.69
2026-02-11 14:39:01,738 - INFO - Indicators SILVERMIC: price 268086.00, vol 5.00, atr% 0.22, rc 0.62
2026-02-11 14:39:01,742 - INFO - Indicators CRUDEOILM: price 5882.00, vol 5.00, atr% 0.15, rc 0.56
2026-02-11 14:39:01,743 - INFO - Indicators CRUDEOILMINI: price 5882.00, vol 5.00, atr% 0.15, rc 0.56
2026-02-11 14:39:01,745 - INFO - Indicators NATGASMINI: price 284.80, vol 5.00, atr% 0.21, rc 0.57
2026-02-11 14:39:03,292 - INFO - Indicators NATURALGAS: price 284.80, vol 5.00, atr% 0.19, rc 0.63
2026-02-11 14:39:30,170 - WARNING - [33m❌ Ignoring switch to GOLDMINI_PINE for COMMODITY instance. Staying on GOLDMINI_PINE.[0m
2026-02-11 14:39:30,171 - INFO - ⚙️ Commodity scan list prepared: 3 symbols (tokens available for 0)
2026-02-11 14:39:30,171 - WARNING - Nifty data missing for regime assessment. Defaulting to HIGH_CONVICTION.
2026-02-11 14:39:31,718 - INFO - Indicators SILVER: price 83.56, vol 5.00, atr% 0.58, rc 0.52
2026-02-11 14:39:38,973 - WARNING - [33m❌ Ignoring switch to GOLDMINI_PINE for COMMODITY instance. Staying on GOLDMINI_PINE.[0m
2026-02-11 14:39:38,974 - INFO - ⚙️ Commodity scan list prepared: 9 symbols (tokens available for 9)
2026-02-11 14:39:38,974 - WARNING - Nifty data missing for regime assessment. Defaulting to HIGH_CONVICTION.
2026-02-11 14:39:50,059 - INFO - Indicators GOLDM: price 156170.00, vol 5.00, atr% 0.07, rc 0.69
2026-02-11 14:39:50,063 - INFO - Indicators GOLDMINI: price 156170.00, vol 5.00, atr% 0.07, rc 0.69
2026-02-11 14:39:50,167 - INFO - Indicators SILVER: price 261800.00, vol 5.00, atr% 0.18, rc 0.72
2026-02-11 14:39:50,175 - INFO - Indicators SILVERM: price 268022.00, vol 5.00, atr% 0.19, rc 0.78
2026-02-11 14:39:50,210 - INFO - Indicators SILVERMIC: price 268032.00, vol 5.00, atr% 0.20, rc 0.77
2026-02-11 14:39:50,227 - INFO - Indicators CRUDEOILM: price 5884.00, vol 5.00, atr% 0.14, rc 0.68
2026-02-11 14:39:50,253 - INFO - Indicators CRUDEOILMINI: price 5884.00, vol 5.00, atr% 0.14, rc 0.68
2026-02-11 14:39:50,273 - INFO - Indicators NATGASMINI: price 284.80, vol 5.00, atr% 0.21, rc 0.65
2026-02-11 14:39:51,749 - INFO - Indicators NATURALGAS: price 284.60, vol 5.00, atr% 0.19, rc 0.66
2026-02-11 14:40:01,728 - WARNING - [33m❌ Ignoring switch to GOLDMINI_PINE for COMMODITY instance. Staying on GOLDMINI_PINE.[0m
2026-02-11 14:40:01,729 - INFO - ⚙️ Commodity scan list prepared: 3 symbols (tokens available for 0)
2026-02-11 14:40:01,730 - WARNING - Nifty data missing for regime assessment. Defaulting to HIGH_CONVICTION.
2026-02-11 14:40:03,324 - INFO - Indicators SILVER: price 83.63, vol 5.00, atr% 0.57, rc 0.51
2026-02-11 14:40:27,339 - WARNING - [33m❌ Ignoring switch to GOLDMINI_PINE for COMMODITY instance. Staying on GOLDMINI_PINE.[0m
2026-02-11 14:40:27,341 - INFO - ⚙️ Commodity scan list prepared: 9 symbols (tokens available for 9)
2026-02-11 14:40:27,341 - WARNING - Nifty data missing for regime assessment. Defaulting to HIGH_CONVICTION.
2026-02-11 14:40:33,340 - WARNING - [33m❌ Ignoring switch to GOLDMINI_PINE for COMMODITY instance. Staying on GOLDMINI_PINE.[0m
2026-02-11 14:40:33,343 - INFO - ⚙️ Commodity scan list prepared: 3 symbols (tokens available for 0)
2026-02-11 14:40:33,343 - WARNING - Nifty data missing for regime assessment. Defaulting to HIGH_CONVICTION.
2026-02-11 14:40:34,920 - INFO - Indicators SILVER: price 83.67, vol 5.00, atr% 0.57, rc 0.56
2026-02-11 14:40:37,704 - INFO - Indicators GOLDM: price 156159.00, vol 5.00, atr% 0.06, rc 0.64
2026-02-11 14:40:37,706 - INFO - Indicators GOLDMINI: price 156159.00, vol 5.00, atr% 0.06, rc 0.64
2026-02-11 14:40:37,707 - INFO - Indicators SILVER: price 261820.00, vol 5.00, atr% 0.17, rc 0.76
2026-02-11 14:40:37,709 - INFO - Indicators SILVERM: price 268000.00, vol 5.00, atr% 0.17, rc 0.76
2026-02-11 14:40:37,712 - INFO - Indicators SILVERMIC: price 268034.00, vol 5.00, atr% 0.20, rc 0.70
2026-02-11 14:40:37,714 - INFO - Indicators CRUDEOILM: price 5884.00, vol 5.00, atr% 0.14, rc 0.50
2026-02-11 14:40:37,715 - INFO - Indicators CRUDEOILMINI: price 5884.00, vol 5.00, atr% 0.14, rc 0.50
2026-02-11 14:40:37,717 - INFO - Indicators NATGASMINI: price 285.00, vol 5.00, atr% 0.20, rc 0.62
2026-02-11 14:40:39,167 - INFO - Indicators NATURALGAS: price 284.90, vol 5.00, atr% 0.20, rc 0.57
2026-02-11 14:41:04,931 - WARNING - [33m❌ Ignoring switch to GOLDMINI_PINE for COMMODITY instance. Staying on GOLDMINI_PINE.[0m
2026-02-11 14:41:04,934 - INFO - ⚙️ Commodity scan list prepared: 3 symbols (tokens available for 0)
2026-02-11 14:41:04,935 - WARNING - Nifty data missing for regime assessment. Defaulting to HIGH_CONVICTION.
2026-02-11 14:41:06,416 - INFO - Indicators SILVER: price 83.63, vol 5.00, atr% 0.57, rc 0.51
2026-02-11 14:41:14,811 - WARNING - [33m❌ Ignoring switch to GOLDMINI_PINE for COMMODITY instance. Staying on GOLDMINI_PINE.[0m
2026-02-11 14:41:14,812 - INFO - ⚙️ Commodity scan list prepared: 9 symbols (tokens available for 9)
2026-02-11 14:41:14,812 - WARNING - Nifty data missing for regime assessment. Defaulting to HIGH_CONVICTION.
2026-02-11 14:41:25,302 - INFO - Indicators GOLDM: price 156159.00, vol 5.00, atr% 0.06, rc 0.65
2026-02-11 14:41:25,309 - INFO - Indicators GOLDMINI: price 156159.00, vol 5.00, atr% 0.06, rc 0.65
2026-02-11 14:41:25,318 - INFO - Indicators SILVER: price 262072.00, vol 5.00, atr% 0.18, rc 0.67
2026-02-11 14:41:25,333 - INFO - Indicators SILVERM: price 268138.00, vol 5.00, atr% 0.18, rc 0.52
2026-02-11 14:41:25,335 - INFO - Indicators SILVERMIC: price 268140.00, vol 5.00, atr% 0.22, rc 0.51
2026-02-11 14:41:25,340 - INFO - Indicators CRUDEOILM: price 5886.00, vol 5.00, atr% 0.15, rc 0.60
2026-02-11 14:41:25,343 - INFO - Indicators CRUDEOILMINI: price 5886.00, vol 5.00, atr% 0.15, rc 0.60
2026-02-11 14:41:25,345 - INFO - Indicators NATGASMINI: price 285.50, vol 5.00, atr% 0.22, rc 0.80
2026-02-11 14:41:33,367 - ERROR - API error for NATURALGAS (Attempt 1): HTTPSConnectionPool(host='api.kite.trade', port=443): Read timed out. (read timeout=7)
2026-02-11 14:41:36,426 - WARNING - [33m❌ Ignoring switch to GOLDMINI_PINE for COMMODITY instance. Staying on GOLDMINI_PINE.[0m
2026-02-11 14:41:36,427 - INFO - ⚙️ Commodity scan list prepared: 3 symbols (tokens available for 0)
2026-02-11 14:41:36,427 - WARNING - Nifty data missing for regime assessment. Defaulting to HIGH_CONVICTION.
2026-02-11 14:41:37,967 - INFO - Indicators NATURALGAS: price 285.20, vol 5.00, atr% 0.21, rc 0.71
2026-02-11 14:41:38,189 - INFO - Indicators SILVER: price 83.70, vol 5.00, atr% 0.57, rc 0.59
2026-02-11 14:42:08,199 - WARNING - [33m❌ Ignoring switch to GOLDMINI_PINE for COMMODITY instance. Staying on GOLDMINI_PINE.[0m
2026-02-11 14:42:08,199 - INFO - ⚙️ Commodity scan list prepared: 3 symbols (tokens available for 0)
2026-02-11 14:42:08,200 - WARNING - Nifty data missing for regime assessment. Defaulting to HIGH_CONVICTION.
2026-02-11 14:42:10,114 - INFO - Indicators SILVER: price 83.65, vol 5.00, atr% 0.57, rc 0.53
2026-02-11 14:42:13,580 - WARNING - [33m❌ Ignoring switch to GOLDMINI_PINE for COMMODITY instance. Staying on GOLDMINI_PINE.[0m
2026-02-11 14:42:13,580 - INFO - ⚙️ Commodity scan list prepared: 9 symbols (tokens available for 9)
2026-02-11 14:42:13,580 - WARNING - Nifty data missing for regime assessment. Defaulting to HIGH_CONVICTION.
2026-02-11 14:42:25,848 - INFO - Indicators GOLDM: price 156176.00, vol 5.00, atr% 0.07, rc 0.72
2026-02-11 14:42:25,852 - INFO - Indicators GOLDMINI: price 156176.00, vol 5.00, atr% 0.07, rc 0.72
2026-02-11 14:42:25,856 - INFO - Indicators SILVER: price 262072.00, vol 5.00, atr% 0.19, rc 0.82
2026-02-11 14:42:25,860 - INFO - Indicators SILVERM: price 268246.00, vol 5.00, atr% 0.18, rc 0.72
2026-02-11 14:42:25,875 - INFO - Indicators SILVERMIC: price 268143.00, vol 5.00, atr% 0.22, rc 0.64
2026-02-11 14:42:25,877 - INFO - Indicators CRUDEOILM: price 5887.00, vol 5.00, atr% 0.15, rc 0.67
2026-02-11 14:42:25,880 - INFO - Indicators CRUDEOILMINI: price 5887.00, vol 5.00, atr% 0.15, rc 0.67
2026-02-11 14:42:25,882 - INFO - Indicators NATGASMINI: price 285.20, vol 5.00, atr% 0.21, rc 0.67
2026-02-11 14:42:27,290 - INFO - Indicators NATURALGAS: price 285.10, vol 5.00, atr% 0.21, rc 0.72
2026-02-11 14:42:40,123 - WARNING - [33m❌ Ignoring switch to GOLDMINI_PINE for COMMODITY instance. Staying on GOLDMINI_PINE.[0m
2026-02-11 14:42:40,124 - INFO - ⚙️ Commodity scan list prepared: 3 symbols (tokens available for 0)
2026-02-11 14:42:40,124 - WARNING - Nifty data missing for regime assessment. Defaulting to HIGH_CONVICTION.
2026-02-11 14:42:41,211 - INFO - Indicators SILVER: price 83.67, vol 5.00, atr% 0.57, rc 0.56
2026-02-11 14:43:02,931 - WARNING - [33m❌ Ignoring switch to GOLDMINI_PINE for COMMODITY instance. Staying on GOLDMINI_PINE.[0m
2026-02-11 14:43:02,934 - INFO - ⚙️ Commodity scan list prepared: 9 symbols (tokens available for 9)
2026-02-11 14:43:02,934 - WARNING - Nifty data missing for regime assessment. Defaulting to HIGH_CONVICTION.
2026-02-11 14:43:11,221 - WARNING - [33m❌ Ignoring switch to GOLDMINI_PINE for COMMODITY instance. Staying on GOLDMINI_PINE.[0m
2026-02-11 14:43:11,223 - INFO - ⚙️ Commodity scan list prepared: 3 symbols (tokens available for 0)
2026-02-11 14:43:11,223 - WARNING - Nifty data missing for regime assessment. Defaulting to HIGH_CONVICTION.
2026-02-11 14:43:12,906 - INFO - Indicators SILVER: price 83.55, vol 5.00, atr% 0.57, rc 0.47
2026-02-11 14:43:13,322 - INFO - Indicators GOLDM: price 156147.00, vol 5.00, atr% 0.07, rc 0.62
2026-02-11 14:43:13,327 - INFO - Indicators GOLDMINI: price 156147.00, vol 5.00, atr% 0.07, rc 0.62
2026-02-11 14:43:13,333 - INFO - Indicators SILVER: price 262072.00, vol 5.00, atr% 0.17, rc 0.67
2026-02-11 14:43:13,338 - INFO - Indicators SILVERM: price 268130.00, vol 5.00, atr% 0.19, rc 0.56
2026-02-11 14:43:13,342 - INFO - Indicators SILVERMIC: price 268147.00, vol 5.00, atr% 0.22, rc 0.57
2026-02-11 14:43:13,344 - INFO - Indicators CRUDEOILM: price 5887.00, vol 5.00, atr% 0.15, rc 0.64
2026-02-11 14:43:13,348 - INFO - Indicators CRUDEOILMINI: price 5887.00, vol 5.00, atr% 0.15, rc 0.64
2026-02-11 14:43:13,351 - INFO - Indicators NATGASMINI: price 285.40, vol 5.00, atr% 0.20, rc 0.78
2026-02-11 14:43:14,776 - INFO - Indicators NATURALGAS: price 285.40, vol 5.00, atr% 0.20, rc 0.78
2026-02-11 14:43:42,915 - WARNING - [33m❌ Ignoring switch to GOLDMINI_PINE for COMMODITY instance. Staying on GOLDMINI_PINE.[0m
2026-02-11 14:43:42,916 - INFO - ⚙️ Commodity scan list prepared: 3 symbols (tokens available for 0)
2026-02-11 14:43:42,916 - WARNING - Nifty data missing for regime assessment. Defaulting to HIGH_CONVICTION.
2026-02-11 14:43:43,905 - INFO - Indicators SILVER: price 83.54, vol 5.00, atr% 0.57, rc 0.47
2026-02-11 14:43:50,427 - WARNING - [33m❌ Ignoring switch to GOLDMINI_PINE for COMMODITY instance. Staying on GOLDMINI_PINE.[0m
2026-02-11 14:43:50,429 - INFO - ⚙️ Commodity scan list prepared: 9 symbols (tokens available for 9)
2026-02-11 14:43:50,429 - WARNING - Nifty data missing for regime assessment. Defaulting to HIGH_CONVICTION.
2026-02-11 14:44:00,724 - INFO - Indicators GOLDM: price 156147.00, vol 5.00, atr% 0.07, rc 0.61
2026-02-11 14:44:00,728 - INFO - Indicators GOLDMINI: price 156147.00, vol 5.00, atr% 0.07, rc 0.61
2026-02-11 14:44:00,742 - INFO - Indicators SILVER: price 262072.00, vol 5.00, atr% 0.17, rc 0.68
2026-02-11 14:44:00,743 - INFO - Indicators SILVERM: price 268100.00, vol 5.00, atr% 0.19, rc 0.61
2026-02-11 14:44:00,746 - INFO - Indicators SILVERMIC: price 268100.00, vol 5.00, atr% 0.21, rc 0.50
2026-02-11 14:44:00,747 - INFO - Indicators CRUDEOILM: price 5887.00, vol 5.00, atr% 0.15, rc 0.64
2026-02-11 14:44:00,750 - INFO - Indicators CRUDEOILMINI: price 5887.00, vol 5.00, atr% 0.15, rc 0.64
2026-02-11 14:44:00,753 - INFO - Indicators NATGASMINI: price 285.60, vol 5.00, atr% 0.22, rc 0.86
2026-02-11 14:44:02,171 - INFO - Indicators NATURALGAS: price 285.50, vol 5.00, atr% 0.20, rc 0.83
2026-02-11 14:44:13,914 - WARNING - [33m❌ Ignoring switch to GOLDMINI_PINE for COMMODITY instance. Staying on GOLDMINI_PINE.[0m
2026-02-11 14:44:13,915 - INFO - ⚙️ Commodity scan list prepared: 3 symbols (tokens available for 0)
2026-02-11 14:44:13,916 - WARNING - Nifty data missing for regime assessment. Defaulting to HIGH_CONVICTION.
2026-02-11 14:44:15,301 - INFO - Indicators SILVER: price 83.57, vol 5.00, atr% 0.57, rc 0.48
2026-02-11 14:44:38,237 - WARNING - [33m❌ Ignoring switch to GOLDMINI_PINE for COMMODITY instance. Staying on GOLDMINI_PINE.[0m
2026-02-11 14:44:38,243 - INFO - ⚙️ Commodity scan list prepared: 9 symbols (tokens available for 9)
2026-02-11 14:44:38,244 - WARNING - Nifty data missing for regime assessment. Defaulting to HIGH_CONVICTION.
2026-02-11 14:44:45,311 - WARNING - [33m❌ Ignoring switch to GOLDMINI_PINE for COMMODITY instance. Staying on GOLDMINI_PINE.[0m
2026-02-11 14:44:45,312 - INFO - ⚙️ Commodity scan list prepared: 3 symbols (tokens available for 0)
2026-02-11 14:44:45,312 - WARNING - Nifty data missing for regime assessment. Defaulting to HIGH_CONVICTION.
2026-02-11 14:44:46,647 - INFO - Indicators SILVER: price 83.61, vol 5.00, atr% 0.57, rc 0.50
2026-02-11 14:44:49,761 - INFO - Indicators GOLDM: price 156152.00, vol 5.00, atr% 0.07, rc 0.55
2026-02-11 14:44:49,771 - INFO - Indicators GOLDMINI: price 156152.00, vol 5.00, atr% 0.07, rc 0.55
2026-02-11 14:44:49,781 - INFO - Indicators SILVER: price 262072.00, vol 5.00, atr% 0.17, rc 0.68
2026-02-11 14:44:49,783 - INFO - Indicators SILVERM: price 268062.00, vol 5.00, atr% 0.17, rc 0.52
2026-02-11 14:44:49,786 - INFO - Indicators SILVERMIC: price 268100.00, vol 5.00, atr% 0.20, rc 0.53
2026-02-11 14:44:49,788 - INFO - Indicators CRUDEOILM: price 5888.00, vol 5.00, atr% 0.14, rc 0.62
2026-02-11 14:44:49,790 - INFO - Indicators CRUDEOILMINI: price 5888.00, vol 5.00, atr% 0.14, rc 0.62
2026-02-11 14:44:49,793 - INFO - Indicators NATGASMINI: price 285.70, vol 5.00, atr% 0.22, rc 0.90
2026-02-11 14:44:51,195 - INFO - Indicators NATURALGAS: price 285.50, vol 5.00, atr% 0.21, rc 0.93
2026-02-11 14:44:52,688 - INFO - Strategy Validation - Win Rate: 26.7%, Profit Factor: 2.15
2026-02-11 14:44:55,530 - INFO - ALERT SENT: NATGASMINI NEW SIGNAL
2026-02-11 14:44:55,530 - INFO - [35mExecution Triggered for NATGASMINI. Conf >= 7.8 and Position is Closed.[0m
2026-02-11 14:44:55,667 - ERROR - [31mFailed to execute commodity BULLISH strategy for NATGASMINI[0m
2026-02-11 14:44:56,895 - INFO - Strategy Validation - Win Rate: 26.7%, Profit Factor: 2.15
2026-02-11 14:44:59,078 - INFO - ALERT SENT: NATURALGAS NEW SIGNAL
2026-02-11 14:44:59,079 - INFO - [35mExecution Triggered for NATURALGAS. Conf >= 7.8 and Position is Closed.[0m
2026-02-11 14:44:59,180 - ERROR - [31mFailed to execute commodity BULLISH strategy for NATURALGAS[0m
2026-02-11 14:45:16,656 - WARNING - [33m❌ Ignoring switch to GOLDMINI_PINE for COMMODITY instance. Staying on GOLDMINI_PINE.[0m
2026-02-11 14:45:16,659 - INFO - ⚙️ Commodity scan list prepared: 3 symbols (tokens available for 0)
2026-02-11 14:45:16,660 - WARNING - Nifty data missing for regime assessment. Defaulting to HIGH_CONVICTION.
2026-02-11 14:45:18,074 - INFO - Indicators SILVER: price 83.64, vol 5.00, atr% 0.58, rc 0.51
2026-02-11 14:45:34,004 - WARNING - [33m❌ Ignoring switch to GOLDMINI_PINE for COMMODITY instance. Staying on GOLDMINI_PINE.[0m
2026-02-11 14:45:34,005 - INFO - ⚙️ Commodity scan list prepared: 9 symbols (tokens available for 9)
2026-02-11 14:45:34,005 - WARNING - Nifty data missing for regime assessment. Defaulting to HIGH_CONVICTION.
2026-02-11 14:45:45,092 - INFO - Indicators GOLDM: price 156150.00, vol 5.00, atr% 0.06, rc 0.52
2026-02-11 14:45:45,095 - INFO - Indicators GOLDMINI: price 156150.00, vol 5.00, atr% 0.06, rc 0.52
2026-02-11 14:45:45,096 - INFO - Indicators SILVER: price 262072.00, vol 5.00, atr% 0.16, rc 0.55
2026-02-11 14:45:45,098 - INFO - Indicators SILVERM: price 268000.00, vol 5.00, atr% 0.16, rc 0.49
2026-02-11 14:45:45,100 - INFO - Indicators SILVERMIC: price 268023.00, vol 5.00, atr% 0.20, rc 0.63
2026-02-11 14:45:45,102 - INFO - Indicators CRUDEOILM: price 5890.00, vol 5.00, atr% 0.14, rc 0.71
2026-02-11 14:45:45,103 - INFO - Indicators CRUDEOILMINI: price 5890.00, vol 5.00, atr% 0.14, rc 0.71
2026-02-11 14:45:45,105 - INFO - Indicators NATGASMINI: price 285.70, vol 5.00, atr% 0.22, rc 0.61
2026-02-11 14:45:46,569 - INFO - Indicators NATURALGAS: price 285.70, vol 5.00, atr% 0.21, rc 0.66
2026-02-11 14:45:48,083 - WARNING - [33m❌ Ignoring switch to GOLDMINI_PINE for COMMODITY instance. Staying on GOLDMINI_PINE.[0m
2026-02-11 14:45:48,085 - INFO - ⚙️ Commodity scan list prepared: 3 symbols (tokens available for 0)
2026-02-11 14:45:48,086 - WARNING - Nifty data missing for regime assessment. Defaulting to HIGH_CONVICTION.
2026-02-11 14:45:49,565 - INFO - Indicators SILVER: price 83.45, vol 5.00, atr% 0.58, rc 0.53
2026-02-11 14:45:49,571 - ERROR - CRITICAL: No future expiry dates found in MCX cache for SILVER. Defaulting to +30 days.
2026-02-11 14:45:49,572 - WARNING - MCX lot size unavailable for SILVER; skipping metrics.
2026-02-11 14:45:49,572 - ERROR - CRITICAL: No future expiry dates found in MCX cache for SILVER. Defaulting to +30 days.
2026-02-11 14:45:49,617 - INFO - Strategy Validation - Win Rate: 26.7%, Profit Factor: 2.15
2026-02-11 14:45:52,206 - INFO - ALERT SENT: SILVER NEW SIGNAL
2026-02-11 14:45:52,207 - INFO - [35mExecution Triggered for SILVER. Conf >= 7.0 and Position is Closed.[0m
2026-02-11 14:45:52,207 - ERROR - CRITICAL: No future expiry dates found in MCX cache for SILVER. Defaulting to +30 days.
2026-02-11 14:45:52,207 - ERROR - [31mFailed to execute commodity BULLISH strategy for SILVER[0m
2026-02-11 14:45:53,479 - WARNING - [33m❌ Ignoring switch to GOLDMINI_PINE for COMMODITY instance. Staying on GOLDMINI_PINE.[0m
2026-02-11 14:45:53,480 - INFO - ⚙️ Commodity scan list prepared: 3 symbols (tokens available for 0)
2026-02-11 14:45:53,480 - WARNING - Nifty data missing for regime assessment. Defaulting to HIGH_CONVICTION.
2026-02-11 14:45:54,634 - INFO - Indicators SILVER: price 83.45, vol 5.00, atr% 0.58, rc 0.53
2026-02-11 14:45:54,635 - ERROR - CRITICAL: No future expiry dates found in MCX cache for SILVER. Defaulting to +30 days.
2026-02-11 14:45:54,635 - WARNING - MCX lot size unavailable for SILVER; skipping metrics.
2026-02-11 14:45:54,635 - ERROR - CRITICAL: No future expiry dates found in MCX cache for SILVER. Defaulting to +30 days.
2026-02-11 14:45:54,640 - INFO - Strategy Validation - Win Rate: 26.7%, Profit Factor: 2.15
2026-02-11 14:45:56,883 - INFO - ALERT SENT: SILVER NEW SIGNAL
2026-02-11 14:45:56,884 - INFO - [35mExecution Triggered for SILVER. Conf >= 7.0 and Position is Closed.[0m
2026-02-11 14:45:56,884 - ERROR - CRITICAL: No future expiry dates found in MCX cache for SILVER. Defaulting to +30 days.
2026-02-11 14:45:56,884 - ERROR - [31mFailed to execute commodity BULLISH strategy for SILVER[0m
2026-02-11 14:45:57,898 - WARNING - [33m❌ Ignoring switch to GOLDMINI_PINE for COMMODITY instance. Staying on GOLDMINI_PINE.[0m
2026-02-11 14:45:57,898 - INFO - ⚙️ Commodity scan list prepared: 3 symbols (tokens available for 0)
2026-02-11 14:45:57,898 - WARNING - Nifty data missing for regime assessment. Defaulting to HIGH_CONVICTION.
2026-02-11 14:45:59,254 - INFO - Indicators SILVER: price 83.45, vol 5.00, atr% 0.58, rc 0.53
2026-02-11 14:45:59,254 - ERROR - CRITICAL: No future expiry dates found in MCX cache for SILVER. Defaulting to +30 days.
2026-02-11 14:45:59,254 - WARNING - MCX lot size unavailable for SILVER; skipping metrics.
2026-02-11 14:45:59,254 - ERROR - CRITICAL: No future expiry dates found in MCX cache for SILVER. Defaulting to +30 days.
2026-02-11 14:45:59,256 - INFO - Strategy Validation - Win Rate: 26.7%, Profit Factor: 2.15
2026-02-11 14:46:01,305 - INFO - ALERT SENT: SILVER NEW SIGNAL
2026-02-11 14:46:01,306 - INFO - [35mExecution Triggered for SILVER. Conf >= 7.0 and Position is Closed.[0m
2026-02-11 14:46:01,306 - ERROR - CRITICAL: No future expiry dates found in MCX cache for SILVER. Defaulting to +30 days.
2026-02-11 14:46:01,306 - ERROR - [31mFailed to execute commodity BULLISH strategy for SILVER[0m
2026-02-11 14:46:22,311 - WARNING - [33m❌ Ignoring switch to GOLDMINI_PINE for COMMODITY instance. Staying on GOLDMINI_PINE.[0m
2026-02-11 14:46:22,312 - INFO - ⚙️ Commodity scan list prepared: 9 symbols (tokens available for 9)
2026-02-11 14:46:22,312 - WARNING - Nifty data missing for regime assessment. Defaulting to HIGH_CONVICTION.
2026-02-11 14:46:31,320 - WARNING - [33m❌ Ignoring switch to GOLDMINI_PINE for COMMODITY instance. Staying on GOLDMINI_PINE.[0m
2026-02-11 14:46:31,322 - INFO - ⚙️ Commodity scan list prepared: 3 symbols (tokens available for 0)
2026-02-11 14:46:31,322 - WARNING - Nifty data missing for regime assessment. Defaulting to HIGH_CONVICTION.
2026-02-11 14:46:32,727 - INFO - Indicators SILVER: price 83.26, vol 5.00, atr% 0.60, rc 0.64
2026-02-11 14:46:32,728 - ERROR - CRITICAL: No future expiry dates found in MCX cache for SILVER. Defaulting to +30 days.
2026-02-11 14:46:32,728 - WARNING - MCX lot size unavailable for SILVER; skipping metrics.
2026-02-11 14:46:32,728 - ERROR - CRITICAL: No future expiry dates found in MCX cache for SILVER. Defaulting to +30 days.
2026-02-11 14:46:32,732 - INFO - Strategy Validation - Win Rate: 26.7%, Profit Factor: 2.15
2026-02-11 14:46:33,394 - INFO - Indicators GOLDM: price 156150.00, vol 5.00, atr% 0.07, rc 0.55
2026-02-11 14:46:33,398 - INFO - Indicators GOLDMINI: price 156150.00, vol 5.00, atr% 0.07, rc 0.55
2026-02-11 14:46:33,403 - INFO - Indicators SILVER: price 261664.00, vol 5.00, atr% 0.18, rc 0.76
2026-02-11 14:46:33,407 - INFO - Indicators SILVERM: price 268076.00, vol 5.00, atr% 0.18, rc 0.55
2026-02-11 14:46:33,414 - INFO - Indicators SILVERMIC: price 268072.00, vol 5.00, atr% 0.22, rc 0.57
2026-02-11 14:46:33,416 - INFO - Indicators CRUDEOILM: price 5888.00, vol 5.00, atr% 0.14, rc 0.57
2026-02-11 14:46:33,419 - INFO - Indicators CRUDEOILMINI: price 5888.00, vol 5.00, atr% 0.14, rc 0.57
2026-02-11 14:46:33,421 - INFO - Indicators NATGASMINI: price 285.70, vol 5.00, atr% 0.23, rc 0.56
2026-02-11 14:46:34,886 - INFO - Indicators NATURALGAS: price 285.70, vol 5.00, atr% 0.22, rc 0.70
2026-02-11 14:46:35,236 - INFO - ALERT SENT: SILVER NEW SIGNAL
2026-02-11 14:46:35,236 - INFO - [35mExecution Triggered for SILVER. Conf >= 7.0 and Position is Closed.[0m
2026-02-11 14:46:35,236 - ERROR - CRITICAL: No future expiry dates found in MCX cache for SILVER. Defaulting to +30 days.
2026-02-11 14:46:35,236 - ERROR - [31mFailed to execute commodity BULLISH strategy for SILVER[0m
2026-02-11 14:47:05,243 - WARNING - [33m❌ Ignoring switch to GOLDMINI_PINE for COMMODITY instance. Staying on GOLDMINI_PINE.[0m
2026-02-11 14:47:05,249 - INFO - ⚙️ Commodity scan list prepared: 3 symbols (tokens available for 0)
2026-02-11 14:47:05,251 - WARNING - Nifty data missing for regime assessment. Defaulting to HIGH_CONVICTION.
2026-02-11 14:47:06,665 - INFO - Indicators SILVER: price 83.27, vol 5.00, atr% 0.60, rc 0.64
2026-02-11 14:47:06,665 - ERROR - CRITICAL: No future expiry dates found in MCX cache for SILVER. Defaulting to +30 days.
2026-02-11 14:47:06,665 - WARNING - MCX lot size unavailable for SILVER; skipping metrics.
2026-02-11 14:47:06,665 - ERROR - CRITICAL: No future expiry dates found in MCX cache for SILVER. Defaulting to +30 days.
2026-02-11 14:47:06,668 - INFO - Strategy Validation - Win Rate: 26.7%, Profit Factor: 2.15
2026-02-11 14:47:09,092 - INFO - ALERT SENT: SILVER NEW SIGNAL
2026-02-11 14:47:09,092 - INFO - [35mExecution Triggered for SILVER. Conf >= 7.0 and Position is Closed.[0m
2026-02-11 14:47:09,092 - ERROR - CRITICAL: No future expiry dates found in MCX cache for SILVER. Defaulting to +30 days.
2026-02-11 14:47:09,092 - ERROR - [31mFailed to execute commodity BULLISH strategy for SILVER[0m
2026-02-11 14:47:10,544 - WARNING - [33m❌ Ignoring switch to GOLDMINI_PINE for COMMODITY instance. Staying on GOLDMINI_PINE.[0m
2026-02-11 14:47:10,544 - INFO - ⚙️ Commodity scan list prepared: 9 symbols (tokens available for 9)
2026-02-11 14:47:10,545 - WARNING - Nifty data missing for regime assessment. Defaulting to HIGH_CONVICTION.
2026-02-11 14:47:23,028 - INFO - Indicators GOLDM: price 156187.00, vol 5.00, atr% 0.07, rc 0.60
2026-02-11 14:47:23,032 - INFO - Indicators GOLDMINI: price 156187.00, vol 5.00, atr% 0.07, rc 0.60
2026-02-11 14:47:23,035 - INFO - Indicators SILVER: price 261664.00, vol 5.00, atr% 0.18, rc 0.75
2026-02-11 14:47:23,038 - INFO - Indicators SILVERM: price 268022.00, vol 5.00, atr% 0.18, rc 0.63
2026-02-11 14:47:23,040 - INFO - Indicators SILVERMIC: price 267866.00, vol 5.00, atr% 0.22, rc 0.64
2026-02-11 14:47:23,044 - INFO - Indicators CRUDEOILM: price 5890.00, vol 5.00, atr% 0.14, rc 0.61
2026-02-11 14:47:23,046 - INFO - Indicators CRUDEOILMINI: price 5890.00, vol 5.00, atr% 0.14, rc 0.61
2026-02-11 14:47:23,048 - INFO - Indicators NATGASMINI: price 285.30, vol 5.00, atr% 0.21, rc 0.51
2026-02-11 14:47:24,571 - INFO - Indicators NATURALGAS: price 285.20, vol 5.00, atr% 0.22, rc 0.51
2026-02-11 14:47:39,104 - WARNING - [33m❌ Ignoring switch to GOLDMINI_PINE for COMMODITY instance. Staying on GOLDMINI_PINE.[0m
2026-02-11 14:47:39,106 - INFO - ⚙️ Commodity scan list prepared: 3 symbols (tokens available for 0)
2026-02-11 14:47:39,106 - WARNING - Nifty data missing for regime assessment. Defaulting to HIGH_CONVICTION.
2026-02-11 14:47:40,557 - INFO - Indicators SILVER: price 83.27, vol 5.00, atr% 0.60, rc 0.64
2026-02-11 14:47:40,557 - ERROR - CRITICAL: No future expiry dates found in MCX cache for SILVER. Defaulting to +30 days.
2026-02-11 14:47:40,558 - WARNING - MCX lot size unavailable for SILVER; skipping metrics.
2026-02-11 14:47:40,558 - ERROR - CRITICAL: No future expiry dates found in MCX cache for SILVER. Defaulting to +30 days.
2026-02-11 14:47:40,562 - INFO - Strategy Validation - Win Rate: 26.7%, Profit Factor: 2.15
2026-02-11 14:47:43,118 - INFO - ALERT SENT: SILVER NEW SIGNAL
2026-02-11 14:47:43,118 - INFO - [35mExecution Triggered for SILVER. Conf >= 7.0 and Position is Closed.[0m
2026-02-11 14:47:43,118 - ERROR - CRITICAL: No future expiry dates found in MCX cache for SILVER. Defaulting to +30 days.
2026-02-11 14:47:43,118 - ERROR - [31mFailed to execute commodity BULLISH strategy for SILVER[0m
2026-02-11 14:47:59,835 - WARNING - [33m❌ Ignoring switch to GOLDMINI_PINE for COMMODITY instance. Staying on GOLDMINI_PINE.[0m
2026-02-11 14:47:59,837 - INFO - ⚙️ Commodity scan list prepared: 9 symbols (tokens available for 9)
2026-02-11 14:47:59,837 - WARNING - Nifty data missing for regime assessment. Defaulting to HIGH_CONVICTION.
2026-02-11 14:48:12,398 - INFO - Indicators GOLDM: price 156200.00, vol 5.00, atr% 0.07, rc 0.63
2026-02-11 14:48:12,401 - INFO - Indicators GOLDMINI: price 156200.00, vol 5.00, atr% 0.07, rc 0.63
2026-02-11 14:48:12,403 - INFO - Indicators SILVER: price 261664.00, vol 5.00, atr% 0.17, rc 0.78
2026-02-11 14:48:12,412 - INFO - Indicators SILVERM: price 268039.00, vol 5.00, atr% 0.17, rc 0.55
2026-02-11 14:48:12,414 - INFO - Indicators SILVERMIC: price 268034.00, vol 5.00, atr% 0.21, rc 0.56
2026-02-11 14:48:12,421 - INFO - Indicators CRUDEOILM: price 5890.00, vol 5.00, atr% 0.14, rc 0.60
2026-02-11 14:48:12,425 - INFO - Indicators CRUDEOILMINI: price 5890.00, vol 5.00, atr% 0.14, rc 0.60
2026-02-11 14:48:12,429 - INFO - Indicators NATGASMINI: price 285.40, vol 5.00, atr% 0.21, rc 0.47
2026-02-11 14:48:13,128 - WARNING - [33m❌ Ignoring switch to GOLDMINI_PINE for COMMODITY instance. Staying on GOLDMINI_PINE.[0m
2026-02-11 14:48:13,132 - INFO - ⚙️ Commodity scan list prepared: 3 symbols (tokens available for 0)
2026-02-11 14:48:13,132 - WARNING - Nifty data missing for regime assessment. Defaulting to HIGH_CONVICTION.
2026-02-11 14:48:13,858 - INFO - Indicators NATURALGAS: price 285.20, vol 5.00, atr% 0.21, rc 0.57
2026-02-11 14:48:14,546 - INFO - Indicators SILVER: price 83.31, vol 5.00, atr% 0.60, rc 0.61
2026-02-11 14:48:14,546 - ERROR - CRITICAL: No future expiry dates found in MCX cache for SILVER. Defaulting to +30 days.
2026-02-11 14:48:14,546 - WARNING - MCX lot size unavailable for SILVER; skipping metrics.
2026-02-11 14:48:14,546 - ERROR - CRITICAL: No future expiry dates found in MCX cache for SILVER. Defaulting to +30 days.
2026-02-11 14:48:14,551 - INFO - Strategy Validation - Win Rate: 26.7%, Profit Factor: 2.15
2026-02-11 14:48:16,999 - INFO - ALERT SENT: SILVER NEW SIGNAL
2026-02-11 14:48:17,000 - INFO - [35mExecution Triggered for SILVER. Conf >= 7.0 and Position is Closed.[0m
2026-02-11 14:48:17,000 - ERROR - CRITICAL: No future expiry dates found in MCX cache for SILVER. Defaulting to +30 days.
2026-02-11 14:48:17,000 - ERROR - [31mFailed to execute commodity BULLISH strategy for SILVER[0m
2026-02-11 14:48:20,592 - WARNING - [33m❌ Ignoring switch to GOLDMINI_PINE for COMMODITY instance. Staying on GOLDMINI_PINE.[0m
2026-02-11 14:48:20,598 - INFO - ⚙️ Commodity scan list prepared: 9 symbols (tokens available for 9)
2026-02-11 14:48:20,599 - WARNING - Nifty data missing for regime assessment. Defaulting to HIGH_CONVICTION.
2026-02-11 14:48:30,930 - INFO - Indicators GOLDM: price 156213.00, vol 5.00, atr% 0.07, rc 0.67
2026-02-11 14:48:30,932 - INFO - Indicators GOLDMINI: price 156213.00, vol 5.00, atr% 0.07, rc 0.67
2026-02-11 14:48:30,934 - INFO - Indicators SILVER: price 261664.00, vol 5.00, atr% 0.17, rc 0.77
2026-02-11 14:48:30,935 - INFO - Indicators SILVERM: price 268045.00, vol 5.00, atr% 0.17, rc 0.55
2026-02-11 14:48:30,937 - INFO - Indicators SILVERMIC: price 268110.00, vol 5.00, atr% 0.20, rc 0.54
2026-02-11 14:48:30,940 - INFO - Indicators CRUDEOILM: price 5891.00, vol 5.00, atr% 0.14, rc 0.60
2026-02-11 14:48:30,941 - INFO - Indicators CRUDEOILMINI: price 5891.00, vol 5.00, atr% 0.14, rc 0.60
2026-02-11 14:48:30,943 - INFO - Indicators NATGASMINI: price 285.30, vol 5.00, atr% 0.21, rc 0.56
2026-02-11 14:48:32,456 - INFO - Indicators NATURALGAS: price 285.20, vol 5.00, atr% 0.21, rc 0.57
2026-02-11 14:48:47,008 - WARNING - [33m❌ Ignoring switch to GOLDMINI_PINE for COMMODITY instance. Staying on GOLDMINI_PINE.[0m
2026-02-11 14:48:47,009 - INFO - ⚙️ Commodity scan list prepared: 3 symbols (tokens available for 0)
2026-02-11 14:48:47,009 - WARNING - Nifty data missing for regime assessment. Defaulting to HIGH_CONVICTION.
2026-02-11 14:48:48,118 - INFO - Indicators SILVER: price 83.32, vol 5.00, atr% 0.60, rc 0.61
2026-02-11 14:48:48,118 - ERROR - CRITICAL: No future expiry dates found in MCX cache for SILVER. Defaulting to +30 days.
2026-02-11 14:48:48,119 - WARNING - MCX lot size unavailable for SILVER; skipping metrics.
2026-02-11 14:48:48,119 - ERROR - CRITICAL: No future expiry dates found in MCX cache for SILVER. Defaulting to +30 days.
2026-02-11 14:48:48,125 - INFO - Strategy Validation - Win Rate: 26.7%, Profit Factor: 2.15
2026-02-11 14:48:50,752 - INFO - ALERT SENT: SILVER NEW SIGNAL
2026-02-11 14:48:50,753 - INFO - [35mExecution Triggered for SILVER. Conf >= 7.0 and Position is Closed.[0m
2026-02-11 14:48:50,753 - ERROR - CRITICAL: No future expiry dates found in MCX cache for SILVER. Defaulting to +30 days.
2026-02-11 14:48:50,754 - ERROR - [31mFailed to execute commodity BULLISH strategy for SILVER[0m
2026-02-11 14:49:08,153 - WARNING - [33m❌ Ignoring switch to GOLDMINI_PINE for COMMODITY instance. Staying on GOLDMINI_PINE.[0m
2026-02-11 14:49:08,156 - INFO - ⚙️ Commodity scan list prepared: 9 symbols (tokens available for 9)
2026-02-11 14:49:08,156 - WARNING - Nifty data missing for regime assessment. Defaulting to HIGH_CONVICTION.
2026-02-11 14:49:19,354 - INFO - Indicators GOLDM: price 156227.00, vol 5.00, atr% 0.07, rc 0.70
2026-02-11 14:49:19,367 - INFO - Indicators GOLDMINI: price 156227.00, vol 5.00, atr% 0.07, rc 0.70
2026-02-11 14:49:19,380 - INFO - Indicators SILVER: price 262077.00, vol 5.00, atr% 0.16, rc 0.50
2026-02-11 14:49:19,383 - INFO - Indicators SILVERM: price 268280.00, vol 5.00, atr% 0.17, rc 0.61
2026-02-11 14:49:19,417 - INFO - Indicators SILVERMIC: price 268192.00, vol 5.00, atr% 0.20, rc 0.52
2026-02-11 14:49:19,428 - INFO - Indicators CRUDEOILM: price 5896.00, vol 5.00, atr% 0.14, rc 0.75
2026-02-11 14:49:19,433 - INFO - Indicators CRUDEOILMINI: price 5896.00, vol 5.00, atr% 0.14, rc 0.75
2026-02-11 14:49:19,440 - INFO - Indicators NATGASMINI: price 285.20, vol 5.00, atr% 0.21, rc 0.61
2026-02-11 14:49:20,763 - WARNING - [33m❌ Ignoring switch to GOLDMINI_PINE for COMMODITY instance. Staying on GOLDMINI_PINE.[0m
2026-02-11 14:49:20,764 - INFO - ⚙️ Commodity scan list prepared: 3 symbols (tokens available for 0)
2026-02-11 14:49:20,765 - WARNING - Nifty data missing for regime assessment. Defaulting to HIGH_CONVICTION.
2026-02-11 14:49:20,895 - INFO - Indicators NATURALGAS: price 285.20, vol 5.00, atr% 0.21, rc 0.75
2026-02-11 14:49:22,313 - INFO - Indicators SILVER: price 83.28, vol 5.00, atr% 0.60, rc 0.63
2026-02-11 14:49:22,314 - ERROR - CRITICAL: No future expiry dates found in MCX cache for SILVER. Defaulting to +30 days.
2026-02-11 14:49:22,318 - WARNING - MCX lot size unavailable for SILVER; skipping metrics.
2026-02-11 14:49:22,319 - ERROR - CRITICAL: No future expiry dates found in MCX cache for SILVER. Defaulting to +30 days.
2026-02-11 14:49:22,334 - INFO - Strategy Validation - Win Rate: 26.7%, Profit Factor: 2.15
2026-02-11 14:49:24,842 - INFO - ALERT SENT: SILVER NEW SIGNAL
2026-02-11 14:49:24,843 - INFO - [35mExecution Triggered for SILVER. Conf >= 7.0 and Position is Closed.[0m
2026-02-11 14:49:24,844 - ERROR - CRITICAL: No future expiry dates found in MCX cache for SILVER. Defaulting to +30 days.
2026-02-11 14:49:24,844 - ERROR - [31mFailed to execute commodity BULLISH strategy for SILVER[0m
2026-02-11 14:49:54,856 - WARNING - [33m❌ Ignoring switch to GOLDMINI_PINE for COMMODITY instance. Staying on GOLDMINI_PINE.[0m
2026-02-11 14:49:54,857 - INFO - ⚙️ Commodity scan list prepared: 3 symbols (tokens available for 0)
2026-02-11 14:49:54,857 - WARNING - Nifty data missing for regime assessment. Defaulting to HIGH_CONVICTION.
2026-02-11 14:49:56,214 - INFO - Indicators SILVER: price 83.31, vol 5.00, atr% 0.60, rc 0.61
2026-02-11 14:49:56,214 - ERROR - CRITICAL: No future expiry dates found in MCX cache for SILVER. Defaulting to +30 days.
2026-02-11 14:49:56,215 - WARNING - MCX lot size unavailable for SILVER; skipping metrics.
2026-02-11 14:49:56,215 - ERROR - CRITICAL: No future expiry dates found in MCX cache for SILVER. Defaulting to +30 days.
2026-02-11 14:49:56,218 - INFO - Strategy Validation - Win Rate: 26.7%, Profit Factor: 2.15
2026-02-11 14:49:56,671 - WARNING - [33m❌ Ignoring switch to GOLDMINI_PINE for COMMODITY instance. Staying on GOLDMINI_PINE.[0m
2026-02-11 14:49:56,672 - INFO - ⚙️ Commodity scan list prepared: 9 symbols (tokens available for 9)
2026-02-11 14:49:56,672 - WARNING - Nifty data missing for regime assessment. Defaulting to HIGH_CONVICTION.
2026-02-11 14:49:58,341 - INFO - ALERT SENT: SILVER NEW SIGNAL
2026-02-11 14:49:58,341 - INFO - [35mExecution Triggered for SILVER. Conf >= 7.0 and Position is Closed.[0m
2026-02-11 14:49:58,342 - ERROR - CRITICAL: No future expiry dates found in MCX cache for SILVER. Defaulting to +30 days.
2026-02-11 14:49:58,343 - ERROR - [31mFailed to execute commodity BULLISH strategy for SILVER[0m
2026-02-11 14:50:07,678 - INFO - Indicators GOLDM: price 156218.00, vol 5.00, atr% 0.07, rc 0.57
2026-02-11 14:50:07,683 - INFO - Indicators GOLDMINI: price 156218.00, vol 5.00, atr% 0.07, rc 0.57
2026-02-11 14:50:07,688 - INFO - Indicators SILVER: price 262003.00, vol 5.00, atr% 0.16, rc 0.54
2026-02-11 14:50:07,697 - INFO - Indicators SILVERM: price 268255.00, vol 5.00, atr% 0.16, rc 0.63
2026-02-11 14:50:07,701 - INFO - Indicators SILVERMIC: price 268308.00, vol 5.00, atr% 0.20, rc 0.61
2026-02-11 14:50:07,703 - INFO - Indicators CRUDEOILM: price 5895.00, vol 5.00, atr% 0.13, rc 0.80
2026-02-11 14:50:07,706 - INFO - Indicators CRUDEOILMINI: price 5895.00, vol 5.00, atr% 0.13, rc 0.80
2026-02-11 14:50:07,708 - INFO - Indicators NATGASMINI: price 285.40, vol 5.00, atr% 0.22, rc 0.59
2026-02-11 14:50:09,114 - INFO - Indicators NATURALGAS: price 285.50, vol 5.00, atr% 0.22, rc 0.49
2026-02-11 14:50:28,358 - WARNING - [33m❌ Ignoring switch to GOLDMINI_PINE for COMMODITY instance. Staying on GOLDMINI_PINE.[0m
2026-02-11 14:50:28,360 - INFO - ⚙️ Commodity scan list prepared: 3 symbols (tokens available for 0)
2026-02-11 14:50:28,360 - WARNING - Nifty data missing for regime assessment. Defaulting to HIGH_CONVICTION.
2026-02-11 14:50:29,679 - INFO - Indicators SILVER: price 83.38, vol 5.00, atr% 0.60, rc 0.57
2026-02-11 14:50:29,679 - ERROR - CRITICAL: No future expiry dates found in MCX cache for SILVER. Defaulting to +30 days.
2026-02-11 14:50:29,679 - WARNING - MCX lot size unavailable for SILVER; skipping metrics.
2026-02-11 14:50:29,679 - ERROR - CRITICAL: No future expiry dates found in MCX cache for SILVER. Defaulting to +30 days.
2026-02-11 14:50:29,684 - INFO - Strategy Validation - Win Rate: 26.7%, Profit Factor: 2.15
2026-02-11 14:50:32,284 - INFO - ALERT SENT: SILVER NEW SIGNAL
2026-02-11 14:50:32,285 - INFO - [35mExecution Triggered for SILVER. Conf >= 7.0 and Position is Closed.[0m
2026-02-11 14:50:32,285 - ERROR - CRITICAL: No future expiry dates found in MCX cache for SILVER. Defaulting to +30 days.
2026-02-11 14:50:32,285 - ERROR - [31mFailed to execute commodity BULLISH strategy for SILVER[0m
2026-02-11 14:50:45,145 - WARNING - [33m❌ Ignoring switch to GOLDMINI_PINE for COMMODITY instance. Staying on GOLDMINI_PINE.[0m
2026-02-11 14:50:45,147 - INFO - ⚙️ Commodity scan list prepared: 9 symbols (tokens available for 9)
2026-02-11 14:50:45,147 - WARNING - Nifty data missing for regime assessment. Defaulting to HIGH_CONVICTION.
2026-02-11 14:50:55,494 - INFO - Indicators GOLDM: price 156229.00, vol 5.00, atr% 0.06, rc 0.73
2026-02-11 14:50:55,496 - INFO - Indicators GOLDMINI: price 156229.00, vol 5.00, atr% 0.06, rc 0.73
2026-02-11 14:50:55,498 - INFO - Indicators SILVER: price 262000.00, vol 5.00, atr% 0.14, rc 0.55
2026-02-11 14:50:55,500 - INFO - Indicators SILVERM: price 268255.00, vol 5.00, atr% 0.15, rc 0.68
2026-02-11 14:50:55,504 - INFO - Indicators SILVERMIC: price 268212.00, vol 5.00, atr% 0.20, rc 0.59
2026-02-11 14:50:55,506 - INFO - Indicators CRUDEOILM: price 5897.00, vol 5.00, atr% 0.15, rc 0.67
2026-02-11 14:50:55,508 - INFO - Indicators CRUDEOILMINI: price 5897.00, vol 5.00, atr% 0.15, rc 0.67
2026-02-11 14:50:55,510 - INFO - Indicators NATGASMINI: price 285.70, vol 5.00, atr% 0.22, rc 0.54
2026-02-11 14:50:56,922 - INFO - Indicators NATURALGAS: price 285.60, vol 5.00, atr% 0.22, rc 0.54
2026-02-11 14:51:02,293 - WARNING - [33m❌ Ignoring switch to GOLDMINI_PINE for COMMODITY instance. Staying on GOLDMINI_PINE.[0m
2026-02-11 14:51:02,294 - INFO - ⚙️ Commodity scan list prepared: 3 symbols (tokens available for 0)
2026-02-11 14:51:02,294 - WARNING - Nifty data missing for regime assessment. Defaulting to HIGH_CONVICTION.
2026-02-11 14:51:03,363 - INFO - Indicators SILVER: price 83.45, vol 5.00, atr% 0.60, rc 0.53
2026-02-11 14:51:03,363 - ERROR - CRITICAL: No future expiry dates found in MCX cache for SILVER. Defaulting to +30 days.
2026-02-11 14:51:03,363 - WARNING - MCX lot size unavailable for SILVER; skipping metrics.
2026-02-11 14:51:03,363 - ERROR - CRITICAL: No future expiry dates found in MCX cache for SILVER. Defaulting to +30 days.
2026-02-11 14:51:03,365 - INFO - Strategy Validation - Win Rate: 26.7%, Profit Factor: 2.15
2026-02-11 14:51:05,720 - INFO - ALERT SENT: SILVER NEW SIGNAL
2026-02-11 14:51:05,721 - INFO - [35mExecution Triggered for SILVER. Conf >= 7.0 and Position is Closed.[0m
2026-02-11 14:51:05,721 - ERROR - CRITICAL: No future expiry dates found in MCX cache for SILVER. Defaulting to +30 days.
2026-02-11 14:51:05,721 - ERROR - [31mFailed to execute commodity BULLISH strategy for SILVER[0m
2026-02-11 14:51:32,829 - WARNING - [33m❌ Ignoring switch to GOLDMINI_PINE for COMMODITY instance. Staying on GOLDMINI_PINE.[0m
2026-02-11 14:51:32,830 - INFO - ⚙️ Commodity scan list prepared: 9 symbols (tokens available for 9)
2026-02-11 14:51:32,830 - WARNING - Nifty data missing for regime assessment. Defaulting to HIGH_CONVICTION.
2026-02-11 14:51:35,733 - WARNING - [33m❌ Ignoring switch to GOLDMINI_PINE for COMMODITY instance. Staying on GOLDMINI_PINE.[0m
2026-02-11 14:51:35,735 - INFO - ⚙️ Commodity scan list prepared: 3 symbols (tokens available for 0)
2026-02-11 14:51:35,735 - WARNING - Nifty data missing for regime assessment. Defaulting to HIGH_CONVICTION.
2026-02-11 14:51:37,120 - INFO - Indicators SILVER: price 83.40, vol 5.00, atr% 0.60, rc 0.56
2026-02-11 14:51:37,121 - ERROR - CRITICAL: No future expiry dates found in MCX cache for SILVER. Defaulting to +30 days.
2026-02-11 14:51:37,121 - WARNING - MCX lot size unavailable for SILVER; skipping metrics.
2026-02-11 14:51:37,121 - ERROR - CRITICAL: No future expiry dates found in MCX cache for SILVER. Defaulting to +30 days.
2026-02-11 14:51:37,124 - INFO - Strategy Validation - Win Rate: 26.7%, Profit Factor: 2.15
2026-02-11 14:51:39,644 - INFO - ALERT SENT: SILVER NEW SIGNAL
2026-02-11 14:51:39,645 - INFO - [35mExecution Triggered for SILVER. Conf >= 7.0 and Position is Closed.[0m
2026-02-11 14:51:39,645 - ERROR - CRITICAL: No future expiry dates found in MCX cache for SILVER. Defaulting to +30 days.
2026-02-11 14:51:39,645 - ERROR - [31mFailed to execute commodity BULLISH strategy for SILVER[0m
2026-02-11 14:51:45,185 - INFO - Indicators GOLDM: price 156172.00, vol 5.00, atr% 0.07, rc 0.56
2026-02-11 14:51:45,188 - INFO - Indicators GOLDMINI: price 156172.00, vol 5.00, atr% 0.07, rc 0.56
2026-02-11 14:51:45,190 - INFO - Indicators SILVER: price 262100.00, vol 5.00, atr% 0.17, rc 0.79
2026-02-11 14:51:45,192 - INFO - Indicators SILVERM: price 268230.00, vol 5.00, atr% 0.18, rc 0.59
2026-02-11 14:51:45,194 - INFO - Indicators SILVERMIC: price 268274.00, vol 5.00, atr% 0.21, rc 0.64
2026-02-11 14:51:45,196 - INFO - Indicators CRUDEOILM: price 5895.00, vol 5.00, atr% 0.14, rc 0.74
2026-02-11 14:51:45,198 - INFO - Indicators CRUDEOILMINI: price 5895.00, vol 5.00, atr% 0.14, rc 0.74
2026-02-11 14:51:45,200 - INFO - Indicators NATGASMINI: price 285.60, vol 5.00, atr% 0.21, rc 0.54
2026-02-11 14:51:46,603 - INFO - Indicators NATURALGAS: price 285.40, vol 5.00, atr% 0.21, rc 0.54
2026-02-11 14:52:09,660 - WARNING - [33m❌ Ignoring switch to GOLDMINI_PINE for COMMODITY instance. Staying on GOLDMINI_PINE.[0m
2026-02-11 14:52:09,661 - INFO - ⚙️ Commodity scan list prepared: 3 symbols (tokens available for 0)
2026-02-11 14:52:09,661 - WARNING - Nifty data missing for regime assessment. Defaulting to HIGH_CONVICTION.
2026-02-11 14:52:10,991 - INFO - Indicators SILVER: price 83.40, vol 5.00, atr% 0.60, rc 0.56
2026-02-11 14:52:10,991 - ERROR - CRITICAL: No future expiry dates found in MCX cache for SILVER. Defaulting to +30 days.
2026-02-11 14:52:10,991 - WARNING - MCX lot size unavailable for SILVER; skipping metrics.
2026-02-11 14:52:10,991 - ERROR - CRITICAL: No future expiry dates found in MCX cache for SILVER. Defaulting to +30 days.
2026-02-11 14:52:10,994 - INFO - Strategy Validation - Win Rate: 26.7%, Profit Factor: 2.15
2026-02-11 14:52:13,139 - INFO - ALERT SENT: SILVER NEW SIGNAL
2026-02-11 14:52:13,140 - INFO - [35mExecution Triggered for SILVER. Conf >= 7.0 and Position is Closed.[0m
2026-02-11 14:52:13,140 - ERROR - CRITICAL: No future expiry dates found in MCX cache for SILVER. Defaulting to +30 days.
2026-02-11 14:52:13,140 - ERROR - [31mFailed to execute commodity BULLISH strategy for SILVER[0m
2026-02-11 14:52:22,244 - WARNING - [33m❌ Ignoring switch to GOLDMINI_PINE for COMMODITY instance. Staying on GOLDMINI_PINE.[0m
2026-02-11 14:52:22,245 - INFO - ⚙️ Commodity scan list prepared: 9 symbols (tokens available for 9)
2026-02-11 14:52:22,245 - WARNING - Nifty data missing for regime assessment. Defaulting to HIGH_CONVICTION.
2026-02-11 14:52:33,191 - INFO - Indicators GOLDM: price 156187.00, vol 5.00, atr% 0.07, rc 0.50
2026-02-11 14:52:33,194 - INFO - Indicators GOLDMINI: price 156187.00, vol 5.00, atr% 0.07, rc 0.50
2026-02-11 14:52:33,195 - INFO - Indicators SILVER: price 262097.00, vol 5.00, atr% 0.18, rc 0.77
2026-02-11 14:52:33,198 - INFO - Indicators SILVERM: price 268380.00, vol 5.00, atr% 0.18, rc 0.78
2026-02-11 14:52:33,199 - INFO - Indicators SILVERMIC: price 268421.00, vol 5.00, atr% 0.22, rc 0.76
2026-02-11 14:52:33,201 - INFO - Indicators CRUDEOILM: price 5894.00, vol 5.00, atr% 0.15, rc 0.63
2026-02-11 14:52:33,202 - INFO - Indicators CRUDEOILMINI: price 5894.00, vol 5.00, atr% 0.15, rc 0.63
2026-02-11 14:52:33,204 - INFO - Indicators NATGASMINI: price 285.50, vol 5.00, atr% 0.21, rc 0.60
2026-02-11 14:52:34,613 - INFO - Indicators NATURALGAS: price 285.40, vol 5.00, atr% 0.21, rc 0.60
2026-02-11 14:52:43,146 - WARNING - [33m❌ Ignoring switch to GOLDMINI_PINE for COMMODITY instance. Staying on GOLDMINI_PINE.[0m
2026-02-11 14:52:43,146 - INFO - ⚙️ Commodity scan list prepared: 3 symbols (tokens available for 0)
2026-02-11 14:52:43,146 - WARNING - Nifty data missing for regime assessment. Defaulting to HIGH_CONVICTION.
2026-02-11 14:52:44,588 - INFO - Indicators SILVER: price 83.41, vol 5.00, atr% 0.60, rc 0.55
2026-02-11 14:52:44,588 - ERROR - CRITICAL: No future expiry dates found in MCX cache for SILVER. Defaulting to +30 days.
2026-02-11 14:52:44,589 - WARNING - MCX lot size unavailable for SILVER; skipping metrics.
2026-02-11 14:52:44,589 - ERROR - CRITICAL: No future expiry dates found in MCX cache for SILVER. Defaulting to +30 days.
2026-02-11 14:52:44,591 - INFO - Strategy Validation - Win Rate: 26.7%, Profit Factor: 2.15
2026-02-11 14:52:46,985 - INFO - ALERT SENT: SILVER NEW SIGNAL
2026-02-11 14:52:46,985 - INFO - [35mExecution Triggered for SILVER. Conf >= 7.0 and Position is Closed.[0m
2026-02-11 14:52:46,985 - ERROR - CRITICAL: No future expiry dates found in MCX cache for SILVER. Defaulting to +30 days.
2026-02-11 14:52:46,985 - ERROR - [31mFailed to execute commodity BULLISH strategy for SILVER[0m
2026-02-11 14:53:10,304 - WARNING - [33m❌ Ignoring switch to GOLDMINI_PINE for COMMODITY instance. Staying on GOLDMINI_PINE.[0m
2026-02-11 14:53:10,304 - INFO - ⚙️ Commodity scan list prepared: 9 symbols (tokens available for 9)
2026-02-11 14:53:10,305 - WARNING - Nifty data missing for regime assessment. Defaulting to HIGH_CONVICTION.
2026-02-11 14:53:16,998 - WARNING - [33m❌ Ignoring switch to GOLDMINI_PINE for COMMODITY instance. Staying on GOLDMINI_PINE.[0m
2026-02-11 14:53:17,001 - INFO - ⚙️ Commodity scan list prepared: 3 symbols (tokens available for 0)
2026-02-11 14:53:17,002 - WARNING - Nifty data missing for regime assessment. Defaulting to HIGH_CONVICTION.
2026-02-11 14:53:18,448 - INFO - Indicators SILVER: price 83.36, vol 5.00, atr% 0.60, rc 0.58
2026-02-11 14:53:18,448 - ERROR - CRITICAL: No future expiry dates found in MCX cache for SILVER. Defaulting to +30 days.
2026-02-11 14:53:18,448 - WARNING - MCX lot size unavailable for SILVER; skipping metrics.
2026-02-11 14:53:18,448 - ERROR - CRITICAL: No future expiry dates found in MCX cache for SILVER. Defaulting to +30 days.
2026-02-11 14:53:18,452 - INFO - Strategy Validation - Win Rate: 26.7%, Profit Factor: 2.15
2026-02-11 14:53:20,707 - INFO - ALERT SENT: SILVER NEW SIGNAL
2026-02-11 14:53:20,709 - INFO - [35mExecution Triggered for SILVER. Conf >= 7.0 and Position is Closed.[0m
2026-02-11 14:53:20,709 - ERROR - CRITICAL: No future expiry dates found in MCX cache for SILVER. Defaulting to +30 days.
2026-02-11 14:53:20,709 - ERROR - [31mFailed to execute commodity BULLISH strategy for SILVER[0m
2026-02-11 14:53:21,863 - INFO - Indicators GOLDM: price 156175.00, vol 5.00, atr% 0.07, rc 0.59
2026-02-11 14:53:21,867 - INFO - Indicators GOLDMINI: price 156175.00, vol 5.00, atr% 0.07, rc 0.59
2026-02-11 14:53:21,869 - INFO - Indicators SILVER: price 262041.00, vol 5.00, atr% 0.17, rc 0.75
2026-02-11 14:53:21,872 - INFO - Indicators SILVERM: price 268380.00, vol 5.00, atr% 0.18, rc 0.71
2026-02-11 14:53:21,874 - INFO - Indicators SILVERMIC: price 268338.00, vol 5.00, atr% 0.21, rc 0.66
2026-02-11 14:53:21,876 - INFO - Indicators CRUDEOILM: price 5891.00, vol 5.00, atr% 0.14, rc 0.61
2026-02-11 14:53:21,878 - INFO - Indicators CRUDEOILMINI: price 5891.00, vol 5.00, atr% 0.14, rc 0.61
2026-02-11 14:53:21,880 - INFO - Indicators NATGASMINI: price 285.50, vol 5.00, atr% 0.21, rc 0.60
2026-02-11 14:53:23,309 - INFO - Indicators NATURALGAS: price 285.40, vol 5.00, atr% 0.20, rc 0.60
2026-02-11 14:53:50,725 - WARNING - [33m❌ Ignoring switch to GOLDMINI_PINE for COMMODITY instance. Staying on GOLDMINI_PINE.[0m
2026-02-11 14:53:50,726 - INFO - ⚙️ Commodity scan list prepared: 3 symbols (tokens available for 0)
2026-02-11 14:53:50,726 - WARNING - Nifty data missing for regime assessment. Defaulting to HIGH_CONVICTION.
2026-02-11 14:53:52,336 - INFO - Indicators SILVER: price 83.42, vol 5.00, atr% 0.60, rc 0.55
2026-02-11 14:53:52,337 - ERROR - CRITICAL: No future expiry dates found in MCX cache for SILVER. Defaulting to +30 days.
2026-02-11 14:53:52,337 - WARNING - MCX lot size unavailable for SILVER; skipping metrics.
2026-02-11 14:53:52,337 - ERROR - CRITICAL: No future expiry dates found in MCX cache for SILVER. Defaulting to +30 days.
2026-02-11 14:53:52,351 - INFO - Strategy Validation - Win Rate: 26.7%, Profit Factor: 2.15
2026-02-11 14:53:55,148 - INFO - ALERT SENT: SILVER NEW SIGNAL
2026-02-11 14:53:55,148 - INFO - [35mExecution Triggered for SILVER. Conf >= 7.0 and Position is Closed.[0m
2026-02-11 14:53:55,148 - ERROR - CRITICAL: No future expiry dates found in MCX cache for SILVER. Defaulting to +30 days.
2026-02-11 14:53:55,148 - ERROR - [31mFailed to execute commodity BULLISH strategy for SILVER[0m
2026-02-11 14:53:58,981 - WARNING - [33m❌ Ignoring switch to GOLDMINI_PINE for COMMODITY instance. Staying on GOLDMINI_PINE.[0m
2026-02-11 14:53:58,989 - INFO - ⚙️ Commodity scan list prepared: 9 symbols (tokens available for 9)
2026-02-11 14:53:58,989 - WARNING - Nifty data missing for regime assessment. Defaulting to HIGH_CONVICTION.
2026-02-11 14:54:10,462 - INFO - Indicators GOLDM: price 156172.00, vol 5.00, atr% 0.07, rc 0.60
2026-02-11 14:54:10,466 - INFO - Indicators GOLDMINI: price 156172.00, vol 5.00, atr% 0.07, rc 0.60
2026-02-11 14:54:10,469 - INFO - Indicators SILVER: price 262186.00, vol 5.00, atr% 0.16, rc 0.57
2026-02-11 14:54:10,473 - INFO - Indicators SILVERM: price 268390.00, vol 5.00, atr% 0.17, rc 0.72
2026-02-11 14:54:10,475 - INFO - Indicators SILVERMIC: price 268449.00, vol 5.00, atr% 0.20, rc 0.62
2026-02-11 14:54:10,477 - INFO - Indicators CRUDEOILM: price 5896.00, vol 5.00, atr% 0.13, rc 0.49
2026-02-11 14:54:10,481 - INFO - Indicators CRUDEOILMINI: price 5896.00, vol 5.00, atr% 0.13, rc 0.49
2026-02-11 14:54:10,484 - INFO - Indicators NATGASMINI: price 285.50, vol 5.00, atr% 0.21, rc 0.60
2026-02-11 14:54:11,892 - INFO - Indicators NATURALGAS: price 285.40, vol 5.00, atr% 0.20, rc 0.60
2026-02-11 14:54:25,158 - WARNING - [33m❌ Ignoring switch to GOLDMINI_PINE for COMMODITY instance. Staying on GOLDMINI_PINE.[0m
2026-02-11 14:54:25,159 - INFO - ⚙️ Commodity scan list prepared: 3 symbols (tokens available for 0)
2026-02-11 14:54:25,160 - WARNING - Nifty data missing for regime assessment. Defaulting to HIGH_CONVICTION.
2026-02-11 14:54:26,651 - INFO - Indicators SILVER: price 83.43, vol 5.00, atr% 0.60, rc 0.54
2026-02-11 14:54:26,652 - ERROR - CRITICAL: No future expiry dates found in MCX cache for SILVER. Defaulting to +30 days.
2026-02-11 14:54:26,653 - WARNING - MCX lot size unavailable for SILVER; skipping metrics.
2026-02-11 14:54:26,653 - ERROR - CRITICAL: No future expiry dates found in MCX cache for SILVER. Defaulting to +30 days.
2026-02-11 14:54:26,662 - INFO - Strategy Validation - Win Rate: 26.7%, Profit Factor: 2.15
2026-02-11 14:54:29,257 - INFO - ALERT SENT: SILVER NEW SIGNAL
2026-02-11 14:54:29,257 - INFO - [35mExecution Triggered for SILVER. Conf >= 7.0 and Position is Closed.[0m
2026-02-11 14:54:29,257 - ERROR - CRITICAL: No future expiry dates found in MCX cache for SILVER. Defaulting to +30 days.
2026-02-11 14:54:29,258 - ERROR - [31mFailed to execute commodity BULLISH strategy for SILVER[0m
2026-02-11 14:54:47,634 - WARNING - [33m❌ Ignoring switch to GOLDMINI_PINE for COMMODITY instance. Staying on GOLDMINI_PINE.[0m
2026-02-11 14:54:47,635 - INFO - ⚙️ Commodity scan list prepared: 9 symbols (tokens available for 9)
2026-02-11 14:54:47,635 - WARNING - Nifty data missing for regime assessment. Defaulting to HIGH_CONVICTION.
2026-02-11 14:54:58,967 - INFO - Indicators GOLDM: price 156146.00, vol 5.00, atr% 0.07, rc 0.71
2026-02-11 14:54:58,972 - INFO - Indicators GOLDMINI: price 156146.00, vol 5.00, atr% 0.07, rc 0.71
2026-02-11 14:54:58,980 - INFO - Indicators SILVER: price 262150.00, vol 5.00, atr% 0.16, rc 0.60
2026-02-11 14:54:58,987 - INFO - Indicators SILVERM: price 268357.00, vol 5.00, atr% 0.15, rc 0.55
2026-02-11 14:54:58,996 - INFO - Indicators SILVERMIC: price 268361.00, vol 5.00, atr% 0.19, rc 0.50
2026-02-11 14:54:59,004 - INFO - Indicators CRUDEOILM: price 5897.00, vol 5.00, atr% 0.13, rc 0.62
2026-02-11 14:54:59,006 - INFO - Indicators CRUDEOILMINI: price 5897.00, vol 5.00, atr% 0.13, rc 0.62
2026-02-11 14:54:59,009 - INFO - Indicators NATGASMINI: price 285.40, vol 5.00, atr% 0.21, rc 0.49
2026-02-11 14:54:59,282 - WARNING - [33m❌ Ignoring switch to GOLDMINI_PINE for COMMODITY instance. Staying on GOLDMINI_PINE.[0m
2026-02-11 14:54:59,282 - INFO - ⚙️ Commodity scan list prepared: 3 symbols (tokens available for 0)
2026-02-11 14:54:59,283 - WARNING - Nifty data missing for regime assessment. Defaulting to HIGH_CONVICTION.
2026-02-11 14:55:00,448 - INFO - Indicators NATURALGAS: price 285.30, vol 5.00, atr% 0.20, rc 0.55
2026-02-11 14:55:00,642 - INFO - Indicators SILVER: price 83.43, vol 5.00, atr% 0.60, rc 0.54
2026-02-11 14:55:00,642 - ERROR - CRITICAL: No future expiry dates found in MCX cache for SILVER. Defaulting to +30 days.
2026-02-11 14:55:00,642 - WARNING - MCX lot size unavailable for SILVER; skipping metrics.
2026-02-11 14:55:00,642 - ERROR - CRITICAL: No future expiry dates found in MCX cache for SILVER. Defaulting to +30 days.
2026-02-11 14:55:00,646 - INFO - Strategy Validation - Win Rate: 26.7%, Profit Factor: 2.15
2026-02-11 14:55:02,770 - INFO - ALERT SENT: SILVER NEW SIGNAL
2026-02-11 14:55:02,770 - INFO - [35mExecution Triggered for SILVER. Conf >= 7.0 and Position is Closed.[0m
2026-02-11 14:55:02,770 - ERROR - CRITICAL: No future expiry dates found in MCX cache for SILVER. Defaulting to +30 days.
2026-02-11 14:55:02,770 - ERROR - [31mFailed to execute commodity BULLISH strategy for SILVER[0m
2026-02-11 14:55:32,775 - WARNING - [33m❌ Ignoring switch to GOLDMINI_PINE for COMMODITY instance. Staying on GOLDMINI_PINE.[0m
2026-02-11 14:55:32,776 - INFO - ⚙️ Commodity scan list prepared: 3 symbols (tokens available for 0)
2026-02-11 14:55:32,777 - WARNING - Nifty data missing for regime assessment. Defaulting to HIGH_CONVICTION.
2026-02-11 14:55:34,215 - INFO - Indicators SILVER: price 83.36, vol 5.00, atr% 0.55, rc 0.51
2026-02-11 14:55:34,215 - ERROR - CRITICAL: No future expiry dates found in MCX cache for SILVER. Defaulting to +30 days.
2026-02-11 14:55:34,216 - WARNING - MCX lot size unavailable for SILVER; skipping metrics.
2026-02-11 14:55:34,216 - ERROR - CRITICAL: No future expiry dates found in MCX cache for SILVER. Defaulting to +30 days.
2026-02-11 14:55:34,220 - INFO - Strategy Validation - Win Rate: 26.7%, Profit Factor: 2.15
2026-02-11 14:55:36,130 - WARNING - [33m❌ Ignoring switch to GOLDMINI_PINE for COMMODITY instance. Staying on GOLDMINI_PINE.[0m
2026-02-11 14:55:36,151 - INFO - ⚙️ Commodity scan list prepared: 9 symbols (tokens available for 9)
2026-02-11 14:55:36,152 - WARNING - Nifty data missing for regime assessment. Defaulting to HIGH_CONVICTION.
2026-02-11 14:55:36,649 - INFO - ALERT SENT: SILVER NEW SIGNAL
2026-02-11 14:55:36,650 - INFO - [35mExecution Triggered for SILVER. Conf >= 7.0 and Position is Closed.[0m
2026-02-11 14:55:36,650 - ERROR - CRITICAL: No future expiry dates found in MCX cache for SILVER. Defaulting to +30 days.
2026-02-11 14:55:36,650 - ERROR - [31mFailed to execute commodity BULLISH strategy for SILVER[0m
2026-02-11 14:55:47,201 - INFO - Indicators GOLDM: price 156178.00, vol 5.00, atr% 0.06, rc 0.57
2026-02-11 14:55:47,207 - INFO - Indicators GOLDMINI: price 156178.00, vol 5.00, atr% 0.06, rc 0.57
2026-02-11 14:55:47,209 - INFO - Indicators SILVER: price 262150.00, vol 5.00, atr% 0.13, rc 0.62
2026-02-11 14:55:47,210 - INFO - Indicators SILVERM: price 268383.00, vol 5.00, atr% 0.13, rc 0.60
2026-02-11 14:55:47,213 - INFO - Indicators SILVERMIC: price 268406.00, vol 5.00, atr% 0.18, rc 0.65
2026-02-11 14:55:47,217 - INFO - Indicators CRUDEOILM: price 5897.00, vol 5.00, atr% 0.14, rc 0.53
2026-02-11 14:55:47,221 - INFO - Indicators CRUDEOILMINI: price 5897.00, vol 5.00, atr% 0.14, rc 0.53
2026-02-11 14:55:47,223 - INFO - Indicators NATGASMINI: price 285.00, vol 5.00, atr% 0.21, rc 0.84
2026-02-11 14:55:48,722 - INFO - Indicators NATURALGAS: price 284.90, vol 5.00, atr% 0.22, rc 0.80
2026-02-11 14:55:58,367 - WARNING - [33m❌ Ignoring switch to GOLDMINI_PINE for COMMODITY instance. Staying on GOLDMINI_PINE.[0m
2026-02-11 14:55:58,369 - INFO - ⚙️ Commodity scan list prepared: 3 symbols (tokens available for 0)
2026-02-11 14:55:58,369 - WARNING - Nifty data missing for regime assessment. Defaulting to HIGH_CONVICTION.
2026-02-11 14:55:59,481 - INFO - Indicators SILVER: price 83.36, vol 5.00, atr% 0.55, rc 0.51
2026-02-11 14:55:59,481 - ERROR - CRITICAL: No future expiry dates found in MCX cache for SILVER. Defaulting to +30 days.
2026-02-11 14:55:59,481 - WARNING - MCX lot size unavailable for SILVER; skipping metrics.
2026-02-11 14:55:59,481 - ERROR - CRITICAL: No future expiry dates found in MCX cache for SILVER. Defaulting to +30 days.
2026-02-11 14:55:59,486 - INFO - Strategy Validation - Win Rate: 26.7%, Profit Factor: 2.15
2026-02-11 14:56:02,452 - INFO - ALERT SENT: SILVER NEW SIGNAL
2026-02-11 14:56:02,452 - INFO - [35mExecution Triggered for SILVER. Conf >= 7.0 and Position is Closed.[0m
2026-02-11 14:56:02,452 - ERROR - CRITICAL: No future expiry dates found in MCX cache for SILVER. Defaulting to +30 days.
2026-02-11 14:56:02,452 - ERROR - [31mFailed to execute commodity BULLISH strategy for SILVER[0m
2026-02-11 14:56:03,457 - WARNING - [33m❌ Ignoring switch to GOLDMINI_PINE for COMMODITY instance. Staying on GOLDMINI_PINE.[0m
2026-02-11 14:56:03,458 - INFO - ⚙️ Commodity scan list prepared: 3 symbols (tokens available for 0)
2026-02-11 14:56:03,458 - WARNING - Nifty data missing for regime assessment. Defaulting to HIGH_CONVICTION.
2026-02-11 14:56:04,617 - INFO - Indicators SILVER: price 83.39, vol 5.00, atr% 0.55, rc 0.49
2026-02-11 14:56:04,619 - ERROR - CRITICAL: No future expiry dates found in MCX cache for SILVER. Defaulting to +30 days.
2026-02-11 14:56:04,619 - WARNING - MCX lot size unavailable for SILVER; skipping metrics.
2026-02-11 14:56:04,619 - ERROR - CRITICAL: No future expiry dates found in MCX cache for SILVER. Defaulting to +30 days.
2026-02-11 14:56:04,622 - INFO - Strategy Validation - Win Rate: 26.7%, Profit Factor: 2.15
2026-02-11 14:56:06,851 - INFO - ALERT SENT: SILVER NEW SIGNAL
2026-02-11 14:56:06,851 - INFO - [35mExecution Triggered for SILVER. Conf >= 7.0 and Position is Closed.[0m
2026-02-11 14:56:06,851 - ERROR - CRITICAL: No future expiry dates found in MCX cache for SILVER. Defaulting to +30 days.
2026-02-11 14:56:06,852 - ERROR - [31mFailed to execute commodity BULLISH strategy for SILVER[0m
2026-02-11 14:56:24,329 - WARNING - [33m❌ Ignoring switch to GOLDMINI_PINE for COMMODITY instance. Staying on GOLDMINI_PINE.[0m
2026-02-11 14:56:24,330 - INFO - ⚙️ Commodity scan list prepared: 9 symbols (tokens available for 9)
2026-02-11 14:56:24,330 - WARNING - Nifty data missing for regime assessment. Defaulting to HIGH_CONVICTION.
2026-02-11 14:56:35,553 - INFO - Indicators GOLDM: price 156175.00, vol 5.00, atr% 0.07, rc 0.50
2026-02-11 14:56:35,564 - INFO - Indicators GOLDMINI: price 156175.00, vol 5.00, atr% 0.07, rc 0.50
2026-02-11 14:56:35,572 - INFO - Indicators SILVER: price 262052.00, vol 5.00, atr% 0.14, rc 0.53
2026-02-11 14:56:35,576 - INFO - Indicators SILVERM: price 268314.00, vol 5.00, atr% 0.16, rc 0.56
2026-02-11 14:56:35,579 - INFO - Indicators SILVERMIC: price 268322.00, vol 5.00, atr% 0.19, rc 0.51
2026-02-11 14:56:35,582 - INFO - Indicators CRUDEOILM: price 5895.00, vol 5.00, atr% 0.14, rc 0.49
2026-02-11 14:56:35,586 - INFO - Indicators CRUDEOILMINI: price 5895.00, vol 5.00, atr% 0.14, rc 0.49
2026-02-11 14:56:35,588 - INFO - Indicators NATGASMINI: price 285.20, vol 5.00, atr% 0.23, rc 0.73
2026-02-11 14:56:36,866 - WARNING - [33m❌ Ignoring switch to GOLDMINI_PINE for COMMODITY instance. Staying on GOLDMINI_PINE.[0m
2026-02-11 14:56:36,866 - INFO - ⚙️ Commodity scan list prepared: 3 symbols (tokens available for 0)
2026-02-11 14:56:36,866 - WARNING - Nifty data missing for regime assessment. Defaulting to HIGH_CONVICTION.
2026-02-11 14:56:37,355 - INFO - Indicators NATURALGAS: price 285.00, vol 5.00, atr% 0.23, rc 0.65
2026-02-11 14:56:38,290 - INFO - Indicators SILVER: price 83.34, vol 5.00, atr% 0.55, rc 0.52
2026-02-11 14:56:38,290 - ERROR - CRITICAL: No future expiry dates found in MCX cache for SILVER. Defaulting to +30 days.
2026-02-11 14:56:38,291 - WARNING - MCX lot size unavailable for SILVER; skipping metrics.
2026-02-11 14:56:38,291 - ERROR - CRITICAL: No future expiry dates found in MCX cache for SILVER. Defaulting to +30 days.
2026-02-11 14:56:38,297 - INFO - Strategy Validation - Win Rate: 26.7%, Profit Factor: 2.15
2026-02-11 14:56:40,492 - INFO - ALERT SENT: SILVER NEW SIGNAL
2026-02-11 14:56:40,492 - INFO - [35mExecution Triggered for SILVER. Conf >= 7.0 and Position is Closed.[0m
2026-02-11 14:56:40,492 - ERROR - CRITICAL: No future expiry dates found in MCX cache for SILVER. Defaulting to +30 days.
2026-02-11 14:56:40,492 - ERROR - [31mFailed to execute commodity BULLISH strategy for SILVER[0m
2026-02-11 14:57:10,510 - WARNING - [33m❌ Ignoring switch to GOLDMINI_PINE for COMMODITY instance. Staying on GOLDMINI_PINE.[0m
2026-02-11 14:57:10,516 - INFO - ⚙️ Commodity scan list prepared: 3 symbols (tokens available for 0)
2026-02-11 14:57:10,517 - WARNING - Nifty data missing for regime assessment. Defaulting to HIGH_CONVICTION.
2026-02-11 14:57:12,065 - INFO - Indicators SILVER: price 83.34, vol 5.00, atr% 0.55, rc 0.52
2026-02-11 14:57:12,065 - ERROR - CRITICAL: No future expiry dates found in MCX cache for SILVER. Defaulting to +30 days.
2026-02-11 14:57:12,065 - WARNING - MCX lot size unavailable for SILVER; skipping metrics.
2026-02-11 14:57:12,065 - ERROR - CRITICAL: No future expiry dates found in MCX cache for SILVER. Defaulting to +30 days.
2026-02-11 14:57:12,068 - INFO - Strategy Validation - Win Rate: 26.7%, Profit Factor: 2.15
2026-02-11 14:57:13,094 - WARNING - [33m❌ Ignoring switch to GOLDMINI_PINE for COMMODITY instance. Staying on GOLDMINI_PINE.[0m
2026-02-11 14:57:13,115 - INFO - ⚙️ Commodity scan list prepared: 9 symbols (tokens available for 9)
2026-02-11 14:57:13,123 - WARNING - Nifty data missing for regime assessment. Defaulting to HIGH_CONVICTION.
2026-02-11 14:57:14,211 - INFO - ALERT SENT: SILVER NEW SIGNAL
2026-02-11 14:57:14,213 - INFO - [35mExecution Triggered for SILVER. Conf >= 7.0 and Position is Closed.[0m
2026-02-11 14:57:14,213 - ERROR - CRITICAL: No future expiry dates found in MCX cache for SILVER. Defaulting to +30 days.
2026-02-11 14:57:14,214 - ERROR - [31mFailed to execute commodity BULLISH strategy for SILVER[0m
2026-02-11 14:57:24,599 - INFO - Indicators GOLDM: price 156216.00, vol 5.00, atr% 0.07, rc 0.58
2026-02-11 14:57:24,603 - INFO - Indicators GOLDMINI: price 156216.00, vol 5.00, atr% 0.07, rc 0.58
2026-02-11 14:57:24,605 - INFO - Indicators SILVER: price 262062.00, vol 5.00, atr% 0.16, rc 0.52
2026-02-11 14:57:24,608 - INFO - Indicators SILVERM: price 268369.00, vol 5.00, atr% 0.16, rc 0.57
2026-02-11 14:57:24,610 - INFO - Indicators SILVERMIC: price 268413.00, vol 5.00, atr% 0.19, rc 0.50
2026-02-11 14:57:24,613 - INFO - Indicators CRUDEOILM: price 5896.00, vol 5.00, atr% 0.14, rc 0.57
2026-02-11 14:57:24,615 - INFO - Indicators CRUDEOILMINI: price 5896.00, vol 5.00, atr% 0.14, rc 0.57
2026-02-11 14:57:24,617 - INFO - Indicators NATGASMINI: price 285.30, vol 5.00, atr% 0.21, rc 0.65
2026-02-11 14:57:26,091 - INFO - Indicators NATURALGAS: price 285.00, vol 5.00, atr% 0.21, rc 0.61
2026-02-11 14:57:44,225 - WARNING - [33m❌ Ignoring switch to GOLDMINI_PINE for COMMODITY instance. Staying on GOLDMINI_PINE.[0m
2026-02-11 14:57:44,226 - INFO - ⚙️ Commodity scan list prepared: 3 symbols (tokens available for 0)
2026-02-11 14:57:44,226 - WARNING - Nifty data missing for regime assessment. Defaulting to HIGH_CONVICTION.
2026-02-11 14:57:45,926 - INFO - Indicators SILVER: price 83.46, vol 5.00, atr% 0.56, rc 0.48
2026-02-11 14:57:45,926 - ERROR - CRITICAL: No future expiry dates found in MCX cache for SILVER. Defaulting to +30 days.
2026-02-11 14:57:45,926 - WARNING - MCX lot size unavailable for SILVER; skipping metrics.
2026-02-11 14:57:45,926 - ERROR - CRITICAL: No future expiry dates found in MCX cache for SILVER. Defaulting to +30 days.
2026-02-11 14:57:45,928 - INFO - Strategy Validation - Win Rate: 26.7%, Profit Factor: 2.15
2026-02-11 14:57:48,567 - INFO - ALERT SENT: SILVER NEW SIGNAL
2026-02-11 14:57:48,569 - INFO - [35mExecution Triggered for SILVER. Conf >= 7.0 and Position is Closed.[0m
2026-02-11 14:57:48,569 - ERROR - CRITICAL: No future expiry dates found in MCX cache for SILVER. Defaulting to +30 days.
2026-02-11 14:57:48,570 - ERROR - [31mFailed to execute commodity BULLISH strategy for SILVER[0m
2026-02-11 14:58:01,833 - WARNING - [33m❌ Ignoring switch to GOLDMINI_PINE for COMMODITY instance. Staying on GOLDMINI_PINE.[0m
2026-02-11 14:58:01,834 - INFO - ⚙️ Commodity scan list prepared: 9 symbols (tokens available for 9)
2026-02-11 14:58:01,834 - WARNING - Nifty data missing for regime assessment. Defaulting to HIGH_CONVICTION.
2026-02-11 14:58:12,458 - INFO - Indicators GOLDM: price 156178.00, vol 5.00, atr% 0.07, rc 0.50
2026-02-11 14:58:12,461 - INFO - Indicators GOLDMINI: price 156178.00, vol 5.00, atr% 0.07, rc 0.50
2026-02-11 14:58:12,464 - INFO - Indicators SILVER: price 262141.00, vol 5.00, atr% 0.15, rc 0.57
2026-02-11 14:58:12,468 - INFO - Indicators SILVERM: price 268426.00, vol 5.00, atr% 0.15, rc 0.53
2026-02-11 14:58:12,470 - INFO - Indicators SILVERMIC: price 268547.00, vol 5.00, atr% 0.18, rc 0.62
2026-02-11 14:58:12,472 - INFO - Indicators CRUDEOILM: price 5895.00, vol 5.00, atr% 0.14, rc 0.65
2026-02-11 14:58:12,475 - INFO - Indicators CRUDEOILMINI: price 5895.00, vol 5.00, atr% 0.14, rc 0.65
2026-02-11 14:58:12,476 - INFO - Indicators NATGASMINI: price 285.10, vol 5.00, atr% 0.20, rc 0.67
2026-02-11 14:58:13,916 - INFO - Indicators NATURALGAS: price 285.00, vol 5.00, atr% 0.20, rc 0.67
2026-02-11 14:58:18,582 - WARNING - [33m❌ Ignoring switch to GOLDMINI_PINE for COMMODITY instance. Staying on GOLDMINI_PINE.[0m
2026-02-11 14:58:18,583 - INFO - ⚙️ Commodity scan list prepared: 3 symbols (tokens available for 0)
2026-02-11 14:58:18,583 - WARNING - Nifty data missing for regime assessment. Defaulting to HIGH_CONVICTION.
2026-02-11 14:58:19,596 - INFO - Indicators SILVER: price 83.47, vol 5.00, atr% 0.56, rc 0.49
2026-02-11 14:58:19,596 - ERROR - CRITICAL: No future expiry dates found in MCX cache for SILVER. Defaulting to +30 days.
2026-02-11 14:58:19,596 - WARNING - MCX lot size unavailable for SILVER; skipping metrics.
2026-02-11 14:58:19,596 - ERROR - CRITICAL: No future expiry dates found in MCX cache for SILVER. Defaulting to +30 days.
2026-02-11 14:58:19,599 - INFO - Strategy Validation - Win Rate: 26.7%, Profit Factor: 2.15
2026-02-11 14:58:20,686 - WARNING - [33m❌ Ignoring switch to GOLDMINI_PINE for COMMODITY instance. Staying on GOLDMINI_PINE.[0m
2026-02-11 14:58:20,687 - INFO - ⚙️ Commodity scan list prepared: 9 symbols (tokens available for 9)
2026-02-11 14:58:20,687 - WARNING - Nifty data missing for regime assessment. Defaulting to HIGH_CONVICTION.
2026-02-11 14:58:21,666 - INFO - ALERT SENT: SILVER NEW SIGNAL
2026-02-11 14:58:21,667 - INFO - [35mExecution Triggered for SILVER. Conf >= 7.0 and Position is Closed.[0m
2026-02-11 14:58:21,667 - ERROR - CRITICAL: No future expiry dates found in MCX cache for SILVER. Defaulting to +30 days.
2026-02-11 14:58:21,667 - ERROR - [31mFailed to execute commodity BULLISH strategy for SILVER[0m
2026-02-11 14:58:31,171 - INFO - Indicators GOLDM: price 156178.00, vol 5.00, atr% 0.07, rc 0.50
2026-02-11 14:58:31,175 - INFO - Indicators GOLDMINI: price 156178.00, vol 5.00, atr% 0.07, rc 0.50
2026-02-11 14:58:31,178 - INFO - Indicators SILVER: price 262141.00, vol 5.00, atr% 0.16, rc 0.54
2026-02-11 14:58:31,180 - INFO - Indicators SILVERM: price 268500.00, vol 5.00, atr% 0.16, rc 0.58
2026-02-11 14:58:31,185 - INFO - Indicators SILVERMIC: price 268539.00, vol 5.00, atr% 0.18, rc 0.64
2026-02-11 14:58:31,187 - INFO - Indicators CRUDEOILM: price 5895.00, vol 5.00, atr% 0.14, rc 0.57
2026-02-11 14:58:31,190 - INFO - Indicators CRUDEOILMINI: price 5895.00, vol 5.00, atr% 0.14, rc 0.57
2026-02-11 14:58:31,193 - INFO - Indicators NATGASMINI: price 285.20, vol 5.00, atr% 0.20, rc 0.65
2026-02-11 14:58:32,855 - INFO - Indicators NATURALGAS: price 284.70, vol 5.00, atr% 0.21, rc 0.82
2026-02-11 14:58:51,680 - WARNING - [33m❌ Ignoring switch to GOLDMINI_PINE for COMMODITY instance. Staying on GOLDMINI_PINE.[0m
2026-02-11 14:58:51,687 - INFO - ⚙️ Commodity scan list prepared: 3 symbols (tokens available for 0)
2026-02-11 14:58:51,688 - WARNING - Nifty data missing for regime assessment. Defaulting to HIGH_CONVICTION.
2026-02-11 14:58:53,078 - INFO - Indicators SILVER: price 83.51, vol 5.00, atr% 0.56, rc 0.52
2026-02-11 14:58:53,078 - ERROR - CRITICAL: No future expiry dates found in MCX cache for SILVER. Defaulting to +30 days.
2026-02-11 14:58:53,079 - WARNING - MCX lot size unavailable for SILVER; skipping metrics.
2026-02-11 14:58:53,079 - ERROR - CRITICAL: No future expiry dates found in MCX cache for SILVER. Defaulting to +30 days.
2026-02-11 14:58:53,083 - INFO - Strategy Validation - Win Rate: 26.7%, Profit Factor: 2.15
2026-02-11 14:58:55,744 - INFO - ALERT SENT: SILVER NEW SIGNAL
2026-02-11 14:58:55,745 - INFO - [35mExecution Triggered for SILVER. Conf >= 7.0 and Position is Closed.[0m
2026-02-11 14:58:55,745 - ERROR - CRITICAL: No future expiry dates found in MCX cache for SILVER. Defaulting to +30 days.
2026-02-11 14:58:55,745 - ERROR - [31mFailed to execute commodity BULLISH strategy for SILVER[0m
2026-02-11 14:59:08,881 - WARNING - [33m❌ Ignoring switch to GOLDMINI_PINE for COMMODITY instance. Staying on GOLDMINI_PINE.[0m
2026-02-11 14:59:08,882 - INFO - ⚙️ Commodity scan list prepared: 9 symbols (tokens available for 9)
2026-02-11 14:59:08,882 - WARNING - Nifty data missing for regime assessment. Defaulting to HIGH_CONVICTION.
2026-02-11 14:59:19,392 - INFO - Indicators GOLDM: price 156172.00, vol 5.00, atr% 0.07, rc 0.49
2026-02-11 14:59:19,395 - INFO - Indicators GOLDMINI: price 156172.00, vol 5.00, atr% 0.07, rc 0.49
2026-02-11 14:59:19,397 - INFO - Indicators SILVER: price 262150.00, vol 5.00, atr% 0.14, rc 0.52
2026-02-11 14:59:19,399 - INFO - Indicators SILVERM: price 268314.00, vol 5.00, atr% 0.16, rc 0.52
2026-02-11 14:59:19,401 - INFO - Indicators SILVERMIC: price 268251.00, vol 5.00, atr% 0.18, rc 0.56
2026-02-11 14:59:19,403 - INFO - Indicators CRUDEOILM: price 5895.00, vol 5.00, atr% 0.13, rc 0.53
2026-02-11 14:59:19,405 - INFO - Indicators CRUDEOILMINI: price 5895.00, vol 5.00, atr% 0.13, rc 0.53
2026-02-11 14:59:19,406 - INFO - Indicators NATGASMINI: price 285.00, vol 5.00, atr% 0.21, rc 0.67
2026-02-11 14:59:20,853 - INFO - Indicators NATURALGAS: price 284.90, vol 5.00, atr% 0.21, rc 0.72
2026-02-11 14:59:25,754 - WARNING - [33m❌ Ignoring switch to GOLDMINI_PINE for COMMODITY instance. Staying on GOLDMINI_PINE.[0m
2026-02-11 14:59:25,756 - INFO - ⚙️ Commodity scan list prepared: 3 symbols (tokens available for 0)
2026-02-11 14:59:25,756 - WARNING - Nifty data missing for regime assessment. Defaulting to HIGH_CONVICTION.
2026-02-11 14:59:27,236 - INFO - Indicators SILVER: price 83.58, vol 5.00, atr% 0.57, rc 0.56
2026-02-11 14:59:27,237 - ERROR - CRITICAL: No future expiry dates found in MCX cache for SILVER. Defaulting to +30 days.
2026-02-11 14:59:27,237 - WARNING - MCX lot size unavailable for SILVER; skipping metrics.
2026-02-11 14:59:27,237 - ERROR - CRITICAL: No future expiry dates found in MCX cache for SILVER. Defaulting to +30 days.
2026-02-11 14:59:27,240 - INFO - Strategy Validation - Win Rate: 26.7%, Profit Factor: 2.15
2026-02-11 14:59:29,614 - INFO - ALERT SENT: SILVER NEW SIGNAL
2026-02-11 14:59:29,614 - INFO - [35mExecution Triggered for SILVER. Conf >= 7.0 and Position is Closed.[0m
2026-02-11 14:59:29,614 - ERROR - CRITICAL: No future expiry dates found in MCX cache for SILVER. Defaulting to +30 days.
2026-02-11 14:59:29,615 - ERROR - [31mFailed to execute commodity BULLISH strategy for SILVER[0m
2026-02-11 14:59:56,573 - WARNING - [33m❌ Ignoring switch to GOLDMINI_PINE for COMMODITY instance. Staying on GOLDMINI_PINE.[0m
2026-02-11 14:59:56,573 - INFO - ⚙️ Commodity scan list prepared: 9 symbols (tokens available for 9)
2026-02-11 14:59:56,573 - WARNING - Nifty data missing for regime assessment. Defaulting to HIGH_CONVICTION.
2026-02-11 14:59:59,626 - WARNING - [33m❌ Ignoring switch to GOLDMINI_PINE for COMMODITY instance. Staying on GOLDMINI_PINE.[0m
2026-02-11 14:59:59,629 - INFO - ⚙️ Commodity scan list prepared: 3 symbols (tokens available for 0)
2026-02-11 14:59:59,630 - WARNING - Nifty data missing for regime assessment. Defaulting to HIGH_CONVICTION.
2026-02-11 15:00:01,073 - INFO - Indicators SILVER: price 83.60, vol 5.00, atr% 0.57, rc 0.57
2026-02-11 15:00:01,074 - ERROR - CRITICAL: No future expiry dates found in MCX cache for SILVER. Defaulting to +30 days.
2026-02-11 15:00:01,074 - WARNING - MCX lot size unavailable for SILVER; skipping metrics.
2026-02-11 15:00:01,074 - ERROR - CRITICAL: No future expiry dates found in MCX cache for SILVER. Defaulting to +30 days.
2026-02-11 15:00:01,078 - INFO - Strategy Validation - Win Rate: 26.7%, Profit Factor: 2.15
2026-02-11 15:00:03,541 - INFO - ALERT SENT: SILVER NEW SIGNAL
2026-02-11 15:00:03,541 - INFO - [35mExecution Triggered for SILVER. Conf >= 7.0 and Position is Closed.[0m
2026-02-11 15:00:03,541 - ERROR - CRITICAL: No future expiry dates found in MCX cache for SILVER. Defaulting to +30 days.
2026-02-11 15:00:03,541 - ERROR - [31mFailed to execute commodity BULLISH strategy for SILVER[0m
2026-02-11 15:00:07,088 - INFO - Indicators GOLDM: price 156221.00, vol 5.00, atr% 0.07, rc 0.71
2026-02-11 15:00:07,090 - INFO - Indicators GOLDMINI: price 156221.00, vol 5.00, atr% 0.07, rc 0.71
2026-02-11 15:00:07,091 - INFO - Indicators SILVER: price 262412.00, vol 5.00, atr% 0.15, rc 0.59
2026-02-11 15:00:07,093 - INFO - Indicators SILVERM: price 268558.00, vol 5.00, atr% 0.14, rc 0.65
2026-02-11 15:00:07,095 - INFO - Indicators SILVERMIC: price 268450.00, vol 5.00, atr% 0.18, rc 0.55
2026-02-11 15:00:07,097 - INFO - Indicators CRUDEOILM: price 5894.00, vol 5.00, atr% 0.12, rc 0.66
2026-02-11 15:00:07,098 - INFO - Indicators CRUDEOILMINI: price 5894.00, vol 5.00, atr% 0.12, rc 0.66
2026-02-11 15:00:07,100 - INFO - Indicators NATGASMINI: price 285.00, vol 5.00, atr% 0.21, rc 0.66
2026-02-11 15:00:08,568 - INFO - Indicators NATURALGAS: price 284.40, vol 5.00, atr% 0.22, rc 0.90
2026-02-11 15:00:33,546 - WARNING - [33m❌ Ignoring switch to GOLDMINI_PINE for COMMODITY instance. Staying on GOLDMINI_PINE.[0m
2026-02-11 15:00:33,546 - INFO - ⚙️ Commodity scan list prepared: 3 symbols (tokens available for 0)
2026-02-11 15:00:33,547 - WARNING - Nifty data missing for regime assessment. Defaulting to HIGH_CONVICTION.
2026-02-11 15:00:35,006 - INFO - Indicators SILVER: price 83.59, vol 5.00, atr% 0.57, rc 0.57
2026-02-11 15:00:35,006 - ERROR - CRITICAL: No future expiry dates found in MCX cache for SILVER. Defaulting to +30 days.
2026-02-11 15:00:35,006 - WARNING - MCX lot size unavailable for SILVER; skipping metrics.
2026-02-11 15:00:35,006 - ERROR - CRITICAL: No future expiry dates found in MCX cache for SILVER. Defaulting to +30 days.
2026-02-11 15:00:35,013 - INFO - Strategy Validation - Win Rate: 26.7%, Profit Factor: 2.15
2026-02-11 15:00:37,531 - INFO - ALERT SENT: SILVER NEW SIGNAL
2026-02-11 15:00:37,532 - INFO - [35mExecution Triggered for SILVER. Conf >= 7.0 and Position is Closed.[0m
2026-02-11 15:00:37,533 - ERROR - CRITICAL: No future expiry dates found in MCX cache for SILVER. Defaulting to +30 days.
2026-02-11 15:00:37,533 - ERROR - [31mFailed to execute commodity BULLISH strategy for SILVER[0m
2026-02-11 15:00:44,258 - WARNING - [33m❌ Ignoring switch to GOLDMINI_PINE for COMMODITY instance. Staying on GOLDMINI_PINE.[0m
2026-02-11 15:00:44,260 - INFO - ⚙️ Commodity scan list prepared: 9 symbols (tokens available for 9)
2026-02-11 15:00:44,260 - WARNING - Nifty data missing for regime assessment. Defaulting to HIGH_CONVICTION.
2026-02-11 15:00:55,790 - INFO - Indicators GOLDM: price 156206.00, vol 5.00, atr% 0.06, rc 0.58
2026-02-11 15:00:55,793 - INFO - Indicators GOLDMINI: price 156206.00, vol 5.00, atr% 0.06, rc 0.58
2026-02-11 15:00:55,796 - INFO - Indicators SILVER: price 262303.00, vol 5.00, atr% 0.12, rc 0.51
2026-02-11 15:00:55,800 - INFO - Indicators SILVERM: price 268500.00, vol 5.00, atr% 0.14, rc 0.65
2026-02-11 15:00:55,805 - INFO - Indicators SILVERMIC: price 268500.00, vol 5.00, atr% 0.17, rc 0.60
2026-02-11 15:00:55,807 - INFO - Indicators CRUDEOILM: price 5894.00, vol 5.00, atr% 0.14, rc 0.61
2026-02-11 15:00:55,811 - INFO - Indicators CRUDEOILMINI: price 5894.00, vol 5.00, atr% 0.14, rc 0.61
2026-02-11 15:00:55,815 - INFO - Indicators NATGASMINI: price 284.60, vol 5.00, atr% 0.23, rc 0.65
2026-02-11 15:00:57,291 - INFO - Indicators NATURALGAS: price 284.70, vol 5.00, atr% 0.23, rc 0.56
2026-02-11 15:01:07,552 - WARNING - [33m❌ Ignoring switch to GOLDMINI_PINE for COMMODITY instance. Staying on GOLDMINI_PINE.[0m
2026-02-11 15:01:07,554 - INFO - ⚙️ Commodity scan list prepared: 3 symbols (tokens available for 0)
2026-02-11 15:01:07,555 - WARNING - Nifty data missing for regime assessment. Defaulting to HIGH_CONVICTION.
2026-02-11 15:01:09,069 - INFO - Indicators SILVER: price 83.61, vol 5.00, atr% 0.57, rc 0.58
2026-02-11 15:01:33,079 - WARNING - [33m❌ Ignoring switch to GOLDMINI_PINE for COMMODITY instance. Staying on GOLDMINI_PINE.[0m
2026-02-11 15:01:33,110 - INFO - ⚙️ Commodity scan list prepared: 9 symbols (tokens available for 9)
2026-02-11 15:01:33,116 - WARNING - Nifty data missing for regime assessment. Defaulting to HIGH_CONVICTION.
2026-02-11 15:01:39,079 - WARNING - [33m❌ Ignoring switch to GOLDMINI_PINE for COMMODITY instance. Staying on GOLDMINI_PINE.[0m
2026-02-11 15:01:39,081 - INFO - ⚙️ Commodity scan list prepared: 3 symbols (tokens available for 0)
2026-02-11 15:01:39,082 - WARNING - Nifty data missing for regime assessment. Defaulting to HIGH_CONVICTION.
2026-02-11 15:01:40,612 - INFO - Indicators SILVER: price 83.60, vol 5.00, atr% 0.57, rc 0.57
2026-02-11 15:01:40,612 - ERROR - CRITICAL: No future expiry dates found in MCX cache for SILVER. Defaulting to +30 days.
2026-02-11 15:01:40,612 - WARNING - MCX lot size unavailable for SILVER; skipping metrics.
2026-02-11 15:01:40,612 - ERROR - CRITICAL: No future expiry dates found in MCX cache for SILVER. Defaulting to +30 days.
2026-02-11 15:01:40,617 - INFO - Strategy Validation - Win Rate: 26.7%, Profit Factor: 2.15
2026-02-11 15:01:43,400 - INFO - ALERT SENT: SILVER NEW SIGNAL
2026-02-11 15:01:43,400 - INFO - [35mExecution Triggered for SILVER. Conf >= 7.0 and Position is Closed.[0m
2026-02-11 15:01:43,400 - ERROR - CRITICAL: No future expiry dates found in MCX cache for SILVER. Defaulting to +30 days.
2026-02-11 15:01:43,400 - ERROR - [31mFailed to execute commodity BULLISH strategy for SILVER[0m
2026-02-11 15:01:46,961 - INFO - Indicators GOLDM: price 156252.00, vol 5.00, atr% 0.07, rc 0.71
2026-02-11 15:01:46,965 - INFO - Indicators GOLDMINI: price 156252.00, vol 5.00, atr% 0.07, rc 0.71
2026-02-11 15:01:46,968 - INFO - Indicators SILVER: price 262456.00, vol 5.00, atr% 0.15, rc 0.79
2026-02-11 15:01:46,972 - INFO - Indicators SILVERM: price 268750.00, vol 5.00, atr% 0.16, rc 0.79
2026-02-11 15:01:46,976 - INFO - Indicators SILVERMIC: price 268632.00, vol 5.00, atr% 0.19, rc 0.61
2026-02-11 15:01:46,979 - INFO - Indicators CRUDEOILM: price 5893.00, vol 5.00, atr% 0.14, rc 0.57
2026-02-11 15:01:46,981 - INFO - Indicators CRUDEOILMINI: price 5893.00, vol 5.00, atr% 0.14, rc 0.57
2026-02-11 15:01:46,984 - INFO - Indicators NATGASMINI: price 284.80, vol 5.00, atr% 0.23, rc 0.60
2026-02-11 15:01:48,414 - INFO - Indicators NATURALGAS: price 284.40, vol 5.00, atr% 0.22, rc 0.70
2026-02-11 15:02:13,407 - WARNING - [33m❌ Ignoring switch to GOLDMINI_PINE for COMMODITY instance. Staying on GOLDMINI_PINE.[0m
2026-02-11 15:02:13,408 - INFO - ⚙️ Commodity scan list prepared: 3 symbols (tokens available for 0)
2026-02-11 15:02:13,408 - WARNING - Nifty data missing for regime assessment. Defaulting to HIGH_CONVICTION.
2026-02-11 15:02:15,196 - INFO - Indicators SILVER: price 83.62, vol 5.00, atr% 0.58, rc 0.58
2026-02-11 15:02:24,199 - WARNING - [33m❌ Ignoring switch to GOLDMINI_PINE for COMMODITY instance. Staying on GOLDMINI_PINE.[0m
2026-02-11 15:02:24,199 - INFO - ⚙️ Commodity scan list prepared: 9 symbols (tokens available for 9)
2026-02-11 15:02:24,199 - WARNING - Nifty data missing for regime assessment. Defaulting to HIGH_CONVICTION.
2026-02-11 15:02:36,111 - INFO - Indicators GOLDM: price 156260.00, vol 5.00, atr% 0.07, rc 0.62
2026-02-11 15:02:36,115 - INFO - Indicators GOLDMINI: price 156260.00, vol 5.00, atr% 0.07, rc 0.62
2026-02-11 15:02:36,120 - INFO - Indicators SILVER: price 262684.00, vol 5.00, atr% 0.17, rc 0.93
2026-02-11 15:02:36,151 - INFO - Indicators SILVERM: price 268898.00, vol 5.00, atr% 0.16, rc 0.86
2026-02-11 15:02:36,156 - INFO - Indicators SILVERMIC: price 268690.00, vol 5.00, atr% 0.19, rc 0.66
2026-02-11 15:02:36,161 - INFO - Indicators CRUDEOILM: price 5892.00, vol 5.00, atr% 0.14, rc 0.64
2026-02-11 15:02:36,165 - INFO - Indicators CRUDEOILMINI: price 5892.00, vol 5.00, atr% 0.14, rc 0.64
2026-02-11 15:02:36,169 - INFO - Indicators NATGASMINI: price 284.50, vol 5.00, atr% 0.21, rc 0.86
2026-02-11 15:02:37,605 - INFO - Indicators NATURALGAS: price 284.00, vol 5.00, atr% 0.22, rc 0.94
2026-02-11 15:02:39,069 - INFO - Strategy Validation - Win Rate: 26.7%, Profit Factor: 2.15
2026-02-11 15:02:43,053 - INFO - ALERT SENT: NATURALGAS NEW SIGNAL
2026-02-11 15:02:43,054 - INFO - [35mExecution Triggered for NATURALGAS. Conf >= 7.8 and Position is Closed.[0m
2026-02-11 15:02:43,197 - ERROR - [31mFailed to execute commodity BEARISH strategy for NATURALGAS[0m
2026-02-11 15:02:45,214 - WARNING - [33m❌ Ignoring switch to GOLDMINI_PINE for COMMODITY instance. Staying on GOLDMINI_PINE.[0m
2026-02-11 15:02:45,215 - INFO - ⚙️ Commodity scan list prepared: 3 symbols (tokens available for 0)
2026-02-11 15:02:45,215 - WARNING - Nifty data missing for regime assessment. Defaulting to HIGH_CONVICTION.
2026-02-11 15:02:46,645 - INFO - Indicators SILVER: price 83.59, vol 5.00, atr% 0.58, rc 0.56
2026-02-11 15:02:46,645 - ERROR - CRITICAL: No future expiry dates found in MCX cache for SILVER. Defaulting to +30 days.
2026-02-11 15:02:46,645 - WARNING - MCX lot size unavailable for SILVER; skipping metrics.
2026-02-11 15:02:46,645 - ERROR - CRITICAL: No future expiry dates found in MCX cache for SILVER. Defaulting to +30 days.
2026-02-11 15:02:46,647 - INFO - Strategy Validation - Win Rate: 26.7%, Profit Factor: 2.15
2026-02-11 15:02:48,817 - INFO - ALERT SENT: SILVER NEW SIGNAL
2026-02-11 15:02:48,820 - INFO - [35mExecution Triggered for SILVER. Conf >= 7.0 and Position is Closed.[0m
2026-02-11 15:02:48,820 - ERROR - CRITICAL: No future expiry dates found in MCX cache for SILVER. Defaulting to +30 days.
2026-02-11 15:02:48,823 - ERROR - [31mFailed to execute commodity BULLISH strategy for SILVER[0m
2026-02-11 15:03:17,943 - WARNING - [33m❌ Ignoring switch to GOLDMINI_PINE for COMMODITY instance. Staying on GOLDMINI_PINE.[0m
2026-02-11 15:03:17,944 - INFO - ⚙️ Commodity scan list prepared: 9 symbols (tokens available for 9)
2026-02-11 15:03:17,945 - WARNING - Nifty data missing for regime assessment. Defaulting to HIGH_CONVICTION.
2026-02-11 15:03:18,843 - WARNING - [33m❌ Ignoring switch to GOLDMINI_PINE for COMMODITY instance. Staying on GOLDMINI_PINE.[0m
2026-02-11 15:03:18,845 - INFO - ⚙️ Commodity scan list prepared: 3 symbols (tokens available for 0)
2026-02-11 15:03:18,845 - WARNING - Nifty data missing for regime assessment. Defaulting to HIGH_CONVICTION.
2026-02-11 15:03:20,239 - INFO - Indicators SILVER: price 83.61, vol 5.00, atr% 0.58, rc 0.57
2026-02-11 15:03:20,240 - ERROR - CRITICAL: No future expiry dates found in MCX cache for SILVER. Defaulting to +30 days.
2026-02-11 15:03:20,240 - WARNING - MCX lot size unavailable for SILVER; skipping metrics.
2026-02-11 15:03:20,240 - ERROR - CRITICAL: No future expiry dates found in MCX cache for SILVER. Defaulting to +30 days.
2026-02-11 15:03:20,245 - INFO - Strategy Validation - Win Rate: 26.7%, Profit Factor: 2.15
2026-02-11 15:03:24,000 - INFO - ALERT SENT: SILVER NEW SIGNAL
2026-02-11 15:03:24,001 - INFO - [35mExecution Triggered for SILVER. Conf >= 7.0 and Position is Closed.[0m
2026-02-11 15:03:24,001 - ERROR - CRITICAL: No future expiry dates found in MCX cache for SILVER. Defaulting to +30 days.
2026-02-11 15:03:24,001 - ERROR - [31mFailed to execute commodity BULLISH strategy for SILVER[0m
2026-02-11 15:03:28,744 - INFO - Indicators GOLDM: price 156274.00, vol 5.00, atr% 0.07, rc 0.75
2026-02-11 15:03:28,748 - INFO - Indicators GOLDMINI: price 156274.00, vol 5.00, atr% 0.07, rc 0.75
2026-02-11 15:03:28,750 - INFO - Indicators SILVER: price 262636.00, vol 5.00, atr% 0.16, rc 0.84
2026-02-11 15:03:28,753 - INFO - Indicators SILVERM: price 268800.00, vol 5.00, atr% 0.16, rc 0.70
2026-02-11 15:03:28,755 - INFO - Indicators SILVERMIC: price 268837.00, vol 5.00, atr% 0.18, rc 0.74
2026-02-11 15:03:28,758 - INFO - Indicators CRUDEOILM: price 5895.00, vol 5.00, atr% 0.14, rc 0.49
2026-02-11 15:03:28,761 - INFO - Indicators CRUDEOILMINI: price 5895.00, vol 5.00, atr% 0.14, rc 0.49
2026-02-11 15:03:28,762 - INFO - Indicators NATGASMINI: price 284.20, vol 5.00, atr% 0.22, rc 0.90
2026-02-11 15:03:30,223 - INFO - Indicators NATURALGAS: price 284.00, vol 5.00, atr% 0.22, rc 0.80
2026-02-11 15:03:31,770 - INFO - Strategy Validation - Win Rate: 26.7%, Profit Factor: 2.15
2026-02-11 15:03:33,770 - INFO - ALERT SENT: NATGASMINI NEW SIGNAL
2026-02-11 15:03:33,770 - INFO - [35mExecution Triggered for NATGASMINI. Conf >= 7.8 and Position is Closed.[0m
2026-02-11 15:03:33,881 - ERROR - [31mFailed to execute commodity BEARISH strategy for NATGASMINI[0m
2026-02-11 15:03:54,011 - WARNING - [33m❌ Ignoring switch to GOLDMINI_PINE for COMMODITY instance. Staying on GOLDMINI_PINE.[0m
2026-02-11 15:03:54,012 - INFO - ⚙️ Commodity scan list prepared: 3 symbols (tokens available for 0)
2026-02-11 15:03:54,012 - WARNING - Nifty data missing for regime assessment. Defaulting to HIGH_CONVICTION.
2026-02-11 15:03:55,398 - INFO - Indicators SILVER: price 83.67, vol 5.00, atr% 0.58, rc 0.61
2026-02-11 15:04:08,765 - WARNING - [33m❌ Ignoring switch to GOLDMINI_PINE for COMMODITY instance. Staying on GOLDMINI_PINE.[0m
2026-02-11 15:04:08,769 - INFO - ⚙️ Commodity scan list prepared: 9 symbols (tokens available for 9)
2026-02-11 15:04:08,769 - WARNING - Nifty data missing for regime assessment. Defaulting to HIGH_CONVICTION.
2026-02-11 15:04:19,326 - INFO - Indicators GOLDM: price 156300.00, vol 5.00, atr% 0.07, rc 0.85
2026-02-11 15:04:19,332 - INFO - Indicators GOLDMINI: price 156300.00, vol 5.00, atr% 0.07, rc 0.85
2026-02-11 15:04:19,338 - INFO - Indicators SILVER: price 262797.00, vol 5.00, atr% 0.15, rc 0.99
2026-02-11 15:04:19,344 - INFO - Indicators SILVERM: price 268773.00, vol 5.00, atr% 0.16, rc 0.81
2026-02-11 15:04:19,350 - INFO - Indicators SILVERMIC: price 268705.00, vol 5.00, atr% 0.18, rc 0.77
2026-02-11 15:04:19,357 - INFO - Indicators CRUDEOILM: price 5895.00, vol 5.00, atr% 0.13, rc 0.49
2026-02-11 15:04:19,362 - INFO - Indicators CRUDEOILMINI: price 5895.00, vol 5.00, atr% 0.13, rc 0.49
2026-02-11 15:04:19,368 - INFO - Indicators NATGASMINI: price 284.30, vol 5.00, atr% 0.22, rc 0.80
2026-02-11 15:04:20,826 - INFO - Indicators NATURALGAS: price 284.20, vol 5.00, atr% 0.22, rc 0.80
2026-02-11 15:04:25,409 - WARNING - [33m❌ Ignoring switch to GOLDMINI_PINE for COMMODITY instance. Staying on GOLDMINI_PINE.[0m
2026-02-11 15:04:25,410 - INFO - ⚙️ Commodity scan list prepared: 3 symbols (tokens available for 0)
2026-02-11 15:04:25,410 - WARNING - Nifty data missing for regime assessment. Defaulting to HIGH_CONVICTION.
2026-02-11 15:04:26,937 - INFO - Indicators SILVER: price 83.60, vol 5.00, atr% 0.58, rc 0.57
2026-02-11 15:04:26,937 - ERROR - CRITICAL: No future expiry dates found in MCX cache for SILVER. Defaulting to +30 days.
2026-02-11 15:04:26,937 - WARNING - MCX lot size unavailable for SILVER; skipping metrics.
2026-02-11 15:04:26,938 - ERROR - CRITICAL: No future expiry dates found in MCX cache for SILVER. Defaulting to +30 days.
2026-02-11 15:04:26,942 - INFO - Strategy Validation - Win Rate: 26.7%, Profit Factor: 2.15
2026-02-11 15:04:29,349 - INFO - ALERT SENT: SILVER NEW SIGNAL
2026-02-11 15:04:29,349 - INFO - [35mExecution Triggered for SILVER. Conf >= 7.0 and Position is Closed.[0m
2026-02-11 15:04:29,350 - ERROR - CRITICAL: No future expiry dates found in MCX cache for SILVER. Defaulting to +30 days.
2026-02-11 15:04:29,350 - ERROR - [31mFailed to execute commodity BULLISH strategy for SILVER[0m
2026-02-11 15:04:56,528 - WARNING - [33m❌ Ignoring switch to GOLDMINI_PINE for COMMODITY instance. Staying on GOLDMINI_PINE.[0m
2026-02-11 15:04:56,530 - INFO - ⚙️ Commodity scan list prepared: 9 symbols (tokens available for 9)
2026-02-11 15:04:56,530 - WARNING - Nifty data missing for regime assessment. Defaulting to HIGH_CONVICTION.
2026-02-11 15:04:59,363 - WARNING - [33m❌ Ignoring switch to GOLDMINI_PINE for COMMODITY instance. Staying on GOLDMINI_PINE.[0m
2026-02-11 15:04:59,365 - INFO - ⚙️ Commodity scan list prepared: 3 symbols (tokens available for 0)
2026-02-11 15:04:59,366 - WARNING - Nifty data missing for regime assessment. Defaulting to HIGH_CONVICTION.
2026-02-11 15:05:00,824 - INFO - Indicators SILVER: price 83.61, vol 5.00, atr% 0.58, rc 0.58
2026-02-11 15:05:07,349 - INFO - Indicators GOLDM: price 156280.00, vol 5.00, atr% 0.07, rc 0.67
2026-02-11 15:05:07,352 - INFO - Indicators GOLDMINI: price 156280.00, vol 5.00, atr% 0.07, rc 0.67
2026-02-11 15:05:07,354 - INFO - Indicators SILVER: price 262580.00, vol 5.00, atr% 0.15, rc 0.62
2026-02-11 15:05:07,356 - INFO - Indicators SILVERM: price 268882.00, vol 5.00, atr% 0.14, rc 0.74
2026-02-11 15:05:07,358 - INFO - Indicators SILVERMIC: price 268752.00, vol 5.00, atr% 0.18, rc 0.68
2026-02-11 15:05:07,360 - INFO - Indicators CRUDEOILM: price 5895.00, vol 5.00, atr% 0.12, rc 0.54
2026-02-11 15:05:07,362 - INFO - Indicators CRUDEOILMINI: price 5895.00, vol 5.00, atr% 0.12, rc 0.54
2026-02-11 15:05:07,364 - INFO - Indicators NATGASMINI: price 284.40, vol 5.00, atr% 0.22, rc 0.75
2026-02-11 15:05:08,801 - INFO - Indicators NATURALGAS: price 284.20, vol 5.00, atr% 0.22, rc 0.56
2026-02-11 15:05:30,836 - WARNING - [33m❌ Ignoring switch to GOLDMINI_PINE for COMMODITY instance. Staying on GOLDMINI_PINE.[0m
2026-02-11 15:05:30,837 - INFO - ⚙️ Commodity scan list prepared: 3 symbols (tokens available for 0)
2026-02-11 15:05:30,838 - WARNING - Nifty data missing for regime assessment. Defaulting to HIGH_CONVICTION.
2026-02-11 15:05:32,210 - INFO - Indicators SILVER: price 83.66, vol 5.00, atr% 0.58, rc 0.61
2026-02-11 15:05:44,518 - WARNING - [33m❌ Ignoring switch to GOLDMINI_PINE for COMMODITY instance. Staying on GOLDMINI_PINE.[0m
2026-02-11 15:05:44,520 - INFO - ⚙️ Commodity scan list prepared: 9 symbols (tokens available for 9)
2026-02-11 15:05:44,523 - WARNING - Nifty data missing for regime assessment. Defaulting to HIGH_CONVICTION.
2026-02-11 15:05:54,936 - INFO - Indicators GOLDM: price 156322.00, vol 5.00, atr% 0.06, rc 0.85
2026-02-11 15:05:54,939 - INFO - Indicators GOLDMINI: price 156322.00, vol 5.00, atr% 0.06, rc 0.85
2026-02-11 15:05:54,941 - INFO - Indicators SILVER: price 263000.00, vol 5.00, atr% 0.13, rc 1.00
2026-02-11 15:05:54,943 - INFO - Indicators SILVERM: price 269200.00, vol 5.00, atr% 0.15, rc 1.00
2026-02-11 15:05:54,948 - INFO - Indicators SILVERMIC: price 269135.00, vol 5.00, atr% 0.18, rc 0.89
2026-02-11 15:05:54,951 - INFO - Indicators CRUDEOILM: price 5893.00, vol 5.00, atr% 0.13, rc 0.53
2026-02-11 15:05:54,954 - INFO - Indicators CRUDEOILMINI: price 5893.00, vol 5.00, atr% 0.13, rc 0.53
2026-02-11 15:05:54,961 - INFO - Indicators NATGASMINI: price 284.30, vol 5.00, atr% 0.24, rc 0.63
2026-02-11 15:05:56,388 - INFO - Indicators NATURALGAS: price 284.10, vol 5.00, atr% 0.24, rc 0.76
2026-02-11 15:06:00,764 - WARNING - [33m❌ Ignoring switch to GOLDMINI_PINE for COMMODITY instance. Staying on GOLDMINI_PINE.[0m
2026-02-11 15:06:00,765 - INFO - ⚙️ Commodity scan list prepared: 3 symbols (tokens available for 0)
2026-02-11 15:06:00,765 - WARNING - Nifty data missing for regime assessment. Defaulting to HIGH_CONVICTION.
2026-02-11 15:06:02,372 - INFO - Indicators SILVER: price 83.66, vol 5.00, atr% 0.58, rc 0.61
2026-02-11 15:06:03,378 - WARNING - [33m❌ Ignoring switch to GOLDMINI_PINE for COMMODITY instance. Staying on GOLDMINI_PINE.[0m
2026-02-11 15:06:03,378 - INFO - ⚙️ Commodity scan list prepared: 3 symbols (tokens available for 0)
2026-02-11 15:06:03,379 - WARNING - Nifty data missing for regime assessment. Defaulting to HIGH_CONVICTION.
2026-02-11 15:06:04,441 - INFO - Indicators SILVER: price 83.66, vol 5.00, atr% 0.58, rc 0.61
2026-02-11 15:06:32,136 - WARNING - [33m❌ Ignoring switch to GOLDMINI_PINE for COMMODITY instance. Staying on GOLDMINI_PINE.[0m
2026-02-11 15:06:32,137 - INFO - ⚙️ Commodity scan list prepared: 9 symbols (tokens available for 9)
2026-02-11 15:06:32,137 - WARNING - Nifty data missing for regime assessment. Defaulting to HIGH_CONVICTION.
2026-02-11 15:06:34,471 - WARNING - [33m❌ Ignoring switch to GOLDMINI_PINE for COMMODITY instance. Staying on GOLDMINI_PINE.[0m
2026-02-11 15:06:34,472 - INFO - ⚙️ Commodity scan list prepared: 3 symbols (tokens available for 0)
2026-02-11 15:06:34,472 - WARNING - Nifty data missing for regime assessment. Defaulting to HIGH_CONVICTION.
2026-02-11 15:06:35,920 - INFO - Indicators SILVER: price 83.67, vol 5.00, atr% 0.58, rc 0.61
2026-02-11 15:06:43,453 - INFO - Indicators GOLDM: price 156347.00, vol 5.00, atr% 0.07, rc 0.76
2026-02-11 15:06:43,454 - INFO - Indicators GOLDMINI: price 156347.00, vol 5.00, atr% 0.07, rc 0.76
2026-02-11 15:06:43,456 - INFO - Indicators SILVER: price 263007.00, vol 5.00, atr% 0.16, rc 0.89
2026-02-11 15:06:43,457 - INFO - Indicators SILVERM: price 269200.00, vol 5.00, atr% 0.17, rc 0.77
2026-02-11 15:06:43,459 - INFO - Indicators SILVERMIC: price 269239.00, vol 5.00, atr% 0.19, rc 0.85
2026-02-11 15:06:43,461 - INFO - Indicators CRUDEOILM: price 5896.00, vol 5.00, atr% 0.13, rc 0.61
2026-02-11 15:06:43,463 - INFO - Indicators CRUDEOILMINI: price 5896.00, vol 5.00, atr% 0.13, rc 0.61
2026-02-11 15:06:43,464 - INFO - Indicators NATGASMINI: price 284.20, vol 5.00, atr% 0.24, rc 0.73
2026-02-11 15:06:44,875 - INFO - Indicators NATURALGAS: price 284.10, vol 5.00, atr% 0.23, rc 0.63
2026-02-11 15:07:05,931 - WARNING - [33m❌ Ignoring switch to GOLDMINI_PINE for COMMODITY instance. Staying on GOLDMINI_PINE.[0m
2026-02-11 15:07:05,932 - INFO - ⚙️ Commodity scan list prepared: 3 symbols (tokens available for 0)
2026-02-11 15:07:05,932 - WARNING - Nifty data missing for regime assessment. Defaulting to HIGH_CONVICTION.
2026-02-11 15:07:07,379 - INFO - Indicators SILVER: price 83.67, vol 5.00, atr% 0.58, rc 0.61
2026-02-11 15:07:20,589 - WARNING - [33m❌ Ignoring switch to GOLDMINI_PINE for COMMODITY instance. Staying on GOLDMINI_PINE.[0m
2026-02-11 15:07:20,591 - INFO - ⚙️ Commodity scan list prepared: 9 symbols (tokens available for 9)
2026-02-11 15:07:20,592 - WARNING - Nifty data missing for regime assessment. Defaulting to HIGH_CONVICTION.
2026-02-11 15:07:30,978 - INFO - Indicators GOLDM: price 156284.00, vol 5.00, atr% 0.07, rc 0.64
2026-02-11 15:07:30,983 - INFO - Indicators GOLDMINI: price 156284.00, vol 5.00, atr% 0.07, rc 0.64
2026-02-11 15:07:30,988 - INFO - Indicators SILVER: price 263100.00, vol 5.00, atr% 0.17, rc 0.77
2026-02-11 15:07:30,991 - INFO - Indicators SILVERM: price 269397.00, vol 5.00, atr% 0.17, rc 0.83
2026-02-11 15:07:30,994 - INFO - Indicators SILVERMIC: price 269301.00, vol 5.00, atr% 0.20, rc 0.75
2026-02-11 15:07:30,997 - INFO - Indicators CRUDEOILM: price 5896.00, vol 5.00, atr% 0.14, rc 0.64
2026-02-11 15:07:31,000 - INFO - Indicators CRUDEOILMINI: price 5896.00, vol 5.00, atr% 0.14, rc 0.64
2026-02-11 15:07:31,002 - INFO - Indicators NATGASMINI: price 284.30, vol 5.00, atr% 0.22, rc 0.56
2026-02-11 15:07:32,507 - INFO - Indicators NATURALGAS: price 284.10, vol 5.00, atr% 0.23, rc 0.54
2026-02-11 15:07:37,385 - WARNING - [33m❌ Ignoring switch to GOLDMINI_PINE for COMMODITY instance. Staying on GOLDMINI_PINE.[0m
2026-02-11 15:07:37,387 - INFO - ⚙️ Commodity scan list prepared: 3 symbols (tokens available for 0)
2026-02-11 15:07:37,387 - WARNING - Nifty data missing for regime assessment. Defaulting to HIGH_CONVICTION.
2026-02-11 15:07:38,802 - INFO - Indicators SILVER: price 83.70, vol 5.00, atr% 0.58, rc 0.63
2026-02-11 15:08:08,222 - WARNING - [33m❌ Ignoring switch to GOLDMINI_PINE for COMMODITY instance. Staying on GOLDMINI_PINE.[0m
2026-02-11 15:08:08,224 - INFO - ⚙️ Commodity scan list prepared: 9 symbols (tokens available for 9)
2026-02-11 15:08:08,225 - WARNING - Nifty data missing for regime assessment. Defaulting to HIGH_CONVICTION.
2026-02-11 15:08:08,818 - WARNING - [33m❌ Ignoring switch to GOLDMINI_PINE for COMMODITY instance. Staying on GOLDMINI_PINE.[0m
2026-02-11 15:08:08,818 - INFO - ⚙️ Commodity scan list prepared: 3 symbols (tokens available for 0)
2026-02-11 15:08:08,818 - WARNING - Nifty data missing for regime assessment. Defaulting to HIGH_CONVICTION.
2026-02-11 15:08:10,269 - INFO - Indicators SILVER: price 83.76, vol 5.00, atr% 0.58, rc 0.67
2026-02-11 15:08:18,798 - INFO - Indicators GOLDM: price 156317.00, vol 5.00, atr% 0.07, rc 0.68
2026-02-11 15:08:18,803 - INFO - Indicators GOLDMINI: price 156317.00, vol 5.00, atr% 0.07, rc 0.68
2026-02-11 15:08:18,807 - INFO - Indicators SILVER: price 263097.00, vol 5.00, atr% 0.16, rc 0.82
2026-02-11 15:08:18,810 - INFO - Indicators SILVERM: price 269342.00, vol 5.00, atr% 0.16, rc 0.92
2026-02-11 15:08:18,814 - INFO - Indicators SILVERMIC: price 269131.00, vol 5.00, atr% 0.19, rc 0.70
2026-02-11 15:08:18,816 - INFO - Indicators CRUDEOILM: price 5897.00, vol 5.00, atr% 0.13, rc 0.49
2026-02-11 15:08:18,819 - INFO - Indicators CRUDEOILMINI: price 5897.00, vol 5.00, atr% 0.13, rc 0.49
2026-02-11 15:08:18,822 - INFO - Indicators NATGASMINI: price 284.20, vol 5.00, atr% 0.22, rc 0.59
2026-02-11 15:08:20,280 - INFO - Indicators NATURALGAS: price 284.10, vol 5.00, atr% 0.23, rc 0.54
2026-02-11 15:08:27,231 - WARNING - [33m❌ Ignoring switch to GOLDMINI_PINE for COMMODITY instance. Staying on GOLDMINI_PINE.[0m
2026-02-11 15:08:27,232 - INFO - ⚙️ Commodity scan list prepared: 9 symbols (tokens available for 9)
2026-02-11 15:08:27,232 - WARNING - Nifty data missing for regime assessment. Defaulting to HIGH_CONVICTION.
2026-02-11 15:08:40,294 - WARNING - [33m❌ Ignoring switch to GOLDMINI_PINE for COMMODITY instance. Staying on GOLDMINI_PINE.[0m
2026-02-11 15:08:40,298 - INFO - ⚙️ Commodity scan list prepared: 3 symbols (tokens available for 0)
2026-02-11 15:08:40,298 - WARNING - Nifty data missing for regime assessment. Defaulting to HIGH_CONVICTION.
2026-02-11 15:08:40,662 - INFO - Indicators GOLDM: price 156317.00, vol 5.00, atr% 0.07, rc 0.61
2026-02-11 15:08:40,665 - INFO - Indicators GOLDMINI: price 156317.00, vol 5.00, atr% 0.07, rc 0.61
2026-02-11 15:08:40,667 - INFO - Indicators SILVER: price 263400.00, vol 5.00, atr% 0.17, rc 1.00
2026-02-11 15:08:40,669 - INFO - Indicators SILVERM: price 269481.00, vol 5.00, atr% 0.17, rc 0.95
2026-02-11 15:08:40,671 - INFO - Indicators SILVERMIC: price 269435.00, vol 5.00, atr% 0.19, rc 0.84
2026-02-11 15:08:40,674 - INFO - Indicators CRUDEOILM: price 5897.00, vol 5.00, atr% 0.13, rc 0.53
2026-02-11 15:08:40,675 - INFO - Indicators CRUDEOILMINI: price 5897.00, vol 5.00, atr% 0.13, rc 0.53
2026-02-11 15:08:40,677 - INFO - Indicators NATGASMINI: price 284.40, vol 5.00, atr% 0.22, rc 0.51
2026-02-11 15:08:41,697 - INFO - Indicators SILVER: price 83.71, vol 5.00, atr% 0.58, rc 0.63
2026-02-11 15:08:42,233 - INFO - Indicators NATURALGAS: price 284.20, vol 5.00, atr% 0.23, rc 0.49
2026-02-11 15:09:11,703 - WARNING - [33m❌ Ignoring switch to GOLDMINI_PINE for COMMODITY instance. Staying on GOLDMINI_PINE.[0m
2026-02-11 15:09:11,706 - INFO - ⚙️ Commodity scan list prepared: 3 symbols (tokens available for 0)
2026-02-11 15:09:11,706 - WARNING - Nifty data missing for regime assessment. Defaulting to HIGH_CONVICTION.
2026-02-11 15:09:13,064 - INFO - Indicators SILVER: price 83.71, vol 5.00, atr% 0.59, rc 0.63
2026-02-11 15:09:17,876 - WARNING - [33m❌ Ignoring switch to GOLDMINI_PINE for COMMODITY instance. Staying on GOLDMINI_PINE.[0m
2026-02-11 15:09:17,878 - INFO - ⚙️ Commodity scan list prepared: 9 symbols (tokens available for 9)
2026-02-11 15:09:17,878 - WARNING - Nifty data missing for regime assessment. Defaulting to HIGH_CONVICTION.
2026-02-11 15:09:28,189 - INFO - Indicators GOLDM: price 156345.00, vol 5.00, atr% 0.06, rc 0.63
2026-02-11 15:09:28,193 - INFO - Indicators GOLDMINI: price 156345.00, vol 5.00, atr% 0.06, rc 0.63
2026-02-11 15:09:28,197 - INFO - Indicators SILVER: price 263390.00, vol 5.00, atr% 0.15, rc 0.94
2026-02-11 15:09:28,200 - INFO - Indicators SILVERM: price 269370.00, vol 5.00, atr% 0.16, rc 0.88
2026-02-11 15:09:28,205 - INFO - Indicators SILVERMIC: price 269466.00, vol 5.00, atr% 0.18, rc 0.88
2026-02-11 15:09:28,207 - INFO - Indicators CRUDEOILM: price 5899.00, vol 5.00, atr% 0.13, rc 0.65
2026-02-11 15:09:28,213 - INFO - Indicators CRUDEOILMINI: price 5899.00, vol 5.00, atr% 0.13, rc 0.65
2026-02-11 15:09:28,216 - INFO - Indicators NATGASMINI: price 284.40, vol 5.00, atr% 0.22, rc 0.51
2026-02-11 15:09:29,677 - INFO - Indicators NATURALGAS: price 284.20, vol 5.00, atr% 0.22, rc 0.47
2026-02-11 15:09:43,085 - WARNING - [33m❌ Ignoring switch to GOLDMINI_PINE for COMMODITY instance. Staying on GOLDMINI_PINE.[0m
2026-02-11 15:09:43,086 - INFO - ⚙️ Commodity scan list prepared: 3 symbols (tokens available for 0)
2026-02-11 15:09:43,086 - WARNING - Nifty data missing for regime assessment. Defaulting to HIGH_CONVICTION.
2026-02-11 15:09:45,256 - INFO - Indicators SILVER: price 83.79, vol 5.00, atr% 0.59, rc 0.69
2026-02-11 15:10:05,299 - WARNING - [33m❌ Ignoring switch to GOLDMINI_PINE for COMMODITY instance. Staying on GOLDMINI_PINE.[0m
2026-02-11 15:10:05,301 - INFO - ⚙️ Commodity scan list prepared: 9 symbols (tokens available for 9)
2026-02-11 15:10:05,302 - WARNING - Nifty data missing for regime assessment. Defaulting to HIGH_CONVICTION.
2026-02-11 15:10:15,268 - WARNING - [33m❌ Ignoring switch to GOLDMINI_PINE for COMMODITY instance. Staying on GOLDMINI_PINE.[0m
2026-02-11 15:10:15,269 - INFO - ⚙️ Commodity scan list prepared: 3 symbols (tokens available for 0)
2026-02-11 15:10:15,269 - WARNING - Nifty data missing for regime assessment. Defaulting to HIGH_CONVICTION.
2026-02-11 15:10:16,726 - INFO - Indicators SILVER: price 83.72, vol 5.00, atr% 0.58, rc 0.51
2026-02-11 15:10:16,965 - INFO - Indicators GOLDM: price 156336.00, vol 5.00, atr% 0.06, rc 0.75
2026-02-11 15:10:16,968 - INFO - Indicators GOLDMINI: price 156336.00, vol 5.00, atr% 0.06, rc 0.75
2026-02-11 15:10:16,970 - INFO - Indicators SILVER: price 263061.00, vol 5.00, atr% 0.16, rc 0.85
2026-02-11 15:10:16,972 - INFO - Indicators SILVERM: price 269299.00, vol 5.00, atr% 0.15, rc 0.79
2026-02-11 15:10:16,975 - INFO - Indicators SILVERMIC: price 269386.00, vol 5.00, atr% 0.18, rc 0.77
2026-02-11 15:10:16,977 - INFO - Indicators CRUDEOILM: price 5895.00, vol 5.00, atr% 0.13, rc 0.49
2026-02-11 15:10:16,980 - INFO - Indicators CRUDEOILMINI: price 5895.00, vol 5.00, atr% 0.13, rc 0.49
2026-02-11 15:10:16,982 - INFO - Indicators NATGASMINI: price 284.90, vol 5.00, atr% 0.23, rc 0.69
2026-02-11 15:10:18,609 - INFO - Indicators NATURALGAS: price 284.60, vol 5.00, atr% 0.24, rc 0.60
2026-02-11 15:10:46,734 - WARNING - [33m❌ Ignoring switch to GOLDMINI_PINE for COMMODITY instance. Staying on GOLDMINI_PINE.[0m
2026-02-11 15:10:46,735 - INFO - ⚙️ Commodity scan list prepared: 3 symbols (tokens available for 0)
2026-02-11 15:10:46,736 - WARNING - Nifty data missing for regime assessment. Defaulting to HIGH_CONVICTION.
2026-02-11 15:10:47,780 - INFO - Indicators SILVER: price 83.82, vol 5.00, atr% 0.58, rc 0.48
2026-02-11 15:10:54,260 - WARNING - [33m❌ Ignoring switch to GOLDMINI_PINE for COMMODITY instance. Staying on GOLDMINI_PINE.[0m
2026-02-11 15:10:54,261 - INFO - ⚙️ Commodity scan list prepared: 9 symbols (tokens available for 9)
2026-02-11 15:10:54,261 - WARNING - Nifty data missing for regime assessment. Defaulting to HIGH_CONVICTION.
2026-02-11 15:11:05,417 - INFO - Indicators GOLDM: price 156350.00, vol 5.00, atr% 0.06, rc 0.50
2026-02-11 15:11:05,423 - INFO - Indicators GOLDMINI: price 156350.00, vol 5.00, atr% 0.06, rc 0.50
2026-02-11 15:11:05,425 - INFO - Indicators SILVER: price 263075.00, vol 5.00, atr% 0.15, rc 0.55
2026-02-11 15:11:05,428 - INFO - Indicators SILVERM: price 269426.00, vol 5.00, atr% 0.15, rc 0.66
2026-02-11 15:11:05,435 - INFO - Indicators SILVERMIC: price 269452.00, vol 5.00, atr% 0.19, rc 0.65
2026-02-11 15:11:05,438 - INFO - Indicators CRUDEOILM: price 5895.00, vol 5.00, atr% 0.13, rc 0.49
2026-02-11 15:11:05,442 - INFO - Indicators CRUDEOILMINI: price 5895.00, vol 5.00, atr% 0.13, rc 0.49
2026-02-11 15:11:05,444 - INFO - Indicators NATGASMINI: price 284.50, vol 5.00, atr% 0.25, rc 0.58
2026-02-11 15:11:06,859 - INFO - Indicators NATURALGAS: price 284.30, vol 5.00, atr% 0.26, rc 0.58
2026-02-11 15:11:17,786 - WARNING - [33m❌ Ignoring switch to GOLDMINI_PINE for COMMODITY instance. Staying on GOLDMINI_PINE.[0m
2026-02-11 15:11:17,786 - INFO - ⚙️ Commodity scan list prepared: 3 symbols (tokens available for 0)
2026-02-11 15:11:17,786 - WARNING - Nifty data missing for regime assessment. Defaulting to HIGH_CONVICTION.
2026-02-11 15:11:19,123 - INFO - Indicators SILVER: price 83.90, vol 5.00, atr% 0.59, rc 0.52
2026-02-11 15:11:43,407 - WARNING - [33m❌ Ignoring switch to GOLDMINI_PINE for COMMODITY instance. Staying on GOLDMINI_PINE.[0m
2026-02-11 15:11:43,408 - INFO - ⚙️ Commodity scan list prepared: 9 symbols (tokens available for 9)
2026-02-11 15:11:43,408 - WARNING - Nifty data missing for regime assessment. Defaulting to HIGH_CONVICTION.
2026-02-11 15:11:49,137 - WARNING - [33m❌ Ignoring switch to GOLDMINI_PINE for COMMODITY instance. Staying on GOLDMINI_PINE.[0m
2026-02-11 15:11:49,139 - INFO - ⚙️ Commodity scan list prepared: 3 symbols (tokens available for 0)
2026-02-11 15:11:49,139 - WARNING - Nifty data missing for regime assessment. Defaulting to HIGH_CONVICTION.
2026-02-11 15:11:50,570 - INFO - Indicators SILVER: price 83.93, vol 5.00, atr% 0.59, rc 0.54
2026-02-11 15:11:54,632 - INFO - Indicators GOLDM: price 156277.00, vol 5.00, atr% 0.06, rc 0.71
2026-02-11 15:11:54,649 - INFO - Indicators GOLDMINI: price 156277.00, vol 5.00, atr% 0.06, rc 0.71
2026-02-11 15:11:54,652 - INFO - Indicators SILVER: price 263450.00, vol 5.00, atr% 0.17, rc 0.78
2026-02-11 15:11:54,654 - INFO - Indicators SILVERM: price 269675.00, vol 5.00, atr% 0.17, rc 0.73
2026-02-11 15:11:54,657 - INFO - Indicators SILVERMIC: price 269503.00, vol 5.00, atr% 0.20, rc 0.64
2026-02-11 15:11:54,660 - INFO - Indicators CRUDEOILM: price 5895.00, vol 5.00, atr% 0.12, rc 0.54
2026-02-11 15:11:54,662 - INFO - Indicators CRUDEOILMINI: price 5895.00, vol 5.00, atr% 0.12, rc 0.54
2026-02-11 15:11:54,665 - INFO - Indicators NATGASMINI: price 284.60, vol 5.00, atr% 0.24, rc 0.67
2026-02-11 15:11:56,094 - INFO - Indicators NATURALGAS: price 283.90, vol 5.00, atr% 0.24, rc 0.58
2026-02-11 15:12:20,581 - WARNING - [33m❌ Ignoring switch to GOLDMINI_PINE for COMMODITY instance. Staying on GOLDMINI_PINE.[0m
2026-02-11 15:12:20,582 - INFO - ⚙️ Commodity scan list prepared: 3 symbols (tokens available for 0)
2026-02-11 15:12:20,582 - WARNING - Nifty data missing for regime assessment. Defaulting to HIGH_CONVICTION.
2026-02-11 15:12:21,800 - INFO - Indicators SILVER: price 83.96, vol 5.00, atr% 0.59, rc 0.56
2026-02-11 15:12:31,755 - WARNING - [33m❌ Ignoring switch to GOLDMINI_PINE for COMMODITY instance. Staying on GOLDMINI_PINE.[0m
2026-02-11 15:12:31,756 - INFO - ⚙️ Commodity scan list prepared: 9 symbols (tokens available for 9)
2026-02-11 15:12:31,756 - WARNING - Nifty data missing for regime assessment. Defaulting to HIGH_CONVICTION.
2026-02-11 15:12:42,695 - INFO - Indicators GOLDM: price 156330.00, vol 5.00, atr% 0.06, rc 0.63
2026-02-11 15:12:42,705 - INFO - Indicators GOLDMINI: price 156330.00, vol 5.00, atr% 0.06, rc 0.63
2026-02-11 15:12:42,709 - INFO - Indicators SILVER: price 263839.00, vol 5.00, atr% 0.19, rc 1.00
2026-02-11 15:12:42,714 - INFO - Indicators SILVERM: price 269810.00, vol 5.00, atr% 0.17, rc 0.89
2026-02-11 15:12:42,717 - INFO - Indicators SILVERMIC: price 269864.00, vol 5.00, atr% 0.20, rc 0.83
2026-02-11 15:12:42,719 - INFO - Indicators CRUDEOILM: price 5897.00, vol 5.00, atr% 0.13, rc 0.54
2026-02-11 15:12:42,723 - INFO - Indicators CRUDEOILMINI: price 5897.00, vol 5.00, atr% 0.13, rc 0.54
2026-02-11 15:12:42,725 - INFO - Indicators NATGASMINI: price 284.20, vol 5.00, atr% 0.24, rc 0.54
2026-02-11 15:12:44,134 - INFO - Indicators NATURALGAS: price 284.00, vol 5.00, atr% 0.23, rc 0.59
2026-02-11 15:12:51,807 - WARNING - [33m❌ Ignoring switch to GOLDMINI_PINE for COMMODITY instance. Staying on GOLDMINI_PINE.[0m
2026-02-11 15:12:51,809 - INFO - ⚙️ Commodity scan list prepared: 3 symbols (tokens available for 0)
2026-02-11 15:12:51,809 - WARNING - Nifty data missing for regime assessment. Defaulting to HIGH_CONVICTION.
2026-02-11 15:12:53,154 - INFO - Indicators SILVER: price 83.93, vol 5.00, atr% 0.59, rc 0.54
2026-02-11 15:13:19,904 - WARNING - [33m❌ Ignoring switch to GOLDMINI_PINE for COMMODITY instance. Staying on GOLDMINI_PINE.[0m
2026-02-11 15:13:19,905 - INFO - ⚙️ Commodity scan list prepared: 9 symbols (tokens available for 9)
2026-02-11 15:13:19,905 - WARNING - Nifty data missing for regime assessment. Defaulting to HIGH_CONVICTION.
2026-02-11 15:13:23,164 - WARNING - [33m❌ Ignoring switch to GOLDMINI_PINE for COMMODITY instance. Staying on GOLDMINI_PINE.[0m
2026-02-11 15:13:23,165 - INFO - ⚙️ Commodity scan list prepared: 3 symbols (tokens available for 0)
2026-02-11 15:13:23,165 - WARNING - Nifty data missing for regime assessment. Defaulting to HIGH_CONVICTION.
2026-02-11 15:13:24,527 - INFO - Indicators SILVER: price 83.98, vol 5.00, atr% 0.59, rc 0.57
2026-02-11 15:13:30,469 - INFO - Indicators GOLDM: price 156295.00, vol 5.00, atr% 0.06, rc 0.56
2026-02-11 15:13:30,474 - INFO - Indicators GOLDMINI: price 156295.00, vol 5.00, atr% 0.06, rc 0.56
2026-02-11 15:13:30,488 - INFO - Indicators SILVER: price 263465.00, vol 5.00, atr% 0.19, rc 0.64
2026-02-11 15:13:30,495 - INFO - Indicators SILVERM: price 269578.00, vol 5.00, atr% 0.18, rc 0.50
2026-02-11 15:13:30,504 - INFO - Indicators SILVERMIC: price 269505.00, vol 5.00, atr% 0.20, rc 0.50
2026-02-11 15:13:30,507 - INFO - Indicators CRUDEOILM: price 5896.00, vol 5.00, atr% 0.12, rc 0.54
2026-02-11 15:13:30,512 - INFO - Indicators CRUDEOILMINI: price 5896.00, vol 5.00, atr% 0.12, rc 0.54
2026-02-11 15:13:30,517 - INFO - Indicators NATGASMINI: price 284.40, vol 5.00, atr% 0.23, rc 0.54
2026-02-11 15:13:31,941 - INFO - Indicators NATURALGAS: price 284.00, vol 5.00, atr% 0.23, rc 0.59
2026-02-11 15:13:54,540 - WARNING - [33m❌ Ignoring switch to GOLDMINI_PINE for COMMODITY instance. Staying on GOLDMINI_PINE.[0m
2026-02-11 15:13:54,542 - INFO - ⚙️ Commodity scan list prepared: 3 symbols (tokens available for 0)
2026-02-11 15:13:54,542 - WARNING - Nifty data missing for regime assessment. Defaulting to HIGH_CONVICTION.
2026-02-11 15:13:56,223 - INFO - Indicators SILVER: price 84.01, vol 5.00, atr% 0.59, rc 0.62
2026-02-11 15:14:07,539 - WARNING - [33m❌ Ignoring switch to GOLDMINI_PINE for COMMODITY instance. Staying on GOLDMINI_PINE.[0m
2026-02-11 15:14:07,540 - INFO - ⚙️ Commodity scan list prepared: 9 symbols (tokens available for 9)
2026-02-11 15:14:07,541 - WARNING - Nifty data missing for regime assessment. Defaulting to HIGH_CONVICTION.
2026-02-11 15:14:17,988 - INFO - Indicators GOLDM: price 156300.00, vol 5.00, atr% 0.06, rc 0.61
2026-02-11 15:14:17,991 - INFO - Indicators GOLDMINI: price 156300.00, vol 5.00, atr% 0.06, rc 0.61
2026-02-11 15:14:17,993 - INFO - Indicators SILVER: price 263500.00, vol 5.00, atr% 0.17, rc 0.57
2026-02-11 15:14:17,994 - INFO - Indicators SILVERM: price 269546.00, vol 5.00, atr% 0.18, rc 0.57
2026-02-11 15:14:17,997 - INFO - Indicators SILVERMIC: price 269674.00, vol 5.00, atr% 0.19, rc 0.60
2026-02-11 15:14:17,999 - INFO - Indicators CRUDEOILM: price 5896.00, vol 5.00, atr% 0.12, rc 0.54
2026-02-11 15:14:18,000 - INFO - Indicators CRUDEOILMINI: price 5896.00, vol 5.00, atr% 0.12, rc 0.54
2026-02-11 15:14:18,002 - INFO - Indicators NATGASMINI: price 284.20, vol 5.00, atr% 0.22, rc 0.59
2026-02-11 15:14:19,471 - INFO - Indicators NATURALGAS: price 284.20, vol 5.00, atr% 0.23, rc 0.49
2026-02-11 15:14:26,284 - WARNING - [33m❌ Ignoring switch to GOLDMINI_PINE for COMMODITY instance. Staying on GOLDMINI_PINE.[0m
2026-02-11 15:14:26,286 - INFO - ⚙️ Commodity scan list prepared: 3 symbols (tokens available for 0)
2026-02-11 15:14:26,287 - WARNING - Nifty data missing for regime assessment. Defaulting to HIGH_CONVICTION.
2026-02-11 15:14:27,715 - INFO - Indicators SILVER: price 83.99, vol 5.00, atr% 0.59, rc 0.61
2026-02-11 15:14:55,182 - WARNING - [33m❌ Ignoring switch to GOLDMINI_PINE for COMMODITY instance. Staying on GOLDMINI_PINE.[0m
2026-02-11 15:14:55,187 - INFO - ⚙️ Commodity scan list prepared: 9 symbols (tokens available for 9)
2026-02-11 15:14:55,188 - WARNING - Nifty data missing for regime assessment. Defaulting to HIGH_CONVICTION.
2026-02-11 15:14:57,725 - WARNING - [33m❌ Ignoring switch to GOLDMINI_PINE for COMMODITY instance. Staying on GOLDMINI_PINE.[0m
2026-02-11 15:14:57,726 - INFO - ⚙️ Commodity scan list prepared: 3 symbols (tokens available for 0)
2026-02-11 15:14:57,727 - WARNING - Nifty data missing for regime assessment. Defaulting to HIGH_CONVICTION.
2026-02-11 15:14:59,285 - INFO - Indicators SILVER: price 84.00, vol 5.00, atr% 0.59, rc 0.61
2026-02-11 15:15:00,236 - INFO - EOD close utility running...
2026-02-11 15:15:00,236 - INFO - No positions to close at EOD.
2026-02-11 15:15:00,790 - INFO - EOD close utility running...
2026-02-11 15:15:00,791 - INFO - No positions to close at EOD.
2026-02-11 15:15:06,393 - INFO - Indicators GOLDM: price 156418.00, vol 5.00, atr% 0.06, rc 0.74
2026-02-11 15:15:06,398 - INFO - Indicators GOLDMINI: price 156418.00, vol 5.00, atr% 0.06, rc 0.74
2026-02-11 15:15:06,422 - INFO - Indicators SILVER: price 263505.00, vol 5.00, atr% 0.18, rc 0.72
2026-02-11 15:15:06,440 - INFO - Indicators SILVERM: price 269608.00, vol 5.00, atr% 0.16, rc 0.64
2026-02-11 15:15:06,445 - INFO - Indicators SILVERMIC: price 269609.00, vol 5.00, atr% 0.19, rc 0.68
2026-02-11 15:15:06,447 - INFO - Indicators CRUDEOILM: price 5896.00, vol 5.00, atr% 0.12, rc 0.51
2026-02-11 15:15:06,449 - INFO - Indicators CRUDEOILMINI: price 5896.00, vol 5.00, atr% 0.12, rc 0.51
2026-02-11 15:15:06,454 - INFO - Indicators NATGASMINI: price 284.20, vol 5.00, atr% 0.23, rc 0.81
2026-02-11 15:15:07,861 - INFO - Indicators NATURALGAS: price 284.00, vol 5.00, atr% 0.24, rc 0.76
2026-02-11 15:15:29,300 - WARNING - [33m❌ Ignoring switch to GOLDMINI_PINE for COMMODITY instance. Staying on GOLDMINI_PINE.[0m
2026-02-11 15:15:29,301 - INFO - ⚙️ Commodity scan list prepared: 3 symbols (tokens available for 0)
2026-02-11 15:15:29,301 - WARNING - Nifty data missing for regime assessment. Defaulting to HIGH_CONVICTION.
2026-02-11 15:15:30,666 - INFO - Indicators SILVER: price 84.11, vol 5.00, atr% 0.60, rc 0.68
2026-02-11 15:15:43,572 - WARNING - [33m❌ Ignoring switch to GOLDMINI_PINE for COMMODITY instance. Staying on GOLDMINI_PINE.[0m
2026-02-11 15:15:43,573 - INFO - ⚙️ Commodity scan list prepared: 9 symbols (tokens available for 9)
2026-02-11 15:15:43,573 - WARNING - Nifty data missing for regime assessment. Defaulting to HIGH_CONVICTION.
2026-02-11 15:15:54,683 - INFO - Indicators GOLDM: price 156448.00, vol 5.00, atr% 0.06, rc 0.82
2026-02-11 15:15:54,687 - INFO - Indicators GOLDMINI: price 156448.00, vol 5.00, atr% 0.06, rc 0.82
2026-02-11 15:15:54,689 - INFO - Indicators SILVER: price 263396.00, vol 5.00, atr% 0.15, rc 0.57
2026-02-11 15:15:54,692 - INFO - Indicators SILVERM: price 269535.00, vol 5.00, atr% 0.15, rc 0.55
2026-02-11 15:15:54,695 - INFO - Indicators SILVERMIC: price 269444.00, vol 5.00, atr% 0.18, rc 0.51
2026-02-11 15:15:54,699 - INFO - Indicators CRUDEOILM: price 5897.00, vol 5.00, atr% 0.12, rc 0.58
2026-02-11 15:15:54,701 - INFO - Indicators CRUDEOILMINI: price 5897.00, vol 5.00, atr% 0.12, rc 0.58
2026-02-11 15:15:54,704 - INFO - Indicators NATGASMINI: price 284.40, vol 5.00, atr% 0.24, rc 0.54
2026-02-11 15:15:56,129 - INFO - Indicators NATURALGAS: price 284.10, vol 5.00, atr% 0.24, rc 0.54
2026-02-11 15:16:00,506 - WARNING - [33m❌ Ignoring switch to GOLDMINI_PINE for COMMODITY instance. Staying on GOLDMINI_PINE.[0m
2026-02-11 15:16:00,689 - WARNING - [33m❌ Ignoring switch to GOLDMINI_PINE for COMMODITY instance. Staying on GOLDMINI_PINE.[0m
2026-02-11 15:16:00,689 - INFO - ⚙️ Commodity scan list prepared: 3 symbols (tokens available for 0)
2026-02-11 15:16:00,689 - WARNING - Nifty data missing for regime assessment. Defaulting to HIGH_CONVICTION.
2026-02-11 15:16:01,808 - INFO - Indicators SILVER: price 84.11, vol 5.00, atr% 0.60, rc 0.68
2026-02-11 15:16:02,894 - WARNING - [33m❌ Ignoring switch to GOLDMINI_PINE for COMMODITY instance. Staying on GOLDMINI_PINE.[0m
2026-02-11 15:16:02,894 - INFO - ⚙️ Commodity scan list prepared: 3 symbols (tokens available for 0)
2026-02-11 15:16:02,894 - WARNING - Nifty data missing for regime assessment. Defaulting to HIGH_CONVICTION.
2026-02-11 15:16:03,947 - INFO - Indicators SILVER: price 84.11, vol 5.00, atr% 0.60, rc 0.68
2026-02-11 15:16:04,958 - WARNING - [33m❌ Ignoring switch to GOLDMINI_PINE for COMMODITY instance. Staying on GOLDMINI_PINE.[0m
2026-02-11 15:16:04,970 - INFO - ⚙️ Commodity scan list prepared: 3 symbols (tokens available for 0)
2026-02-11 15:16:04,971 - WARNING - Nifty data missing for regime assessment. Defaulting to HIGH_CONVICTION.
2026-02-11 15:16:06,106 - INFO - Indicators SILVER: price 84.11, vol 5.00, atr% 0.60, rc 0.68
2026-02-11 15:16:14,939 - WARNING - [33m❌ Ignoring switch to GOLDMINI_PINE for COMMODITY instance. Staying on GOLDMINI_PINE.[0m
